timestamp,low,high,open,close,volume,vwap,turnover,homeNotional,foreignNotional,trades
2023-10-01 00:00:00+00:00,0.06203,0.06209,0.06208,0.06208,48736.0,0.06207,3025.04352,48736.0,3025.04352,
2023-10-01 00:05:00+00:00,0.06209,0.06211,0.06209,0.06211,66599.1,0.0621,4135.80411,66599.1,4135.80411,
2023-10-01 00:10:00+00:00,0.0621,0.06217,0.06213,0.06213,209602.4,0.062132,13023.0163168,209602.4,13023.0163168,
2023-10-01 00:15:00+00:00,0.06211,0.06216,0.06213,0.06212,240343.6,0.06213,14932.547868,240343.6,14932.547868,
2023-10-01 00:20:00+00:00,0.06206,0.06213,0.06212,0.0621,101266.1,0.062103,6288.9286083,101266.1,6288.9286083,
2023-10-01 00:25:00+00:00,0.06207,0.0621,0.06209,0.06208,48131.3,0.062085,2988.2317605,48131.3,2988.2317605,
2023-10-01 00:30:00+00:00,0.06198,0.06206,0.06205,0.06203,239070.6,0.06203,14829.549318,239070.6,14829.549318,
2023-10-01 00:35:00+00:00,0.06201,0.06204,0.06201,0.06202,32967.5,0.06202,2044.64435,32967.5,2044.64435,
2023-10-01 00:40:00+00:00,0.062,0.06205,0.06201,0.06204,182025.8,0.062025,11290.150245,182025.8,11290.150245,
2023-10-01 00:45:00+00:00,0.06202,0.06208,0.06205,0.06204,36871.8,0.062048,2287.8214464,36871.8,2287.8214464,
2023-10-01 00:50:00+00:00,0.06203,0.06209,0.06204,0.06208,108239.9,0.06206,6717.368194,108239.9,6717.368194,
2023-10-01 00:55:00+00:00,0.06203,0.06208,0.06208,0.06206,72795.2,0.062063,4517.8884976,72795.2,4517.8884976,
2023-10-01 01:00:00+00:00,0.06198,0.06206,0.06206,0.062,830308.0,0.062025,51499.8537,830308.0,51499.8537,
2023-10-01 01:05:00+00:00,0.06195,0.062,0.062,0.06195,22049.9,0.061975,1366.5425525,22049.9,1366.5425525,
2023-10-01 01:10:00+00:00,0.06194,0.06199,0.06195,0.06196,72214.4,0.06196,4474.404224,72214.4,4474.404224,
2023-10-01 01:15:00+00:00,0.06194,0.06197,0.06197,0.06196,62872.1,0.06196,3895.555316,62872.1,3895.555316,
2023-10-01 01:20:00+00:00,0.06194,0.06201,0.06195,0.062,62958.5,0.061975,3901.8530375,62958.5,3901.8530375,
2023-10-01 01:25:00+00:00,0.062,0.06206,0.06201,0.06204,351398.8,0.062028,21796.5647664,351398.8,21796.5647664,
2023-10-01 01:30:00+00:00,0.06202,0.06205,0.06205,0.06203,344451.7,0.062038,21369.0945646,344451.7,21369.0945646,
2023-10-01 01:35:00+00:00,0.06201,0.06204,0.06203,0.06203,197376.6,0.062028,12242.8757448,197376.6,12242.8757448,
2023-10-01 01:40:00+00:00,0.06203,0.06206,0.06203,0.06205,347012.0,0.062042,21529.318504,347012.0,21529.318504,
2023-10-01 01:45:00+00:00,0.06202,0.06206,0.06204,0.06204,93956.4,0.06204,5829.055056,93956.4,5829.055056,
2023-10-01 01:50:00+00:00,0.06202,0.06207,0.06204,0.06205,181204.5,0.062045,11242.8332025,181204.5,11242.8332025,
2023-10-01 01:55:00+00:00,0.06204,0.06208,0.06206,0.06205,431523.8,0.062058,26779.5039804,431523.8,26779.5039804,
2023-10-01 02:00:00+00:00,0.06205,0.06208,0.06205,0.06208,248563.7,0.062065,15427.1060405,248563.7,15427.1060405,
2023-10-01 02:05:00+00:00,0.06208,0.0621,0.06208,0.0621,52345.4,0.06209,3250.125886,52345.4,3250.125886,
2023-10-01 02:10:00+00:00,0.06208,0.06212,0.0621,0.06208,8078.3,0.062095,501.6220385,8078.3,501.6220385,
2023-10-01 02:15:00+00:00,0.06209,0.06215,0.06209,0.06213,222559.9,0.062115,13824.3081885,222559.9,13824.3081885,
2023-10-01 02:20:00+00:00,0.06212,0.06215,0.06213,0.06214,159060.2,0.062135,9883.205527,159060.2,9883.205527,
2023-10-01 02:25:00+00:00,0.06209,0.06215,0.06214,0.06209,71700.6,0.062118,4453.8978708,71700.6,4453.8978708,
2023-10-01 02:30:00+00:00,0.06202,0.0621,0.0621,0.06202,250919.0,0.06206,15572.03314,250919.0,15572.03314,
2023-10-01 02:35:00+00:00,0.06198,0.06204,0.06203,0.06201,332378.0,0.062015,20612.42167,332378.0,20612.42167,
2023-10-01 02:40:00+00:00,0.062,0.06201,0.06201,0.06201,154794.9,0.062008,9598.5221592,154794.9,9598.5221592,
2023-10-01 02:45:00+00:00,0.06201,0.06207,0.06201,0.06207,167395.1,0.06204,10385.192004,167395.1,10385.192004,
2023-10-01 02:50:00+00:00,0.06203,0.06207,0.06207,0.06203,70110.6,0.06205,4350.36273,70110.6,4350.36273,
2023-10-01 02:55:00+00:00,0.06203,0.06208,0.06203,0.06208,109884.2,0.062055,6818.864031,109884.2,6818.864031,
2023-10-01 03:00:00+00:00,0.06204,0.06209,0.06208,0.06205,63596.0,0.062065,3947.08574,63596.0,3947.08574,
2023-10-01 03:05:00+00:00,0.062,0.06205,0.06204,0.06201,63540.7,0.062025,3941.1119175,63540.7,3941.1119175,
2023-10-01 03:10:00+00:00,0.06198,0.06203,0.06202,0.06198,115211.5,0.062002,7143.343423,115211.5,7143.343423,
2023-10-01 03:15:00+00:00,0.06198,0.06201,0.06198,0.06201,100478.5,0.061995,6229.1646075,100478.5,6229.1646075,
2023-10-01 03:20:00+00:00,0.06199,0.06201,0.06201,0.062,68932.3,0.062002,4273.9404646,68932.3,4273.9404646,
2023-10-01 03:25:00+00:00,0.062,0.06205,0.06201,0.06201,246746.9,0.062018,15302.7492442,246746.9,15302.7492442,
2023-10-01 03:30:00+00:00,0.06201,0.06204,0.06202,0.06203,139917.7,0.062025,8678.3953425,139917.7,8678.3953425,
2023-10-01 03:35:00+00:00,0.06202,0.06204,0.06203,0.06204,102878.9,0.062033,6381.8868037,102878.9,6381.8868037,
2023-10-01 03:40:00+00:00,0.062,0.06202,0.06202,0.06201,325895.8,0.062012,20209.4503496,325895.8,20209.4503496,
2023-10-01 03:45:00+00:00,0.062,0.06203,0.06201,0.06203,93502.9,0.062018,5798.8628522,93502.9,5798.8628522,
2023-10-01 03:50:00+00:00,0.06202,0.06205,0.06203,0.06205,106689.0,0.062037,6618.665493,106689.0,6618.665493,
2023-10-01 03:55:00+00:00,0.06205,0.06207,0.06205,0.06205,380742.4,0.062055,23626.969632,380742.4,23626.969632,
2023-10-01 04:00:00+00:00,0.06205,0.06207,0.06205,0.06207,50208.0,0.06206,3115.90848,50208.0,3115.90848,
2023-10-01 04:05:00+00:00,0.06202,0.06207,0.06207,0.06202,344989.3,0.062045,21404.8611185,344989.3,21404.8611185,
2023-10-01 04:10:00+00:00,0.062,0.06203,0.06202,0.062,30977.1,0.062012,1920.9519252,30977.1,1920.9519252,
2023-10-01 04:15:00+00:00,0.06199,0.06201,0.06199,0.062,164827.1,0.061998,10218.9505458,164827.1,10218.9505458,
2023-10-01 04:20:00+00:00,0.06197,0.062,0.06199,0.06197,169566.9,0.061982,10510.0955958,169566.9,10510.0955958,
2023-10-01 04:25:00+00:00,0.06198,0.06201,0.06198,0.062,130187.3,0.061992,8070.5711016,130187.3,8070.5711016,
2023-10-01 04:30:00+00:00,0.06196,0.06201,0.06201,0.06196,77553.0,0.061985,4807.122705,77553.0,4807.122705,
2023-10-01 04:35:00+00:00,0.06197,0.06199,0.06197,0.06199,106879.5,0.06198,6624.39141,106879.5,6624.39141,
2023-10-01 04:40:00+00:00,0.06198,0.062,0.06199,0.062,21411.6,0.061992,1327.3479072,21411.6,1327.3479072,
2023-10-01 04:45:00+00:00,0.06199,0.062,0.06199,0.06199,32972.9,0.061993,2044.0889897,32972.9,2044.0889897,
2023-10-01 04:50:00+00:00,0.06198,0.06201,0.062,0.06199,18203.7,0.061995,1128.5383815,18203.7,1128.5383815,
2023-10-01 04:55:00+00:00,0.06199,0.06201,0.06199,0.062,20526.3,0.061998,1272.5895474,20526.3,1272.5895474,
2023-10-01 05:00:00+00:00,0.06198,0.06203,0.06199,0.06202,64108.8,0.062005,3975.066144,64108.8,3975.066144,
2023-10-01 05:05:00+00:00,0.06199,0.06204,0.06202,0.06204,31298.8,0.062022,1941.2141736,31298.8,1941.2141736,
2023-10-01 05:10:00+00:00,0.06203,0.06206,0.06203,0.06206,49675.1,0.062045,3082.0915795,49675.1,3082.0915795,
2023-10-01 05:15:00+00:00,0.06207,0.06211,0.06207,0.06211,24574.4,0.06209,1525.824496,24574.4,1525.824496,
2023-10-01 05:20:00+00:00,0.06211,0.06219,0.06211,0.06219,354689.0,0.06215,22043.92135,354689.0,22043.92135,
2023-10-01 05:25:00+00:00,0.06216,0.06222,0.06218,0.06221,57201.8,0.062192,3557.4943456,57201.8,3557.4943456,
2023-10-01 05:30:00+00:00,0.06216,0.06221,0.06219,0.06217,45895.3,0.062182,2853.8615446,45895.3,2853.8615446,
2023-10-01 05:35:00+00:00,0.06217,0.0622,0.06218,0.06218,21290.4,0.062182,1323.8796528,21290.4,1323.8796528,
2023-10-01 05:40:00+00:00,0.06218,0.06225,0.06218,0.06222,59404.4,0.062208,3695.4289152,59404.4,3695.4289152,
2023-10-01 05:45:00+00:00,0.06222,0.06224,0.06224,0.06223,31581.8,0.062232,1965.3985776,31581.8,1965.3985776,
2023-10-01 05:50:00+00:00,0.06221,0.06225,0.06222,0.06222,18109.1,0.062225,1126.8387475,18109.1,1126.8387475,
2023-10-01 05:55:00+00:00,0.06219,0.06222,0.06222,0.06222,87235.2,0.062212,5427.0762624,87235.2,5427.0762624,
2023-10-01 06:00:00+00:00,0.06221,0.06225,0.06221,0.06225,26396.3,0.06223,1642.641749,26396.3,1642.641749,
2023-10-01 06:05:00+00:00,0.06223,0.06227,0.06223,0.06225,226029.1,0.062245,14069.1813295,226029.1,14069.1813295,
2023-10-01 06:10:00+00:00,0.06223,0.06227,0.06224,0.06226,66895.5,0.06225,4164.244875,66895.5,4164.244875,
2023-10-01 06:15:00+00:00,0.06223,0.06226,0.06226,0.06223,9665.5,0.062245,601.6290475,9665.5,601.6290475,
2023-10-01 06:20:00+00:00,0.06218,0.06224,0.06224,0.06219,88400.6,0.062212,5499.5781272,88400.6,5499.5781272,
2023-10-01 06:25:00+00:00,0.0622,0.06222,0.0622,0.0622,46397.8,0.062205,2886.175149,46397.8,2886.175149,
2023-10-01 06:30:00+00:00,0.06221,0.06228,0.06221,0.06225,41218.9,0.062238,2565.3818982,41218.9,2565.3818982,
2023-10-01 06:35:00+00:00,0.06221,0.06226,0.06226,0.06221,31228.9,0.062235,1943.5305915,31228.9,1943.5305915,
2023-10-01 06:40:00+00:00,0.06221,0.06224,0.06221,0.06222,87681.0,0.06222,5455.51182,87681.0,5455.51182,
2023-10-01 06:45:00+00:00,0.06222,0.06227,0.06222,0.06227,60653.7,0.062245,3775.3895565,60653.7,3775.3895565,
2023-10-01 06:50:00+00:00,0.06224,0.06228,0.06227,0.06228,67436.1,0.062268,4199.1110748,67436.1,4199.1110748,
2023-10-01 06:55:00+00:00,0.06226,0.06229,0.06227,0.06229,131989.6,0.062278,8220.0483088,131989.6,8220.0483088,
2023-10-01 07:00:00+00:00,0.06228,0.06229,0.06228,0.06229,49495.5,0.062285,3082.8272175,49495.5,3082.8272175,
2023-10-01 07:05:00+00:00,0.06228,0.06231,0.06229,0.06228,9401.9,0.06229,585.644351,9401.9,585.644351,
2023-10-01 07:10:00+00:00,0.06227,0.06229,0.06228,0.06229,168137.7,0.062283,10472.1203691,168137.7,10472.1203691,
2023-10-01 07:15:00+00:00,0.06222,0.06228,0.06228,0.06226,560163.7,0.06226,34875.791962,560163.7,34875.791962,
2023-10-01 07:20:00+00:00,0.06224,0.06226,0.06226,0.06224,34814.2,0.06225,2167.18395,34814.2,2167.18395,
2023-10-01 07:25:00+00:00,0.06217,0.06222,0.06222,0.06221,133666.2,0.062205,8314.705971,133666.2,8314.705971,
2023-10-01 07:30:00+00:00,0.06217,0.0622,0.0622,0.06217,3321.8,0.062185,206.566133,3321.8,206.566133,
2023-10-01 07:35:00+00:00,0.06218,0.06221,0.06218,0.0622,222594.0,0.062193,13843.788642,222594.0,13843.788642,
2023-10-01 07:40:00+00:00,0.06218,0.0622,0.0622,0.06219,600054.7,0.062192,37318.6019024,600054.7,37318.6019024,
2023-10-01 07:45:00+00:00,0.06218,0.06221,0.06218,0.06221,82220.1,0.062195,5113.6791195,82220.1,5113.6791195,
2023-10-01 07:50:00+00:00,0.06219,0.06219,0.06219,0.06219,181.6,0.06219,11.293704,181.6,11.293704,
2023-10-01 07:55:00+00:00,0.06217,0.06219,0.06219,0.06217,10752.6,0.06218,668.596668,10752.6,668.596668,
2023-10-01 08:00:00+00:00,0.06215,0.06218,0.06217,0.06218,45123.5,0.06217,2805.327995,45123.5,2805.327995,
2023-10-01 08:05:00+00:00,0.06217,0.06218,0.06217,0.06217,1410.6,0.062173,87.7012338,1410.6,87.7012338,
2023-10-01 08:10:00+00:00,0.06215,0.06217,0.06217,0.06215,75323.7,0.06216,4682.121192,75323.7,4682.121192,
2023-10-01 08:15:00+00:00,0.06213,0.06216,0.06215,0.06215,775001.4,0.062147,48164.0120058,775001.4,48164.0120058,
2023-10-01 08:20:00+00:00,0.06217,0.06221,0.06218,0.06221,32016.3,0.062192,1991.1577296,32016.3,1991.1577296,
2023-10-01 08:25:00+00:00,0.0622,0.06226,0.0622,0.06226,114485.2,0.06223,7124.413996,114485.2,7124.413996,
2023-10-01 08:30:00+00:00,0.06224,0.06229,0.06226,0.06229,52010.9,0.06227,3238.718743,52010.9,3238.718743,
2023-10-01 08:35:00+00:00,0.06228,0.0623,0.06228,0.0623,14886.4,0.06229,927.273856,14886.4,927.273856,
2023-10-01 08:40:00+00:00,0.06229,0.06231,0.0623,0.06229,80660.3,0.062298,5024.9753694,80660.3,5024.9753694,
2023-10-01 08:45:00+00:00,0.06229,0.06233,0.0623,0.06232,85355.0,0.06231,5318.47005,85355.0,5318.47005,
2023-10-01 08:50:00+00:00,0.06231,0.06247,0.06231,0.06243,1204559.7,0.06238,75140.434086,1204559.7,75140.434086,
2023-10-01 08:55:00+00:00,0.06241,0.06247,0.06246,0.06241,47993.1,0.062438,2996.5931778,47993.1,2996.5931778,
2023-10-01 09:00:00+00:00,0.06232,0.06245,0.06241,0.06233,660175.6,0.062378,41180.4335768,660175.6,41180.4335768,
2023-10-01 09:05:00+00:00,0.06229,0.06234,0.06233,0.06229,23370.2,0.062313,1456.2672726,23370.2,1456.2672726,
2023-10-01 09:10:00+00:00,0.06223,0.0623,0.06229,0.0623,275672.2,0.06228,17168.864616,275672.2,17168.864616,
2023-10-01 09:15:00+00:00,0.06227,0.06231,0.0623,0.06228,193135.2,0.06229,12030.391608,193135.2,12030.391608,
2023-10-01 09:20:00+00:00,0.06226,0.06232,0.06226,0.06228,6359.4,0.06228,396.063432,6359.4,396.063432,
2023-10-01 09:25:00+00:00,0.0623,0.0624,0.0623,0.06237,82094.3,0.062342,5117.9228506,82094.3,5117.9228506,
2023-10-01 09:30:00+00:00,0.06232,0.06238,0.06233,0.06232,144141.2,0.062338,8985.4741256,144141.2,8985.4741256,
2023-10-01 09:35:00+00:00,0.06231,0.06234,0.06232,0.06234,125430.5,0.062328,7817.832204,125430.5,7817.832204,
2023-10-01 09:40:00+00:00,0.06234,0.06235,0.06234,0.06235,18663.6,0.062345,1163.582142,18663.6,1163.582142,
2023-10-01 09:45:00+00:00,0.06236,0.0625,0.06236,0.06247,130722.4,0.062422,8159.9536528,130722.4,8159.9536528,
2023-10-01 09:50:00+00:00,0.06245,0.06251,0.06247,0.06248,199419.8,0.062478,12459.3502644,199419.8,12459.3502644,
2023-10-01 09:55:00+00:00,0.06245,0.06252,0.06248,0.06247,191161.3,0.06248,11943.758024,191161.3,11943.758024,
2023-10-01 10:00:00+00:00,0.06249,0.06257,0.06249,0.06253,539547.4,0.06252,33732.503448,539547.4,33732.503448,
2023-10-01 10:05:00+00:00,0.06252,0.06283,0.06252,0.06268,4436775.4,0.062638,277910.7375052,4436775.4,277910.7375052,
2023-10-01 10:10:00+00:00,0.06261,0.06274,0.0627,0.06273,397256.4,0.062695,24905.989998,397256.4,24905.989998,
2023-10-01 10:15:00+00:00,0.06266,0.06275,0.06274,0.06268,262375.7,0.062708,16453.0553956,262375.7,16453.0553956,
2023-10-01 10:20:00+00:00,0.06263,0.06273,0.06269,0.06264,343157.3,0.062672,21506.3543056,343157.3,21506.3543056,
2023-10-01 10:25:00+00:00,0.06261,0.06269,0.06263,0.06268,70458.5,0.062652,4414.365942,70458.5,4414.365942,
2023-10-01 10:30:00+00:00,0.06256,0.06268,0.06268,0.06263,348698.1,0.062638,21841.7515878,348698.1,21841.7515878,
2023-10-01 10:35:00+00:00,0.06263,0.06267,0.06263,0.06266,171416.9,0.062648,10738.9259512,171416.9,10738.9259512,
2023-10-01 10:40:00+00:00,0.06269,0.06273,0.06272,0.06273,183478.9,0.062717,11507.2461713,183478.9,11507.2461713,
2023-10-01 10:45:00+00:00,0.06271,0.06279,0.06274,0.06279,1640365.3,0.062758,102946.0454974,1640365.3,102946.0454974,
2023-10-01 10:50:00+00:00,0.06275,0.06279,0.06277,0.06276,898784.8,0.062768,56414.9243264,898784.8,56414.9243264,
2023-10-01 10:55:00+00:00,0.06276,0.0628,0.06277,0.0628,325737.2,0.062782,20450.4328904,325737.2,20450.4328904,
2023-10-01 11:00:00+00:00,0.06268,0.06283,0.0628,0.0627,400964.1,0.062752,25161.2992032,400964.1,25161.2992032,
2023-10-01 11:05:00+00:00,0.06261,0.06274,0.06272,0.06261,384457.4,0.06267,24093.945258,384457.4,24093.945258,
2023-10-01 11:10:00+00:00,0.06262,0.0627,0.06262,0.06269,215925.5,0.062658,13529.459979,215925.5,13529.459979,
2023-10-01 11:15:00+00:00,0.06264,0.06273,0.06268,0.06273,246500.5,0.062695,15454.3488475,246500.5,15454.3488475,
2023-10-01 11:20:00+00:00,0.0627,0.06274,0.06272,0.06272,455852.7,0.06272,28591.081344,455852.7,28591.081344,
2023-10-01 11:25:00+00:00,0.06272,0.06277,0.06273,0.06276,98797.9,0.062745,6199.0742355,98797.9,6199.0742355,
2023-10-01 11:30:00+00:00,0.06275,0.06285,0.06276,0.06283,496647.2,0.062798,31188.4508656,496647.2,31188.4508656,
2023-10-01 11:35:00+00:00,0.06281,0.06285,0.06283,0.06285,170084.8,0.062835,10687.278408,170084.8,10687.278408,
2023-10-01 11:40:00+00:00,0.06282,0.06285,0.06283,0.06282,484676.8,0.06283,30452.243344,484676.8,30452.243344,
2023-10-01 11:45:00+00:00,0.06274,0.06283,0.06283,0.06275,44905.6,0.062787,2819.4879072,44905.6,2819.4879072,
2023-10-01 11:50:00+00:00,0.06274,0.06278,0.06274,0.06277,95960.0,0.062758,6022.25768,95960.0,6022.25768,
2023-10-01 11:55:00+00:00,0.06275,0.06278,0.06276,0.06278,90641.9,0.062768,5689.4107792,90641.9,5689.4107792,
2023-10-01 12:00:00+00:00,0.06272,0.06278,0.06276,0.06274,354958.4,0.06275,22273.6396,354958.4,22273.6396,
2023-10-01 12:05:00+00:00,0.06266,0.06276,0.06274,0.06268,1523818.5,0.06271,95558.658135,1523818.5,95558.658135,
2023-10-01 12:10:00+00:00,0.06268,0.06271,0.06269,0.06268,37518.9,0.06269,2352.059841,37518.9,2352.059841,
2023-10-01 12:15:00+00:00,0.06256,0.06269,0.06267,0.06262,189874.6,0.062635,11892.795571,189874.6,11892.795571,
2023-10-01 12:20:00+00:00,0.06262,0.06267,0.06262,0.06262,113716.4,0.062633,7122.3992812,113716.4,7122.3992812,
2023-10-01 12:25:00+00:00,0.06261,0.06272,0.06263,0.06271,766223.2,0.062668,48017.6754976,766223.2,48017.6754976,
2023-10-01 12:30:00+00:00,0.06265,0.06271,0.0627,0.06271,277157.8,0.062692,17375.5767976,277157.8,17375.5767976,
2023-10-01 12:35:00+00:00,0.06271,0.06275,0.06274,0.06274,291015.6,0.062735,18256.863666,291015.6,18256.863666,
2023-10-01 12:40:00+00:00,0.06272,0.06275,0.06273,0.06272,312614.1,0.06273,19610.282493,312614.1,19610.282493,
2023-10-01 12:45:00+00:00,0.06272,0.06282,0.06272,0.06278,250769.6,0.06276,15738.300096,250769.6,15738.300096,
2023-10-01 12:50:00+00:00,0.06274,0.06278,0.06278,0.06276,227582.0,0.062765,14284.18423,227582.0,14284.18423,
2023-10-01 12:55:00+00:00,0.0627,0.06278,0.06274,0.06277,174175.7,0.062748,10929.1768236,174175.7,10929.1768236,
2023-10-01 13:00:00+00:00,0.06273,0.06279,0.06277,0.06273,274601.3,0.062755,17232.6045815,274601.3,17232.6045815,
2023-10-01 13:05:00+00:00,0.06265,0.06273,0.06273,0.06267,93406.1,0.062695,5856.0954395,93406.1,5856.0954395,
2023-10-01 13:10:00+00:00,0.06266,0.06269,0.06269,0.06268,43085.4,0.06268,2700.592872,43085.4,2700.592872,
2023-10-01 13:15:00+00:00,0.06268,0.06273,0.06268,0.06269,312047.3,0.062695,19563.8054735,312047.3,19563.8054735,
2023-10-01 13:20:00+00:00,0.06268,0.06275,0.06269,0.06273,242041.4,0.062713,15179.1423182,242041.4,15179.1423182,
2023-10-01 13:25:00+00:00,0.06267,0.06275,0.06273,0.06274,579993.2,0.062722,36378.3334904,579993.2,36378.3334904,
2023-10-01 13:30:00+00:00,0.06271,0.06277,0.06274,0.06271,125673.0,0.062732,7883.718636,125673.0,7883.718636,
2023-10-01 13:35:00+00:00,0.06267,0.06274,0.06271,0.06274,124243.3,0.062715,7791.9185595,124243.3,7791.9185595,
2023-10-01 13:40:00+00:00,0.06272,0.06279,0.06274,0.06274,356188.5,0.062748,22350.115998,356188.5,22350.115998,
2023-10-01 13:45:00+00:00,0.06274,0.06281,0.06274,0.06281,188120.3,0.062775,11809.2518325,188120.3,11809.2518325,
2023-10-01 13:50:00+00:00,0.06272,0.06281,0.06281,0.06275,160787.3,0.062773,10093.1011829,160787.3,10093.1011829,
2023-10-01 13:55:00+00:00,0.06272,0.06277,0.06276,0.06275,211401.0,0.06275,13265.41275,211401.0,13265.41275,
2023-10-01 14:00:00+00:00,0.0627,0.06278,0.06275,0.06278,357663.6,0.062752,22444.1062272,357663.6,22444.1062272,
2023-10-01 14:05:00+00:00,0.06275,0.06279,0.06276,0.06279,130607.2,0.062772,8198.4751584,130607.2,8198.4751584,
2023-10-01 14:10:00+00:00,0.06276,0.0628,0.06278,0.0628,168254.3,0.062785,10563.8462255,168254.3,10563.8462255,
2023-10-01 14:15:00+00:00,0.06278,0.06282,0.06279,0.06282,52607.6,0.062802,3303.8624952,52607.6,3303.8624952,
2023-10-01 14:20:00+00:00,0.06278,0.06283,0.06282,0.06283,376507.5,0.062815,23650.3186125,376507.5,23650.3186125,
2023-10-01 14:25:00+00:00,0.06282,0.06287,0.06283,0.06282,339321.8,0.062835,21321.285303,339321.8,21321.285303,
2023-10-01 14:30:00+00:00,0.06269,0.06283,0.06282,0.06272,431908.6,0.062765,27108.743279,431908.6,27108.743279,
2023-10-01 14:35:00+00:00,0.06251,0.06273,0.06273,0.06257,787235.5,0.062635,49308.4955425,787235.5,49308.4955425,
2023-10-01 14:40:00+00:00,0.06238,0.06258,0.06258,0.06249,589649.1,0.062507,36857.1962937,589649.1,36857.1962937,
2023-10-01 14:45:00+00:00,0.06237,0.06251,0.06247,0.06239,353054.8,0.062435,22042.976438,353054.8,22042.976438,
2023-10-01 14:50:00+00:00,0.06235,0.06247,0.06241,0.06235,25317.8,0.062395,1579.704131,25317.8,1579.704131,
2023-10-01 14:55:00+00:00,0.06233,0.0624,0.06236,0.0624,375640.1,0.062372,23429.4243172,375640.1,23429.4243172,
2023-10-01 15:00:00+00:00,0.06238,0.06247,0.06241,0.06247,294065.6,0.062432,18359.1035392,294065.6,18359.1035392,
2023-10-01 15:05:00+00:00,0.06244,0.06249,0.06247,0.06247,266514.4,0.062467,16648.3550248,266514.4,16648.3550248,
2023-10-01 15:10:00+00:00,0.06243,0.06249,0.06246,0.06249,155298.6,0.062467,9701.0376462,155298.6,9701.0376462,
2023-10-01 15:15:00+00:00,0.06241,0.0625,0.0625,0.06246,598438.4,0.062467,37382.6515328,598438.4,37382.6515328,
2023-10-01 15:20:00+00:00,0.06244,0.0625,0.06245,0.06245,559117.4,0.06246,34922.472804,559117.4,34922.472804,
2023-10-01 15:25:00+00:00,0.06246,0.06251,0.06246,0.06249,426429.9,0.06248,26643.340152,426429.9,26643.340152,
2023-10-01 15:30:00+00:00,0.06248,0.06251,0.06249,0.06251,36099.9,0.062498,2256.1715502,36099.9,2256.1715502,
2023-10-01 15:35:00+00:00,0.06247,0.06252,0.06249,0.06252,190001.1,0.0625,11875.06875,190001.1,11875.06875,
2023-10-01 15:40:00+00:00,0.06249,0.06251,0.06251,0.0625,73434.0,0.062502,4589.771868,73434.0,4589.771868,
2023-10-01 15:45:00+00:00,0.06248,0.06251,0.0625,0.06249,6886.4,0.062495,430.365568,6886.4,430.365568,
2023-10-01 15:50:00+00:00,0.06247,0.06254,0.06248,0.06253,163222.0,0.062505,10202.19111,163222.0,10202.19111,
2023-10-01 15:55:00+00:00,0.06251,0.06254,0.06254,0.06253,213614.7,0.06253,13357.327191,213614.7,13357.327191,
2023-10-01 16:00:00+00:00,0.06246,0.06252,0.06251,0.06249,333464.5,0.062495,20839.8639275,333464.5,20839.8639275,
2023-10-01 16:05:00+00:00,0.06242,0.0625,0.06249,0.06242,282013.8,0.062458,17614.0179204,282013.8,17614.0179204,
2023-10-01 16:10:00+00:00,0.06242,0.0625,0.06243,0.0625,210660.5,0.062463,13158.4868115,210660.5,13158.4868115,
2023-10-01 16:15:00+00:00,0.06244,0.0625,0.0625,0.06245,231497.6,0.062472,14462.1180672,231497.6,14462.1180672,
2023-10-01 16:20:00+00:00,0.06241,0.06246,0.06245,0.06244,257398.9,0.06244,16071.987316,257398.9,16071.987316,
2023-10-01 16:25:00+00:00,0.06239,0.06244,0.06243,0.06239,341484.8,0.062412,21312.7493376,341484.8,21312.7493376,
2023-10-01 16:30:00+00:00,0.0624,0.06245,0.0624,0.06242,204330.1,0.062417,12753.6718517,204330.1,12753.6718517,
2023-10-01 16:35:00+00:00,0.06236,0.06244,0.06243,0.06236,253609.6,0.062398,15824.7318208,253609.6,15824.7318208,
2023-10-01 16:40:00+00:00,0.06226,0.06237,0.06235,0.06234,639512.9,0.06233,39860.839057,639512.9,39860.839057,
2023-10-01 16:45:00+00:00,0.06231,0.06242,0.06235,0.06241,94301.3,0.062372,5881.7606836,94301.3,5881.7606836,
2023-10-01 16:50:00+00:00,0.06231,0.06244,0.06239,0.06231,569625.4,0.062362,35522.9791948,569625.4,35522.9791948,
2023-10-01 16:55:00+00:00,0.06226,0.06231,0.0623,0.06228,186973.4,0.062288,11646.1991392,186973.4,11646.1991392,
2023-10-01 17:00:00+00:00,0.06225,0.06235,0.06228,0.06233,78000.0,0.062302,4859.556,78000.0,4859.556,
2023-10-01 17:05:00+00:00,0.06232,0.06237,0.06234,0.06234,24953.7,0.062342,1555.6635654,24953.7,1555.6635654,
2023-10-01 17:10:00+00:00,0.06232,0.06237,0.06235,0.06232,55264.5,0.06234,3445.18893,55264.5,3445.18893,
2023-10-01 17:15:00+00:00,0.06227,0.06236,0.06235,0.06228,327306.7,0.062315,20396.1170105,327306.7,20396.1170105,
2023-10-01 17:20:00+00:00,0.06225,0.06229,0.06227,0.06227,118485.6,0.06227,7378.098312,118485.6,7378.098312,
2023-10-01 17:25:00+00:00,0.06223,0.0623,0.06225,0.06226,131591.6,0.06226,8192.893016,131591.6,8192.893016,
2023-10-01 17:30:00+00:00,0.06219,0.06225,0.06225,0.06221,227482.3,0.062225,14155.0861175,227482.3,14155.0861175,
2023-10-01 17:35:00+00:00,0.06206,0.06224,0.06221,0.06211,778585.3,0.062155,48392.9693215,778585.3,48392.9693215,
2023-10-01 17:40:00+00:00,0.06204,0.06216,0.06211,0.06207,413845.6,0.062095,25697.742532,413845.6,25697.742532,
2023-10-01 17:45:00+00:00,0.06195,0.0621,0.06208,0.062,689040.3,0.062033,42743.2369299,689040.3,42743.2369299,
2023-10-01 17:50:00+00:00,0.06197,0.06209,0.06199,0.06202,288727.7,0.062017,17906.0257709,288727.7,17906.0257709,
2023-10-01 17:55:00+00:00,0.06188,0.06203,0.06201,0.06195,341697.2,0.061968,21174.2920896,341697.2,21174.2920896,
2023-10-01 18:00:00+00:00,0.0619,0.06201,0.06194,0.06198,275942.0,0.061958,17096.814436,275942.0,17096.814436,
2023-10-01 18:05:00+00:00,0.06197,0.06202,0.06197,0.06201,103705.0,0.061992,6428.88036,103705.0,6428.88036,
2023-10-01 18:10:00+00:00,0.062,0.06205,0.06201,0.062,353107.5,0.062015,21897.9616125,353107.5,21897.9616125,
2023-10-01 18:15:00+00:00,0.062,0.06206,0.06201,0.06204,60331.3,0.062028,3742.2298764,60331.3,3742.2298764,
2023-10-01 18:20:00+00:00,0.06199,0.06209,0.06202,0.06209,76428.0,0.062048,4742.204544,76428.0,4742.204544,
2023-10-01 18:25:00+00:00,0.06204,0.06209,0.06208,0.06206,147460.7,0.062068,9152.5907276,147460.7,9152.5907276,
2023-10-01 18:30:00+00:00,0.06206,0.06211,0.06207,0.06207,676851.5,0.062077,42016.9105655,676851.5,42016.9105655,
2023-10-01 18:35:00+00:00,0.06204,0.06209,0.06207,0.06206,245856.1,0.062065,15259.0588465,245856.1,15259.0588465,
2023-10-01 18:40:00+00:00,0.06203,0.06208,0.06206,0.06207,17756.3,0.06206,1101.955978,17756.3,1101.955978,
2023-10-01 18:45:00+00:00,0.06203,0.06207,0.06207,0.06205,38600.2,0.062055,2395.335411,38600.2,2395.335411,
2023-10-01 18:50:00+00:00,0.06199,0.06205,0.06202,0.06199,221491.3,0.062012,13735.1184956,221491.3,13735.1184956,
2023-10-01 18:55:00+00:00,0.062,0.06203,0.06201,0.06203,85399.3,0.062018,5296.2937874,85399.3,5296.2937874,
2023-10-01 19:00:00+00:00,0.06198,0.06203,0.06203,0.06199,191185.9,0.062008,11855.0552872,191185.9,11855.0552872,
2023-10-01 19:05:00+00:00,0.06198,0.06204,0.06198,0.062,169692.8,0.062,10520.9536,169692.8,10520.9536,
2023-10-01 19:10:00+00:00,0.06201,0.06205,0.06202,0.06201,351027.1,0.062022,21771.4027962,351027.1,21771.4027962,
2023-10-01 19:15:00+00:00,0.06201,0.06206,0.06201,0.06205,18463.8,0.062032,1145.3464416,18463.8,1145.3464416,
2023-10-01 19:20:00+00:00,0.06204,0.06207,0.06205,0.06205,176954.2,0.062052,10980.3620184,176954.2,10980.3620184,
2023-10-01 19:25:00+00:00,0.06204,0.06207,0.06205,0.06206,67348.3,0.062055,4179.2987565,67348.3,4179.2987565,
2023-10-01 19:30:00+00:00,0.06205,0.06208,0.06207,0.06207,69595.1,0.062068,4319.6286668,69595.1,4319.6286668,
2023-10-01 19:35:00+00:00,0.06207,0.06209,0.06207,0.06209,17013.8,0.06208,1056.216704,17013.8,1056.216704,
2023-10-01 19:40:00+00:00,0.06206,0.06209,0.06209,0.06206,71947.0,0.062075,4466.110025,71947.0,4466.110025,
2023-10-01 19:45:00+00:00,0.06198,0.06206,0.06206,0.06202,799129.9,0.06203,49570.027697,799129.9,49570.027697,
2023-10-01 19:50:00+00:00,0.06198,0.06203,0.06203,0.06198,173059.2,0.062005,10730.535696,173059.2,10730.535696,
2023-10-01 19:55:00+00:00,0.06195,0.06199,0.06197,0.06199,58504.8,0.061975,3625.83498,58504.8,3625.83498,
2023-10-01 20:00:00+00:00,0.06172,0.06197,0.06197,0.06188,4049275.6,0.061885,250589.420506,4049275.6,250589.420506,
2023-10-01 20:05:00+00:00,0.06183,0.06194,0.06187,0.06187,675034.1,0.061878,41769.7600398,675034.1,41769.7600398,
2023-10-01 20:10:00+00:00,0.06187,0.06205,0.06187,0.06202,1164204.4,0.061952,72124.7909888,1164204.4,72124.7909888,
2023-10-01 20:15:00+00:00,0.06196,0.06205,0.06202,0.06197,173037.3,0.062,10728.3126,173037.3,10728.3126,
2023-10-01 20:20:00+00:00,0.06197,0.06205,0.06198,0.06201,100107.4,0.062002,6206.8590148,100107.4,6206.8590148,
2023-10-01 20:25:00+00:00,0.06197,0.06202,0.062,0.06198,109720.6,0.061992,6801.7994352,109720.6,6801.7994352,
2023-10-01 20:30:00+00:00,0.06186,0.06199,0.06199,0.06186,333116.4,0.061925,20628.23307,333116.4,20628.23307,
2023-10-01 20:35:00+00:00,0.06182,0.06193,0.06185,0.06189,497306.9,0.061872,30769.3725168,497306.9,30769.3725168,
2023-10-01 20:40:00+00:00,0.06189,0.06197,0.06189,0.06196,43032.9,0.061928,2664.9414312,43032.9,2664.9414312,
2023-10-01 20:45:00+00:00,0.06191,0.062,0.06198,0.06193,552963.7,0.061955,34258.8660335,552963.7,34258.8660335,
2023-10-01 20:50:00+00:00,0.06184,0.06193,0.06191,0.06191,795062.1,0.061898,49212.7538658,795062.1,49212.7538658,
2023-10-01 20:55:00+00:00,0.0619,0.06201,0.06191,0.06197,1228743.8,0.061947,76116.9921786,1228743.8,76116.9921786,
2023-10-01 21:00:00+00:00,0.06196,0.06205,0.06196,0.06203,306649.1,0.062,19012.2442,306649.1,19012.2442,
2023-10-01 21:05:00+00:00,0.06201,0.06207,0.06202,0.06201,225244.0,0.062028,13971.434832,225244.0,13971.434832,
2023-10-01 21:10:00+00:00,0.06196,0.06203,0.062,0.06201,730327.0,0.062,45280.274,730327.0,45280.274,
2023-10-01 21:15:00+00:00,0.06201,0.06208,0.06202,0.06208,60474.2,0.062048,3752.3031616,60474.2,3752.3031616,
2023-10-01 21:20:00+00:00,0.06205,0.06208,0.06208,0.06205,65176.4,0.062065,4045.173266,65176.4,4045.173266,
2023-10-01 21:25:00+00:00,0.06206,0.0621,0.06206,0.06209,29198.4,0.062078,1812.5782752,29198.4,1812.5782752,
2023-10-01 21:30:00+00:00,0.06208,0.0621,0.06209,0.06209,127791.4,0.06209,7934.568026,127791.4,7934.568026,
2023-10-01 21:35:00+00:00,0.06209,0.0621,0.06209,0.0621,9588.6,0.062095,595.404117,9588.6,595.404117,
2023-10-01 21:40:00+00:00,0.0621,0.06219,0.06212,0.06214,800733.1,0.062138,49755.9533678,800733.1,49755.9533678,
2023-10-01 21:45:00+00:00,0.06211,0.06217,0.06213,0.06214,615147.4,0.062138,38224.0291412,615147.4,38224.0291412,
2023-10-01 21:50:00+00:00,0.06214,0.06219,0.06214,0.06216,310196.8,0.062158,19281.2126944,310196.8,19281.2126944,
2023-10-01 21:55:00+00:00,0.06215,0.06219,0.06216,0.06219,25230.6,0.062172,1568.6368632,25230.6,1568.6368632,
2023-10-01 22:00:00+00:00,0.06219,0.06223,0.06219,0.0622,119490.9,0.062202,7432.5729618,119490.9,7432.5729618,
2023-10-01 22:05:00+00:00,0.06216,0.06222,0.0622,0.06222,63840.7,0.0622,3970.89154,63840.7,3970.89154,
2023-10-01 22:10:00+00:00,0.0622,0.06228,0.06221,0.06228,152742.1,0.062242,9506.9737882,152742.1,9506.9737882,
2023-10-01 22:15:00+00:00,0.06229,0.06298,0.06229,0.06289,8127425.2,0.062612,508874.3466224,8127425.2,508874.3466224,
2023-10-01 22:20:00+00:00,0.06281,0.06323,0.06293,0.06318,1988922.8,0.063037,125375.7265436,1988922.8,125375.7265436,
2023-10-01 22:25:00+00:00,0.063,0.06324,0.06319,0.063,1262107.6,0.063108,79649.0864208,1262107.6,79649.0864208,
2023-10-01 22:30:00+00:00,0.063,0.06353,0.063,0.06341,2378447.9,0.063235,150401.1529565,2378447.9,150401.1529565,
2023-10-01 22:35:00+00:00,0.06329,0.06351,0.06342,0.06342,3192104.5,0.06341,202411.346345,3192104.5,202411.346345,
2023-10-01 22:40:00+00:00,0.06329,0.06344,0.06336,0.06342,1966286.0,0.063378,124619.274108,1966286.0,124619.274108,
2023-10-01 22:45:00+00:00,0.0633,0.06354,0.0634,0.06341,1326837.5,0.063412,84137.41955,1326837.5,84137.41955,
2023-10-01 22:50:00+00:00,0.06341,0.06354,0.06341,0.06342,1582063.4,0.063445,100374.012413,1582063.4,100374.012413,
2023-10-01 22:55:00+00:00,0.06341,0.06355,0.06342,0.0635,1173530.5,0.06347,74483.980835,1173530.5,74483.980835,
2023-10-01 23:00:00+00:00,0.06341,0.06356,0.06348,0.06344,2071806.7,0.063472,131501.7148624,2071806.7,131501.7148624,
2023-10-01 23:05:00+00:00,0.06338,0.0635,0.06342,0.06345,1294348.4,0.063438,82110.8737992,1294348.4,82110.8737992,
2023-10-01 23:10:00+00:00,0.06329,0.06352,0.06345,0.06335,1164570.5,0.063402,73836.098841,1164570.5,73836.098841,
2023-10-01 23:15:00+00:00,0.06328,0.0634,0.06336,0.06329,941060.9,0.063332,59599.2689188,941060.9,59599.2689188,
2023-10-01 23:20:00+00:00,0.06323,0.06335,0.06332,0.06328,781091.6,0.063295,49439.192822,781091.6,49439.192822,
2023-10-01 23:25:00+00:00,0.06305,0.06327,0.06327,0.06307,530840.9,0.063165,33530.5654485,530840.9,33530.5654485,
2023-10-01 23:30:00+00:00,0.06298,0.0631,0.06307,0.06309,854774.1,0.06306,53902.054746,854774.1,53902.054746,
2023-10-01 23:35:00+00:00,0.06309,0.06322,0.06309,0.0632,309630.2,0.06315,19553.14713,309630.2,19553.14713,
2023-10-01 23:40:00+00:00,0.06314,0.06324,0.06318,0.06319,241420.7,0.063188,15254.8911916,241420.7,15254.8911916,
2023-10-01 23:45:00+00:00,0.06317,0.06324,0.06318,0.0632,451839.1,0.063198,28555.3274418,451839.1,28555.3274418,
2023-10-01 23:50:00+00:00,0.0631,0.06323,0.06321,0.06319,684953.2,0.063182,43276.7130824,684953.2,43276.7130824,
2023-10-01 23:55:00+00:00,0.06313,0.0632,0.06318,0.06317,205875.6,0.06317,13005.161652,205875.6,13005.161652,
2023-10-02 00:00:00+00:00,0.06313,0.06327,0.06318,0.06316,1311047.0,0.063185,82838.504695,1311047.0,82838.504695,
2023-10-02 00:05:00+00:00,0.06311,0.0632,0.06316,0.06315,597558.7,0.063155,37738.8196985,597558.7,37738.8196985,
2023-10-02 00:10:00+00:00,0.06313,0.06324,0.06315,0.06313,942968.7,0.063163,59560.7319981,942968.7,59560.7319981,
2023-10-02 00:15:00+00:00,0.06305,0.06314,0.06314,0.06305,345308.4,0.063095,21787.233498,345308.4,21787.233498,
2023-10-02 00:20:00+00:00,0.06297,0.06309,0.06305,0.06298,524131.5,0.063022,33031.815393,524131.5,33031.815393,
2023-10-02 00:25:00+00:00,0.06296,0.06309,0.06297,0.06304,1106391.2,0.063015,69719.241468,1106391.2,69719.241468,
2023-10-02 00:30:00+00:00,0.06298,0.06311,0.06304,0.06303,678585.8,0.06304,42778.048832,678585.8,42778.048832,
2023-10-02 00:35:00+00:00,0.06297,0.06307,0.06301,0.06298,1722340.8,0.063007,108519.5267856,1722340.8,108519.5267856,
2023-10-02 00:40:00+00:00,0.06296,0.06307,0.06298,0.06307,1465887.8,0.06302,92380.249156,1465887.8,92380.249156,
2023-10-02 00:45:00+00:00,0.06304,0.0631,0.06307,0.06305,462857.0,0.063065,29190.076705,462857.0,29190.076705,
2023-10-02 00:50:00+00:00,0.06293,0.06307,0.06305,0.06299,396088.1,0.06301,24957.511181,396088.1,24957.511181,
2023-10-02 00:55:00+00:00,0.06295,0.063,0.06299,0.06296,128658.7,0.062975,8102.2816325,128658.7,8102.2816325,
2023-10-02 01:00:00+00:00,0.06297,0.06308,0.06297,0.06307,321897.8,0.063022,20286.6431516,321897.8,20286.6431516,
2023-10-02 01:05:00+00:00,0.063,0.06309,0.06307,0.06305,216783.2,0.063052,13668.6143264,216783.2,13668.6143264,
2023-10-02 01:10:00+00:00,0.06288,0.06304,0.06303,0.0629,543372.0,0.062963,34212.331236,543372.0,34212.331236,
2023-10-02 01:15:00+00:00,0.06287,0.06296,0.0629,0.06295,68912.1,0.06292,4335.949332,68912.1,4335.949332,
2023-10-02 01:20:00+00:00,0.06294,0.063,0.06297,0.06298,443634.5,0.062972,27936.551734,443634.5,27936.551734,
2023-10-02 01:25:00+00:00,0.06294,0.06304,0.06296,0.06303,58579.3,0.062993,3690.0858449,58579.3,3690.0858449,
2023-10-02 01:30:00+00:00,0.063,0.06305,0.06302,0.06305,96267.1,0.06303,6067.715313,96267.1,6067.715313,
2023-10-02 01:35:00+00:00,0.06305,0.06312,0.06305,0.06311,1014981.6,0.063082,64027.0692912,1014981.6,64027.0692912,
2023-10-02 01:40:00+00:00,0.06311,0.06319,0.06311,0.06319,47947.3,0.06315,3027.871995,47947.3,3027.871995,
2023-10-02 01:45:00+00:00,0.06317,0.06365,0.06319,0.06345,5756833.2,0.063365,364781.735718,5756833.2,364781.735718,
2023-10-02 01:50:00+00:00,0.06337,0.06353,0.06347,0.0634,299402.3,0.063442,18994.6807166,299402.3,18994.6807166,
2023-10-02 01:55:00+00:00,0.06338,0.06348,0.0634,0.06344,133283.7,0.063425,8453.5186725,133283.7,8453.5186725,
2023-10-02 02:00:00+00:00,0.06338,0.06344,0.06344,0.0634,582388.5,0.063415,36932.1667275,582388.5,36932.1667275,
2023-10-02 02:05:00+00:00,0.0634,0.06345,0.06341,0.06344,429973.7,0.063425,27271.0819225,429973.7,27271.0819225,
2023-10-02 02:10:00+00:00,0.06342,0.06348,0.06342,0.06345,213129.9,0.063443,13521.6002457,213129.9,13521.6002457,
2023-10-02 02:15:00+00:00,0.06343,0.0635,0.06344,0.06343,325892.1,0.06345,20677.853745,325892.1,20677.853745,
2023-10-02 02:20:00+00:00,0.06335,0.06344,0.06343,0.06338,567865.5,0.0634,36002.6727,567865.5,36002.6727,
2023-10-02 02:25:00+00:00,0.06336,0.0634,0.06337,0.0634,233931.5,0.063382,14827.046333,233931.5,14827.046333,
2023-10-02 02:30:00+00:00,0.06335,0.06341,0.0634,0.06336,87968.1,0.06338,5575.418178,87968.1,5575.418178,
2023-10-02 02:35:00+00:00,0.06335,0.0634,0.06337,0.06338,270498.9,0.063375,17142.8677875,270498.9,17142.8677875,
2023-10-02 02:40:00+00:00,0.06336,0.06341,0.06338,0.0634,544364.1,0.063388,34506.1515708,544364.1,34506.1515708,
2023-10-02 02:45:00+00:00,0.06339,0.06346,0.06339,0.06346,148390.2,0.063425,9411.648435,148390.2,9411.648435,
2023-10-02 02:50:00+00:00,0.06343,0.06346,0.06346,0.06343,60049.6,0.063445,3809.846872,60049.6,3809.846872,
2023-10-02 02:55:00+00:00,0.06342,0.06346,0.06342,0.06343,224683.1,0.063432,14252.0983992,224683.1,14252.0983992,
2023-10-02 03:00:00+00:00,0.06343,0.0636,0.06343,0.06355,1939536.0,0.063502,123164.415072,1939536.0,123164.415072,
2023-10-02 03:05:00+00:00,0.06349,0.06359,0.06354,0.06352,214991.2,0.063535,13659.465892,214991.2,13659.465892,
2023-10-02 03:10:00+00:00,0.06348,0.06352,0.06352,0.0635,461621.8,0.063505,29315.292409,461621.8,29315.292409,
2023-10-02 03:15:00+00:00,0.06347,0.06352,0.06349,0.06352,377771.6,0.0635,23988.4966,377771.6,23988.4966,
2023-10-02 03:20:00+00:00,0.06347,0.06353,0.06352,0.06351,525994.7,0.063507,33404.3454129,525994.7,33404.3454129,
2023-10-02 03:25:00+00:00,0.0635,0.06355,0.0635,0.06351,793488.0,0.063515,50398.39032,793488.0,50398.39032,
2023-10-02 03:30:00+00:00,0.06349,0.06356,0.06351,0.0635,611783.3,0.063515,38857.4162995,611783.3,38857.4162995,
2023-10-02 03:35:00+00:00,0.06348,0.0635,0.06349,0.06349,104340.7,0.06349,6624.591043,104340.7,6624.591043,
2023-10-02 03:40:00+00:00,0.06348,0.06367,0.06348,0.06359,1415711.7,0.063555,89975.5570935,1415711.7,89975.5570935,
2023-10-02 03:45:00+00:00,0.06346,0.06358,0.06357,0.0635,2279523.8,0.063528,144813.5879664,2279523.8,144813.5879664,
2023-10-02 03:50:00+00:00,0.06348,0.06353,0.06352,0.06352,586261.6,0.063512,37234.6467392,586261.6,37234.6467392,
2023-10-02 03:55:00+00:00,0.06349,0.06356,0.06353,0.06352,1820318.5,0.063525,115635.7327125,1820318.5,115635.7327125,
2023-10-02 04:00:00+00:00,0.0635,0.06353,0.0635,0.06351,577562.7,0.06351,36681.007077,577562.7,36681.007077,
2023-10-02 04:05:00+00:00,0.0634,0.06353,0.06352,0.0634,451051.5,0.063463,28625.0813445,451051.5,28625.0813445,
2023-10-02 04:10:00+00:00,0.06332,0.06345,0.0634,0.06332,1357634.1,0.063372,86035.9881852,1357634.1,86035.9881852,
2023-10-02 04:15:00+00:00,0.06327,0.06336,0.06332,0.06331,1650147.1,0.063315,104479.0636365,1650147.1,104479.0636365,
2023-10-02 04:20:00+00:00,0.06327,0.06333,0.06331,0.06327,643713.3,0.063295,40743.8333235,643713.3,40743.8333235,
2023-10-02 04:25:00+00:00,0.06323,0.06329,0.06327,0.06323,229563.8,0.063255,14521.058169,229563.8,14521.058169,
2023-10-02 04:30:00+00:00,0.06319,0.06328,0.06324,0.0632,1318448.5,0.063228,83362.861758,1318448.5,83362.861758,
2023-10-02 04:35:00+00:00,0.06315,0.06323,0.0632,0.06318,422536.1,0.06319,26700.056159,422536.1,26700.056159,
2023-10-02 04:40:00+00:00,0.06311,0.0632,0.06318,0.06315,397779.5,0.06316,25123.75322,397779.5,25123.75322,
2023-10-02 04:45:00+00:00,0.06314,0.06323,0.06314,0.06318,852542.2,0.063172,53856.7958584,852542.2,53856.7958584,
2023-10-02 04:50:00+00:00,0.06319,0.06323,0.06319,0.06322,98912.1,0.063208,6252.0360168,98912.1,6252.0360168,
2023-10-02 04:55:00+00:00,0.06319,0.06324,0.06321,0.06323,400863.7,0.063217,25341.4005229,400863.7,25341.4005229,
2023-10-02 05:00:00+00:00,0.06317,0.06322,0.06322,0.06318,141136.1,0.063198,8919.5192478,141136.1,8919.5192478,
2023-10-02 05:05:00+00:00,0.06317,0.0632,0.06319,0.0632,182308.8,0.06319,11520.093072,182308.8,11520.093072,
2023-10-02 05:10:00+00:00,0.06317,0.06322,0.06319,0.06322,231231.4,0.0632,14613.82448,231231.4,14613.82448,
2023-10-02 05:15:00+00:00,0.06322,0.06329,0.06322,0.06327,762848.1,0.06325,48250.142325,762848.1,48250.142325,
2023-10-02 05:20:00+00:00,0.06324,0.0633,0.06326,0.06328,327272.2,0.06327,20706.512094,327272.2,20706.512094,
2023-10-02 05:25:00+00:00,0.06326,0.06332,0.06328,0.06329,434644.6,0.063288,27507.7874448,434644.6,27507.7874448,
2023-10-02 05:30:00+00:00,0.06317,0.06329,0.06329,0.06317,478170.7,0.06323,30234.733361,478170.7,30234.733361,
2023-10-02 05:35:00+00:00,0.0631,0.06319,0.06317,0.06312,469196.7,0.063145,29627.4256215,469196.7,29627.4256215,
2023-10-02 05:40:00+00:00,0.06296,0.06315,0.06313,0.06304,2799221.6,0.06307,176546.906312,2799221.6,176546.906312,
2023-10-02 05:45:00+00:00,0.06302,0.0631,0.06306,0.06302,1151326.8,0.06305,72591.15474,1151326.8,72591.15474,
2023-10-02 05:50:00+00:00,0.063,0.06305,0.06301,0.06304,233842.2,0.063025,14737.904655,233842.2,14737.904655,
2023-10-02 05:55:00+00:00,0.06304,0.06313,0.06305,0.06312,166848.4,0.063085,10525.631314,166848.4,10525.631314,
2023-10-02 06:00:00+00:00,0.06309,0.06318,0.06311,0.06318,208029.6,0.06314,13134.988944,208029.6,13134.988944,
2023-10-02 06:05:00+00:00,0.06313,0.06319,0.06319,0.06313,237383.8,0.06316,14993.160808,237383.8,14993.160808,
2023-10-02 06:10:00+00:00,0.06313,0.06317,0.06313,0.06316,283138.6,0.063148,17879.6363128,283138.6,17879.6363128,
2023-10-02 06:15:00+00:00,0.06312,0.06317,0.06315,0.06314,320149.8,0.063145,20215.859121,320149.8,20215.859121,
2023-10-02 06:20:00+00:00,0.06316,0.06326,0.06316,0.06325,226429.9,0.063208,14312.1811192,226429.9,14312.1811192,
2023-10-02 06:25:00+00:00,0.06322,0.06329,0.06324,0.06328,203315.3,0.063257,12861.1159321,203315.3,12861.1159321,
2023-10-02 06:30:00+00:00,0.06324,0.0633,0.06327,0.06324,402224.4,0.063263,25445.9222172,402224.4,25445.9222172,
2023-10-02 06:35:00+00:00,0.06323,0.06333,0.06325,0.06332,551186.7,0.063282,34880.1967494,551186.7,34880.1967494,
2023-10-02 06:40:00+00:00,0.06329,0.06332,0.0633,0.0633,22580.5,0.063303,1429.4133915,22580.5,1429.4133915,
2023-10-02 06:45:00+00:00,0.0633,0.06334,0.0633,0.06334,171847.2,0.06332,10881.364704,171847.2,10881.364704,
2023-10-02 06:50:00+00:00,0.06333,0.06337,0.06334,0.06337,139782.4,0.063352,8855.4946048,139782.4,8855.4946048,
2023-10-02 06:55:00+00:00,0.06331,0.06336,0.06336,0.06334,27250.7,0.063342,1726.1138394,27250.7,1726.1138394,
2023-10-02 07:00:00+00:00,0.06334,0.06337,0.06334,0.06337,249036.1,0.063355,15777.6821155,249036.1,15777.6821155,
2023-10-02 07:05:00+00:00,0.06327,0.06338,0.06338,0.06328,233911.0,0.063328,14813.115808,233911.0,14813.115808,
2023-10-02 07:10:00+00:00,0.06324,0.0633,0.06329,0.06325,220116.4,0.06327,13926.764628,220116.4,13926.764628,
2023-10-02 07:15:00+00:00,0.06322,0.0633,0.06326,0.06329,122189.1,0.063268,7730.6599788,122189.1,7730.6599788,
2023-10-02 07:20:00+00:00,0.06328,0.06338,0.06329,0.06338,282261.7,0.063332,17876.1979844,282261.7,17876.1979844,
2023-10-02 07:25:00+00:00,0.06333,0.06343,0.06337,0.06333,589258.0,0.063365,37338.33317,589258.0,37338.33317,
2023-10-02 07:30:00+00:00,0.06332,0.06341,0.06333,0.06335,339794.4,0.063353,21526.9946232,339794.4,21526.9946232,
2023-10-02 07:35:00+00:00,0.06335,0.06345,0.06335,0.06344,591602.5,0.063398,37506.415295,591602.5,37506.415295,
2023-10-02 07:40:00+00:00,0.06341,0.06351,0.06345,0.06342,831804.3,0.063448,52776.3192264,831804.3,52776.3192264,
2023-10-02 07:45:00+00:00,0.0634,0.06353,0.06342,0.0635,355388.8,0.063463,22554.0394144,355388.8,22554.0394144,
2023-10-02 07:50:00+00:00,0.0634,0.0635,0.0635,0.0634,340643.3,0.06345,21613.817385,340643.3,21613.817385,
2023-10-02 07:55:00+00:00,0.06338,0.0635,0.06341,0.0635,429366.6,0.063448,27242.4520368,429366.6,27242.4520368,
2023-10-02 08:00:00+00:00,0.06339,0.0635,0.0635,0.06347,862331.9,0.063465,54727.8940335,862331.9,54727.8940335,
2023-10-02 08:05:00+00:00,0.06342,0.06358,0.06347,0.06358,581777.9,0.063512,36949.8779848,581777.9,36949.8779848,
2023-10-02 08:10:00+00:00,0.06354,0.06363,0.06358,0.06358,1503545.3,0.063582,95598.4172646,1503545.3,95598.4172646,
2023-10-02 08:15:00+00:00,0.06356,0.06365,0.06356,0.06364,160176.0,0.063603,10187.674128,160176.0,10187.674128,
2023-10-02 08:20:00+00:00,0.06358,0.0637,0.06364,0.06359,308342.5,0.063628,19619.21659,308342.5,19619.21659,
2023-10-02 08:25:00+00:00,0.06358,0.06362,0.0636,0.06362,96206.3,0.063605,6119.2017115,96206.3,6119.2017115,
2023-10-02 08:30:00+00:00,0.06359,0.06368,0.06363,0.06366,333284.6,0.06364,21210.231944,333284.6,21210.231944,
2023-10-02 08:35:00+00:00,0.06364,0.06375,0.06365,0.06366,2556421.6,0.063675,162780.14538,2556421.6,162780.14538,
2023-10-02 08:40:00+00:00,0.06362,0.06371,0.06366,0.06371,462324.9,0.063675,29438.5380075,462324.9,29438.5380075,
2023-10-02 08:45:00+00:00,0.06366,0.06379,0.06371,0.06377,708940.1,0.063732,45182.1704532,708940.1,45182.1704532,
2023-10-02 08:50:00+00:00,0.06377,0.06418,0.06377,0.06394,6240150.7,0.063915,398839.2319905,6240150.7,398839.2319905,
2023-10-02 08:55:00+00:00,0.06392,0.06401,0.06393,0.06393,927135.2,0.063948,59288.4417696,927135.2,59288.4417696,
2023-10-02 09:00:00+00:00,0.06385,0.06395,0.06393,0.06385,418536.3,0.063895,26742.3768885,418536.3,26742.3768885,
2023-10-02 09:05:00+00:00,0.06381,0.06391,0.06385,0.06384,261517.6,0.063852,16698.4217952,261517.6,16698.4217952,
2023-10-02 09:10:00+00:00,0.06375,0.06387,0.06384,0.06379,751129.5,0.063812,47931.075654,751129.5,47931.075654,
2023-10-02 09:15:00+00:00,0.06366,0.06379,0.06378,0.06369,411077.2,0.06373,26197.949956,411077.2,26197.949956,
2023-10-02 09:20:00+00:00,0.0637,0.06381,0.0637,0.06377,173449.9,0.063745,11056.5638755,173449.9,11056.5638755,
2023-10-02 09:25:00+00:00,0.06377,0.06384,0.06377,0.0638,95414.7,0.063795,6086.9807865,95414.7,6086.9807865,
2023-10-02 09:30:00+00:00,0.06373,0.06385,0.06381,0.06375,615490.3,0.063785,39259.0487855,615490.3,39259.0487855,
2023-10-02 09:35:00+00:00,0.06372,0.06375,0.06374,0.06373,103003.4,0.063735,6564.921699,103003.4,6564.921699,
2023-10-02 09:40:00+00:00,0.06368,0.06373,0.06373,0.06368,158848.3,0.063705,10119.4309515,158848.3,10119.4309515,
2023-10-02 09:45:00+00:00,0.06363,0.06373,0.06369,0.06364,838082.1,0.063672,53362.3634712,838082.1,53362.3634712,
2023-10-02 09:50:00+00:00,0.06364,0.06367,0.06364,0.06366,86876.1,0.063652,5529.8375172,86876.1,5529.8375172,
2023-10-02 09:55:00+00:00,0.06363,0.06367,0.06367,0.06363,205885.3,0.06365,13104.599345,205885.3,13104.599345,
2023-10-02 10:00:00+00:00,0.06363,0.06367,0.06363,0.06367,68180.0,0.06365,4339.657,68180.0,4339.657,
2023-10-02 10:05:00+00:00,0.06362,0.06367,0.06367,0.06362,247599.6,0.063645,15758.476542,247599.6,15758.476542,
2023-10-02 10:10:00+00:00,0.06358,0.06363,0.06363,0.0636,369469.5,0.06361,23501.954895,369469.5,23501.954895,
2023-10-02 10:15:00+00:00,0.06357,0.06361,0.06361,0.06361,410103.2,0.0636,26082.56352,410103.2,26082.56352,
2023-10-02 10:20:00+00:00,0.0636,0.06366,0.06362,0.06366,102766.4,0.063635,6539.539864,102766.4,6539.539864,
2023-10-02 10:25:00+00:00,0.06366,0.06372,0.06366,0.0637,53382.3,0.063685,3399.6517755,53382.3,3399.6517755,
2023-10-02 10:30:00+00:00,0.06366,0.06372,0.06369,0.06367,731423.9,0.063685,46580.7310715,731423.9,46580.7310715,
2023-10-02 10:35:00+00:00,0.06365,0.06369,0.06366,0.06368,137550.3,0.06367,8757.827601,137550.3,8757.827601,
2023-10-02 10:40:00+00:00,0.06367,0.06371,0.06367,0.06371,166510.9,0.06369,10605.079221,166510.9,10605.079221,
2023-10-02 10:45:00+00:00,0.06367,0.06372,0.06371,0.06367,368100.3,0.063692,23445.0443076,368100.3,23445.0443076,
2023-10-02 10:50:00+00:00,0.06364,0.06369,0.06368,0.06364,93450.6,0.063662,5949.2520972,93450.6,5949.2520972,
2023-10-02 10:55:00+00:00,0.06363,0.06367,0.06364,0.06367,46320.5,0.063652,2948.392466,46320.5,2948.392466,
2023-10-02 11:00:00+00:00,0.06363,0.06373,0.06366,0.06364,510484.8,0.063665,32500.014792,510484.8,32500.014792,
2023-10-02 11:05:00+00:00,0.06361,0.06364,0.06363,0.06363,560550.3,0.063628,35666.6944884,560550.3,35666.6944884,
2023-10-02 11:10:00+00:00,0.0636,0.06363,0.06362,0.06362,192773.3,0.063618,12263.8517994,192773.3,12263.8517994,
2023-10-02 11:15:00+00:00,0.06363,0.06373,0.06363,0.06372,760070.5,0.063678,48399.769299,760070.5,48399.769299,
2023-10-02 11:20:00+00:00,0.06372,0.0638,0.06372,0.0638,34307.8,0.06376,2187.465328,34307.8,2187.465328,
2023-10-02 11:25:00+00:00,0.06375,0.06381,0.06381,0.06378,328780.0,0.063788,20972.21864,328780.0,20972.21864,
2023-10-02 11:30:00+00:00,0.06373,0.06379,0.06379,0.06374,205550.0,0.063762,13106.2791,205550.0,13106.2791,
2023-10-02 11:35:00+00:00,0.06373,0.06377,0.06373,0.06373,179599.1,0.06374,11447.646634,179599.1,11447.646634,
2023-10-02 11:40:00+00:00,0.06361,0.06373,0.06371,0.06365,954849.3,0.063675,60800.0291775,954849.3,60800.0291775,
2023-10-02 11:45:00+00:00,0.06358,0.06365,0.06365,0.06363,597477.5,0.063628,38016.29837,597477.5,38016.29837,
2023-10-02 11:50:00+00:00,0.06362,0.06367,0.06364,0.06363,165415.3,0.06364,10527.029692,165415.3,10527.029692,
2023-10-02 11:55:00+00:00,0.06358,0.06366,0.06363,0.06363,276495.8,0.063625,17592.045275,276495.8,17592.045275,
2023-10-02 12:00:00+00:00,0.0636,0.06366,0.06365,0.06361,183627.5,0.06363,11684.217825,183627.5,11684.217825,
2023-10-02 12:05:00+00:00,0.06361,0.06365,0.06361,0.06365,132272.8,0.06363,8416.518264,132272.8,8416.518264,
2023-10-02 12:10:00+00:00,0.06365,0.06371,0.06365,0.06371,182316.0,0.06368,11609.88288,182316.0,11609.88288,
2023-10-02 12:15:00+00:00,0.06366,0.06374,0.06372,0.0637,690865.6,0.063705,44011.593048,690865.6,44011.593048,
2023-10-02 12:20:00+00:00,0.06369,0.06375,0.06371,0.06372,446872.0,0.063718,28473.790096,446872.0,28473.790096,
2023-10-02 12:25:00+00:00,0.06372,0.06376,0.06373,0.06376,198486.5,0.063742,12651.926483,198486.5,12651.926483,
2023-10-02 12:30:00+00:00,0.06376,0.06386,0.06376,0.06383,1185021.6,0.063802,75606.7481232,1185021.6,75606.7481232,
2023-10-02 12:35:00+00:00,0.06376,0.06385,0.06384,0.06379,296459.6,0.06381,18917.087076,296459.6,18917.087076,
2023-10-02 12:40:00+00:00,0.06378,0.0638,0.06378,0.0638,316178.9,0.06379,20169.052031,316178.9,20169.052031,
2023-10-02 12:45:00+00:00,0.06377,0.06382,0.06382,0.06379,360839.6,0.0638,23021.56648,360839.6,23021.56648,
2023-10-02 12:50:00+00:00,0.06374,0.06378,0.06378,0.06376,401363.5,0.063765,25592.9435775,401363.5,25592.9435775,
2023-10-02 12:55:00+00:00,0.06374,0.0638,0.06377,0.06374,248439.5,0.063762,15840.999399,248439.5,15840.999399,
2023-10-02 13:00:00+00:00,0.06367,0.06376,0.06376,0.06367,580971.4,0.063715,37016.592751,580971.4,37016.592751,
2023-10-02 13:05:00+00:00,0.06365,0.0637,0.06369,0.06366,286379.1,0.063675,18235.1891925,286379.1,18235.1891925,
2023-10-02 13:10:00+00:00,0.06364,0.06368,0.06366,0.06368,501331.6,0.063665,31917.276314,501331.6,31917.276314,
2023-10-02 13:15:00+00:00,0.06365,0.06369,0.06368,0.06367,203920.3,0.063672,12984.0133416,203920.3,12984.0133416,
2023-10-02 13:20:00+00:00,0.06359,0.06368,0.06367,0.06363,376267.1,0.063643,23946.7670453,376267.1,23946.7670453,
2023-10-02 13:25:00+00:00,0.06346,0.06364,0.06363,0.06346,1578944.6,0.063548,100338.7714408,1578944.6,100338.7714408,
2023-10-02 13:30:00+00:00,0.0634,0.06356,0.06345,0.06351,1310935.0,0.06348,83218.1538,1310935.0,83218.1538,
2023-10-02 13:35:00+00:00,0.06351,0.0636,0.06351,0.06354,662112.3,0.06354,42070.615542,662112.3,42070.615542,
2023-10-02 13:40:00+00:00,0.0635,0.06359,0.06353,0.06351,1403345.7,0.063533,89158.7623581,1403345.7,89158.7623581,
2023-10-02 13:45:00+00:00,0.06343,0.06351,0.0635,0.06343,996461.9,0.063467,63242.4474073,996461.9,63242.4474073,
2023-10-02 13:50:00+00:00,0.06328,0.06342,0.06342,0.06336,701319.3,0.06337,44442.604041,701319.3,44442.604041,
2023-10-02 13:55:00+00:00,0.06335,0.06351,0.06335,0.06351,932952.8,0.06343,59177.196104,932952.8,59177.196104,
2023-10-02 14:00:00+00:00,0.0633,0.06354,0.06351,0.0633,921393.0,0.063412,58427.372916,921393.0,58427.372916,
2023-10-02 14:05:00+00:00,0.06303,0.06336,0.06331,0.0631,926024.6,0.0632,58524.75472,926024.6,58524.75472,
2023-10-02 14:10:00+00:00,0.063,0.06317,0.06312,0.06304,1372294.9,0.063082,86567.1068818,1372294.9,86567.1068818,
2023-10-02 14:15:00+00:00,0.06294,0.06313,0.06303,0.06294,1972865.5,0.06301,124310.255155,1972865.5,124310.255155,
2023-10-02 14:20:00+00:00,0.06295,0.06318,0.06295,0.06316,808904.9,0.06306,51009.542994,808904.9,51009.542994,
2023-10-02 14:25:00+00:00,0.06315,0.0632,0.06318,0.06318,331831.9,0.063178,20964.4757782,331831.9,20964.4757782,
2023-10-02 14:30:00+00:00,0.06314,0.0633,0.06318,0.0633,666823.8,0.06323,42163.268874,666823.8,42163.268874,
2023-10-02 14:35:00+00:00,0.06323,0.06329,0.06329,0.06328,258659.2,0.063272,16365.8849024,258659.2,16365.8849024,
2023-10-02 14:40:00+00:00,0.06326,0.06336,0.06329,0.06331,303982.4,0.063305,19243.605832,303982.4,19243.605832,
2023-10-02 14:45:00+00:00,0.06319,0.06335,0.06331,0.06319,1158937.5,0.06326,73314.38625,1158937.5,73314.38625,
2023-10-02 14:50:00+00:00,0.06319,0.06328,0.06319,0.06326,862510.0,0.06323,54536.5073,862510.0,54536.5073,
2023-10-02 14:55:00+00:00,0.06318,0.06326,0.06326,0.06325,683431.0,0.063238,43218.809578,683431.0,43218.809578,
2023-10-02 15:00:00+00:00,0.06323,0.06333,0.06324,0.0633,451130.7,0.063275,28545.2950425,451130.7,28545.2950425,
2023-10-02 15:05:00+00:00,0.06317,0.06329,0.06329,0.06318,375396.7,0.063232,23737.0841344,375396.7,23737.0841344,
2023-10-02 15:10:00+00:00,0.06318,0.06326,0.06318,0.06325,219159.1,0.063218,13854.7999838,219159.1,13854.7999838,
2023-10-02 15:15:00+00:00,0.06315,0.06331,0.06325,0.0632,554435.4,0.063227,35055.2870358,554435.4,35055.2870358,
2023-10-02 15:20:00+00:00,0.06318,0.06332,0.06318,0.06331,219502.1,0.063248,13883.0688208,219502.1,13883.0688208,
2023-10-02 15:25:00+00:00,0.06321,0.0633,0.0633,0.06326,85327.9,0.063267,5398.4402493,85327.9,5398.4402493,
2023-10-02 15:30:00+00:00,0.06317,0.06326,0.06324,0.06317,224582.2,0.06321,14195.840862,224582.2,14195.840862,
2023-10-02 15:35:00+00:00,0.0631,0.06317,0.06315,0.06313,205125.3,0.063138,12951.2011914,205125.3,12951.2011914,
2023-10-02 15:40:00+00:00,0.06301,0.06312,0.06312,0.06301,1309591.1,0.063065,82589.3627215,1309591.1,82589.3627215,
2023-10-02 15:45:00+00:00,0.06267,0.06302,0.06301,0.0627,1538737.3,0.06285,96709.639305,1538737.3,96709.639305,
2023-10-02 15:50:00+00:00,0.0625,0.06283,0.06268,0.06277,1245455.3,0.062695,78083.8200335,1245455.3,78083.8200335,
2023-10-02 15:55:00+00:00,0.06262,0.0628,0.06276,0.06273,894849.1,0.062728,56132.0943448,894849.1,56132.0943448,
2023-10-02 16:00:00+00:00,0.06252,0.06276,0.06268,0.06262,2399636.1,0.062645,150325.2034845,2399636.1,150325.2034845,
2023-10-02 16:05:00+00:00,0.06246,0.06273,0.06263,0.06264,1056758.4,0.062615,66168.927216,1056758.4,66168.927216,
2023-10-02 16:10:00+00:00,0.06257,0.06274,0.06264,0.06272,612584.9,0.062668,38389.4705132,612584.9,38389.4705132,
2023-10-02 16:15:00+00:00,0.06265,0.06273,0.06271,0.06271,377475.4,0.0627,23667.70758,377475.4,23667.70758,
2023-10-02 16:20:00+00:00,0.06268,0.06276,0.0627,0.06273,73751.5,0.062718,4625.546577,73751.5,4625.546577,
2023-10-02 16:25:00+00:00,0.06266,0.06273,0.06273,0.0627,203697.8,0.062705,12772.870549,203697.8,12772.870549,
2023-10-02 16:30:00+00:00,0.06263,0.0627,0.06269,0.06267,219082.6,0.062673,13730.5637898,219082.6,13730.5637898,
2023-10-02 16:35:00+00:00,0.06262,0.0627,0.06267,0.06265,214115.0,0.06266,13416.4459,214115.0,13416.4459,
2023-10-02 16:40:00+00:00,0.06261,0.06269,0.06264,0.06266,540812.1,0.06265,33881.878065,540812.1,33881.878065,
2023-10-02 16:45:00+00:00,0.06246,0.06275,0.06267,0.06248,1566120.7,0.06259,98023.494613,1566120.7,98023.494613,
2023-10-02 16:50:00+00:00,0.06246,0.06258,0.06248,0.06256,497223.3,0.06252,31086.400716,497223.3,31086.400716,
2023-10-02 16:55:00+00:00,0.06247,0.06256,0.06255,0.06254,366247.7,0.06253,22901.468681,366247.7,22901.468681,
2023-10-02 17:00:00+00:00,0.06249,0.06257,0.06254,0.06249,167512.1,0.062522,10473.1915162,167512.1,10473.1915162,
2023-10-02 17:05:00+00:00,0.06238,0.06254,0.0625,0.06252,482371.1,0.062485,30140.9581835,482371.1,30140.9581835,
2023-10-02 17:10:00+00:00,0.06243,0.06254,0.0625,0.06254,91708.9,0.062502,5731.9896678,91708.9,5731.9896678,
2023-10-02 17:15:00+00:00,0.06251,0.06259,0.06254,0.06259,209870.5,0.062558,13129.078739,209870.5,13129.078739,
2023-10-02 17:20:00+00:00,0.06251,0.0626,0.06259,0.06252,387519.8,0.062555,24241.301089,387519.8,24241.301089,
2023-10-02 17:25:00+00:00,0.06256,0.06263,0.06256,0.06262,86933.2,0.062593,5441.4097876,86933.2,5441.4097876,
2023-10-02 17:30:00+00:00,0.06258,0.06265,0.06261,0.06261,89559.7,0.062612,5607.5119364,89559.7,5607.5119364,
2023-10-02 17:35:00+00:00,0.0626,0.06264,0.06261,0.06261,295341.5,0.062615,18492.8080225,295341.5,18492.8080225,
2023-10-02 17:40:00+00:00,0.06261,0.06268,0.06261,0.06268,127053.8,0.062645,7959.285301,127053.8,7959.285301,
2023-10-02 17:45:00+00:00,0.06265,0.0627,0.06265,0.06268,81973.5,0.06267,5137.279245,81973.5,5137.279245,
2023-10-02 17:50:00+00:00,0.06265,0.06268,0.06268,0.06268,147640.3,0.062673,9253.0605219,147640.3,9253.0605219,
2023-10-02 17:55:00+00:00,0.06267,0.06269,0.06268,0.06268,239343.6,0.06268,15002.056848,239343.6,15002.056848,
2023-10-02 18:00:00+00:00,0.06263,0.06268,0.06268,0.06267,548748.6,0.062665,34387.331019,548748.6,34387.331019,
2023-10-02 18:05:00+00:00,0.06265,0.06269,0.06268,0.06265,348613.4,0.062667,21846.5559378,348613.4,21846.5559378,
2023-10-02 18:10:00+00:00,0.06266,0.06281,0.06266,0.06277,970164.2,0.062725,60853.549445,970164.2,60853.549445,
2023-10-02 18:15:00+00:00,0.06269,0.06278,0.06277,0.0627,25788.4,0.062735,1617.835274,25788.4,1617.835274,
2023-10-02 18:20:00+00:00,0.06261,0.0627,0.0627,0.06261,402442.6,0.062655,25215.041103,402442.6,25215.041103,
2023-10-02 18:25:00+00:00,0.06258,0.06266,0.06261,0.06259,128666.3,0.06261,8055.797043,128666.3,8055.797043,
2023-10-02 18:30:00+00:00,0.06256,0.06261,0.0626,0.0626,108323.4,0.062592,6780.1782528,108323.4,6780.1782528,
2023-10-02 18:35:00+00:00,0.061,0.06261,0.06261,0.06121,12499130.5,0.061857,773158.7153385,12499130.5,773158.7153385,
2023-10-02 18:40:00+00:00,0.06116,0.06183,0.0612,0.06148,10222212.5,0.061418,627827.847325,10222212.5,627827.847325,
2023-10-02 18:45:00+00:00,0.06139,0.06177,0.06148,0.0617,1750875.5,0.061585,107827.6676675,1750875.5,107827.6676675,
2023-10-02 18:50:00+00:00,0.06167,0.06181,0.06172,0.06175,598749.0,0.061738,36965.565762,598749.0,36965.565762,
2023-10-02 18:55:00+00:00,0.06163,0.06177,0.06173,0.06169,707552.2,0.061705,43659.508501,707552.2,43659.508501,
2023-10-02 19:00:00+00:00,0.06156,0.06172,0.06167,0.06164,860534.3,0.061648,53050.2185264,860534.3,53050.2185264,
2023-10-02 19:05:00+00:00,0.06153,0.06191,0.06164,0.06185,4366144.7,0.061732,269530.8446204,4366144.7,269530.8446204,
2023-10-02 19:10:00+00:00,0.06178,0.06187,0.06184,0.06186,743597.6,0.061838,45982.5883888,743597.6,45982.5883888,
2023-10-02 19:15:00+00:00,0.06164,0.06196,0.06185,0.0619,4497492.5,0.061838,278115.941215,4497492.5,278115.941215,
2023-10-02 19:20:00+00:00,0.06189,0.06201,0.0619,0.06198,747221.6,0.061945,46286.642012,747221.6,46286.642012,
2023-10-02 19:25:00+00:00,0.06192,0.06202,0.062,0.06198,361591.1,0.06198,22411.416378,361591.1,22411.416378,
2023-10-02 19:30:00+00:00,0.0619,0.06205,0.06197,0.0619,1280222.4,0.061955,79316.178792,1280222.4,79316.178792,
2023-10-02 19:35:00+00:00,0.06192,0.06203,0.06192,0.06197,172063.5,0.06196,10661.05446,172063.5,10661.05446,
2023-10-02 19:40:00+00:00,0.06192,0.06198,0.06197,0.06198,181953.4,0.061963,11274.3785242,181953.4,11274.3785242,
2023-10-02 19:45:00+00:00,0.06197,0.06203,0.06197,0.06203,94181.5,0.062,5839.253,94181.5,5839.253,
2023-10-02 19:50:00+00:00,0.06206,0.06214,0.06206,0.06214,15179.6,0.0621,942.65316,15179.6,942.65316,
2023-10-02 19:55:00+00:00,0.06214,0.0622,0.06214,0.06219,444663.8,0.062168,27643.8591184,444663.8,27643.8591184,
2023-10-02 20:00:00+00:00,0.0621,0.06217,0.06215,0.06211,269305.7,0.062132,16732.5017524,269305.7,16732.5017524,
2023-10-02 20:05:00+00:00,0.06205,0.06211,0.0621,0.06206,101505.9,0.06208,6301.486272,101505.9,6301.486272,
2023-10-02 20:10:00+00:00,0.06202,0.06206,0.06204,0.06204,162572.3,0.06204,10085.985492,162572.3,10085.985492,
2023-10-02 20:15:00+00:00,0.06203,0.06208,0.06204,0.06208,249741.9,0.062058,15498.4828302,249741.9,15498.4828302,
2023-10-02 20:20:00+00:00,0.06197,0.06208,0.06208,0.062,56201.3,0.062033,3486.3352429,56201.3,3486.3352429,
2023-10-02 20:25:00+00:00,0.06201,0.06214,0.06202,0.06205,82702.0,0.062055,5132.07261,82702.0,5132.07261,
2023-10-02 20:30:00+00:00,0.062,0.06206,0.06204,0.06205,109056.5,0.062037,6765.5380905,109056.5,6765.5380905,
2023-10-02 20:35:00+00:00,0.06203,0.06208,0.06204,0.06205,145254.9,0.06205,9013.066545,145254.9,9013.066545,
2023-10-02 20:40:00+00:00,0.06202,0.06209,0.06205,0.06206,430793.3,0.062055,26732.8782315,430793.3,26732.8782315,
2023-10-02 20:45:00+00:00,0.06201,0.0621,0.06205,0.06209,463143.8,0.062063,28744.0936594,463143.8,28744.0936594,
2023-10-02 20:50:00+00:00,0.06209,0.06213,0.06209,0.06211,221713.0,0.062105,13769.485865,221713.0,13769.485865,
2023-10-02 20:55:00+00:00,0.06205,0.06212,0.0621,0.06205,71665.6,0.06208,4449.000448,71665.6,4449.000448,
2023-10-02 21:00:00+00:00,0.06199,0.06208,0.06207,0.06206,8679.8,0.06205,538.58159,8679.8,538.58159,
2023-10-02 21:05:00+00:00,0.062,0.06204,0.06204,0.06202,82093.6,0.062025,5091.85554,82093.6,5091.85554,
2023-10-02 21:10:00+00:00,0.06189,0.06203,0.06203,0.06189,181379.0,0.06196,11238.24284,181379.0,11238.24284,
2023-10-02 21:15:00+00:00,0.06188,0.06199,0.06188,0.06198,343752.5,0.061932,21289.27983,343752.5,21289.27983,
2023-10-02 21:20:00+00:00,0.06198,0.06218,0.062,0.06212,465749.8,0.06207,28909.090086,465749.8,28909.090086,
2023-10-02 21:25:00+00:00,0.06213,0.06219,0.06213,0.06218,28412.9,0.062158,1766.0890382,28412.9,1766.0890382,
2023-10-02 21:30:00+00:00,0.06195,0.06217,0.06215,0.06199,449769.1,0.062065,27914.9191915,449769.1,27914.9191915,
2023-10-02 21:35:00+00:00,0.06196,0.06202,0.06198,0.06199,79176.0,0.061988,4907.961888,79176.0,4907.961888,
2023-10-02 21:40:00+00:00,0.06163,0.06201,0.06201,0.06172,1063355.8,0.061842,65760.0493836,1063355.8,65760.0493836,
2023-10-02 21:45:00+00:00,0.06146,0.06177,0.06172,0.06177,404550.2,0.06168,24952.656336,404550.2,24952.656336,
2023-10-02 21:50:00+00:00,0.06169,0.06195,0.06178,0.06169,690323.9,0.061778,42646.8298942,690323.9,42646.8298942,
2023-10-02 21:55:00+00:00,0.06163,0.06184,0.06164,0.06174,1457103.7,0.061712,89920.7835344,1457103.7,89920.7835344,
2023-10-02 22:00:00+00:00,0.06173,0.06185,0.06174,0.06179,137607.8,0.061778,8501.1346684,137607.8,8501.1346684,
2023-10-02 22:05:00+00:00,0.06176,0.06197,0.06181,0.0618,2211549.0,0.061835,136751.132415,2211549.0,136751.132415,
2023-10-02 22:10:00+00:00,0.06177,0.06184,0.0618,0.0618,959595.2,0.061802,59304.9025504,959595.2,59304.9025504,
2023-10-02 22:15:00+00:00,0.06179,0.06188,0.06179,0.06188,238907.0,0.061835,14772.814345,238907.0,14772.814345,
2023-10-02 22:20:00+00:00,0.06171,0.06189,0.06189,0.06186,1628290.0,0.061838,100690.19702,1628290.0,100690.19702,
2023-10-02 22:25:00+00:00,0.06185,0.0619,0.06185,0.0619,21577.5,0.061875,1335.1078125,21577.5,1335.1078125,
2023-10-02 22:30:00+00:00,0.06182,0.06193,0.06188,0.06184,990855.2,0.061868,61302.2295136,990855.2,61302.2295136,
2023-10-02 22:35:00+00:00,0.06181,0.06186,0.06181,0.06185,121036.0,0.061832,7483.897952,121036.0,7483.897952,
2023-10-02 22:40:00+00:00,0.06174,0.06184,0.06184,0.0618,180816.7,0.061805,11175.3761435,180816.7,11175.3761435,
2023-10-02 22:45:00+00:00,0.06176,0.06182,0.0618,0.0618,161878.8,0.061795,10003.300446,161878.8,10003.300446,
2023-10-02 22:50:00+00:00,0.06179,0.06189,0.0618,0.06189,91348.1,0.061842,5649.1492002,91348.1,5649.1492002,
2023-10-02 22:55:00+00:00,0.06189,0.06199,0.06189,0.06194,1555029.5,0.061928,96299.866876,1555029.5,96299.866876,
2023-10-02 23:00:00+00:00,0.06186,0.06196,0.06194,0.06196,465634.5,0.06193,28836.744585,465634.5,28836.744585,
2023-10-02 23:05:00+00:00,0.0619,0.0621,0.06195,0.06198,2712911.8,0.061982,168151.6991876,2712911.8,168151.6991876,
2023-10-02 23:10:00+00:00,0.06189,0.06201,0.06199,0.06189,988857.4,0.061945,61254.771643,988857.4,61254.771643,
2023-10-02 23:15:00+00:00,0.06191,0.06198,0.06191,0.06197,40133.8,0.061942,2485.9678396,40133.8,2485.9678396,
2023-10-02 23:20:00+00:00,0.06194,0.062,0.06196,0.06199,163398.7,0.061972,10126.1442364,163398.7,10126.1442364,
2023-10-02 23:25:00+00:00,0.06196,0.062,0.06198,0.06198,24868.0,0.06198,1541.31864,24868.0,1541.31864,
2023-10-02 23:30:00+00:00,0.06198,0.06206,0.06198,0.06205,409444.1,0.062017,25392.4947497,409444.1,25392.4947497,
2023-10-02 23:35:00+00:00,0.06201,0.06209,0.06206,0.06207,248224.9,0.062058,15404.3408442,248224.9,15404.3408442,
2023-10-02 23:40:00+00:00,0.06205,0.06209,0.06205,0.06205,131829.5,0.06206,8181.33877,131829.5,8181.33877,
2023-10-02 23:45:00+00:00,0.06206,0.06211,0.06207,0.06211,28484.0,0.062088,1768.514592,28484.0,1768.514592,
2023-10-02 23:50:00+00:00,0.06208,0.0621,0.0621,0.06208,68696.4,0.06209,4265.359476,68696.4,4265.359476,
2023-10-02 23:55:00+00:00,0.062,0.06207,0.06206,0.06203,210091.7,0.06204,13034.089068,210091.7,13034.089068,
2023-10-03 00:00:00+00:00,0.062,0.06209,0.062,0.06202,137517.9,0.062028,8529.9603012,137517.9,8529.9603012,
2023-10-03 00:05:00+00:00,0.06201,0.0621,0.06203,0.0621,47261.7,0.06206,2933.061102,47261.7,2933.061102,
2023-10-03 00:10:00+00:00,0.06202,0.06209,0.06208,0.06203,68051.6,0.062055,4222.942038,68051.6,4222.942038,
2023-10-03 00:15:00+00:00,0.06191,0.06203,0.06203,0.06196,1292227.8,0.061982,80094.8634996,1292227.8,80094.8634996,
2023-10-03 00:20:00+00:00,0.06193,0.06199,0.06196,0.06196,70855.9,0.06196,4390.231564,70855.9,4390.231564,
2023-10-03 00:25:00+00:00,0.06194,0.06199,0.06194,0.06199,19201.5,0.061965,1189.8209475,19201.5,1189.8209475,
2023-10-03 00:30:00+00:00,0.06197,0.06203,0.06199,0.062,136020.6,0.061998,8433.0051588,136020.6,8433.0051588,
2023-10-03 00:35:00+00:00,0.06187,0.06201,0.06197,0.06201,184103.5,0.061965,11407.9733775,184103.5,11407.9733775,
2023-10-03 00:40:00+00:00,0.06196,0.06202,0.06201,0.06196,107770.6,0.061988,6680.4839528,107770.6,6680.4839528,
2023-10-03 00:45:00+00:00,0.06189,0.06199,0.06196,0.06193,393520.1,0.061942,24375.4220342,393520.1,24375.4220342,
2023-10-03 00:50:00+00:00,0.06191,0.06196,0.06194,0.06195,38056.1,0.06194,2357.194834,38056.1,2357.194834,
2023-10-03 00:55:00+00:00,0.06194,0.06198,0.06196,0.06198,48623.4,0.061965,3012.948981,48623.4,3012.948981,
2023-10-03 01:00:00+00:00,0.06192,0.06201,0.06197,0.06193,147295.1,0.061958,9126.1098058,147295.1,9126.1098058,
2023-10-03 01:05:00+00:00,0.06187,0.06194,0.06193,0.06188,111210.7,0.061905,6884.4983835,111210.7,6884.4983835,
2023-10-03 01:10:00+00:00,0.06185,0.06208,0.06185,0.06208,1142661.2,0.061965,70805.001258,1142661.2,70805.001258,
2023-10-03 01:15:00+00:00,0.06204,0.06209,0.06208,0.06206,84183.0,0.062068,5225.070444,84183.0,5225.070444,
2023-10-03 01:20:00+00:00,0.06203,0.06206,0.06205,0.06206,68908.5,0.06205,4275.772425,68908.5,4275.772425,
2023-10-03 01:25:00+00:00,0.06204,0.0621,0.06207,0.0621,16185.1,0.062077,1004.7224527,16185.1,1004.7224527,
2023-10-03 01:30:00+00:00,0.06205,0.06213,0.06208,0.06209,80115.9,0.062088,4974.2359992,80115.9,4974.2359992,
2023-10-03 01:35:00+00:00,0.06209,0.06215,0.0621,0.06215,105861.5,0.062122,6576.328103,105861.5,6576.328103,
2023-10-03 01:40:00+00:00,0.06214,0.06221,0.06214,0.06221,67228.7,0.062175,4179.9444225,67228.7,4179.9444225,
2023-10-03 01:45:00+00:00,0.06217,0.06222,0.06221,0.06222,26800.6,0.062205,1667.131323,26800.6,1667.131323,
2023-10-03 01:50:00+00:00,0.06218,0.06223,0.06222,0.06222,10313.4,0.062213,641.6275542,10313.4,641.6275542,
2023-10-03 01:55:00+00:00,0.06221,0.06226,0.06222,0.06225,53821.7,0.062235,3349.5934995,53821.7,3349.5934995,
2023-10-03 02:00:00+00:00,0.0622,0.06225,0.06224,0.06222,68309.4,0.062228,4250.7573432,68309.4,4250.7573432,
2023-10-03 02:05:00+00:00,0.06217,0.06223,0.06222,0.0622,845140.1,0.062205,52571.9399205,845140.1,52571.9399205,
2023-10-03 02:10:00+00:00,0.06218,0.06222,0.0622,0.06222,27981.4,0.062205,1740.582987,27981.4,1740.582987,
2023-10-03 02:15:00+00:00,0.06219,0.06222,0.06219,0.06219,109699.4,0.062197,6822.9735818,109699.4,6822.9735818,
2023-10-03 02:20:00+00:00,0.06217,0.06219,0.06218,0.06219,290373.2,0.062182,18055.9863224,290373.2,18055.9863224,
2023-10-03 02:25:00+00:00,0.06217,0.06219,0.06219,0.06218,31618.3,0.062182,1966.0891306,31618.3,1966.0891306,
2023-10-03 02:30:00+00:00,0.06218,0.06219,0.06218,0.06219,22438.2,0.062185,1395.319467,22438.2,1395.319467,
2023-10-03 02:35:00+00:00,0.06217,0.06219,0.06219,0.06218,39884.9,0.062182,2480.1228518,39884.9,2480.1228518,
2023-10-03 02:40:00+00:00,0.06214,0.06219,0.06219,0.06214,102662.6,0.062165,6382.020529,102662.6,6382.020529,
2023-10-03 02:45:00+00:00,0.06213,0.06218,0.06215,0.06218,58093.6,0.06216,3611.098176,58093.6,3611.098176,
2023-10-03 02:50:00+00:00,0.06217,0.06221,0.06219,0.0622,215448.2,0.062193,13399.3699026,215448.2,13399.3699026,
2023-10-03 02:55:00+00:00,0.06218,0.06221,0.06219,0.06219,44970.1,0.062193,2796.8254293,44970.1,2796.8254293,
2023-10-03 03:00:00+00:00,0.06209,0.06219,0.06219,0.06209,58389.7,0.06214,3628.335958,58389.7,3628.335958,
2023-10-03 03:05:00+00:00,0.06212,0.06215,0.06213,0.06214,22183.4,0.062135,1378.365559,22183.4,1378.365559,
2023-10-03 03:10:00+00:00,0.06212,0.06218,0.06214,0.06218,33477.9,0.062155,2080.8188745,33477.9,2080.8188745,
2023-10-03 03:15:00+00:00,0.06215,0.06218,0.06218,0.06218,206065.3,0.062173,12811.6978969,206065.3,12811.6978969,
2023-10-03 03:20:00+00:00,0.06208,0.06218,0.06218,0.06208,195135.9,0.06213,12123.793467,195135.9,12123.793467,
2023-10-03 03:25:00+00:00,0.06204,0.06209,0.06208,0.06204,18196.9,0.062062,1129.3360078,18196.9,1129.3360078,
2023-10-03 03:30:00+00:00,0.06203,0.06215,0.06205,0.06212,172631.3,0.062088,10718.3321544,172631.3,10718.3321544,
2023-10-03 03:35:00+00:00,0.0621,0.06217,0.06214,0.06217,83141.3,0.062145,5166.8160885,83141.3,5166.8160885,
2023-10-03 03:40:00+00:00,0.06216,0.0622,0.06217,0.06219,220550.1,0.06218,13713.805218,220550.1,13713.805218,
2023-10-03 03:45:00+00:00,0.06213,0.06219,0.06219,0.06213,30067.7,0.06216,1869.008232,30067.7,1869.008232,
2023-10-03 03:50:00+00:00,0.06213,0.06216,0.06215,0.06213,33640.9,0.062142,2090.5128078,33640.9,2090.5128078,
2023-10-03 03:55:00+00:00,0.06213,0.06219,0.06213,0.06215,196973.9,0.06215,12241.927885,196973.9,12241.927885,
2023-10-03 04:00:00+00:00,0.06215,0.0622,0.06216,0.06216,28733.3,0.062168,1786.2917944,28733.3,1786.2917944,
2023-10-03 04:05:00+00:00,0.06213,0.06218,0.06216,0.06213,10617.0,0.06215,659.84655,10617.0,659.84655,
2023-10-03 04:10:00+00:00,0.06213,0.06218,0.06214,0.06218,52203.3,0.062158,3244.8527214,52203.3,3244.8527214,
2023-10-03 04:15:00+00:00,0.06213,0.0622,0.06218,0.06219,19920.2,0.062175,1238.538435,19920.2,1238.538435,
2023-10-03 04:20:00+00:00,0.0621,0.06218,0.06218,0.06213,29794.4,0.062148,1851.6623712,29794.4,1851.6623712,
2023-10-03 04:25:00+00:00,0.06207,0.06211,0.0621,0.06209,40656.5,0.062092,2524.443398,40656.5,2524.443398,
2023-10-03 04:30:00+00:00,0.06209,0.06212,0.06209,0.06212,220847.7,0.062105,13715.7464085,220847.7,13715.7464085,
2023-10-03 04:35:00+00:00,0.06212,0.06219,0.06212,0.06218,131298.8,0.062152,8160.4830176,131298.8,8160.4830176,
2023-10-03 04:40:00+00:00,0.06217,0.06222,0.06219,0.06217,98855.0,0.062188,6147.59474,98855.0,6147.59474,
2023-10-03 04:45:00+00:00,0.06214,0.06219,0.06218,0.06215,12632.8,0.062165,785.318012,12632.8,785.318012,
2023-10-03 04:50:00+00:00,0.06216,0.06222,0.06216,0.06222,47897.1,0.06219,2978.720649,47897.1,2978.720649,
2023-10-03 04:55:00+00:00,0.06221,0.06226,0.06222,0.06226,301204.7,0.062238,18746.3781186,301204.7,18746.3781186,
2023-10-03 05:00:00+00:00,0.06224,0.06229,0.06226,0.06228,198873.8,0.062268,12383.4737784,198873.8,12383.4737784,
2023-10-03 05:05:00+00:00,0.06221,0.06229,0.06229,0.06221,73968.7,0.06225,4604.551575,73968.7,4604.551575,
2023-10-03 05:10:00+00:00,0.06218,0.06225,0.0622,0.06222,48363.9,0.062213,3008.8633107,48363.9,3008.8633107,
2023-10-03 05:15:00+00:00,0.06215,0.06224,0.06223,0.06216,163378.7,0.062195,10161.3382465,163378.7,10161.3382465,
2023-10-03 05:20:00+00:00,0.06215,0.06221,0.06216,0.06219,89346.2,0.062178,5555.3680236,89346.2,5555.3680236,
2023-10-03 05:25:00+00:00,0.06216,0.06219,0.06219,0.06216,6707.1,0.062175,417.0139425,6707.1,417.0139425,
2023-10-03 05:30:00+00:00,0.06215,0.0622,0.06216,0.0622,26777.0,0.062178,1664.940306,26777.0,1664.940306,
2023-10-03 05:35:00+00:00,0.06219,0.06224,0.0622,0.06223,10306.3,0.062215,641.2064545,10306.3,641.2064545,
2023-10-03 05:40:00+00:00,0.06224,0.06229,0.06226,0.06224,52821.8,0.062257,3288.5268026,52821.8,3288.5268026,
2023-10-03 05:45:00+00:00,0.06221,0.06226,0.06226,0.06222,2552.1,0.062238,158.8375998,2552.1,158.8375998,
2023-10-03 05:50:00+00:00,0.06218,0.06224,0.06221,0.06218,27245.6,0.062203,1694.7580568,27245.6,1694.7580568,
2023-10-03 05:55:00+00:00,0.06211,0.06219,0.06219,0.06211,62270.4,0.06215,3870.10536,62270.4,3870.10536,
2023-10-03 06:00:00+00:00,0.06207,0.06216,0.06211,0.06207,96373.5,0.062103,5985.0834705,96373.5,5985.0834705,
2023-10-03 06:05:00+00:00,0.06208,0.06217,0.06208,0.06217,5916.6,0.062125,367.568775,5916.6,367.568775,
2023-10-03 06:10:00+00:00,0.06217,0.0622,0.06217,0.06217,27669.1,0.062178,1720.4092998,27669.1,1720.4092998,
2023-10-03 06:15:00+00:00,0.0621,0.06217,0.06217,0.06212,61387.8,0.06214,3814.637892,61387.8,3814.637892,
2023-10-03 06:20:00+00:00,0.0621,0.06217,0.06211,0.06217,5898.5,0.062138,366.520993,5898.5,366.520993,
2023-10-03 06:25:00+00:00,0.06215,0.06219,0.06217,0.06219,27253.7,0.062175,1694.4987975,27253.7,1694.4987975,
2023-10-03 06:30:00+00:00,0.06214,0.06218,0.06218,0.06215,14109.0,0.062162,877.043658,14109.0,877.043658,
2023-10-03 06:35:00+00:00,0.06214,0.06223,0.06214,0.06222,101409.2,0.062182,6305.8268744,101409.2,6305.8268744,
2023-10-03 06:40:00+00:00,0.06221,0.06225,0.06223,0.06223,133071.9,0.06223,8281.064337,133071.9,8281.064337,
2023-10-03 06:45:00+00:00,0.06221,0.06226,0.06223,0.06221,68310.7,0.062228,4250.8382396,68310.7,4250.8382396,
2023-10-03 06:50:00+00:00,0.0622,0.06227,0.06223,0.0622,50365.1,0.062225,3133.9683475,50365.1,3133.9683475,
2023-10-03 06:55:00+00:00,0.06217,0.06221,0.0622,0.06217,67005.1,0.062188,4166.9131588,67005.1,4166.9131588,
2023-10-03 07:00:00+00:00,0.06217,0.0622,0.06219,0.06217,45125.7,0.062182,2806.0062774,45125.7,2806.0062774,
2023-10-03 07:05:00+00:00,0.06215,0.06219,0.06217,0.06215,70515.3,0.062165,4383.5836245,70515.3,4383.5836245,
2023-10-03 07:10:00+00:00,0.06214,0.06219,0.06215,0.06215,38127.5,0.062158,2369.929145,38127.5,2369.929145,
2023-10-03 07:15:00+00:00,0.0621,0.06215,0.06215,0.06212,7923.3,0.06213,492.274629,7923.3,492.274629,
2023-10-03 07:20:00+00:00,0.06203,0.06212,0.06212,0.06204,476267.7,0.062077,29565.2700129,476267.7,29565.2700129,
2023-10-03 07:25:00+00:00,0.06203,0.06208,0.06204,0.06204,24555.2,0.062048,1523.6010496,24555.2,1523.6010496,
2023-10-03 07:30:00+00:00,0.06199,0.06203,0.06202,0.06199,260552.2,0.062007,16156.0602654,260552.2,16156.0602654,
2023-10-03 07:35:00+00:00,0.06195,0.06203,0.06197,0.06201,328630.7,0.06199,20371.817093,328630.7,20371.817093,
2023-10-03 07:40:00+00:00,0.06196,0.06202,0.06201,0.06199,4172.0,0.061995,258.64314,4172.0,258.64314,
2023-10-03 07:45:00+00:00,0.06193,0.06201,0.06197,0.06193,1273.9,0.06196,78.930844,1273.9,78.930844,
2023-10-03 07:50:00+00:00,0.06192,0.06195,0.06193,0.06192,15922.3,0.06193,986.068039,15922.3,986.068039,
2023-10-03 07:55:00+00:00,0.06189,0.06194,0.06192,0.06192,137151.1,0.061918,8492.1218098,137151.1,8492.1218098,
2023-10-03 08:00:00+00:00,0.06195,0.06198,0.06195,0.06197,64843.2,0.061962,4017.8143584,64843.2,4017.8143584,
2023-10-03 08:05:00+00:00,0.06194,0.06199,0.06196,0.06199,35296.8,0.06197,2187.342696,35296.8,2187.342696,
2023-10-03 08:10:00+00:00,0.06197,0.062,0.06198,0.06199,57422.8,0.061985,3559.352258,57422.8,3559.352258,
2023-10-03 08:15:00+00:00,0.06202,0.06209,0.06202,0.06204,461716.9,0.062042,28645.8399098,461716.9,28645.8399098,
2023-10-03 08:20:00+00:00,0.06206,0.0621,0.06206,0.06209,89288.7,0.062078,5542.8639186,89288.7,5542.8639186,
2023-10-03 08:25:00+00:00,0.06206,0.0621,0.0621,0.0621,2630.4,0.06209,163.321536,2630.4,163.321536,
2023-10-03 08:30:00+00:00,0.06205,0.06212,0.06209,0.06206,188900.9,0.06208,11726.967872,188900.9,11726.967872,
2023-10-03 08:35:00+00:00,0.06201,0.06206,0.06203,0.06205,57895.9,0.062038,3591.7458442,57895.9,3591.7458442,
2023-10-03 08:40:00+00:00,0.06204,0.06208,0.06207,0.06204,11682.2,0.062058,724.9739676,11682.2,724.9739676,
2023-10-03 08:45:00+00:00,0.062,0.06206,0.06206,0.06203,45828.7,0.062038,2843.1208906,45828.7,2843.1208906,
2023-10-03 08:50:00+00:00,0.06198,0.06201,0.062,0.06198,40321.1,0.061993,2499.6259523,40321.1,2499.6259523,
2023-10-03 08:55:00+00:00,0.06193,0.06199,0.06197,0.06199,81249.2,0.06197,5035.012924,81249.2,5035.012924,
2023-10-03 09:00:00+00:00,0.06196,0.06201,0.06199,0.062,11809.2,0.06199,732.052308,11809.2,732.052308,
2023-10-03 09:05:00+00:00,0.06197,0.06201,0.06199,0.06201,14958.8,0.061995,927.370806,14958.8,927.370806,
2023-10-03 09:10:00+00:00,0.062,0.06204,0.062,0.06202,23629.0,0.062015,1465.352435,23629.0,1465.352435,
2023-10-03 09:15:00+00:00,0.062,0.06204,0.062,0.06204,51782.7,0.06202,3211.563054,51782.7,3211.563054,
2023-10-03 09:20:00+00:00,0.06196,0.062,0.062,0.06196,44129.5,0.06198,2735.14641,44129.5,2735.14641,
2023-10-03 09:25:00+00:00,0.06195,0.06197,0.06196,0.06195,44954.3,0.061958,2785.2785194,44954.3,2785.2785194,
2023-10-03 09:30:00+00:00,0.06193,0.06201,0.06201,0.06193,14873.4,0.06197,921.704598,14873.4,921.704598,
2023-10-03 09:35:00+00:00,0.06196,0.06199,0.06196,0.06196,9494.5,0.061968,588.355176,9494.5,588.355176,
2023-10-03 09:40:00+00:00,0.06193,0.06198,0.06198,0.06194,145273.2,0.061958,9000.8369256,145273.2,9000.8369256,
2023-10-03 09:45:00+00:00,0.06192,0.06196,0.06196,0.06192,12042.2,0.06194,745.893868,12042.2,745.893868,
2023-10-03 09:50:00+00:00,0.06189,0.06193,0.06192,0.0619,36107.7,0.06191,2235.427707,36107.7,2235.427707,
2023-10-03 09:55:00+00:00,0.0619,0.06194,0.0619,0.06191,135402.6,0.061912,8383.0457712,135402.6,8383.0457712,
2023-10-03 10:00:00+00:00,0.0619,0.06193,0.0619,0.06192,97030.9,0.061912,6007.3770808,97030.9,6007.3770808,
2023-10-03 10:05:00+00:00,0.06191,0.06193,0.06192,0.06191,81295.2,0.061918,5033.6361936,81295.2,5033.6361936,
2023-10-03 10:10:00+00:00,0.06182,0.06192,0.06191,0.06182,98798.2,0.061867,6112.3482394,98798.2,6112.3482394,
2023-10-03 10:15:00+00:00,0.06182,0.06186,0.06186,0.06184,74173.4,0.061845,4587.253923,74173.4,4587.253923,
2023-10-03 10:20:00+00:00,0.06178,0.06184,0.06184,0.0618,489532.9,0.061815,30260.4762135,489532.9,30260.4762135,
2023-10-03 10:25:00+00:00,0.06178,0.06184,0.06182,0.06184,27203.1,0.06182,1681.695642,27203.1,1681.695642,
2023-10-03 10:30:00+00:00,0.06182,0.0619,0.06184,0.06186,42823.5,0.061855,2648.8475925,42823.5,2648.8475925,
2023-10-03 10:35:00+00:00,0.06186,0.0619,0.06187,0.0619,26563.2,0.061882,1643.7839424,26563.2,1643.7839424,
2023-10-03 10:40:00+00:00,0.06185,0.0619,0.0619,0.06188,26378.5,0.061882,1632.354337,26378.5,1632.354337,
2023-10-03 10:45:00+00:00,0.06184,0.06192,0.06191,0.06186,73545.8,0.061882,4551.1611956,73545.8,4551.1611956,
2023-10-03 10:50:00+00:00,0.06188,0.06195,0.06189,0.06195,93454.5,0.061918,5786.515731,93454.5,5786.515731,
2023-10-03 10:55:00+00:00,0.06194,0.06197,0.06196,0.06197,77024.2,0.06196,4772.419432,77024.2,4772.419432,
2023-10-03 11:00:00+00:00,0.06192,0.06198,0.06197,0.06192,76182.2,0.061948,4719.3349256,76182.2,4719.3349256,
2023-10-03 11:05:00+00:00,0.06189,0.06193,0.06191,0.06189,19007.2,0.061905,1176.640716,19007.2,1176.640716,
2023-10-03 11:10:00+00:00,0.06179,0.06193,0.06191,0.06179,49989.9,0.061855,3092.1252645,49989.9,3092.1252645,
2023-10-03 11:15:00+00:00,0.06178,0.06185,0.06178,0.06183,51271.0,0.06181,3169.06051,51271.0,3169.06051,
2023-10-03 11:20:00+00:00,0.06173,0.06183,0.06182,0.06176,97251.7,0.061785,6008.6962845,97251.7,6008.6962845,
2023-10-03 11:25:00+00:00,0.06173,0.06177,0.06176,0.06175,71206.6,0.061752,4397.1499632,71206.6,4397.1499632,
2023-10-03 11:30:00+00:00,0.06172,0.06178,0.06172,0.06174,57135.6,0.06174,3527.551944,57135.6,3527.551944,
2023-10-03 11:35:00+00:00,0.06167,0.06177,0.06175,0.06173,209701.7,0.06173,12944.885941,209701.7,12944.885941,
2023-10-03 11:40:00+00:00,0.06174,0.06181,0.06174,0.06181,64777.8,0.061775,4001.648595,64777.8,4001.648595,
2023-10-03 11:45:00+00:00,0.06178,0.06183,0.06181,0.06179,121148.5,0.061802,7487.219597,121148.5,7487.219597,
2023-10-03 11:50:00+00:00,0.06178,0.06181,0.06178,0.0618,6899.7,0.061792,426.3462624,6899.7,426.3462624,
2023-10-03 11:55:00+00:00,0.06176,0.06182,0.0618,0.0618,449598.4,0.061795,27782.933128,449598.4,27782.933128,
2023-10-03 12:00:00+00:00,0.06171,0.06179,0.06179,0.06173,215228.2,0.061755,13291.417491,215228.2,13291.417491,
2023-10-03 12:05:00+00:00,0.06165,0.06173,0.06173,0.06169,572358.9,0.0617,35314.54413,572358.9,35314.54413,
2023-10-03 12:10:00+00:00,0.06162,0.06169,0.06168,0.06162,261713.3,0.061653,16135.4100849,261713.3,16135.4100849,
2023-10-03 12:15:00+00:00,0.06154,0.06163,0.06162,0.06163,664500.7,0.061605,40936.5656235,664500.7,40936.5656235,
2023-10-03 12:20:00+00:00,0.06159,0.06169,0.06162,0.06169,173532.5,0.061648,10697.93156,173532.5,10697.93156,
2023-10-03 12:25:00+00:00,0.06166,0.06174,0.06168,0.06169,93377.4,0.061692,5760.6385608,93377.4,5760.6385608,
2023-10-03 12:30:00+00:00,0.06172,0.06179,0.06173,0.06177,61952.1,0.061752,3825.6660792,61952.1,3825.6660792,
2023-10-03 12:35:00+00:00,0.0617,0.06175,0.06175,0.06175,41860.2,0.061738,2584.3650276,41860.2,2584.3650276,
2023-10-03 12:40:00+00:00,0.06167,0.06176,0.06176,0.06169,101797.3,0.06172,6282.929356,101797.3,6282.929356,
2023-10-03 12:45:00+00:00,0.0617,0.06178,0.0617,0.06176,177517.5,0.061735,10959.0428625,177517.5,10959.0428625,
2023-10-03 12:50:00+00:00,0.06167,0.06174,0.06174,0.0617,95228.5,0.061712,5876.741192,95228.5,5876.741192,
2023-10-03 12:55:00+00:00,0.06166,0.06174,0.06171,0.06174,19564.8,0.061712,1207.3829376,19564.8,1207.3829376,
2023-10-03 13:00:00+00:00,0.06164,0.06174,0.06174,0.06172,287189.5,0.06171,17722.464045,287189.5,17722.464045,
2023-10-03 13:05:00+00:00,0.06171,0.06177,0.06171,0.06175,140759.3,0.061735,8689.7753855,140759.3,8689.7753855,
2023-10-03 13:10:00+00:00,0.06175,0.06182,0.06175,0.06179,124427.0,0.061778,7686.851206,124427.0,7686.851206,
2023-10-03 13:15:00+00:00,0.06179,0.06182,0.0618,0.06179,28048.4,0.0618,1733.39112,28048.4,1733.39112,
2023-10-03 13:20:00+00:00,0.06181,0.06189,0.06182,0.06189,220388.1,0.061852,13631.4447612,220388.1,13631.4447612,
2023-10-03 13:25:00+00:00,0.06187,0.06193,0.06189,0.06191,312144.3,0.0619,19321.73217,312144.3,19321.73217,
2023-10-03 13:30:00+00:00,0.06187,0.06194,0.0619,0.0619,571996.1,0.061902,35407.7025822,571996.1,35407.7025822,
2023-10-03 13:35:00+00:00,0.06188,0.06193,0.06191,0.06191,84570.5,0.061908,5235.590514,84570.5,5235.590514,
2023-10-03 13:40:00+00:00,0.06192,0.06199,0.06193,0.06197,118297.1,0.061952,7328.7419392,118297.1,7328.7419392,
2023-10-03 13:45:00+00:00,0.06189,0.06196,0.06196,0.06196,347044.2,0.061942,21496.6118364,347044.2,21496.6118364,
2023-10-03 13:50:00+00:00,0.06192,0.06198,0.06198,0.06194,139422.9,0.061955,8637.9457695,139422.9,8637.9457695,
2023-10-03 13:55:00+00:00,0.06185,0.06197,0.06195,0.06185,324291.3,0.061905,20075.2529265,324291.3,20075.2529265,
2023-10-03 14:00:00+00:00,0.06167,0.06187,0.06185,0.0617,356960.4,0.061772,22050.1578288,356960.4,22050.1578288,
2023-10-03 14:05:00+00:00,0.06168,0.06177,0.0617,0.06175,183884.0,0.061725,11350.2399,183884.0,11350.2399,
2023-10-03 14:10:00+00:00,0.06176,0.06187,0.06176,0.06181,188351.7,0.0618,11640.13506,188351.7,11640.13506,
2023-10-03 14:15:00+00:00,0.0616,0.06181,0.0618,0.06161,630015.8,0.061705,38875.124939,630015.8,38875.124939,
2023-10-03 14:20:00+00:00,0.06164,0.06174,0.06164,0.06165,110703.6,0.061668,6826.8696048,110703.6,6826.8696048,
2023-10-03 14:25:00+00:00,0.06157,0.0617,0.06161,0.06161,204963.6,0.061622,12630.2669592,204963.6,12630.2669592,
2023-10-03 14:30:00+00:00,0.06152,0.06168,0.06159,0.06168,380966.1,0.061617,23473.9881837,380966.1,23473.9881837,
2023-10-03 14:35:00+00:00,0.0616,0.06174,0.0617,0.0616,119382.8,0.06166,7361.143448,119382.8,7361.143448,
2023-10-03 14:40:00+00:00,0.06159,0.06165,0.0616,0.06161,146301.1,0.061612,9013.9033732,146301.1,9013.9033732,
2023-10-03 14:45:00+00:00,0.06135,0.06159,0.06159,0.06143,998041.9,0.06149,61369.596431,998041.9,61369.596431,
2023-10-03 14:50:00+00:00,0.06128,0.06147,0.0614,0.06147,366759.2,0.061405,22520.848676,366759.2,22520.848676,
2023-10-03 14:55:00+00:00,0.06145,0.06151,0.06148,0.06147,296135.4,0.061478,18205.8121212,296135.4,18205.8121212,
2023-10-03 15:00:00+00:00,0.06133,0.06149,0.06145,0.06138,453672.6,0.061412,27860.9417112,453672.6,27860.9417112,
2023-10-03 15:05:00+00:00,0.06124,0.0614,0.06135,0.06134,439553.7,0.061332,26958.7075284,439553.7,26958.7075284,
2023-10-03 15:10:00+00:00,0.06134,0.06149,0.06134,0.06148,116482.5,0.061412,7153.42329,116482.5,7153.42329,
2023-10-03 15:15:00+00:00,0.06145,0.06155,0.0615,0.06153,112849.9,0.061508,6941.1716492,112849.9,6941.1716492,
2023-10-03 15:20:00+00:00,0.0615,0.06158,0.06153,0.06158,74875.9,0.061548,4608.4618932,74875.9,4608.4618932,
2023-10-03 15:25:00+00:00,0.06153,0.0616,0.06157,0.0616,54878.4,0.061575,3379.13748,54878.4,3379.13748,
2023-10-03 15:30:00+00:00,0.06148,0.06163,0.06161,0.06154,772111.4,0.061565,47535.038341,772111.4,47535.038341,
2023-10-03 15:35:00+00:00,0.06144,0.06157,0.06153,0.06153,131287.7,0.061518,8076.5567286,131287.7,8076.5567286,
2023-10-03 15:40:00+00:00,0.06142,0.06154,0.06154,0.06144,262068.5,0.061485,16113.2817225,262068.5,16113.2817225,
2023-10-03 15:45:00+00:00,0.06136,0.06147,0.06143,0.06138,403005.7,0.06141,24748.580037,403005.7,24748.580037,
2023-10-03 15:50:00+00:00,0.06131,0.06141,0.06136,0.06136,123273.7,0.06136,7564.074232,123273.7,7564.074232,
2023-10-03 15:55:00+00:00,0.06132,0.06149,0.06135,0.06147,461414.2,0.061408,28334.5231936,461414.2,28334.5231936,
2023-10-03 16:00:00+00:00,0.06141,0.06155,0.06147,0.06154,167301.6,0.061492,10287.7099872,167301.6,10287.7099872,
2023-10-03 16:05:00+00:00,0.06144,0.06156,0.06156,0.06144,130403.1,0.0615,8019.79065,130403.1,8019.79065,
2023-10-03 16:10:00+00:00,0.0614,0.06149,0.06144,0.06148,85593.8,0.061453,5259.9957914,85593.8,5259.9957914,
2023-10-03 16:15:00+00:00,0.0615,0.06156,0.0615,0.06154,45770.6,0.061525,2816.036165,45770.6,2816.036165,
2023-10-03 16:20:00+00:00,0.06148,0.06157,0.06153,0.06155,154986.5,0.061532,9536.629318,154986.5,9536.629318,
2023-10-03 16:25:00+00:00,0.06153,0.0616,0.06157,0.06157,19438.2,0.061568,1196.7710976,19438.2,1196.7710976,
2023-10-03 16:30:00+00:00,0.06156,0.06159,0.06159,0.06156,100809.7,0.061575,6207.3572775,100809.7,6207.3572775,
2023-10-03 16:35:00+00:00,0.06151,0.06159,0.06155,0.06158,95777.4,0.061558,5895.8651892,95777.4,5895.8651892,
2023-10-03 16:40:00+00:00,0.06156,0.0616,0.06157,0.0616,171903.9,0.061582,10586.1859698,171903.9,10586.1859698,
2023-10-03 16:45:00+00:00,0.06152,0.0616,0.06158,0.06156,226502.5,0.061565,13944.6264125,226502.5,13944.6264125,
2023-10-03 16:50:00+00:00,0.06154,0.06159,0.06154,0.06155,409922.8,0.061555,25232.797954,409922.8,25232.797954,
2023-10-03 16:55:00+00:00,0.06154,0.06159,0.06156,0.06158,10217.1,0.061568,629.0464128,10217.1,629.0464128,
2023-10-03 17:00:00+00:00,0.0615,0.06159,0.06156,0.06153,804295.3,0.061545,49500.3542385,804295.3,49500.3542385,
2023-10-03 17:05:00+00:00,0.06154,0.06161,0.06154,0.06161,422415.4,0.061575,26010.228255,422415.4,26010.228255,
2023-10-03 17:10:00+00:00,0.06157,0.06162,0.06162,0.06159,21649.8,0.0616,1333.62768,21649.8,1333.62768,
2023-10-03 17:15:00+00:00,0.06158,0.06161,0.06158,0.06159,50586.6,0.06159,3115.628694,50586.6,3115.628694,
2023-10-03 17:20:00+00:00,0.06153,0.06161,0.06158,0.06158,488160.4,0.061575,30058.47663,488160.4,30058.47663,
2023-10-03 17:25:00+00:00,0.06154,0.06163,0.06158,0.06157,240076.4,0.06158,14783.904712,240076.4,14783.904712,
2023-10-03 17:30:00+00:00,0.06157,0.06164,0.06157,0.0616,66867.3,0.061595,4118.6913435,66867.3,4118.6913435,
2023-10-03 17:35:00+00:00,0.06152,0.0616,0.0616,0.06154,131115.7,0.061565,8072.1380705,131115.7,8072.1380705,
2023-10-03 17:40:00+00:00,0.06148,0.06153,0.06152,0.06148,88972.3,0.061502,5471.9743946,88972.3,5471.9743946,
2023-10-03 17:45:00+00:00,0.06146,0.06153,0.06148,0.06149,114850.8,0.06149,7062.175692,114850.8,7062.175692,
2023-10-03 17:50:00+00:00,0.06148,0.06151,0.06149,0.0615,159081.4,0.061495,9782.710693,159081.4,9782.710693,
2023-10-03 17:55:00+00:00,0.06146,0.06151,0.06149,0.06148,30474.3,0.061485,1873.7123355,30474.3,1873.7123355,
2023-10-03 18:00:00+00:00,0.06145,0.06151,0.06148,0.06146,124388.1,0.061475,7646.7584475,124388.1,7646.7584475,
2023-10-03 18:05:00+00:00,0.06143,0.06148,0.06145,0.06143,13236.2,0.061448,813.3380176,13236.2,813.3380176,
2023-10-03 18:10:00+00:00,0.06143,0.06149,0.06143,0.06145,117079.0,0.06145,7194.50455,117079.0,7194.50455,
2023-10-03 18:15:00+00:00,0.06141,0.06147,0.06145,0.06144,87919.3,0.061442,5401.9376306,87919.3,5401.9376306,
2023-10-03 18:20:00+00:00,0.06142,0.06149,0.06144,0.06147,37432.3,0.061455,2300.4019965,37432.3,2300.4019965,
2023-10-03 18:25:00+00:00,0.06143,0.06149,0.06147,0.06144,29155.6,0.061458,1791.8448648,29155.6,1791.8448648,
2023-10-03 18:30:00+00:00,0.06135,0.06144,0.06144,0.06135,405437.0,0.061395,24891.804615,405437.0,24891.804615,
2023-10-03 18:35:00+00:00,0.06133,0.06139,0.06135,0.06138,227083.8,0.061362,13934.3161356,227083.8,13934.3161356,
2023-10-03 18:40:00+00:00,0.06137,0.06142,0.06137,0.06141,82547.0,0.061392,5067.725424,82547.0,5067.725424,
2023-10-03 18:45:00+00:00,0.06134,0.06142,0.06141,0.06137,46910.4,0.061385,2879.594904,46910.4,2879.594904,
2023-10-03 18:50:00+00:00,0.06133,0.06139,0.06137,0.06138,53527.9,0.061368,3284.9001672,53527.9,3284.9001672,
2023-10-03 18:55:00+00:00,0.06128,0.06138,0.06137,0.06131,361312.8,0.061335,22161.120588,361312.8,22161.120588,
2023-10-03 19:00:00+00:00,0.06119,0.06135,0.06131,0.06133,801856.6,0.061295,49149.800297,801856.6,49149.800297,
2023-10-03 19:05:00+00:00,0.06133,0.0614,0.06133,0.06138,58357.3,0.06136,3580.803928,58357.3,3580.803928,
2023-10-03 19:10:00+00:00,0.06137,0.06144,0.06137,0.06144,321377.5,0.061405,19734.1853875,321377.5,19734.1853875,
2023-10-03 19:15:00+00:00,0.06143,0.06149,0.06144,0.06146,113040.4,0.061455,6946.897782,113040.4,6946.897782,
2023-10-03 19:20:00+00:00,0.06137,0.06146,0.06146,0.06142,124185.6,0.061428,7628.4730368,124185.6,7628.4730368,
2023-10-03 19:25:00+00:00,0.06136,0.06141,0.06139,0.06141,16961.2,0.061392,1041.2819904,16961.2,1041.2819904,
2023-10-03 19:30:00+00:00,0.06133,0.06141,0.06139,0.06133,70306.1,0.061365,4314.3338265,70306.1,4314.3338265,
2023-10-03 19:35:00+00:00,0.0613,0.06136,0.06134,0.06132,119908.2,0.06133,7353.969906,119908.2,7353.969906,
2023-10-03 19:40:00+00:00,0.0613,0.06138,0.06132,0.06135,138424.9,0.061338,8490.7065162,138424.9,8490.7065162,
2023-10-03 19:45:00+00:00,0.06132,0.06138,0.06134,0.06133,108616.2,0.061342,6662.7349404,108616.2,6662.7349404,
2023-10-03 19:50:00+00:00,0.0613,0.06136,0.06133,0.06131,24349.3,0.061325,1493.2208225,24349.3,1493.2208225,
2023-10-03 19:55:00+00:00,0.06128,0.06136,0.0613,0.06128,328393.8,0.061305,20132.181909,328393.8,20132.181909,
2023-10-03 20:00:00+00:00,0.06121,0.06132,0.0613,0.06122,395494.9,0.061262,24228.8085638,395494.9,24228.8085638,
2023-10-03 20:05:00+00:00,0.06108,0.06135,0.06122,0.06134,680770.6,0.061248,41695.8377088,680770.6,41695.8377088,
2023-10-03 20:10:00+00:00,0.06133,0.06143,0.06133,0.06139,37854.3,0.06137,2323.118391,37854.3,2323.118391,
2023-10-03 20:15:00+00:00,0.06136,0.06142,0.06141,0.0614,245138.8,0.061398,15051.0320424,245138.8,15051.0320424,
2023-10-03 20:20:00+00:00,0.06139,0.06146,0.06141,0.06145,38458.8,0.061428,2362.4471664,38458.8,2362.4471664,
2023-10-03 20:25:00+00:00,0.06143,0.06147,0.06144,0.06146,160178.9,0.06145,9842.993405,160178.9,9842.993405,
2023-10-03 20:30:00+00:00,0.06141,0.0615,0.06146,0.06141,198564.0,0.061445,12200.76498,198564.0,12200.76498,
2023-10-03 20:35:00+00:00,0.06138,0.06144,0.06141,0.06144,435333.3,0.061418,26737.3006194,435333.3,26737.3006194,
2023-10-03 20:40:00+00:00,0.0614,0.06145,0.06143,0.0614,488621.1,0.06142,30011.107962,488621.1,30011.107962,
2023-10-03 20:45:00+00:00,0.06139,0.06144,0.06139,0.06139,44550.4,0.061402,2735.4836608,44550.4,2735.4836608,
2023-10-03 20:50:00+00:00,0.06137,0.06141,0.06139,0.06137,69166.7,0.061385,4245.7978795,69166.7,4245.7978795,
2023-10-03 20:55:00+00:00,0.06136,0.06141,0.06139,0.06138,63284.6,0.061385,3884.725171,63284.6,3884.725171,
2023-10-03 21:00:00+00:00,0.06135,0.0614,0.0614,0.06135,12146.6,0.061375,745.497575,12146.6,745.497575,
2023-10-03 21:05:00+00:00,0.06137,0.06141,0.06137,0.0614,73111.1,0.061388,4488.1442068,73111.1,4488.1442068,
2023-10-03 21:10:00+00:00,0.06136,0.06142,0.06139,0.06137,50032.8,0.061385,3071.263428,50032.8,3071.263428,
2023-10-03 21:15:00+00:00,0.06135,0.06139,0.06137,0.06135,342149.5,0.061365,20996.0040675,342149.5,20996.0040675,
2023-10-03 21:20:00+00:00,0.06133,0.06137,0.06136,0.06136,484253.1,0.061355,29711.3489505,484253.1,29711.3489505,
2023-10-03 21:25:00+00:00,0.06135,0.06138,0.06136,0.06136,23420.6,0.061362,1437.1348572,23420.6,1437.1348572,
2023-10-03 21:30:00+00:00,0.06132,0.06137,0.06137,0.06133,94967.7,0.061348,5826.0784596,94967.7,5826.0784596,
2023-10-03 21:35:00+00:00,0.06132,0.06135,0.06134,0.06133,31129.2,0.061335,1909.309482,31129.2,1909.309482,
2023-10-03 21:40:00+00:00,0.06131,0.06137,0.06132,0.06136,59156.7,0.06134,3628.671978,59156.7,3628.671978,
2023-10-03 21:45:00+00:00,0.06134,0.06137,0.06135,0.06136,9233.3,0.061355,566.5091215,9233.3,566.5091215,
2023-10-03 21:50:00+00:00,0.06134,0.06138,0.06135,0.06136,41147.5,0.061358,2524.728305,41147.5,2524.728305,
2023-10-03 21:55:00+00:00,0.06136,0.06144,0.06136,0.0614,53145.8,0.06139,3262.620662,53145.8,3262.620662,
2023-10-03 22:00:00+00:00,0.06137,0.06141,0.0614,0.06137,41112.9,0.061388,2523.8387052,41112.9,2523.8387052,
2023-10-03 22:05:00+00:00,0.06133,0.06139,0.06137,0.06139,59253.1,0.06137,3636.362747,59253.1,3636.362747,
2023-10-03 22:10:00+00:00,0.06138,0.06143,0.06139,0.0614,62781.7,0.0614,3854.79638,62781.7,3854.79638,
2023-10-03 22:15:00+00:00,0.06132,0.06141,0.0614,0.06137,148328.2,0.061375,9103.643275,148328.2,9103.643275,
2023-10-03 22:20:00+00:00,0.06128,0.06138,0.06138,0.0613,601445.7,0.061335,36889.6720095,601445.7,36889.6720095,
2023-10-03 22:25:00+00:00,0.06127,0.06135,0.0613,0.06134,152128.0,0.061315,9327.72832,152128.0,9327.72832,
2023-10-03 22:30:00+00:00,0.0613,0.06138,0.06133,0.06131,222144.3,0.06133,13624.109919,222144.3,13624.109919,
2023-10-03 22:35:00+00:00,0.0613,0.06139,0.06132,0.06138,550958.7,0.061348,33800.2143276,550958.7,33800.2143276,
2023-10-03 22:40:00+00:00,0.06134,0.0614,0.06139,0.06137,106843.9,0.061375,6557.5443625,106843.9,6557.5443625,
2023-10-03 22:45:00+00:00,0.06122,0.06137,0.06136,0.06125,706433.1,0.0613,43304.34903,706433.1,43304.34903,
2023-10-03 22:50:00+00:00,0.06123,0.06133,0.06125,0.06133,193673.9,0.061285,11869.3049615,193673.9,11869.3049615,
2023-10-03 22:55:00+00:00,0.06127,0.06152,0.06132,0.0615,1033503.9,0.061402,63459.2064678,1033503.9,63459.2064678,
2023-10-03 23:00:00+00:00,0.06146,0.06156,0.06149,0.06151,352845.5,0.061505,21701.7624775,352845.5,21701.7624775,
2023-10-03 23:05:00+00:00,0.06146,0.06155,0.0615,0.06147,1086484.4,0.061495,66813.358178,1086484.4,66813.358178,
2023-10-03 23:10:00+00:00,0.06143,0.0615,0.06146,0.06148,825908.3,0.061468,50766.9313844,825908.3,50766.9313844,
2023-10-03 23:15:00+00:00,0.06137,0.06149,0.06148,0.0614,964433.8,0.061435,59249.990503,964433.8,59249.990503,
2023-10-03 23:20:00+00:00,0.06135,0.06141,0.06141,0.06135,92499.1,0.06138,5677.594758,92499.1,5677.594758,
2023-10-03 23:25:00+00:00,0.06132,0.06139,0.06135,0.06135,260648.0,0.061353,15991.536744,260648.0,15991.536744,
2023-10-03 23:30:00+00:00,0.0613,0.0614,0.06133,0.06131,422134.9,0.061335,25891.6440915,422134.9,25891.6440915,
2023-10-03 23:35:00+00:00,0.06128,0.06136,0.06132,0.06135,367021.6,0.061328,22508.7006848,367021.6,22508.7006848,
2023-10-03 23:40:00+00:00,0.06134,0.06142,0.06135,0.06139,1055927.8,0.061375,64807.568725,1055927.8,64807.568725,
2023-10-03 23:45:00+00:00,0.0614,0.06146,0.06142,0.06141,839342.8,0.061422,51554.1134616,839342.8,51554.1134616,
2023-10-03 23:50:00+00:00,0.06131,0.06143,0.06139,0.06136,555824.5,0.061372,34112.061214,555824.5,34112.061214,
2023-10-03 23:55:00+00:00,0.06136,0.0614,0.06137,0.06137,85341.9,0.061375,5237.8591125,85341.9,5237.8591125,
2023-10-04 00:00:00+00:00,0.06126,0.06137,0.06137,0.06126,225630.2,0.061315,13834.515713,225630.2,13834.515713,
2023-10-04 00:05:00+00:00,0.06113,0.06127,0.06125,0.06126,830243.7,0.061228,50834.1612636,830243.7,50834.1612636,
2023-10-04 00:10:00+00:00,0.06118,0.06134,0.06127,0.06119,1350681.0,0.061245,82722.457845,1350681.0,82722.457845,
2023-10-04 00:15:00+00:00,0.061,0.06125,0.06119,0.06114,1592638.6,0.061145,97381.887197,1592638.6,97381.887197,
2023-10-04 00:20:00+00:00,0.061,0.0612,0.06115,0.06106,2305539.0,0.061103,140875.349517,2305539.0,140875.349517,
2023-10-04 00:25:00+00:00,0.06089,0.06112,0.06105,0.06099,1354198.4,0.061012,82622.3527808,1354198.4,82622.3527808,
2023-10-04 00:30:00+00:00,0.06052,0.06103,0.061,0.06079,5519266.5,0.060835,335764.5775275,5519266.5,335764.5775275,
2023-10-04 00:35:00+00:00,0.06052,0.06079,0.06079,0.06056,1449823.9,0.060665,87953.5668935,1449823.9,87953.5668935,
2023-10-04 00:40:00+00:00,0.06002,0.06061,0.06056,0.0603,7406401.7,0.060372,447139.2834324,7406401.7,447139.2834324,
2023-10-04 00:45:00+00:00,0.06025,0.06059,0.06031,0.06058,836183.1,0.060432,50532.2170992,836183.1,50532.2170992,
2023-10-04 00:50:00+00:00,0.06054,0.06065,0.06061,0.0606,376093.9,0.0606,22791.29034,376093.9,22791.29034,
2023-10-04 00:55:00+00:00,0.06056,0.06068,0.0606,0.0606,431960.1,0.06061,26181.101661,431960.1,26181.101661,
2023-10-04 01:00:00+00:00,0.06047,0.06068,0.0606,0.06066,549155.8,0.060602,33279.9397916,549155.8,33279.9397916,
2023-10-04 01:05:00+00:00,0.06062,0.06075,0.06065,0.06074,170133.2,0.06069,10325.383908,170133.2,10325.383908,
2023-10-04 01:10:00+00:00,0.06072,0.06081,0.06075,0.0608,194554.5,0.06077,11823.076965,194554.5,11823.076965,
2023-10-04 01:15:00+00:00,0.06066,0.06082,0.0608,0.0607,667890.6,0.060745,40571.014497,667890.6,40571.014497,
2023-10-04 01:20:00+00:00,0.06064,0.06076,0.06071,0.06076,95525.3,0.060718,5800.1051654,95525.3,5800.1051654,
2023-10-04 01:25:00+00:00,0.06075,0.06086,0.06075,0.06082,345271.3,0.060795,20990.7686835,345271.3,20990.7686835,
2023-10-04 01:30:00+00:00,0.06073,0.06083,0.06082,0.06076,164362.4,0.060785,9990.768484,164362.4,9990.768484,
2023-10-04 01:35:00+00:00,0.0607,0.06077,0.06071,0.06075,346654.9,0.060732,21053.0453868,346654.9,21053.0453868,
2023-10-04 01:40:00+00:00,0.06075,0.06083,0.06075,0.06079,350460.8,0.06078,21301.007424,350460.8,21301.007424,
2023-10-04 01:45:00+00:00,0.06075,0.06081,0.06078,0.06081,214541.5,0.060788,13041.548702,214541.5,13041.548702,
2023-10-04 01:50:00+00:00,0.06082,0.06088,0.06083,0.06088,115187.9,0.060852,7009.4140908,115187.9,7009.4140908,
2023-10-04 01:55:00+00:00,0.06084,0.06089,0.06088,0.06084,267426.4,0.060862,16276.1055568,267426.4,16276.1055568,
2023-10-04 02:00:00+00:00,0.06079,0.06087,0.06083,0.06082,34424.0,0.060827,2093.908648,34424.0,2093.908648,
2023-10-04 02:05:00+00:00,0.06081,0.06096,0.06081,0.06096,65943.0,0.060885,4014.939555,65943.0,4014.939555,
2023-10-04 02:10:00+00:00,0.06094,0.06104,0.06094,0.061,537659.9,0.06098,32786.500702,537659.9,32786.500702,
2023-10-04 02:15:00+00:00,0.06096,0.06101,0.061,0.06099,88289.3,0.06099,5384.764407,88289.3,5384.764407,
2023-10-04 02:20:00+00:00,0.06097,0.06111,0.061,0.06108,204739.3,0.06104,12497.286872,204739.3,12497.286872,
2023-10-04 02:25:00+00:00,0.06101,0.06109,0.06109,0.06104,368222.9,0.061058,22482.9538282,368222.9,22482.9538282,
2023-10-04 02:30:00+00:00,0.06103,0.06108,0.06104,0.06107,216543.6,0.061055,13221.069498,216543.6,13221.069498,
2023-10-04 02:35:00+00:00,0.06097,0.06106,0.06106,0.06097,42482.6,0.061015,2592.075839,42482.6,2592.075839,
2023-10-04 02:40:00+00:00,0.06092,0.06099,0.06098,0.06094,58044.7,0.060958,3538.2888226,58044.7,3538.2888226,
2023-10-04 02:45:00+00:00,0.06091,0.06099,0.06091,0.06096,64617.9,0.060942,3937.9440618,64617.9,3937.9440618,
2023-10-04 02:50:00+00:00,0.06095,0.06098,0.06096,0.06098,26992.4,0.060968,1645.6726432,26992.4,1645.6726432,
2023-10-04 02:55:00+00:00,0.06098,0.06101,0.06099,0.061,161967.6,0.060995,9879.213762,161967.6,9879.213762,
2023-10-04 03:00:00+00:00,0.06095,0.06101,0.061,0.06095,138545.1,0.060978,8448.2031078,138545.1,8448.2031078,
2023-10-04 03:05:00+00:00,0.06094,0.061,0.06094,0.061,71340.4,0.06097,4349.624188,71340.4,4349.624188,
2023-10-04 03:10:00+00:00,0.06094,0.06101,0.061,0.06096,98216.4,0.060978,5989.0396392,98216.4,5989.0396392,
2023-10-04 03:15:00+00:00,0.06096,0.061,0.06097,0.061,241732.1,0.060982,14741.3069222,241732.1,14741.3069222,
2023-10-04 03:20:00+00:00,0.06098,0.06105,0.061,0.06102,320543.5,0.061012,19557.000022,320543.5,19557.000022,
2023-10-04 03:25:00+00:00,0.06097,0.06103,0.06102,0.06097,142556.9,0.060997,8695.5432293,142556.9,8695.5432293,
2023-10-04 03:30:00+00:00,0.0609,0.06099,0.06099,0.0609,83729.1,0.060945,5102.8699995,83729.1,5102.8699995,
2023-10-04 03:35:00+00:00,0.06086,0.06091,0.06089,0.06091,106096.1,0.060892,6460.4037212,106096.1,6460.4037212,
2023-10-04 03:40:00+00:00,0.06086,0.06092,0.0609,0.06086,389913.9,0.060885,23739.9078015,389913.9,23739.9078015,
2023-10-04 03:45:00+00:00,0.06086,0.06092,0.0609,0.06089,85076.4,0.060892,5180.4721488,85076.4,5180.4721488,
2023-10-04 03:50:00+00:00,0.06083,0.06089,0.06089,0.06084,92684.5,0.060862,5640.964039,92684.5,5640.964039,
2023-10-04 03:55:00+00:00,0.06081,0.06087,0.06084,0.06087,98225.3,0.060848,5976.8130544,98225.3,5976.8130544,
2023-10-04 04:00:00+00:00,0.06078,0.06088,0.06086,0.06083,327266.1,0.060837,19909.8877257,327266.1,19909.8877257,
2023-10-04 04:05:00+00:00,0.06074,0.06082,0.06082,0.06077,316804.7,0.060787,19257.6072989,316804.7,19257.6072989,
2023-10-04 04:10:00+00:00,0.06072,0.06081,0.06077,0.06081,70141.8,0.060778,4263.0783204,70141.8,4263.0783204,
2023-10-04 04:15:00+00:00,0.06078,0.06082,0.0608,0.06082,58105.3,0.060805,3533.0927665,58105.3,3533.0927665,
2023-10-04 04:20:00+00:00,0.06075,0.06082,0.0608,0.06077,144006.2,0.060785,8753.416867,144006.2,8753.416867,
2023-10-04 04:25:00+00:00,0.06076,0.06086,0.06078,0.06084,83164.4,0.06081,5057.227164,83164.4,5057.227164,
2023-10-04 04:30:00+00:00,0.06079,0.06085,0.06084,0.06079,78046.8,0.060818,4746.6502824,78046.8,4746.6502824,
2023-10-04 04:35:00+00:00,0.06079,0.06085,0.0608,0.06083,386858.0,0.060818,23527.929844,386858.0,23527.929844,
2023-10-04 04:40:00+00:00,0.06076,0.0608,0.0608,0.06077,15615.3,0.060782,949.1291646,15615.3,949.1291646,
2023-10-04 04:45:00+00:00,0.06077,0.06082,0.06077,0.06082,80681.1,0.060795,4905.0074745,80681.1,4905.0074745,
2023-10-04 04:50:00+00:00,0.0608,0.06087,0.06082,0.06087,252497.9,0.06084,15361.972236,252497.9,15361.972236,
2023-10-04 04:55:00+00:00,0.06075,0.06088,0.06087,0.06077,392312.6,0.060818,23859.6677068,392312.6,23859.6677068,
2023-10-04 05:00:00+00:00,0.06075,0.06082,0.06076,0.06078,326670.1,0.060778,19854.3553378,326670.1,19854.3553378,
2023-10-04 05:05:00+00:00,0.06078,0.06082,0.06078,0.0608,192181.0,0.060795,11683.643895,192181.0,11683.643895,
2023-10-04 05:10:00+00:00,0.06077,0.06082,0.06082,0.06079,338383.1,0.0608,20573.69248,338383.1,20573.69248,
2023-10-04 05:15:00+00:00,0.06075,0.0608,0.0608,0.06076,290951.0,0.060778,17683.419878,290951.0,17683.419878,
2023-10-04 05:20:00+00:00,0.06076,0.06082,0.06077,0.06081,282250.8,0.06079,17158.026132,282250.8,17158.026132,
2023-10-04 05:25:00+00:00,0.0608,0.06087,0.0608,0.06087,26523.9,0.060835,1613.5814565,26523.9,1613.5814565,
2023-10-04 05:30:00+00:00,0.06086,0.06091,0.06086,0.06089,62717.0,0.06088,3818.21096,62717.0,3818.21096,
2023-10-04 05:35:00+00:00,0.06088,0.0609,0.06089,0.0609,15707.2,0.060892,956.4428224,15707.2,956.4428224,
2023-10-04 05:40:00+00:00,0.06089,0.06095,0.06089,0.06094,64506.9,0.060918,3929.6313342,64506.9,3929.6313342,
2023-10-04 05:45:00+00:00,0.0609,0.06095,0.06093,0.06094,212413.1,0.06093,12942.330183,212413.1,12942.330183,
2023-10-04 05:50:00+00:00,0.06094,0.06096,0.06095,0.06095,17309.5,0.06095,1055.014025,17309.5,1055.014025,
2023-10-04 05:55:00+00:00,0.06094,0.06099,0.06094,0.06099,34663.7,0.060965,2113.2724705,34663.7,2113.2724705,
2023-10-04 06:00:00+00:00,0.06096,0.061,0.061,0.061,221061.3,0.06099,13482.528687,221061.3,13482.528687,
2023-10-04 06:05:00+00:00,0.06091,0.061,0.061,0.06093,258831.7,0.06096,15778.380432,258831.7,15778.380432,
2023-10-04 06:10:00+00:00,0.06092,0.061,0.06092,0.06099,37203.4,0.060958,2267.8448572,37203.4,2267.8448572,
2023-10-04 06:15:00+00:00,0.0609,0.061,0.061,0.06091,15308.4,0.060952,933.0775968,15308.4,933.0775968,
2023-10-04 06:20:00+00:00,0.06091,0.06095,0.06091,0.06092,53761.8,0.060922,3275.2763796,53761.8,3275.2763796,
2023-10-04 06:25:00+00:00,0.06091,0.06095,0.06092,0.06094,36466.8,0.06093,2221.922124,36466.8,2221.922124,
2023-10-04 06:30:00+00:00,0.06089,0.06094,0.06094,0.06094,14441.5,0.060927,879.8772705,14441.5,879.8772705,
2023-10-04 06:35:00+00:00,0.06093,0.06102,0.06093,0.06101,89624.9,0.060972,5464.6094028,89624.9,5464.6094028,
2023-10-04 06:40:00+00:00,0.06097,0.06104,0.06102,0.06103,73265.6,0.061015,4470.300584,73265.6,4470.300584,
2023-10-04 06:45:00+00:00,0.06103,0.06109,0.06103,0.06105,221591.3,0.06105,13528.148865,221591.3,13528.148865,
2023-10-04 06:50:00+00:00,0.06103,0.06109,0.06104,0.06109,18942.6,0.061062,1156.6730412,18942.6,1156.6730412,
2023-10-04 06:55:00+00:00,0.06108,0.0611,0.06109,0.0611,118388.4,0.061092,7232.5841328,118388.4,7232.5841328,
2023-10-04 07:00:00+00:00,0.06109,0.06115,0.06111,0.06112,194399.7,0.061118,11881.3208646,194399.7,11881.3208646,
2023-10-04 07:05:00+00:00,0.06108,0.06111,0.06109,0.06108,23329.8,0.06109,1425.217482,23329.8,1425.217482,
2023-10-04 07:10:00+00:00,0.06106,0.06114,0.06108,0.06111,82821.8,0.061098,5060.2463364,82821.8,5060.2463364,
2023-10-04 07:15:00+00:00,0.06109,0.06113,0.06111,0.06109,26813.9,0.061105,1638.4633595,26813.9,1638.4633595,
2023-10-04 07:20:00+00:00,0.06106,0.06108,0.06108,0.06107,64294.2,0.061072,3926.5753824,64294.2,3926.5753824,
2023-10-04 07:25:00+00:00,0.06105,0.06108,0.06107,0.06105,124703.8,0.061062,7614.6634356,124703.8,7614.6634356,
2023-10-04 07:30:00+00:00,0.06101,0.06106,0.06105,0.06103,53723.0,0.061038,3279.144474,53723.0,3279.144474,
2023-10-04 07:35:00+00:00,0.061,0.06104,0.06104,0.06102,48383.5,0.061025,2952.6030875,48383.5,2952.6030875,
2023-10-04 07:40:00+00:00,0.06103,0.0611,0.06104,0.0611,180175.1,0.061068,11002.9330068,180175.1,11002.9330068,
2023-10-04 07:45:00+00:00,0.06106,0.06109,0.06106,0.06109,1722.8,0.061075,105.22001,1722.8,105.22001,
2023-10-04 07:50:00+00:00,0.06108,0.0611,0.06109,0.06108,94514.8,0.061087,5773.6255876,94514.8,5773.6255876,
2023-10-04 07:55:00+00:00,0.06105,0.0611,0.0611,0.06109,36047.7,0.061085,2201.9737545,36047.7,2201.9737545,
2023-10-04 08:00:00+00:00,0.06105,0.06112,0.06108,0.06108,69851.3,0.061082,4266.6571066,69851.3,4266.6571066,
2023-10-04 08:05:00+00:00,0.06106,0.0611,0.06109,0.06109,5389.9,0.061085,329.2420415,5389.9,329.2420415,
2023-10-04 08:10:00+00:00,0.06109,0.06112,0.06109,0.06111,56308.8,0.061102,3440.5802976,56308.8,3440.5802976,
2023-10-04 08:15:00+00:00,0.06109,0.06112,0.06112,0.0611,33732.2,0.061107,2061.2735454,33732.2,2061.2735454,
2023-10-04 08:20:00+00:00,0.06109,0.06114,0.06109,0.06114,52066.1,0.061115,3182.0197015,52066.1,3182.0197015,
2023-10-04 08:25:00+00:00,0.06111,0.06115,0.06114,0.06112,19168.9,0.06113,1171.794857,19168.9,1171.794857,
2023-10-04 08:30:00+00:00,0.06108,0.06112,0.06112,0.0611,108324.5,0.061105,6619.1685725,108324.5,6619.1685725,
2023-10-04 08:35:00+00:00,0.06111,0.0612,0.06112,0.0612,150329.1,0.061158,9193.8270978,150329.1,9193.8270978,
2023-10-04 08:40:00+00:00,0.06119,0.06124,0.0612,0.06122,95864.0,0.061212,5868.027168,95864.0,5868.027168,
2023-10-04 08:45:00+00:00,0.06117,0.06122,0.0612,0.06121,162787.6,0.0612,9962.60112,162787.6,9962.60112,
2023-10-04 08:50:00+00:00,0.06116,0.0612,0.0612,0.06116,46481.9,0.06118,2843.762642,46481.9,2843.762642,
2023-10-04 08:55:00+00:00,0.06115,0.06117,0.06117,0.06116,72289.2,0.061162,4421.3520504,72289.2,4421.3520504,
2023-10-04 09:00:00+00:00,0.0611,0.06115,0.06115,0.06114,177697.0,0.061135,10863.506095,177697.0,10863.506095,
2023-10-04 09:05:00+00:00,0.06114,0.06122,0.06114,0.06121,270181.7,0.061177,16528.9058609,270181.7,16528.9058609,
2023-10-04 09:10:00+00:00,0.0612,0.06122,0.0612,0.06122,7353.3,0.06121,450.095493,7353.3,450.095493,
2023-10-04 09:15:00+00:00,0.06117,0.06122,0.0612,0.06117,239505.8,0.06119,14655.359902,239505.8,14655.359902,
2023-10-04 09:20:00+00:00,0.06117,0.06119,0.06117,0.06119,90171.3,0.06118,5516.680134,90171.3,5516.680134,
2023-10-04 09:25:00+00:00,0.06113,0.06117,0.06117,0.06114,58379.6,0.061152,3570.0292992,58379.6,3570.0292992,
2023-10-04 09:30:00+00:00,0.06115,0.06119,0.06115,0.06117,65390.5,0.061165,3999.6099325,65390.5,3999.6099325,
2023-10-04 09:35:00+00:00,0.06117,0.0612,0.06117,0.06119,180711.3,0.061182,11056.2787566,180711.3,11056.2787566,
2023-10-04 09:40:00+00:00,0.06115,0.06119,0.06118,0.06116,6501.1,0.06117,397.672287,6501.1,397.672287,
2023-10-04 09:45:00+00:00,0.06118,0.0612,0.06118,0.0612,165581.0,0.06119,10131.90139,165581.0,10131.90139,
2023-10-04 09:50:00+00:00,0.06117,0.06121,0.0612,0.0612,163906.6,0.061195,10030.264387,163906.6,10030.264387,
2023-10-04 09:55:00+00:00,0.06117,0.06125,0.0612,0.06124,348318.8,0.061215,21322.335342,348318.8,21322.335342,
2023-10-04 10:00:00+00:00,0.06117,0.06125,0.06125,0.06118,220103.6,0.061212,13472.9815632,220103.6,13472.9815632,
2023-10-04 10:05:00+00:00,0.06119,0.06123,0.0612,0.06121,23012.0,0.061208,1408.518496,23012.0,1408.518496,
2023-10-04 10:10:00+00:00,0.06117,0.06122,0.06121,0.06121,128137.0,0.061202,7842.240674,128137.0,7842.240674,
2023-10-04 10:15:00+00:00,0.06115,0.0612,0.0612,0.06116,13116.7,0.061177,802.4403559,13116.7,802.4403559,
2023-10-04 10:20:00+00:00,0.06114,0.06118,0.06116,0.06114,68940.8,0.061155,4216.074624,68940.8,4216.074624,
2023-10-04 10:25:00+00:00,0.06112,0.06114,0.06114,0.06113,27689.8,0.061132,1692.7328536,27689.8,1692.7328536,
2023-10-04 10:30:00+00:00,0.06111,0.06115,0.06112,0.06115,92311.6,0.061132,5643.1927312,92311.6,5643.1927312,
2023-10-04 10:35:00+00:00,0.06113,0.06118,0.06116,0.06114,80782.2,0.061152,4939.9930944,80782.2,4939.9930944,
2023-10-04 10:40:00+00:00,0.0611,0.06115,0.06114,0.06111,75322.4,0.061125,4604.0817,75322.4,4604.0817,
2023-10-04 10:45:00+00:00,0.06107,0.06111,0.06111,0.06108,83838.9,0.061092,5121.8860788,83838.9,5121.8860788,
2023-10-04 10:50:00+00:00,0.06106,0.06109,0.06109,0.06106,61337.3,0.061075,3746.1755975,61337.3,3746.1755975,
2023-10-04 10:55:00+00:00,0.06103,0.06107,0.06106,0.06105,10478.7,0.061052,639.7455924,10478.7,639.7455924,
2023-10-04 11:00:00+00:00,0.06103,0.06108,0.06105,0.06104,23491.3,0.06105,1434.143865,23491.3,1434.143865,
2023-10-04 11:05:00+00:00,0.06101,0.06107,0.06107,0.06106,99158.1,0.061052,6053.8003212,99158.1,6053.8003212,
2023-10-04 11:10:00+00:00,0.06101,0.06106,0.06106,0.06103,244690.5,0.06104,14935.90812,244690.5,14935.90812,
2023-10-04 11:15:00+00:00,0.06104,0.0611,0.06104,0.06105,85750.1,0.061058,5235.7296058,85750.1,5235.7296058,
2023-10-04 11:20:00+00:00,0.06104,0.06107,0.06107,0.06106,93649.5,0.06106,5718.23847,93649.5,5718.23847,
2023-10-04 11:25:00+00:00,0.06105,0.06109,0.06105,0.06108,75459.9,0.061068,4608.1851732,75459.9,4608.1851732,
2023-10-04 11:30:00+00:00,0.06106,0.0611,0.06106,0.06109,90197.7,0.061078,5509.0951206,90197.7,5509.0951206,
2023-10-04 11:35:00+00:00,0.06106,0.06109,0.06109,0.06107,77413.5,0.061078,4728.261753,77413.5,4728.261753,
2023-10-04 11:40:00+00:00,0.06106,0.06109,0.06108,0.06108,25129.5,0.061078,1534.859601,25129.5,1534.859601,
2023-10-04 11:45:00+00:00,0.06107,0.06109,0.06108,0.06108,100298.3,0.06108,6126.220164,100298.3,6126.220164,
2023-10-04 11:50:00+00:00,0.06102,0.06108,0.06108,0.06102,377017.0,0.06105,23016.88785,377017.0,23016.88785,
2023-10-04 11:55:00+00:00,0.06101,0.06108,0.06103,0.06108,84029.6,0.06105,5130.00708,84029.6,5130.00708,
2023-10-04 12:00:00+00:00,0.06108,0.06113,0.06109,0.06113,328783.9,0.061107,20090.9977773,328783.9,20090.9977773,
2023-10-04 12:05:00+00:00,0.06103,0.06113,0.06113,0.06103,74357.4,0.06108,4541.749992,74357.4,4541.749992,
2023-10-04 12:10:00+00:00,0.06103,0.06109,0.06103,0.06109,112209.1,0.06106,6851.487646,112209.1,6851.487646,
2023-10-04 12:15:00+00:00,0.06108,0.06117,0.06111,0.06112,264237.3,0.06112,16150.183776,264237.3,16150.183776,
2023-10-04 12:20:00+00:00,0.06108,0.06117,0.06111,0.06116,238746.7,0.06113,14594.585771,238746.7,14594.585771,
2023-10-04 12:25:00+00:00,0.06114,0.06118,0.06115,0.06117,977839.3,0.06116,59804.651588,977839.3,59804.651588,
2023-10-04 12:30:00+00:00,0.06113,0.06118,0.06117,0.06115,694188.5,0.061158,42455.180283,694188.5,42455.180283,
2023-10-04 12:35:00+00:00,0.06117,0.0612,0.06117,0.06119,602051.3,0.061182,36834.7026366,602051.3,36834.7026366,
2023-10-04 12:40:00+00:00,0.06116,0.06122,0.06119,0.06122,67249.3,0.061197,4115.4554121,67249.3,4115.4554121,
2023-10-04 12:45:00+00:00,0.06116,0.06122,0.06122,0.06117,123081.3,0.061192,7531.5909096,123081.3,7531.5909096,
2023-10-04 12:50:00+00:00,0.06111,0.06118,0.06117,0.06111,291846.7,0.061142,17844.0909314,291846.7,17844.0909314,
2023-10-04 12:55:00+00:00,0.06108,0.06113,0.06112,0.06111,152470.6,0.06111,9317.478366,152470.6,9317.478366,
2023-10-04 13:00:00+00:00,0.06102,0.0611,0.0611,0.06104,75028.6,0.061065,4581.621459,75028.6,4581.621459,
2023-10-04 13:05:00+00:00,0.061,0.06106,0.06103,0.06102,474165.5,0.061028,28937.372134,474165.5,28937.372134,
2023-10-04 13:10:00+00:00,0.06099,0.06103,0.06103,0.06102,161128.6,0.061017,9831.5837862,161128.6,9831.5837862,
2023-10-04 13:15:00+00:00,0.06088,0.06101,0.06101,0.06088,146111.3,0.060945,8904.7531785,146111.3,8904.7531785,
2023-10-04 13:20:00+00:00,0.06085,0.0609,0.06087,0.0609,102348.2,0.06088,6230.958416,102348.2,6230.958416,
2023-10-04 13:25:00+00:00,0.06088,0.06093,0.0609,0.06089,289470.2,0.0609,17628.73518,289470.2,17628.73518,
2023-10-04 13:30:00+00:00,0.0609,0.06096,0.0609,0.06094,150130.2,0.060925,9146.682435,150130.2,9146.682435,
2023-10-04 13:35:00+00:00,0.06084,0.06094,0.06094,0.06088,150381.5,0.0609,9158.23335,150381.5,9158.23335,
2023-10-04 13:40:00+00:00,0.06072,0.06087,0.06087,0.06081,638245.6,0.060818,38816.8209008,638245.6,38816.8209008,
2023-10-04 13:45:00+00:00,0.06068,0.06086,0.06082,0.06085,657247.1,0.060802,39961.9381742,657247.1,39961.9381742,
2023-10-04 13:50:00+00:00,0.06078,0.06088,0.06084,0.06086,352619.9,0.06084,21453.394716,352619.9,21453.394716,
2023-10-04 13:55:00+00:00,0.06079,0.0609,0.06086,0.06083,298928.6,0.060845,18188.310667,298928.6,18188.310667,
2023-10-04 14:00:00+00:00,0.06072,0.06087,0.06085,0.06085,506096.1,0.060822,30781.7769942,506096.1,30781.7769942,
2023-10-04 14:05:00+00:00,0.06077,0.06087,0.06085,0.06081,178562.4,0.060825,10861.05798,178562.4,10861.05798,
2023-10-04 14:10:00+00:00,0.06081,0.06089,0.06081,0.06086,139315.7,0.060842,8476.2458194,139315.7,8476.2458194,
2023-10-04 14:15:00+00:00,0.06073,0.06085,0.06085,0.06081,119592.1,0.06081,7272.395601,119592.1,7272.395601,
2023-10-04 14:20:00+00:00,0.06072,0.0608,0.06079,0.06072,336713.5,0.060758,20458.038833,336713.5,20458.038833,
2023-10-04 14:25:00+00:00,0.06065,0.06078,0.06077,0.06066,254009.0,0.060715,15422.156435,254009.0,15422.156435,
2023-10-04 14:30:00+00:00,0.06065,0.06078,0.06065,0.06078,295882.0,0.060715,17964.47563,295882.0,17964.47563,
2023-10-04 14:35:00+00:00,0.06076,0.06084,0.06078,0.06076,450183.0,0.060785,27364.373655,450183.0,27364.373655,
2023-10-04 14:40:00+00:00,0.06075,0.06084,0.06075,0.0608,434442.6,0.060785,26407.593441,434442.6,26407.593441,
2023-10-04 14:45:00+00:00,0.06065,0.0608,0.06079,0.06066,634317.2,0.060725,38518.91197,634317.2,38518.91197,
2023-10-04 14:50:00+00:00,0.06066,0.06075,0.06066,0.06075,346612.8,0.060705,21041.130024,346612.8,21041.130024,
2023-10-04 14:55:00+00:00,0.06072,0.06081,0.06073,0.06081,80469.1,0.060768,4889.9462688,80469.1,4889.9462688,
2023-10-04 15:00:00+00:00,0.06075,0.06083,0.0608,0.0608,393580.6,0.060795,23927.732577,393580.6,23927.732577,
2023-10-04 15:05:00+00:00,0.06075,0.06085,0.06081,0.06084,57028.1,0.060813,3468.0498453,57028.1,3468.0498453,
2023-10-04 15:10:00+00:00,0.06085,0.06094,0.06085,0.0609,247620.0,0.060885,15076.3437,247620.0,15076.3437,
2023-10-04 15:15:00+00:00,0.06087,0.06096,0.06089,0.06095,103624.5,0.060918,6312.597291,103624.5,6312.597291,
2023-10-04 15:20:00+00:00,0.06091,0.06096,0.06094,0.06092,92277.7,0.060932,5622.6648164,92277.7,5622.6648164,
2023-10-04 15:25:00+00:00,0.06094,0.06097,0.06094,0.06096,67280.7,0.060953,4100.9605071,67280.7,4100.9605071,
2023-10-04 15:30:00+00:00,0.06094,0.06097,0.06095,0.06096,365369.1,0.060955,22271.0734905,365369.1,22271.0734905,
2023-10-04 15:35:00+00:00,0.06094,0.061,0.06094,0.06099,158875.1,0.060967,9686.1382217,158875.1,9686.1382217,
2023-10-04 15:40:00+00:00,0.06087,0.06099,0.06098,0.06088,205040.9,0.06093,12493.142037,205040.9,12493.142037,
2023-10-04 15:45:00+00:00,0.06085,0.06098,0.06088,0.06092,273271.6,0.060908,16644.4266128,273271.6,16644.4266128,
2023-10-04 15:50:00+00:00,0.06088,0.06091,0.06091,0.0609,43174.2,0.0609,2629.30878,43174.2,2629.30878,
2023-10-04 15:55:00+00:00,0.06078,0.06091,0.06091,0.06081,158643.3,0.060852,9653.7620916,158643.3,9653.7620916,
2023-10-04 16:00:00+00:00,0.06078,0.06087,0.06083,0.06084,175968.8,0.06083,10704.182104,175968.8,10704.182104,
2023-10-04 16:05:00+00:00,0.06083,0.06088,0.06084,0.06086,98131.7,0.060852,5971.5102084,98131.7,5971.5102084,
2023-10-04 16:10:00+00:00,0.06084,0.06088,0.06086,0.06085,89303.1,0.060857,5434.7187567,89303.1,5434.7187567,
2023-10-04 16:15:00+00:00,0.06084,0.06091,0.06085,0.0609,36458.9,0.060875,2219.4355375,36458.9,2219.4355375,
2023-10-04 16:20:00+00:00,0.06086,0.06093,0.0609,0.06091,681387.2,0.0609,41496.48048,681387.2,41496.48048,
2023-10-04 16:25:00+00:00,0.06094,0.06098,0.06094,0.06098,151553.2,0.06096,9238.683072,151553.2,9238.683072,
2023-10-04 16:30:00+00:00,0.06094,0.06105,0.06097,0.06105,223470.8,0.061002,13632.1657416,223470.8,13632.1657416,
2023-10-04 16:35:00+00:00,0.06107,0.06115,0.06108,0.06108,412476.4,0.061095,25200.245658,412476.4,25200.245658,
2023-10-04 16:40:00+00:00,0.06104,0.06109,0.06106,0.06105,62274.7,0.06106,3802.493182,62274.7,3802.493182,
2023-10-04 16:45:00+00:00,0.06103,0.06111,0.06104,0.06106,252126.6,0.06106,15394.850196,252126.6,15394.850196,
2023-10-04 16:50:00+00:00,0.06099,0.06108,0.06106,0.06102,60120.6,0.061038,3669.6411828,60120.6,3669.6411828,
2023-10-04 16:55:00+00:00,0.06099,0.06103,0.06103,0.06103,163819.7,0.06102,9996.278094,163819.7,9996.278094,
2023-10-04 17:00:00+00:00,0.06097,0.06104,0.06103,0.061,194260.7,0.06101,11851.845307,194260.7,11851.845307,
2023-10-04 17:05:00+00:00,0.06098,0.06106,0.06101,0.06105,169659.6,0.061025,10353.47709,169659.6,10353.47709,
2023-10-04 17:10:00+00:00,0.06103,0.0611,0.06104,0.06109,117604.7,0.061065,7181.5310055,117604.7,7181.5310055,
2023-10-04 17:15:00+00:00,0.06104,0.06111,0.06108,0.06108,187647.9,0.061078,11461.1584362,187647.9,11461.1584362,
2023-10-04 17:20:00+00:00,0.06103,0.0611,0.0611,0.06107,859771.6,0.061075,52510.55047,859771.6,52510.55047,
2023-10-04 17:25:00+00:00,0.06103,0.06109,0.06109,0.06103,106783.5,0.06106,6520.20051,106783.5,6520.20051,
2023-10-04 17:30:00+00:00,0.06097,0.06104,0.06104,0.06101,126106.7,0.061015,7694.4003005,126106.7,7694.4003005,
2023-10-04 17:35:00+00:00,0.061,0.06105,0.06102,0.06104,83630.3,0.061028,5103.7899484,83630.3,5103.7899484,
2023-10-04 17:40:00+00:00,0.06097,0.06106,0.06105,0.06102,443093.5,0.061025,27039.7808375,443093.5,27039.7808375,
2023-10-04 17:45:00+00:00,0.06101,0.06106,0.06101,0.06106,38627.9,0.061035,2357.6538765,38627.9,2357.6538765,
2023-10-04 17:50:00+00:00,0.06101,0.06108,0.06105,0.06105,264613.1,0.061048,16154.1005288,264613.1,16154.1005288,
2023-10-04 17:55:00+00:00,0.06097,0.06106,0.06104,0.06101,439425.8,0.06102,26813.762316,439425.8,26813.762316,
2023-10-04 18:00:00+00:00,0.06099,0.06103,0.061,0.06102,18570.5,0.06101,1132.986205,18570.5,1132.986205,
2023-10-04 18:05:00+00:00,0.061,0.06108,0.06103,0.06105,91262.6,0.06104,5570.669104,91262.6,5570.669104,
2023-10-04 18:10:00+00:00,0.06105,0.06112,0.06106,0.06109,270729.3,0.06108,16536.145644,270729.3,16536.145644,
2023-10-04 18:15:00+00:00,0.06108,0.06116,0.06108,0.06113,80597.8,0.061112,4925.4927536,80597.8,4925.4927536,
2023-10-04 18:20:00+00:00,0.06104,0.06113,0.06113,0.06104,24538.8,0.061085,1498.952598,24538.8,1498.952598,
2023-10-04 18:25:00+00:00,0.06105,0.0611,0.06106,0.06109,44337.1,0.061075,2707.8883825,44337.1,2707.8883825,
2023-10-04 18:30:00+00:00,0.06103,0.06112,0.06112,0.06105,23837.4,0.06108,1455.988392,23837.4,1455.988392,
2023-10-04 18:35:00+00:00,0.06099,0.06105,0.06105,0.06102,628109.9,0.061028,38332.2909772,628109.9,38332.2909772,
2023-10-04 18:40:00+00:00,0.06098,0.06104,0.06101,0.06102,99661.1,0.061012,6080.5230332,99661.1,6080.5230332,
2023-10-04 18:45:00+00:00,0.06096,0.06102,0.06101,0.06099,47150.2,0.060995,2875.926449,47150.2,2875.926449,
2023-10-04 18:50:00+00:00,0.06098,0.06102,0.06101,0.06099,120645.7,0.061,7359.3877,120645.7,7359.3877,
2023-10-04 18:55:00+00:00,0.06102,0.06112,0.06102,0.06112,70506.0,0.06107,4305.80142,70506.0,4305.80142,
2023-10-04 19:00:00+00:00,0.06112,0.06122,0.06116,0.0612,833358.1,0.061175,50980.6817675,833358.1,50980.6817675,
2023-10-04 19:05:00+00:00,0.06118,0.06134,0.0612,0.06134,311403.5,0.061265,19078.1354275,311403.5,19078.1354275,
2023-10-04 19:10:00+00:00,0.06124,0.06135,0.06133,0.06131,430712.7,0.061308,26406.1342116,430712.7,26406.1342116,
2023-10-04 19:15:00+00:00,0.06126,0.06134,0.06131,0.06129,154573.5,0.0613,9475.35555,154573.5,9475.35555,
2023-10-04 19:20:00+00:00,0.0612,0.06132,0.06129,0.0612,155820.2,0.061252,9544.2988904,155820.2,9544.2988904,
2023-10-04 19:25:00+00:00,0.06119,0.06124,0.06121,0.06123,266164.2,0.061218,16294.0399956,266164.2,16294.0399956,
2023-10-04 19:30:00+00:00,0.06114,0.06124,0.06124,0.06115,207457.0,0.061193,12694.916201,207457.0,12694.916201,
2023-10-04 19:35:00+00:00,0.06093,0.06115,0.06113,0.06099,312349.4,0.06105,19068.93087,312349.4,19068.93087,
2023-10-04 19:40:00+00:00,0.06094,0.06107,0.06096,0.06103,155164.3,0.061,9465.0223,155164.3,9465.0223,
2023-10-04 19:45:00+00:00,0.06103,0.06113,0.06103,0.06105,260118.9,0.06106,15882.860034,260118.9,15882.860034,
2023-10-04 19:50:00+00:00,0.06105,0.06117,0.06105,0.06116,109863.5,0.061107,6713.4288945,109863.5,6713.4288945,
2023-10-04 19:55:00+00:00,0.06107,0.06115,0.06115,0.06109,292777.8,0.061115,17893.115247,292777.8,17893.115247,
2023-10-04 20:00:00+00:00,0.06101,0.06109,0.06109,0.06105,28702.5,0.06106,1752.57465,28702.5,1752.57465,
2023-10-04 20:05:00+00:00,0.06103,0.06114,0.06105,0.06113,278217.5,0.061087,16995.4724225,278217.5,16995.4724225,
2023-10-04 20:10:00+00:00,0.06111,0.06116,0.06113,0.06115,25065.1,0.061138,1532.4300838,25065.1,1532.4300838,
2023-10-04 20:15:00+00:00,0.06113,0.06121,0.06116,0.06114,201305.6,0.06116,12311.850496,201305.6,12311.850496,
2023-10-04 20:20:00+00:00,0.0611,0.06116,0.06113,0.06115,107501.1,0.061135,6572.0797485,107501.1,6572.0797485,
2023-10-04 20:25:00+00:00,0.06115,0.06119,0.06115,0.06116,19789.8,0.061162,1210.3837476,19789.8,1210.3837476,
2023-10-04 20:30:00+00:00,0.06115,0.06119,0.06116,0.06119,64255.2,0.061172,3930.6190944,64255.2,3930.6190944,
2023-10-04 20:35:00+00:00,0.06119,0.06123,0.06119,0.0612,39251.2,0.061202,2402.2519424,39251.2,2402.2519424,
2023-10-04 20:40:00+00:00,0.06118,0.06123,0.06119,0.06119,24381.1,0.061197,1492.0501767,24381.1,1492.0501767,
2023-10-04 20:45:00+00:00,0.06117,0.06122,0.06119,0.06118,117103.4,0.06119,7165.557046,117103.4,7165.557046,
2023-10-04 20:50:00+00:00,0.06113,0.0612,0.06118,0.06114,70780.5,0.061162,4329.076941,70780.5,4329.076941,
2023-10-04 20:55:00+00:00,0.06113,0.06117,0.06115,0.06114,71876.9,0.061148,4395.1286812,71876.9,4395.1286812,
2023-10-04 21:00:00+00:00,0.06112,0.0612,0.06113,0.06119,174400.7,0.06116,10666.346812,174400.7,10666.346812,
2023-10-04 21:05:00+00:00,0.06118,0.06123,0.06118,0.06122,84952.7,0.061202,5199.2751454,84952.7,5199.2751454,
2023-10-04 21:10:00+00:00,0.0612,0.06128,0.06122,0.06126,161968.6,0.06124,9918.957064,161968.6,9918.957064,
2023-10-04 21:15:00+00:00,0.06126,0.0613,0.06128,0.06126,31396.4,0.061275,1923.81441,31396.4,1923.81441,
2023-10-04 21:20:00+00:00,0.06126,0.06129,0.06127,0.06128,4138.9,0.061275,253.6110975,4138.9,253.6110975,
2023-10-04 21:25:00+00:00,0.06128,0.06132,0.06129,0.0613,153095.1,0.061298,9384.4234398,153095.1,9384.4234398,
2023-10-04 21:30:00+00:00,0.06129,0.06131,0.06131,0.0613,26937.1,0.061302,1651.2981042,26937.1,1651.2981042,
2023-10-04 21:35:00+00:00,0.06129,0.06134,0.06129,0.06133,25001.2,0.061312,1532.8735744,25001.2,1532.8735744,
2023-10-04 21:40:00+00:00,0.06132,0.06134,0.06132,0.06132,354474.7,0.061325,21738.1609775,354474.7,21738.1609775,
2023-10-04 21:45:00+00:00,0.0613,0.06133,0.06132,0.0613,22300.8,0.061312,1367.3066496,22300.8,1367.3066496,
2023-10-04 21:50:00+00:00,0.06129,0.06132,0.06131,0.06129,65065.9,0.061302,3988.6698018,65065.9,3988.6698018,
2023-10-04 21:55:00+00:00,0.06128,0.0613,0.06129,0.06128,49280.0,0.061288,3020.27264,49280.0,3020.27264,
2023-10-04 22:00:00+00:00,0.06127,0.0613,0.06129,0.06129,64663.8,0.061287,3963.0503106,64663.8,3963.0503106,
2023-10-04 22:05:00+00:00,0.06128,0.06131,0.06128,0.0613,163605.9,0.061292,10027.7328228,163605.9,10027.7328228,
2023-10-04 22:10:00+00:00,0.06128,0.06132,0.0613,0.0613,161269.6,0.0613,9885.82648,161269.6,9885.82648,
2023-10-04 22:15:00+00:00,0.0613,0.06133,0.06132,0.06133,46916.9,0.06132,2876.944308,46916.9,2876.944308,
2023-10-04 22:20:00+00:00,0.0613,0.06135,0.06134,0.06133,37770.4,0.06133,2316.458632,37770.4,2316.458632,
2023-10-04 22:25:00+00:00,0.06133,0.06135,0.06135,0.06135,22954.3,0.061345,1408.1315335,22954.3,1408.1315335,
2023-10-04 22:30:00+00:00,0.06134,0.06139,0.06134,0.06139,422001.7,0.061365,25896.1343205,422001.7,25896.1343205,
2023-10-04 22:35:00+00:00,0.06135,0.0614,0.06139,0.06139,184331.5,0.061383,11314.8204645,184331.5,11314.8204645,
2023-10-04 22:40:00+00:00,0.06137,0.06141,0.06138,0.0614,41861.8,0.06139,2569.895902,41861.8,2569.895902,
2023-10-04 22:45:00+00:00,0.06139,0.06146,0.06141,0.06144,334569.0,0.061425,20550.900825,334569.0,20550.900825,
2023-10-04 22:50:00+00:00,0.06141,0.06147,0.06144,0.06147,28493.9,0.061447,1750.8646733,28493.9,1750.8646733,
2023-10-04 22:55:00+00:00,0.06144,0.06147,0.06146,0.06146,87141.4,0.061458,5355.5361612,87141.4,5355.5361612,
2023-10-04 23:00:00+00:00,0.06142,0.06148,0.06146,0.06147,148578.4,0.061458,9131.3313072,148578.4,9131.3313072,
2023-10-04 23:05:00+00:00,0.06145,0.06149,0.06147,0.06147,204604.4,0.06147,12577.032468,204604.4,12577.032468,
2023-10-04 23:10:00+00:00,0.06145,0.06153,0.06148,0.06152,252569.4,0.061495,15531.755253,252569.4,15531.755253,
2023-10-04 23:15:00+00:00,0.0615,0.06156,0.06154,0.06153,177947.4,0.061532,10949.4594168,177947.4,10949.4594168,
2023-10-04 23:20:00+00:00,0.06146,0.06153,0.06152,0.06151,247454.7,0.061505,15219.7013235,247454.7,15219.7013235,
2023-10-04 23:25:00+00:00,0.06151,0.06154,0.06153,0.06152,36645.1,0.061525,2254.5897775,36645.1,2254.5897775,
2023-10-04 23:30:00+00:00,0.06152,0.06156,0.06153,0.06156,282435.3,0.061542,17381.6332326,282435.3,17381.6332326,
2023-10-04 23:35:00+00:00,0.06155,0.06159,0.06156,0.06157,84441.9,0.061568,5198.9188992,84441.9,5198.9188992,
2023-10-04 23:40:00+00:00,0.0615,0.06156,0.06156,0.0615,60791.2,0.06153,3740.482536,60791.2,3740.482536,
2023-10-04 23:45:00+00:00,0.06148,0.06151,0.06149,0.06151,23302.7,0.061498,1433.0694446,23302.7,1433.0694446,
2023-10-04 23:50:00+00:00,0.06145,0.06151,0.0615,0.06145,15834.9,0.061478,973.4979822,15834.9,973.4979822,
2023-10-04 23:55:00+00:00,0.06143,0.06149,0.06145,0.06147,43313.6,0.06146,2662.053856,43313.6,2662.053856,
2023-10-05 00:00:00+00:00,0.0614,0.06147,0.06146,0.06143,240300.3,0.06144,14764.050432,240300.3,14764.050432,
2023-10-05 00:05:00+00:00,0.06139,0.06145,0.06142,0.06139,132304.9,0.061412,8125.1085188,132304.9,8125.1085188,
2023-10-05 00:10:00+00:00,0.06135,0.06142,0.06142,0.06137,40872.6,0.06139,2509.168914,40872.6,2509.168914,
2023-10-05 00:15:00+00:00,0.06137,0.06146,0.06137,0.06137,112388.0,0.061392,6899.724096,112388.0,6899.724096,
2023-10-05 00:20:00+00:00,0.06135,0.06139,0.06138,0.06136,995193.7,0.06137,61075.037369,995193.7,61075.037369,
2023-10-05 00:25:00+00:00,0.06134,0.06139,0.06137,0.06138,111699.6,0.06137,6855.004452,111699.6,6855.004452,
2023-10-05 00:30:00+00:00,0.06136,0.06142,0.06137,0.06139,104909.3,0.061385,6439.8573805,104909.3,6439.8573805,
2023-10-05 00:35:00+00:00,0.06136,0.06143,0.0614,0.06141,10669.6,0.0614,655.11344,10669.6,655.11344,
2023-10-05 00:40:00+00:00,0.0614,0.06155,0.06142,0.06152,485225.7,0.061472,29827.7942304,485225.7,29827.7942304,
2023-10-05 00:45:00+00:00,0.0615,0.06164,0.06151,0.06159,474318.8,0.06156,29199.065328,474318.8,29199.065328,
2023-10-05 00:50:00+00:00,0.06159,0.06165,0.06159,0.06164,61517.6,0.061618,3790.5914768,61517.6,3790.5914768,
2023-10-05 00:55:00+00:00,0.06153,0.06165,0.06165,0.06154,312244.8,0.061592,19231.7817216,312244.8,19231.7817216,
2023-10-05 01:00:00+00:00,0.06147,0.06159,0.06149,0.06156,958078.6,0.061528,58948.6601008,958078.6,58948.6601008,
2023-10-05 01:05:00+00:00,0.06143,0.0616,0.06158,0.06143,265663.1,0.06151,16340.937281,265663.1,16340.937281,
2023-10-05 01:10:00+00:00,0.06144,0.06151,0.06144,0.06146,185146.1,0.061462,11379.4495982,185146.1,11379.4495982,
2023-10-05 01:15:00+00:00,0.0614,0.06147,0.06144,0.0614,28877.1,0.061428,1773.8624988,28877.1,1773.8624988,
2023-10-05 01:20:00+00:00,0.06142,0.06147,0.06143,0.06142,134490.5,0.061435,8262.4238675,134490.5,8262.4238675,
2023-10-05 01:25:00+00:00,0.0614,0.06143,0.06143,0.0614,38983.0,0.061415,2394.140945,38983.0,2394.140945,
2023-10-05 01:30:00+00:00,0.06139,0.06144,0.0614,0.0614,196239.6,0.061408,12050.6813568,196239.6,12050.6813568,
2023-10-05 01:35:00+00:00,0.06126,0.06137,0.06137,0.06129,304493.7,0.061322,18672.1626714,304493.7,18672.1626714,
2023-10-05 01:40:00+00:00,0.06128,0.06133,0.0613,0.06132,134332.5,0.061308,8235.65691,134332.5,8235.65691,
2023-10-05 01:45:00+00:00,0.06129,0.06131,0.0613,0.06131,31391.2,0.061302,1924.3433424,31391.2,1924.3433424,
2023-10-05 01:50:00+00:00,0.06135,0.06139,0.06135,0.06137,447222.0,0.061365,27443.77803,447222.0,27443.77803,
2023-10-05 01:55:00+00:00,0.06134,0.06139,0.06136,0.06136,32878.6,0.061362,2017.4966532,32878.6,2017.4966532,
2023-10-05 02:00:00+00:00,0.06132,0.06137,0.06137,0.06136,78491.3,0.061355,4815.8337115,78491.3,4815.8337115,
2023-10-05 02:05:00+00:00,0.0613,0.06135,0.06135,0.0613,69490.2,0.061325,4261.486515,69490.2,4261.486515,
2023-10-05 02:10:00+00:00,0.06128,0.06132,0.06132,0.0613,16145.7,0.061305,989.8121385,16145.7,989.8121385,
2023-10-05 02:15:00+00:00,0.06123,0.0613,0.06129,0.06124,166870.3,0.061265,10223.3089295,166870.3,10223.3089295,
2023-10-05 02:20:00+00:00,0.06122,0.06127,0.06123,0.06122,128955.1,0.061235,7896.5655485,128955.1,7896.5655485,
2023-10-05 02:25:00+00:00,0.06118,0.06123,0.06122,0.06122,73073.5,0.061212,4472.975082,73073.5,4472.975082,
2023-10-05 02:30:00+00:00,0.06119,0.06123,0.06122,0.06119,29807.5,0.061208,1824.45746,29807.5,1824.45746,
2023-10-05 02:35:00+00:00,0.06117,0.06123,0.06119,0.06123,14161.5,0.061205,866.7546075,14161.5,866.7546075,
2023-10-05 02:40:00+00:00,0.06122,0.06124,0.06122,0.06123,15134.4,0.061228,926.6490432,15134.4,926.6490432,
2023-10-05 02:45:00+00:00,0.06123,0.06129,0.06124,0.06127,562101.9,0.061258,34433.2381902,562101.9,34433.2381902,
2023-10-05 02:50:00+00:00,0.06123,0.06128,0.06128,0.06126,22766.3,0.061263,1394.7318369,22766.3,1394.7318369,
2023-10-05 02:55:00+00:00,0.06123,0.06128,0.06125,0.06127,165131.3,0.061258,10115.6131754,165131.3,10115.6131754,
2023-10-05 03:00:00+00:00,0.06126,0.0613,0.06127,0.06128,45057.5,0.061278,2761.033485,45057.5,2761.033485,
2023-10-05 03:05:00+00:00,0.06117,0.06128,0.06128,0.06118,74904.1,0.061228,4586.2282348,74904.1,4586.2282348,
2023-10-05 03:10:00+00:00,0.06117,0.06122,0.06117,0.06121,344490.4,0.061192,21080.0565568,344490.4,21080.0565568,
2023-10-05 03:15:00+00:00,0.06118,0.06121,0.06121,0.0612,59187.3,0.0612,3622.26276,59187.3,3622.26276,
2023-10-05 03:20:00+00:00,0.06117,0.0612,0.0612,0.06119,8350.6,0.06119,510.973214,8350.6,510.973214,
2023-10-05 03:25:00+00:00,0.06118,0.06122,0.06119,0.06122,74350.0,0.061202,4550.3687,74350.0,4550.3687,
2023-10-05 03:30:00+00:00,0.06117,0.06121,0.06121,0.06117,51116.0,0.06119,3127.78804,51116.0,3127.78804,
2023-10-05 03:35:00+00:00,0.06116,0.0612,0.06117,0.06116,51245.3,0.061172,3134.7774916,51245.3,3134.7774916,
2023-10-05 03:40:00+00:00,0.06114,0.06117,0.06117,0.06115,18955.0,0.061158,1159.24989,18955.0,1159.24989,
2023-10-05 03:45:00+00:00,0.06111,0.06117,0.06117,0.06112,115590.8,0.061142,7067.4526936,115590.8,7067.4526936,
2023-10-05 03:50:00+00:00,0.06107,0.06114,0.06114,0.06107,161113.2,0.061105,9844.822086,161113.2,9844.822086,
2023-10-05 03:55:00+00:00,0.06106,0.06111,0.06108,0.06108,67383.4,0.061082,4115.9128388,67383.4,4115.9128388,
2023-10-05 04:00:00+00:00,0.06105,0.06109,0.06108,0.06109,217335.4,0.061078,13274.4115612,217335.4,13274.4115612,
2023-10-05 04:05:00+00:00,0.06109,0.06112,0.0611,0.06111,131388.3,0.061105,8028.4820715,131388.3,8028.4820715,
2023-10-05 04:10:00+00:00,0.06107,0.06112,0.0611,0.06109,25665.9,0.061095,1568.0581605,25665.9,1568.0581605,
2023-10-05 04:15:00+00:00,0.06106,0.06113,0.06107,0.06107,223162.8,0.061082,13631.2301496,223162.8,13631.2301496,
2023-10-05 04:20:00+00:00,0.06108,0.06113,0.06108,0.06113,48608.3,0.061105,2970.2101715,48608.3,2970.2101715,
2023-10-05 04:25:00+00:00,0.0611,0.06114,0.06112,0.06112,20969.8,0.06112,1281.674176,20969.8,1281.674176,
2023-10-05 04:30:00+00:00,0.0611,0.06113,0.06112,0.06111,32312.3,0.061115,1974.7662145,32312.3,1974.7662145,
2023-10-05 04:35:00+00:00,0.0611,0.06113,0.06111,0.06113,134022.5,0.061118,8191.187155,134022.5,8191.187155,
2023-10-05 04:40:00+00:00,0.06112,0.06113,0.06112,0.06112,5556.0,0.061122,339.593832,5556.0,339.593832,
2023-10-05 04:45:00+00:00,0.06112,0.06116,0.06113,0.06112,11017.7,0.061132,673.5340364,11017.7,673.5340364,
2023-10-05 04:50:00+00:00,0.06107,0.06113,0.06113,0.06107,176302.1,0.0611,10772.05831,176302.1,10772.05831,
2023-10-05 04:55:00+00:00,0.0611,0.06118,0.0611,0.06117,80489.0,0.061138,4920.936482,80489.0,4920.936482,
2023-10-05 05:00:00+00:00,0.06112,0.06118,0.06116,0.06114,120019.9,0.06115,7339.216885,120019.9,7339.216885,
2023-10-05 05:05:00+00:00,0.06113,0.06115,0.06113,0.06115,11574.7,0.06114,707.677158,11574.7,707.677158,
2023-10-05 05:10:00+00:00,0.06114,0.06119,0.06115,0.06117,76324.0,0.061162,4668.128488,76324.0,4668.128488,
2023-10-05 05:15:00+00:00,0.0611,0.06118,0.06117,0.0611,120498.3,0.061138,7367.0250654,120498.3,7367.0250654,
2023-10-05 05:20:00+00:00,0.06109,0.06112,0.06111,0.0611,68369.3,0.061105,4177.7060765,68369.3,4177.7060765,
2023-10-05 05:25:00+00:00,0.0611,0.06113,0.0611,0.0611,75004.3,0.061107,4583.2877601,75004.3,4583.2877601,
2023-10-05 05:30:00+00:00,0.06109,0.06113,0.06111,0.0611,93830.4,0.061107,5733.6942528,93830.4,5733.6942528,
2023-10-05 05:35:00+00:00,0.06109,0.06111,0.0611,0.06111,52460.4,0.061102,3205.4353608,52460.4,3205.4353608,
2023-10-05 05:40:00+00:00,0.06109,0.06111,0.0611,0.06109,43144.7,0.061098,2636.0548806,43144.7,2636.0548806,
2023-10-05 05:45:00+00:00,0.06107,0.0611,0.06108,0.06108,147401.6,0.061083,9003.7319328,147401.6,9003.7319328,
2023-10-05 05:50:00+00:00,0.06107,0.06112,0.06109,0.06107,23370.9,0.061088,1427.6815392,23370.9,1427.6815392,
2023-10-05 05:55:00+00:00,0.06104,0.06109,0.06108,0.06104,128870.3,0.061062,7869.0782586,128870.3,7869.0782586,
2023-10-05 06:00:00+00:00,0.06102,0.06107,0.06104,0.06107,132629.7,0.06105,8097.043185,132629.7,8097.043185,
2023-10-05 06:05:00+00:00,0.06104,0.06107,0.06106,0.06105,3775.3,0.061055,230.5009415,3775.3,230.5009415,
2023-10-05 06:10:00+00:00,0.061,0.06105,0.06102,0.06105,148013.9,0.06103,9033.288317,148013.9,9033.288317,
2023-10-05 06:15:00+00:00,0.061,0.06105,0.06105,0.061,70402.8,0.061025,4296.33087,70402.8,4296.33087,
2023-10-05 06:20:00+00:00,0.06094,0.061,0.061,0.06096,41057.7,0.060975,2503.4932575,41057.7,2503.4932575,
2023-10-05 06:25:00+00:00,0.06094,0.06097,0.06095,0.06097,31309.3,0.060958,1908.5523094,31309.3,1908.5523094,
2023-10-05 06:30:00+00:00,0.06093,0.06096,0.06096,0.06096,30068.6,0.060953,1832.7713758,30068.6,1832.7713758,
2023-10-05 06:35:00+00:00,0.06096,0.06101,0.06097,0.061,201255.2,0.060985,12273.548372,201255.2,12273.548372,
2023-10-05 06:40:00+00:00,0.061,0.06102,0.061,0.06101,151695.7,0.061008,9254.6512656,151695.7,9254.6512656,
2023-10-05 06:45:00+00:00,0.061,0.06104,0.06102,0.06103,77978.8,0.061022,4758.4223336,77978.8,4758.4223336,
2023-10-05 06:50:00+00:00,0.06101,0.06104,0.06103,0.06101,186891.8,0.061022,11404.5114196,186891.8,11404.5114196,
2023-10-05 06:55:00+00:00,0.06096,0.06103,0.06103,0.06097,94261.7,0.060998,5749.7751766,94261.7,5749.7751766,
2023-10-05 07:00:00+00:00,0.06093,0.06097,0.06096,0.06096,22881.7,0.060955,1394.7540235,22881.7,1394.7540235,
2023-10-05 07:05:00+00:00,0.06096,0.06099,0.06096,0.06097,5068.2,0.06097,309.008154,5068.2,309.008154,
2023-10-05 07:10:00+00:00,0.0609,0.06099,0.06099,0.0609,25439.2,0.060945,1550.392044,25439.2,1550.392044,
2023-10-05 07:15:00+00:00,0.0609,0.06096,0.06091,0.06094,40654.1,0.060928,2476.9730048,40654.1,2476.9730048,
2023-10-05 07:20:00+00:00,0.06089,0.06093,0.06092,0.06092,23976.5,0.060915,1460.5284975,23976.5,1460.5284975,
2023-10-05 07:25:00+00:00,0.06087,0.06091,0.0609,0.06089,70803.3,0.060892,4311.3545436,70803.3,4311.3545436,
2023-10-05 07:30:00+00:00,0.06089,0.06092,0.0609,0.06092,12468.9,0.060908,759.4557612,12468.9,759.4557612,
2023-10-05 07:35:00+00:00,0.06086,0.06091,0.06091,0.0609,88200.3,0.060895,5370.9572685,88200.3,5370.9572685,
2023-10-05 07:40:00+00:00,0.06089,0.06097,0.0609,0.06095,93562.1,0.060928,5700.5516288,93562.1,5700.5516288,
2023-10-05 07:45:00+00:00,0.06092,0.06097,0.06095,0.06096,25861.2,0.06095,1576.24014,25861.2,1576.24014,
2023-10-05 07:50:00+00:00,0.06092,0.06095,0.06094,0.06094,31339.8,0.060938,1909.7847324,31339.8,1909.7847324,
2023-10-05 07:55:00+00:00,0.06094,0.06099,0.06094,0.06098,18398.2,0.060962,1121.5910684,18398.2,1121.5910684,
2023-10-05 08:00:00+00:00,0.06098,0.06101,0.06098,0.06099,122545.7,0.06099,7474.062243,122545.7,7474.062243,
2023-10-05 08:05:00+00:00,0.06096,0.061,0.06099,0.06097,59829.1,0.06098,3648.378518,59829.1,3648.378518,
2023-10-05 08:10:00+00:00,0.06096,0.06098,0.06097,0.06098,139902.3,0.060973,8530.2629379,139902.3,8530.2629379,
2023-10-05 08:15:00+00:00,0.06094,0.06097,0.06097,0.06095,52961.1,0.060958,3228.4027338,52961.1,3228.4027338,
2023-10-05 08:20:00+00:00,0.06095,0.06098,0.06096,0.06098,67629.5,0.060968,4123.235356,67629.5,4123.235356,
2023-10-05 08:25:00+00:00,0.06095,0.06099,0.06095,0.06099,14017.9,0.06097,854.671363,14017.9,854.671363,
2023-10-05 08:30:00+00:00,0.06095,0.06098,0.06098,0.06096,13896.4,0.060967,847.2218188,13896.4,847.2218188,
2023-10-05 08:35:00+00:00,0.06096,0.06099,0.06097,0.06099,97078.7,0.060978,5919.6649686,97078.7,5919.6649686,
2023-10-05 08:40:00+00:00,0.06098,0.06101,0.06099,0.061,78329.6,0.060995,4777.713952,78329.6,4777.713952,
2023-10-05 08:45:00+00:00,0.061,0.06102,0.061,0.06101,17473.1,0.061008,1065.9988848,17473.1,1065.9988848,
2023-10-05 08:50:00+00:00,0.06102,0.06106,0.06102,0.06106,28822.9,0.06104,1759.349816,28822.9,1759.349816,
2023-10-05 08:55:00+00:00,0.06105,0.06107,0.06107,0.06105,95082.1,0.06106,5805.713026,95082.1,5805.713026,
2023-10-05 09:00:00+00:00,0.061,0.06105,0.06105,0.06102,75333.6,0.06103,4597.609608,75333.6,4597.609608,
2023-10-05 09:05:00+00:00,0.061,0.06105,0.06102,0.06105,28817.6,0.06103,1758.738128,28817.6,1758.738128,
2023-10-05 09:10:00+00:00,0.061,0.06106,0.06106,0.06102,76219.8,0.061035,4652.075493,76219.8,4652.075493,
2023-10-05 09:15:00+00:00,0.06103,0.06108,0.06103,0.06106,97572.6,0.06105,5956.80723,97572.6,5956.80723,
2023-10-05 09:20:00+00:00,0.06106,0.06113,0.06106,0.06112,75783.2,0.061092,4629.7472544,75783.2,4629.7472544,
2023-10-05 09:25:00+00:00,0.06108,0.06113,0.06111,0.06108,8890.5,0.0611,543.20955,8890.5,543.20955,
2023-10-05 09:30:00+00:00,0.06109,0.06113,0.0611,0.06111,78804.6,0.061108,4815.5914968,78804.6,4815.5914968,
2023-10-05 09:35:00+00:00,0.06108,0.06112,0.06111,0.0611,79277.6,0.061103,4844.0991928,79277.6,4844.0991928,
2023-10-05 09:40:00+00:00,0.06109,0.06112,0.0611,0.06111,124843.0,0.061105,7628.531515,124843.0,7628.531515,
2023-10-05 09:45:00+00:00,0.06109,0.06111,0.06111,0.0611,9166.3,0.061103,560.0884289,9166.3,560.0884289,
2023-10-05 09:50:00+00:00,0.06109,0.06112,0.06109,0.06109,18821.1,0.061098,1149.9315678,18821.1,1149.9315678,
2023-10-05 09:55:00+00:00,0.06107,0.0611,0.06108,0.06108,8246.1,0.061083,503.6965263,8246.1,503.6965263,
2023-10-05 10:00:00+00:00,0.06107,0.0611,0.0611,0.06109,65486.0,0.06109,4000.53974,65486.0,4000.53974,
2023-10-05 10:05:00+00:00,0.06106,0.06108,0.06108,0.06107,17409.1,0.061072,1063.2085552,17409.1,1063.2085552,
2023-10-05 10:10:00+00:00,0.06105,0.06109,0.06108,0.06107,55817.8,0.061072,3408.9046816,55817.8,3408.9046816,
2023-10-05 10:15:00+00:00,0.06105,0.06112,0.06107,0.06112,246054.5,0.06109,15031.469405,246054.5,15031.469405,
2023-10-05 10:20:00+00:00,0.06104,0.06118,0.06112,0.06104,1726774.9,0.061095,105497.3125155,1726774.9,105497.3125155,
2023-10-05 10:25:00+00:00,0.06101,0.06105,0.06104,0.06102,286342.8,0.06103,17475.501084,286342.8,17475.501084,
2023-10-05 10:30:00+00:00,0.06103,0.06106,0.06103,0.06105,9185.2,0.061042,560.6829784,9185.2,560.6829784,
2023-10-05 10:35:00+00:00,0.06104,0.0611,0.06105,0.06109,57967.9,0.06107,3540.099653,57967.9,3540.099653,
2023-10-05 10:40:00+00:00,0.06107,0.06109,0.06107,0.06108,72539.6,0.061078,4430.5736888,72539.6,4430.5736888,
2023-10-05 10:45:00+00:00,0.06108,0.0611,0.06108,0.0611,54045.5,0.06109,3301.639595,54045.5,3301.639595,
2023-10-05 10:50:00+00:00,0.0611,0.06112,0.0611,0.06111,124780.6,0.061107,7624.9681242,124780.6,7624.9681242,
2023-10-05 10:55:00+00:00,0.06111,0.06113,0.06111,0.06112,14323.6,0.061118,875.4297848,14323.6,875.4297848,
2023-10-05 11:00:00+00:00,0.06109,0.06111,0.06111,0.0611,10082.0,0.061103,616.040446,10082.0,616.040446,
2023-10-05 11:05:00+00:00,0.06106,0.06109,0.06109,0.06109,19806.3,0.061083,1209.8282229,19806.3,1209.8282229,
2023-10-05 11:10:00+00:00,0.06107,0.06109,0.06108,0.06109,17100.8,0.061083,1044.5681664,17100.8,1044.5681664,
2023-10-05 11:15:00+00:00,0.06105,0.06109,0.06109,0.06106,118484.6,0.061072,7236.0914912,118484.6,7236.0914912,
2023-10-05 11:20:00+00:00,0.06106,0.06108,0.06107,0.06108,40632.7,0.061072,2481.5202544,40632.7,2481.5202544,
2023-10-05 11:25:00+00:00,0.06105,0.0611,0.06107,0.06106,116119.5,0.06107,7091.417865,116119.5,7091.417865,
2023-10-05 11:30:00+00:00,0.06104,0.06108,0.06107,0.06105,92384.6,0.06106,5641.003676,92384.6,5641.003676,
2023-10-05 11:35:00+00:00,0.06106,0.06112,0.06106,0.06107,315439.2,0.061078,19266.3954576,315439.2,19266.3954576,
2023-10-05 11:40:00+00:00,0.06107,0.06109,0.06107,0.06108,24619.2,0.061078,1503.6914976,24619.2,1503.6914976,
2023-10-05 11:45:00+00:00,0.06102,0.06108,0.06108,0.06104,25526.2,0.061055,1558.502141,25526.2,1558.502141,
2023-10-05 11:50:00+00:00,0.06101,0.06105,0.06104,0.06101,56635.9,0.061028,3456.3757052,56635.9,3456.3757052,
2023-10-05 11:55:00+00:00,0.06097,0.06102,0.06101,0.06101,941200.4,0.061002,57415.1068008,941200.4,57415.1068008,
2023-10-05 12:00:00+00:00,0.06099,0.06103,0.06101,0.06103,26643.3,0.061015,1625.6409495,26643.3,1625.6409495,
2023-10-05 12:05:00+00:00,0.06098,0.06106,0.06103,0.061,131513.7,0.061018,8024.7029466,131513.7,8024.7029466,
2023-10-05 12:10:00+00:00,0.06092,0.061,0.061,0.06094,224373.9,0.060965,13678.9548135,224373.9,13678.9548135,
2023-10-05 12:15:00+00:00,0.06093,0.061,0.06093,0.061,163124.7,0.060965,9944.8973355,163124.7,9944.8973355,
2023-10-05 12:20:00+00:00,0.06094,0.06098,0.06098,0.06096,90043.8,0.060965,5489.520267,90043.8,5489.520267,
2023-10-05 12:25:00+00:00,0.06094,0.06099,0.06097,0.06095,63684.1,0.060962,3882.3101042,63684.1,3882.3101042,
2023-10-05 12:30:00+00:00,0.06089,0.06097,0.06093,0.06094,172641.0,0.060932,10519.361412,172641.0,10519.361412,
2023-10-05 12:35:00+00:00,0.06085,0.06095,0.06094,0.06088,652815.6,0.060905,39759.734118,652815.6,39759.734118,
2023-10-05 12:40:00+00:00,0.06086,0.06093,0.06086,0.06093,95276.2,0.060895,5801.844199,95276.2,5801.844199,
2023-10-05 12:45:00+00:00,0.06091,0.06095,0.06093,0.06093,301077.6,0.06093,18344.658168,301077.6,18344.658168,
2023-10-05 12:50:00+00:00,0.0609,0.06096,0.06093,0.06092,30960.3,0.060928,1886.3491584,30960.3,1886.3491584,
2023-10-05 12:55:00+00:00,0.06092,0.06096,0.06092,0.06094,206080.4,0.060935,12557.509174,206080.4,12557.509174,
2023-10-05 13:00:00+00:00,0.06093,0.061,0.06094,0.06099,128794.6,0.060965,7851.962789,128794.6,7851.962789,
2023-10-05 13:05:00+00:00,0.06099,0.06109,0.061,0.06109,291374.3,0.061043,17786.3613949,291374.3,17786.3613949,
2023-10-05 13:10:00+00:00,0.06107,0.06117,0.06109,0.06116,202695.8,0.061122,12389.1726876,202695.8,12389.1726876,
2023-10-05 13:15:00+00:00,0.06116,0.06125,0.06116,0.0612,1006027.0,0.061192,61560.804184,1006027.0,61560.804184,
2023-10-05 13:20:00+00:00,0.06118,0.06124,0.0612,0.06118,281963.5,0.0612,17256.1662,281963.5,17256.1662,
2023-10-05 13:25:00+00:00,0.06117,0.06132,0.06117,0.06124,879499.6,0.061225,53847.36301,879499.6,53847.36301,
2023-10-05 13:30:00+00:00,0.06123,0.06134,0.06129,0.0613,200480.6,0.06129,12287.455974,200480.6,12287.455974,
2023-10-05 13:35:00+00:00,0.06116,0.06137,0.06134,0.06118,1112059.4,0.061262,68126.9829628,1112059.4,68126.9829628,
2023-10-05 13:40:00+00:00,0.06116,0.06123,0.06118,0.06116,329189.7,0.061182,20140.4842254,329189.7,20140.4842254,
2023-10-05 13:45:00+00:00,0.06107,0.06119,0.06115,0.06118,293996.6,0.061148,17977.3040968,293996.6,17977.3040968,
2023-10-05 13:50:00+00:00,0.06115,0.06123,0.06118,0.06117,277570.7,0.061182,16982.3305674,277570.7,16982.3305674,
2023-10-05 13:55:00+00:00,0.06117,0.06124,0.06117,0.06122,301642.2,0.0612,18460.50264,301642.2,18460.50264,
2023-10-05 14:00:00+00:00,0.06114,0.06122,0.06121,0.06117,735539.8,0.061185,45004.002663,735539.8,45004.002663,
2023-10-05 14:05:00+00:00,0.06114,0.06121,0.06114,0.0612,146246.7,0.061172,8946.2031324,146246.7,8946.2031324,
2023-10-05 14:10:00+00:00,0.06115,0.06124,0.0612,0.06124,465827.9,0.061208,28512.3941032,465827.9,28512.3941032,
2023-10-05 14:15:00+00:00,0.06122,0.06133,0.06123,0.06131,167076.4,0.061272,10237.1051808,167076.4,10237.1051808,
2023-10-05 14:20:00+00:00,0.06122,0.06138,0.0613,0.06124,331339.3,0.061285,20306.1290005,331339.3,20306.1290005,
2023-10-05 14:25:00+00:00,0.06124,0.06132,0.06125,0.06131,574617.1,0.06128,35212.535888,574617.1,35212.535888,
2023-10-05 14:30:00+00:00,0.06125,0.06132,0.0613,0.06125,55738.3,0.06128,3415.643024,55738.3,3415.643024,
2023-10-05 14:35:00+00:00,0.06117,0.06128,0.06128,0.06117,103303.6,0.061225,6324.76291,103303.6,6324.76291,
2023-10-05 14:40:00+00:00,0.06116,0.06121,0.06118,0.0612,243159.2,0.061188,14878.4251296,243159.2,14878.4251296,
2023-10-05 14:45:00+00:00,0.06117,0.06126,0.06119,0.06119,141390.1,0.061202,8653.3569002,141390.1,8653.3569002,
2023-10-05 14:50:00+00:00,0.0612,0.06125,0.0612,0.06124,364381.8,0.061222,22308.1825596,364381.8,22308.1825596,
2023-10-05 14:55:00+00:00,0.06121,0.06125,0.06125,0.06123,184004.7,0.061235,11267.5278045,184004.7,11267.5278045,
2023-10-05 15:00:00+00:00,0.06094,0.06124,0.06123,0.06097,1235665.1,0.061095,75492.9592845,1235665.1,75492.9592845,
2023-10-05 15:05:00+00:00,0.06091,0.06104,0.06095,0.06096,943696.3,0.060965,57532.4449295,943696.3,57532.4449295,
2023-10-05 15:10:00+00:00,0.06091,0.06107,0.06096,0.06106,210241.3,0.061,12824.7193,210241.3,12824.7193,
2023-10-05 15:15:00+00:00,0.06102,0.06111,0.06106,0.06104,93752.0,0.061058,5724.309616,93752.0,5724.309616,
2023-10-05 15:20:00+00:00,0.06094,0.06105,0.06105,0.06103,429381.3,0.061018,26199.9881634,429381.3,26199.9881634,
2023-10-05 15:25:00+00:00,0.06093,0.06101,0.061,0.06098,553081.5,0.06098,33726.90987,553081.5,33726.90987,
2023-10-05 15:30:00+00:00,0.06079,0.06099,0.06096,0.06091,1018138.2,0.060912,62016.8340384,1018138.2,62016.8340384,
2023-10-05 15:35:00+00:00,0.06061,0.06092,0.06091,0.06087,2048060.9,0.060828,124579.4484252,2048060.9,124579.4484252,
2023-10-05 15:40:00+00:00,0.06081,0.06097,0.06086,0.06092,671712.6,0.06089,40900.580214,671712.6,40900.580214,
2023-10-05 15:45:00+00:00,0.0609,0.06099,0.0609,0.06097,390721.2,0.06094,23810.549928,390721.2,23810.549928,
2023-10-05 15:50:00+00:00,0.0609,0.06098,0.06094,0.06098,96119.2,0.06095,5858.46524,96119.2,5858.46524,
2023-10-05 15:55:00+00:00,0.06085,0.06097,0.06097,0.06085,591822.8,0.06091,36047.926748,591822.8,36047.926748,
2023-10-05 16:00:00+00:00,0.06082,0.06095,0.06086,0.06085,196868.5,0.06087,11983.385595,196868.5,11983.385595,
2023-10-05 16:05:00+00:00,0.06079,0.06092,0.06086,0.0609,578720.2,0.060868,35225.5411336,578720.2,35225.5411336,
2023-10-05 16:10:00+00:00,0.06084,0.06099,0.06088,0.06095,113275.6,0.060915,6900.183174,113275.6,6900.183174,
2023-10-05 16:15:00+00:00,0.06095,0.06104,0.06095,0.061,30567.4,0.060985,1864.152889,30567.4,1864.152889,
2023-10-05 16:20:00+00:00,0.06097,0.06104,0.061,0.061,192062.4,0.061002,11716.1905248,192062.4,11716.1905248,
2023-10-05 16:25:00+00:00,0.06095,0.06102,0.061,0.06099,225922.8,0.06099,13779.031572,225922.8,13779.031572,
2023-10-05 16:30:00+00:00,0.06097,0.06102,0.061,0.06098,173098.1,0.060992,10557.5993152,173098.1,10557.5993152,
2023-10-05 16:35:00+00:00,0.06097,0.06105,0.06098,0.06097,303925.8,0.060992,18537.0423936,303925.8,18537.0423936,
2023-10-05 16:40:00+00:00,0.06084,0.06098,0.06098,0.06085,295920.2,0.060912,18025.0912224,295920.2,18025.0912224,
2023-10-05 16:45:00+00:00,0.06082,0.06093,0.06085,0.0609,571651.2,0.060875,34799.2668,571651.2,34799.2668,
2023-10-05 16:50:00+00:00,0.06086,0.06096,0.06091,0.06087,591551.9,0.0609,36025.51071,591551.9,36025.51071,
2023-10-05 16:55:00+00:00,0.06083,0.06095,0.06086,0.06093,294912.9,0.060892,17957.8363068,294912.9,17957.8363068,
2023-10-05 17:00:00+00:00,0.06088,0.06096,0.06095,0.06089,22018.4,0.06092,1341.360928,22018.4,1341.360928,
2023-10-05 17:05:00+00:00,0.06082,0.06091,0.0609,0.0609,217197.7,0.060883,13223.6475691,217197.7,13223.6475691,
2023-10-05 17:10:00+00:00,0.0609,0.06093,0.06091,0.0609,60894.4,0.06091,3709.077904,60894.4,3709.077904,
2023-10-05 17:15:00+00:00,0.06082,0.06093,0.06093,0.06084,195002.3,0.06088,11871.740024,195002.3,11871.740024,
2023-10-05 17:20:00+00:00,0.06083,0.06097,0.06084,0.06097,207788.3,0.060902,12654.7230466,207788.3,12654.7230466,
2023-10-05 17:25:00+00:00,0.06094,0.06099,0.06097,0.06097,79290.0,0.060968,4834.15272,79290.0,4834.15272,
2023-10-05 17:30:00+00:00,0.06095,0.06106,0.06098,0.06105,254929.5,0.06101,15553.248795,254929.5,15553.248795,
2023-10-05 17:35:00+00:00,0.06102,0.06109,0.06103,0.06108,229295.6,0.061055,13999.642858,229295.6,13999.642858,
2023-10-05 17:40:00+00:00,0.06107,0.06112,0.0611,0.06109,324172.9,0.061095,19805.3433255,324172.9,19805.3433255,
2023-10-05 17:45:00+00:00,0.06106,0.0611,0.06108,0.06108,67430.7,0.06108,4118.667156,67430.7,4118.667156,
2023-10-05 17:50:00+00:00,0.06105,0.06111,0.06108,0.06105,228580.4,0.061072,13959.8621888,228580.4,13959.8621888,
2023-10-05 17:55:00+00:00,0.06104,0.06107,0.06106,0.06107,231297.2,0.06106,14123.007032,231297.2,14123.007032,
2023-10-05 18:00:00+00:00,0.06104,0.06111,0.06108,0.06105,241187.4,0.06107,14729.314518,241187.4,14729.314518,
2023-10-05 18:05:00+00:00,0.06098,0.06105,0.06105,0.06101,269648.3,0.061022,16454.4785626,269648.3,16454.4785626,
2023-10-05 18:10:00+00:00,0.06099,0.06104,0.06101,0.06104,77260.5,0.06102,4714.43571,77260.5,4714.43571,
2023-10-05 18:15:00+00:00,0.06104,0.06107,0.06105,0.06105,64024.4,0.061052,3908.8176688,64024.4,3908.8176688,
2023-10-05 18:20:00+00:00,0.06097,0.06107,0.06103,0.06102,212930.7,0.061022,12993.4571754,212930.7,12993.4571754,
2023-10-05 18:25:00+00:00,0.06096,0.06103,0.06103,0.06099,147707.8,0.061002,9010.4712156,147707.8,9010.4712156,
2023-10-05 18:30:00+00:00,0.06094,0.06104,0.06098,0.06104,283027.1,0.061,17264.6531,283027.1,17264.6531,
2023-10-05 18:35:00+00:00,0.06101,0.06107,0.06103,0.06107,416023.0,0.061045,25396.124035,416023.0,25396.124035,
2023-10-05 18:40:00+00:00,0.06106,0.06115,0.06107,0.06111,421986.3,0.061098,25782.5189574,421986.3,25782.5189574,
2023-10-05 18:45:00+00:00,0.06108,0.06115,0.06112,0.06108,312193.4,0.061108,19077.5142872,312193.4,19077.5142872,
2023-10-05 18:50:00+00:00,0.06106,0.06113,0.0611,0.06113,34132.6,0.061105,2085.672523,34132.6,2085.672523,
2023-10-05 18:55:00+00:00,0.06109,0.06114,0.06113,0.06111,180850.6,0.061118,11053.2269708,180850.6,11053.2269708,
2023-10-05 19:00:00+00:00,0.0611,0.06114,0.0611,0.06112,116767.4,0.061115,7136.239651,116767.4,7136.239651,
2023-10-05 19:05:00+00:00,0.06109,0.06115,0.0611,0.06115,58650.4,0.061122,3584.8297488,58650.4,3584.8297488,
2023-10-05 19:10:00+00:00,0.06113,0.06118,0.06115,0.06117,78871.9,0.061158,4823.6476602,78871.9,4823.6476602,
2023-10-05 19:15:00+00:00,0.06116,0.0612,0.06116,0.06119,119772.8,0.061177,7327.3405856,119772.8,7327.3405856,
2023-10-05 19:20:00+00:00,0.06113,0.06119,0.06119,0.06116,30604.0,0.061168,1871.985472,30604.0,1871.985472,
2023-10-05 19:25:00+00:00,0.06115,0.06118,0.06115,0.06118,10099.8,0.061165,617.754267,10099.8,617.754267,
2023-10-05 19:30:00+00:00,0.06113,0.06118,0.06118,0.06113,30761.1,0.061155,1881.1950705,30761.1,1881.1950705,
2023-10-05 19:35:00+00:00,0.06111,0.06115,0.06113,0.06113,69713.9,0.06113,4261.610707,69713.9,4261.610707,
2023-10-05 19:40:00+00:00,0.0611,0.06112,0.0611,0.06112,66867.1,0.06111,4086.248481,66867.1,4086.248481,
2023-10-05 19:45:00+00:00,0.06108,0.06115,0.06111,0.0611,63074.5,0.06111,3854.482695,63074.5,3854.482695,
2023-10-05 19:50:00+00:00,0.06104,0.0611,0.0611,0.06106,429152.7,0.061075,26210.5011525,429152.7,26210.5011525,
2023-10-05 19:55:00+00:00,0.06107,0.06112,0.06107,0.06112,117362.5,0.061095,7170.2619375,117362.5,7170.2619375,
2023-10-05 20:00:00+00:00,0.06111,0.06114,0.06112,0.06113,29027.4,0.061125,1774.299825,29027.4,1774.299825,
2023-10-05 20:05:00+00:00,0.06111,0.0612,0.06112,0.06119,90689.3,0.061155,5546.1041415,90689.3,5546.1041415,
2023-10-05 20:10:00+00:00,0.0611,0.06118,0.06117,0.06112,246061.9,0.061142,15044.7166898,246061.9,15044.7166898,
2023-10-05 20:15:00+00:00,0.06112,0.06117,0.06112,0.06115,188853.9,0.06114,11546.527446,188853.9,11546.527446,
2023-10-05 20:20:00+00:00,0.06111,0.06115,0.06115,0.06112,56829.8,0.061133,3474.1761634,56829.8,3474.1761634,
2023-10-05 20:25:00+00:00,0.0611,0.06113,0.06111,0.0611,70654.2,0.06111,4317.678162,70654.2,4317.678162,
2023-10-05 20:30:00+00:00,0.06104,0.0611,0.0611,0.06104,247199.9,0.06107,15096.497893,247199.9,15096.497893,
2023-10-05 20:35:00+00:00,0.06102,0.06106,0.06104,0.06106,152168.0,0.061045,9289.09556,152168.0,9289.09556,
2023-10-05 20:40:00+00:00,0.061,0.06107,0.06107,0.061,112346.8,0.061035,6857.086938,112346.8,6857.086938,
2023-10-05 20:45:00+00:00,0.06095,0.06101,0.06101,0.06096,263133.4,0.060982,16046.4009988,263133.4,16046.4009988,
2023-10-05 20:50:00+00:00,0.06095,0.061,0.06095,0.06099,30654.3,0.060972,1869.0539796,30654.3,1869.0539796,
2023-10-05 20:55:00+00:00,0.06096,0.06103,0.06098,0.06103,70658.7,0.061,4310.1807,70658.7,4310.1807,
2023-10-05 21:00:00+00:00,0.06102,0.06108,0.06103,0.06106,349643.1,0.061048,21345.0119688,349643.1,21345.0119688,
2023-10-05 21:05:00+00:00,0.06106,0.06113,0.06106,0.06112,377158.6,0.061092,23041.3731912,377158.6,23041.3731912,
2023-10-05 21:10:00+00:00,0.0611,0.06115,0.06112,0.06113,253804.4,0.061125,15513.79395,253804.4,15513.79395,
2023-10-05 21:15:00+00:00,0.06113,0.0612,0.06113,0.06117,49680.6,0.061158,3038.3661348,49680.6,3038.3661348,
2023-10-05 21:20:00+00:00,0.06115,0.0612,0.06119,0.06115,21384.9,0.061173,1308.1784877,21384.9,1308.1784877,
2023-10-05 21:25:00+00:00,0.0611,0.06116,0.06116,0.06113,10965.9,0.061138,670.4331942,10965.9,670.4331942,
2023-10-05 21:30:00+00:00,0.06109,0.06113,0.06112,0.06111,427688.8,0.061112,26136.9179456,427688.8,26136.9179456,
2023-10-05 21:35:00+00:00,0.06109,0.06112,0.06112,0.0611,167692.8,0.061107,10247.2039296,167692.8,10247.2039296,
2023-10-05 21:40:00+00:00,0.06105,0.06109,0.06109,0.06107,158389.7,0.061075,9673.6509275,158389.7,9673.6509275,
2023-10-05 21:45:00+00:00,0.06101,0.06107,0.06105,0.06102,200921.5,0.061038,12263.846517,200921.5,12263.846517,
2023-10-05 21:50:00+00:00,0.06102,0.06107,0.06103,0.06107,107924.3,0.061048,6588.5626664,107924.3,6588.5626664,
2023-10-05 21:55:00+00:00,0.06104,0.06106,0.06106,0.06104,7507.3,0.06105,458.320665,7507.3,458.320665,
2023-10-05 22:00:00+00:00,0.06094,0.06106,0.06104,0.06094,83978.3,0.060995,5122.2564085,83978.3,5122.2564085,
2023-10-05 22:05:00+00:00,0.06091,0.06101,0.06092,0.06098,91258.9,0.060955,5562.6862495,91258.9,5562.6862495,
2023-10-05 22:10:00+00:00,0.06095,0.061,0.06099,0.06096,51689.2,0.060975,3151.74897,51689.2,3151.74897,
2023-10-05 22:15:00+00:00,0.06095,0.061,0.06095,0.06098,98846.7,0.06097,6026.683299,98846.7,6026.683299,
2023-10-05 22:20:00+00:00,0.06095,0.06103,0.06097,0.06102,394543.8,0.060992,24064.0154496,394543.8,24064.0154496,
2023-10-05 22:25:00+00:00,0.061,0.06108,0.061,0.06107,32225.8,0.061037,1966.9661546,32225.8,1966.9661546,
2023-10-05 22:30:00+00:00,0.06105,0.06109,0.06107,0.06109,20768.1,0.061075,1268.4117075,20768.1,1268.4117075,
2023-10-05 22:35:00+00:00,0.06108,0.06113,0.0611,0.0611,108739.5,0.061103,6644.3096685,108739.5,6644.3096685,
2023-10-05 22:40:00+00:00,0.0611,0.06112,0.06111,0.06112,106169.3,0.061112,6488.2182616,106169.3,6488.2182616,
2023-10-05 22:45:00+00:00,0.06111,0.06112,0.06112,0.06111,53319.1,0.061115,3258.5967965,53319.1,3258.5967965,
2023-10-05 22:50:00+00:00,0.06105,0.06111,0.06111,0.06105,98809.4,0.06108,6035.278152,98809.4,6035.278152,
2023-10-05 22:55:00+00:00,0.06103,0.06107,0.06106,0.06107,39397.7,0.061058,2405.5447666,39397.7,2405.5447666,
2023-10-05 23:00:00+00:00,0.06106,0.06111,0.06108,0.06111,27173.1,0.06109,1660.004679,27173.1,1660.004679,
2023-10-05 23:05:00+00:00,0.06108,0.06111,0.06111,0.06109,65280.1,0.061098,3988.4835498,65280.1,3988.4835498,
2023-10-05 23:10:00+00:00,0.06104,0.06109,0.06108,0.06104,35385.4,0.061062,2160.7032948,35385.4,2160.7032948,
2023-10-05 23:15:00+00:00,0.06098,0.06106,0.06106,0.06101,1297856.4,0.061028,79205.5803792,1297856.4,79205.5803792,
2023-10-05 23:20:00+00:00,0.06097,0.06102,0.06101,0.06097,91136.0,0.060992,5558.566912,91136.0,5558.566912,
2023-10-05 23:25:00+00:00,0.06095,0.06099,0.06099,0.06096,76515.7,0.060972,4665.3152604,76515.7,4665.3152604,
2023-10-05 23:30:00+00:00,0.06093,0.06098,0.06095,0.06096,70590.9,0.060955,4302.8683095,70590.9,4302.8683095,
2023-10-05 23:35:00+00:00,0.0609,0.06098,0.06096,0.06094,310723.9,0.060945,18937.0680855,310723.9,18937.0680855,
2023-10-05 23:40:00+00:00,0.06094,0.06099,0.06094,0.06099,129377.6,0.060965,7887.505384,129377.6,7887.505384,
2023-10-05 23:45:00+00:00,0.06089,0.061,0.061,0.06089,168386.3,0.060945,10262.3030535,168386.3,10262.3030535,
2023-10-05 23:50:00+00:00,0.06086,0.06092,0.06091,0.06086,267842.7,0.060888,16308.4063176,267842.7,16308.4063176,
2023-10-05 23:55:00+00:00,0.06084,0.06086,0.06086,0.06085,233917.2,0.060853,14234.5633716,233917.2,14234.5633716,
2023-10-06 00:00:00+00:00,0.06086,0.06098,0.06086,0.06094,284305.7,0.06091,17317.060187,284305.7,17317.060187,
2023-10-06 00:05:00+00:00,0.0609,0.06103,0.06095,0.06098,221227.3,0.060965,13487.1223445,221227.3,13487.1223445,
2023-10-06 00:10:00+00:00,0.06094,0.06098,0.06098,0.06097,40883.5,0.060968,2492.585228,40883.5,2492.585228,
2023-10-06 00:15:00+00:00,0.0609,0.06097,0.06096,0.06097,98288.1,0.06095,5990.659695,98288.1,5990.659695,
2023-10-06 00:20:00+00:00,0.06098,0.06104,0.06098,0.06104,308717.8,0.06101,18834.872978,308717.8,18834.872978,
2023-10-06 00:25:00+00:00,0.06102,0.06106,0.06104,0.06103,148279.5,0.061038,9050.684121,148279.5,9050.684121,
2023-10-06 00:30:00+00:00,0.06098,0.06104,0.06103,0.06104,863902.6,0.061022,52717.0644572,863902.6,52717.0644572,
2023-10-06 00:35:00+00:00,0.06096,0.06106,0.06104,0.06099,621824.6,0.061012,37938.7624952,621824.6,37938.7624952,
2023-10-06 00:40:00+00:00,0.06094,0.06099,0.06098,0.06094,115336.4,0.060962,7031.1376168,115336.4,7031.1376168,
2023-10-06 00:45:00+00:00,0.06094,0.061,0.06097,0.06096,135798.5,0.060967,8279.2271495,135798.5,8279.2271495,
2023-10-06 00:50:00+00:00,0.06095,0.061,0.06096,0.06098,74745.9,0.060972,4557.4070148,74745.9,4557.4070148,
2023-10-06 00:55:00+00:00,0.06097,0.06102,0.06097,0.06102,45078.8,0.060995,2749.581406,45078.8,2749.581406,
2023-10-06 01:00:00+00:00,0.06099,0.06105,0.06102,0.06105,59787.6,0.061028,3648.7176528,59787.6,3648.7176528,
2023-10-06 01:05:00+00:00,0.06103,0.06109,0.06106,0.06107,292279.8,0.061063,17847.4814274,292279.8,17847.4814274,
2023-10-06 01:10:00+00:00,0.06103,0.06107,0.06107,0.06107,225350.4,0.06106,13759.895424,225350.4,13759.895424,
2023-10-06 01:15:00+00:00,0.06102,0.06107,0.06107,0.06104,122075.1,0.06105,7452.684855,122075.1,7452.684855,
2023-10-06 01:20:00+00:00,0.06103,0.06106,0.06106,0.06105,23713.1,0.06105,1447.684755,23713.1,1447.684755,
2023-10-06 01:25:00+00:00,0.06103,0.06106,0.06104,0.06104,10488.4,0.061042,640.2329128,10488.4,640.2329128,
2023-10-06 01:30:00+00:00,0.06103,0.06111,0.06104,0.06109,77927.0,0.061068,4758.846036,77927.0,4758.846036,
2023-10-06 01:35:00+00:00,0.06111,0.06118,0.06114,0.06118,122639.5,0.061152,7499.650704,122639.5,7499.650704,
2023-10-06 01:40:00+00:00,0.06114,0.06119,0.06118,0.06117,17102.5,0.06117,1046.159925,17102.5,1046.159925,
2023-10-06 01:45:00+00:00,0.06117,0.06121,0.06117,0.06117,528517.3,0.06118,32334.688414,528517.3,32334.688414,
2023-10-06 01:50:00+00:00,0.06114,0.06116,0.06116,0.06115,37554.0,0.061153,2296.539762,37554.0,2296.539762,
2023-10-06 01:55:00+00:00,0.06113,0.06115,0.06113,0.06115,56430.9,0.06114,3450.185226,56430.9,3450.185226,
2023-10-06 02:00:00+00:00,0.06114,0.06121,0.06114,0.06116,66105.3,0.061162,4043.1323586,66105.3,4043.1323586,
2023-10-06 02:05:00+00:00,0.06116,0.06121,0.06117,0.06121,49829.5,0.061188,3048.967446,49829.5,3048.967446,
2023-10-06 02:10:00+00:00,0.06114,0.0612,0.0612,0.06115,85285.0,0.061172,5217.05402,85285.0,5217.05402,
2023-10-06 02:15:00+00:00,0.06111,0.06119,0.06115,0.06114,264868.4,0.061148,16196.1729232,264868.4,16196.1729232,
2023-10-06 02:20:00+00:00,0.06108,0.06115,0.06113,0.06109,146875.7,0.061112,8975.8677784,146875.7,8975.8677784,
2023-10-06 02:25:00+00:00,0.06108,0.06118,0.06109,0.06115,341146.0,0.061125,20852.54925,341146.0,20852.54925,
2023-10-06 02:30:00+00:00,0.06113,0.06117,0.06116,0.06113,138638.7,0.061147,8477.3405889,138638.7,8477.3405889,
2023-10-06 02:35:00+00:00,0.06112,0.06115,0.06115,0.06112,53210.0,0.061135,3252.99335,53210.0,3252.99335,
2023-10-06 02:40:00+00:00,0.06111,0.06115,0.06114,0.06114,144257.6,0.061135,8819.188376,144257.6,8819.188376,
2023-10-06 02:45:00+00:00,0.06113,0.06116,0.06113,0.06116,13889.6,0.061145,849.279592,13889.6,849.279592,
2023-10-06 02:50:00+00:00,0.06113,0.06117,0.06116,0.06114,35024.5,0.06115,2141.748175,35024.5,2141.748175,
2023-10-06 02:55:00+00:00,0.06112,0.06115,0.06115,0.06113,22299.3,0.061138,1363.3346034,22299.3,1363.3346034,
2023-10-06 03:00:00+00:00,0.06107,0.06111,0.06111,0.06108,235916.8,0.061092,14412.6291456,235916.8,14412.6291456,
2023-10-06 03:05:00+00:00,0.06108,0.06113,0.06109,0.06112,9801.8,0.061105,598.938989,9801.8,598.938989,
2023-10-06 03:10:00+00:00,0.06111,0.06114,0.06112,0.06113,7615.2,0.061125,465.4791,7615.2,465.4791,
2023-10-06 03:15:00+00:00,0.0611,0.06112,0.06112,0.06112,5673.1,0.061115,346.7115065,5673.1,346.7115065,
2023-10-06 03:20:00+00:00,0.06106,0.06113,0.06112,0.06108,161753.2,0.061098,9882.7970136,161753.2,9882.7970136,
2023-10-06 03:25:00+00:00,0.06106,0.06108,0.06107,0.06106,24726.8,0.061068,1510.0162224,24726.8,1510.0162224,
2023-10-06 03:30:00+00:00,0.06105,0.0611,0.06106,0.06109,80626.1,0.061075,4924.2390575,80626.1,4924.2390575,
2023-10-06 03:35:00+00:00,0.06104,0.06109,0.06109,0.06107,187510.1,0.061072,11451.6168272,187510.1,11451.6168272,
2023-10-06 03:40:00+00:00,0.06103,0.0611,0.06104,0.06108,242541.2,0.061062,14810.0507544,242541.2,14810.0507544,
2023-10-06 03:45:00+00:00,0.06106,0.06109,0.06109,0.06108,43772.3,0.06108,2673.612084,43772.3,2673.612084,
2023-10-06 03:50:00+00:00,0.06105,0.06109,0.06107,0.06105,29875.6,0.061065,1824.353514,29875.6,1824.353514,
2023-10-06 03:55:00+00:00,0.06105,0.06109,0.06106,0.06107,317660.9,0.061068,19398.9158412,317660.9,19398.9158412,
2023-10-06 04:00:00+00:00,0.06105,0.06108,0.06107,0.06107,65748.0,0.061068,4015.098864,65748.0,4015.098864,
2023-10-06 04:05:00+00:00,0.06101,0.06108,0.06107,0.06103,21418.5,0.061048,1307.556588,21418.5,1307.556588,
2023-10-06 04:10:00+00:00,0.06101,0.06104,0.06103,0.06102,350864.8,0.061025,21411.52442,350864.8,21411.52442,
2023-10-06 04:15:00+00:00,0.06097,0.06104,0.06103,0.06097,212156.0,0.061002,12941.940312,212156.0,12941.940312,
2023-10-06 04:20:00+00:00,0.06098,0.06104,0.06098,0.06104,186143.4,0.06101,11356.608834,186143.4,11356.608834,
2023-10-06 04:25:00+00:00,0.06103,0.06108,0.06104,0.06106,105144.7,0.061052,6419.2942244,105144.7,6419.2942244,
2023-10-06 04:30:00+00:00,0.06102,0.06108,0.06107,0.06107,283434.2,0.06106,17306.492252,283434.2,17306.492252,
2023-10-06 04:35:00+00:00,0.06106,0.06108,0.06106,0.06107,40057.9,0.061068,2446.2558372,40057.9,2446.2558372,
2023-10-06 04:40:00+00:00,0.06104,0.06108,0.06107,0.06105,86347.5,0.06106,5272.37835,86347.5,5272.37835,
2023-10-06 04:45:00+00:00,0.06104,0.06107,0.06107,0.06105,10863.4,0.061058,663.2974772,10863.4,663.2974772,
2023-10-06 04:50:00+00:00,0.06101,0.06105,0.06104,0.06102,53587.2,0.06103,3270.426816,53587.2,3270.426816,
2023-10-06 04:55:00+00:00,0.061,0.06103,0.061,0.061,31481.6,0.061008,1920.6294528,31481.6,1920.6294528,
2023-10-06 05:00:00+00:00,0.061,0.06104,0.061,0.06101,98256.8,0.061012,5994.8438816,98256.8,5994.8438816,
2023-10-06 05:05:00+00:00,0.06097,0.06102,0.06102,0.06097,67350.7,0.060995,4108.0559465,67350.7,4108.0559465,
2023-10-06 05:10:00+00:00,0.06097,0.061,0.06098,0.06099,74644.7,0.060985,4552.2070295,74644.7,4552.2070295,
2023-10-06 05:15:00+00:00,0.06096,0.06098,0.06098,0.06096,6415.2,0.06097,391.134744,6415.2,391.134744,
2023-10-06 05:20:00+00:00,0.06097,0.06101,0.06097,0.06099,59313.1,0.060985,3617.2094035,59313.1,3617.2094035,
2023-10-06 05:25:00+00:00,0.06096,0.061,0.06099,0.06098,28165.8,0.060982,1717.6068156,28165.8,1717.6068156,
2023-10-06 05:30:00+00:00,0.06096,0.06098,0.06098,0.06098,12784.1,0.060975,779.5104975,12784.1,779.5104975,
2023-10-06 05:35:00+00:00,0.06096,0.06099,0.06097,0.06098,58095.8,0.060975,3542.391405,58095.8,3542.391405,
2023-10-06 05:40:00+00:00,0.06097,0.061,0.06097,0.06098,66330.8,0.06098,4044.852184,66330.8,4044.852184,
2023-10-06 05:45:00+00:00,0.06097,0.061,0.06098,0.06099,170518.8,0.060985,10399.089018,170518.8,10399.089018,
2023-10-06 05:50:00+00:00,0.06097,0.061,0.061,0.06099,22405.2,0.06099,1366.493148,22405.2,1366.493148,
2023-10-06 05:55:00+00:00,0.06099,0.06101,0.061,0.061,18418.6,0.061,1123.5346,18418.6,1123.5346,
2023-10-06 06:00:00+00:00,0.06099,0.061,0.061,0.061,15209.7,0.060997,927.7460709,15209.7,927.7460709,
2023-10-06 06:05:00+00:00,0.06095,0.061,0.061,0.06098,58106.0,0.060982,3543.420092,58106.0,3543.420092,
2023-10-06 06:10:00+00:00,0.06097,0.061,0.06098,0.06099,14839.5,0.060985,904.9869075,14839.5,904.9869075,
2023-10-06 06:15:00+00:00,0.06098,0.061,0.061,0.06099,31273.3,0.060993,1907.4523869,31273.3,1907.4523869,
2023-10-06 06:20:00+00:00,0.06098,0.06105,0.061,0.06104,78601.4,0.061018,4796.1002252,78601.4,4796.1002252,
2023-10-06 06:25:00+00:00,0.06103,0.06105,0.06105,0.06104,123714.2,0.061042,7551.7621964,123714.2,7551.7621964,
2023-10-06 06:30:00+00:00,0.06101,0.06107,0.06104,0.06102,94729.6,0.061035,5781.821136,94729.6,5781.821136,
2023-10-06 06:35:00+00:00,0.06095,0.06101,0.061,0.06097,251071.1,0.060982,15310.8178202,251071.1,15310.8178202,
2023-10-06 06:40:00+00:00,0.06096,0.06099,0.06098,0.06098,13005.5,0.060978,793.049379,13005.5,793.049379,
2023-10-06 06:45:00+00:00,0.06094,0.06099,0.06096,0.06099,100048.3,0.06097,6099.944851,100048.3,6099.944851,
2023-10-06 06:50:00+00:00,0.06096,0.06102,0.06098,0.061,113598.2,0.06099,6928.354218,113598.2,6928.354218,
2023-10-06 06:55:00+00:00,0.06095,0.06101,0.061,0.061,932596.9,0.06099,56879.084931,932596.9,56879.084931,
2023-10-06 07:00:00+00:00,0.06095,0.06102,0.06099,0.06102,275148.7,0.060995,16782.6949565,275148.7,16782.6949565,
2023-10-06 07:05:00+00:00,0.06099,0.06101,0.06101,0.06101,17327.3,0.061005,1057.0519365,17327.3,1057.0519365,
2023-10-06 07:10:00+00:00,0.06101,0.06105,0.06102,0.06105,16651.0,0.061032,1016.243832,16651.0,1016.243832,
2023-10-06 07:15:00+00:00,0.06102,0.06107,0.06104,0.06103,36210.8,0.06104,2210.307232,36210.8,2210.307232,
2023-10-06 07:20:00+00:00,0.06103,0.06109,0.06104,0.06109,53754.2,0.061062,3282.3389604,53754.2,3282.3389604,
2023-10-06 07:25:00+00:00,0.06106,0.0611,0.0611,0.06107,41801.9,0.061082,2553.3436558,41801.9,2553.3436558,
2023-10-06 07:30:00+00:00,0.06105,0.06109,0.06108,0.06109,79745.3,0.061078,4870.6834334,79745.3,4870.6834334,
2023-10-06 07:35:00+00:00,0.06108,0.06112,0.06109,0.06111,71378.5,0.0611,4361.22635,71378.5,4361.22635,
2023-10-06 07:40:00+00:00,0.0611,0.06116,0.06111,0.06115,901537.4,0.06113,55110.981262,901537.4,55110.981262,
2023-10-06 07:45:00+00:00,0.06112,0.06119,0.06117,0.06112,227663.9,0.06115,13921.647485,227663.9,13921.647485,
2023-10-06 07:50:00+00:00,0.06111,0.06116,0.06113,0.06114,582743.2,0.061135,35626.005532,582743.2,35626.005532,
2023-10-06 07:55:00+00:00,0.06112,0.06115,0.06114,0.06112,17262.8,0.061133,1055.3267524,17262.8,1055.3267524,
2023-10-06 08:00:00+00:00,0.06112,0.06116,0.06113,0.06116,437429.6,0.061142,26745.3206032,437429.6,26745.3206032,
2023-10-06 08:05:00+00:00,0.06114,0.06118,0.06114,0.06116,52434.4,0.061155,3206.625732,52434.4,3206.625732,
2023-10-06 08:10:00+00:00,0.06114,0.06119,0.06116,0.06116,88137.5,0.061162,5390.665775,88137.5,5390.665775,
2023-10-06 08:15:00+00:00,0.06114,0.06117,0.06116,0.06117,33679.5,0.06116,2059.83822,33679.5,2059.83822,
2023-10-06 08:20:00+00:00,0.06116,0.0612,0.06116,0.0612,20208.1,0.06118,1236.331558,20208.1,1236.331558,
2023-10-06 08:25:00+00:00,0.0612,0.06123,0.06122,0.06122,243783.1,0.061218,14923.9138158,243783.1,14923.9138158,
2023-10-06 08:30:00+00:00,0.0611,0.06122,0.06122,0.06112,125632.3,0.061165,7684.2996295,125632.3,7684.2996295,
2023-10-06 08:35:00+00:00,0.06111,0.06115,0.06114,0.06112,11023.7,0.06113,673.878781,11023.7,673.878781,
2023-10-06 08:40:00+00:00,0.0611,0.06117,0.06113,0.06117,111268.0,0.061142,6803.148056,111268.0,6803.148056,
2023-10-06 08:45:00+00:00,0.06115,0.06121,0.06117,0.06115,381472.8,0.06117,23334.691176,381472.8,23334.691176,
2023-10-06 08:50:00+00:00,0.0611,0.06115,0.06114,0.06111,321503.8,0.061125,19651.919775,321503.8,19651.919775,
2023-10-06 08:55:00+00:00,0.06109,0.06112,0.06111,0.06112,19407.5,0.06111,1185.992325,19407.5,1185.992325,
2023-10-06 09:00:00+00:00,0.06111,0.06114,0.06112,0.06112,11531.4,0.061122,704.8222308,11531.4,704.8222308,
2023-10-06 09:05:00+00:00,0.06108,0.06111,0.06111,0.06111,37596.9,0.061102,2297.2457838,37596.9,2297.2457838,
2023-10-06 09:10:00+00:00,0.06111,0.06115,0.06111,0.06113,37485.5,0.061125,2291.3011875,37485.5,2291.3011875,
2023-10-06 09:15:00+00:00,0.06113,0.06119,0.06113,0.06115,37154.0,0.06115,2271.9671,37154.0,2271.9671,
2023-10-06 09:20:00+00:00,0.06112,0.06118,0.06116,0.06116,64744.2,0.061155,3959.431551,64744.2,3959.431551,
2023-10-06 09:25:00+00:00,0.06113,0.06117,0.06115,0.06115,122212.9,0.06115,7473.318835,122212.9,7473.318835,
2023-10-06 09:30:00+00:00,0.06113,0.06117,0.06115,0.06117,80120.0,0.061155,4899.7386,80120.0,4899.7386,
2023-10-06 09:35:00+00:00,0.06113,0.06115,0.06115,0.06115,27669.7,0.061145,1691.8638065,27669.7,1691.8638065,
2023-10-06 09:40:00+00:00,0.06114,0.06117,0.06116,0.06114,38444.1,0.061152,2350.9336032,38444.1,2350.9336032,
2023-10-06 09:45:00+00:00,0.06114,0.0612,0.06114,0.0612,5670.7,0.06117,346.876719,5670.7,346.876719,
2023-10-06 09:50:00+00:00,0.06117,0.06119,0.06119,0.06117,26427.9,0.06118,1616.858922,26427.9,1616.858922,
2023-10-06 09:55:00+00:00,0.06116,0.0612,0.06116,0.06118,133584.2,0.061175,8172.013435,133584.2,8172.013435,
2023-10-06 10:00:00+00:00,0.06118,0.0612,0.06119,0.06118,2403.7,0.061188,147.0775956,2403.7,147.0775956,
2023-10-06 10:05:00+00:00,0.06117,0.0612,0.06118,0.0612,171108.8,0.061188,10469.8052544,171108.8,10469.8052544,
2023-10-06 10:10:00+00:00,0.06117,0.06119,0.06119,0.06118,196567.8,0.061182,12026.4111396,196567.8,12026.4111396,
2023-10-06 10:15:00+00:00,0.06116,0.06121,0.06117,0.06121,239519.7,0.061188,14655.7314036,239519.7,14655.7314036,
2023-10-06 10:20:00+00:00,0.06121,0.06124,0.06121,0.06123,38587.1,0.061222,2362.3794362,38587.1,2362.3794362,
2023-10-06 10:25:00+00:00,0.0612,0.06127,0.06123,0.06127,134794.4,0.061242,8255.0786448,134794.4,8255.0786448,
2023-10-06 10:30:00+00:00,0.06121,0.06128,0.06128,0.06124,79701.1,0.061252,4881.8517772,79701.1,4881.8517772,
2023-10-06 10:35:00+00:00,0.06119,0.06124,0.06124,0.06122,99436.8,0.061222,6087.7197696,99436.8,6087.7197696,
2023-10-06 10:40:00+00:00,0.06116,0.06122,0.06122,0.06118,74743.2,0.061195,4573.910124,74743.2,4573.910124,
2023-10-06 10:45:00+00:00,0.06114,0.06119,0.06119,0.06116,11373.3,0.06117,695.704761,11373.3,695.704761,
2023-10-06 10:50:00+00:00,0.06113,0.06116,0.06115,0.06113,85355.6,0.061142,5218.8120952,85355.6,5218.8120952,
2023-10-06 10:55:00+00:00,0.06111,0.06115,0.06113,0.06111,337152.9,0.061125,20608.4710125,337152.9,20608.4710125,
2023-10-06 11:00:00+00:00,0.06104,0.06112,0.06111,0.06108,79466.1,0.061087,4854.3456507,79466.1,4854.3456507,
2023-10-06 11:05:00+00:00,0.06107,0.06113,0.06107,0.06112,120103.4,0.061098,7338.0775332,120103.4,7338.0775332,
2023-10-06 11:10:00+00:00,0.06112,0.06116,0.06112,0.06115,40962.6,0.061138,2504.3714388,40962.6,2504.3714388,
2023-10-06 11:15:00+00:00,0.06112,0.06118,0.06114,0.06118,197689.5,0.061155,12089.7013725,197689.5,12089.7013725,
2023-10-06 11:20:00+00:00,0.06116,0.06119,0.06119,0.06117,60479.0,0.061178,3699.984262,60479.0,3699.984262,
2023-10-06 11:25:00+00:00,0.06114,0.06117,0.06117,0.06116,155525.6,0.06116,9511.945696,155525.6,9511.945696,
2023-10-06 11:30:00+00:00,0.06112,0.06116,0.06115,0.06113,45196.9,0.06114,2763.338466,45196.9,2763.338466,
2023-10-06 11:35:00+00:00,0.06111,0.06117,0.06114,0.06115,202556.1,0.061142,12384.6850662,202556.1,12384.6850662,
2023-10-06 11:40:00+00:00,0.06113,0.06117,0.06115,0.06116,146083.7,0.061152,8933.3104224,146083.7,8933.3104224,
2023-10-06 11:45:00+00:00,0.06111,0.06116,0.06116,0.06114,44042.6,0.061142,2692.8526492,44042.6,2692.8526492,
2023-10-06 11:50:00+00:00,0.06113,0.06116,0.06115,0.06114,16122.5,0.061145,985.8102625,16122.5,985.8102625,
2023-10-06 11:55:00+00:00,0.06112,0.06116,0.06112,0.06115,204260.3,0.061138,12488.0662214,204260.3,12488.0662214,
2023-10-06 12:00:00+00:00,0.06113,0.06117,0.06115,0.06117,143417.8,0.061155,8770.715559,143417.8,8770.715559,
2023-10-06 12:05:00+00:00,0.06113,0.06118,0.06118,0.06115,8166.9,0.06116,499.487604,8166.9,499.487604,
2023-10-06 12:10:00+00:00,0.06109,0.06116,0.06115,0.06114,527782.2,0.061135,32265.964797,527782.2,32265.964797,
2023-10-06 12:15:00+00:00,0.06113,0.06118,0.06113,0.06115,70552.4,0.061148,4314.1381552,70552.4,4314.1381552,
2023-10-06 12:20:00+00:00,0.06112,0.06118,0.06116,0.06112,106653.7,0.061145,6521.3404865,106653.7,6521.3404865,
2023-10-06 12:25:00+00:00,0.06107,0.06113,0.06113,0.06107,120914.7,0.0611,7387.88817,120914.7,7387.88817,
2023-10-06 12:30:00+00:00,0.06087,0.06107,0.06107,0.06095,835140.6,0.06099,50935.225194,835140.6,50935.225194,
2023-10-06 12:35:00+00:00,0.06095,0.06101,0.06095,0.06099,306255.3,0.060975,18673.9169175,306255.3,18673.9169175,
2023-10-06 12:40:00+00:00,0.06095,0.06102,0.061,0.06095,196450.1,0.06098,11979.527098,196450.1,11979.527098,
2023-10-06 12:45:00+00:00,0.06088,0.06097,0.06096,0.06094,160415.3,0.060938,9775.3875514,160415.3,9775.3875514,
2023-10-06 12:50:00+00:00,0.06084,0.06095,0.06092,0.06089,713026.2,0.0609,43423.29558,713026.2,43423.29558,
2023-10-06 12:55:00+00:00,0.06071,0.06093,0.06088,0.06077,1545007.2,0.060822,93970.4279184,1545007.2,93970.4279184,
2023-10-06 13:00:00+00:00,0.06072,0.06086,0.06076,0.06082,432760.5,0.06079,26307.510795,432760.5,26307.510795,
2023-10-06 13:05:00+00:00,0.06084,0.06095,0.06084,0.0609,376654.7,0.060882,22931.4914454,376654.7,22931.4914454,
2023-10-06 13:10:00+00:00,0.06088,0.06095,0.06091,0.06092,81818.8,0.060915,4983.992202,81818.8,4983.992202,
2023-10-06 13:15:00+00:00,0.06094,0.06099,0.06094,0.06097,158311.5,0.06096,9650.66904,158311.5,9650.66904,
2023-10-06 13:20:00+00:00,0.06092,0.06099,0.06096,0.06099,245320.5,0.060965,14955.9642825,245320.5,14955.9642825,
2023-10-06 13:25:00+00:00,0.06093,0.06099,0.06099,0.06094,368435.9,0.060962,22460.5893358,368435.9,22460.5893358,
2023-10-06 13:30:00+00:00,0.06093,0.06114,0.06094,0.0611,846332.8,0.061028,51649.9981184,846332.8,51649.9981184,
2023-10-06 13:35:00+00:00,0.06098,0.06111,0.0611,0.06099,155523.4,0.061045,9493.925953,155523.4,9493.925953,
2023-10-06 13:40:00+00:00,0.06095,0.06106,0.06098,0.06098,194243.6,0.060993,11847.4998948,194243.6,11847.4998948,
2023-10-06 13:45:00+00:00,0.06094,0.06109,0.06099,0.06094,117477.4,0.06099,7164.946626,117477.4,7164.946626,
2023-10-06 13:50:00+00:00,0.06092,0.061,0.06094,0.06094,314254.0,0.06095,19153.7813,314254.0,19153.7813,
2023-10-06 13:55:00+00:00,0.0609,0.06098,0.06093,0.06098,197674.6,0.060948,12047.8715208,197674.6,12047.8715208,
2023-10-06 14:00:00+00:00,0.06093,0.061,0.06097,0.06094,125691.7,0.06096,7662.166032,125691.7,7662.166032,
2023-10-06 14:05:00+00:00,0.06089,0.06096,0.06091,0.06093,407985.8,0.060923,24855.7188934,407985.8,24855.7188934,
2023-10-06 14:10:00+00:00,0.06088,0.06096,0.06091,0.06096,589470.9,0.060927,35914.6935243,589470.9,35914.6935243,
2023-10-06 14:15:00+00:00,0.06094,0.06098,0.06096,0.06094,95500.6,0.060955,5821.239073,95500.6,5821.239073,
2023-10-06 14:20:00+00:00,0.06089,0.06101,0.06095,0.061,210540.4,0.060962,12834.9638648,210540.4,12834.9638648,
2023-10-06 14:25:00+00:00,0.06102,0.06108,0.06103,0.06107,110330.3,0.06105,6735.664815,110330.3,6735.664815,
2023-10-06 14:30:00+00:00,0.06104,0.06112,0.06107,0.06106,203587.0,0.061072,12433.465264,203587.0,12433.465264,
2023-10-06 14:35:00+00:00,0.06102,0.0611,0.06105,0.06109,307229.6,0.061065,18760.975524,307229.6,18760.975524,
2023-10-06 14:40:00+00:00,0.06104,0.0611,0.06109,0.06105,168322.2,0.06107,10279.436754,168322.2,10279.436754,
2023-10-06 14:45:00+00:00,0.06099,0.06109,0.06106,0.06107,784611.5,0.061053,47902.8859095,784611.5,47902.8859095,
2023-10-06 14:50:00+00:00,0.06104,0.06108,0.06106,0.06106,99483.6,0.06106,6074.468616,99483.6,6074.468616,
2023-10-06 14:55:00+00:00,0.06103,0.06108,0.06106,0.06108,105356.2,0.061062,6433.2602844,105356.2,6433.2602844,
2023-10-06 15:00:00+00:00,0.06106,0.0611,0.06108,0.0611,137502.6,0.061085,8399.346321,137502.6,8399.346321,
2023-10-06 15:05:00+00:00,0.0611,0.06113,0.06111,0.06112,285906.8,0.061115,17473.194082,285906.8,17473.194082,
2023-10-06 15:10:00+00:00,0.0611,0.06116,0.06112,0.06115,206920.1,0.061132,12649.4395532,206920.1,12649.4395532,
2023-10-06 15:15:00+00:00,0.06105,0.06118,0.06116,0.06105,200806.1,0.06111,12271.260771,200806.1,12271.260771,
2023-10-06 15:20:00+00:00,0.06106,0.06113,0.06106,0.06113,132564.4,0.061095,8099.022018,132564.4,8099.022018,
2023-10-06 15:25:00+00:00,0.06112,0.06127,0.06112,0.06127,927867.6,0.061195,56780.857782,927867.6,56780.857782,
2023-10-06 15:30:00+00:00,0.06125,0.06137,0.06126,0.06133,1051787.2,0.061302,64476.6589344,1051787.2,64476.6589344,
2023-10-06 15:35:00+00:00,0.06132,0.06138,0.06132,0.06134,705388.5,0.06134,43268.53059,705388.5,43268.53059,
2023-10-06 15:40:00+00:00,0.06132,0.06141,0.06136,0.06133,547570.1,0.061355,33596.1634855,547570.1,33596.1634855,
2023-10-06 15:45:00+00:00,0.06129,0.0614,0.06131,0.0614,683372.4,0.06135,41924.89674,683372.4,41924.89674,
2023-10-06 15:50:00+00:00,0.06129,0.06142,0.0614,0.0613,469522.3,0.061352,28806.1321496,469522.3,28806.1321496,
2023-10-06 15:55:00+00:00,0.06128,0.06132,0.06129,0.06131,270965.4,0.0613,16610.17902,270965.4,16610.17902,
2023-10-06 16:00:00+00:00,0.06131,0.06139,0.06131,0.06133,478118.2,0.061335,29325.379797,478118.2,29325.379797,
2023-10-06 16:05:00+00:00,0.06131,0.06137,0.06131,0.06135,331297.9,0.061335,20320.1566965,331297.9,20320.1566965,
2023-10-06 16:10:00+00:00,0.06125,0.06134,0.06134,0.06127,461341.7,0.0613,28280.24621,461341.7,28280.24621,
2023-10-06 16:15:00+00:00,0.06115,0.06129,0.06128,0.0612,1453770.9,0.06123,89014.392207,1453770.9,89014.392207,
2023-10-06 16:20:00+00:00,0.06116,0.06122,0.0612,0.0612,733249.4,0.061195,44871.197033,733249.4,44871.197033,
2023-10-06 16:25:00+00:00,0.06118,0.06129,0.06118,0.06125,97255.8,0.061225,5954.486355,97255.8,5954.486355,
2023-10-06 16:30:00+00:00,0.06119,0.06128,0.06126,0.06119,522346.9,0.06123,31983.300687,522346.9,31983.300687,
2023-10-06 16:35:00+00:00,0.06119,0.06125,0.06119,0.06125,869063.9,0.06122,53204.091958,869063.9,53204.091958,
2023-10-06 16:40:00+00:00,0.06122,0.06128,0.06124,0.06128,165720.5,0.061255,10151.2092275,165720.5,10151.2092275,
2023-10-06 16:45:00+00:00,0.06124,0.06129,0.06128,0.06125,151529.5,0.061265,9283.4548175,151529.5,9283.4548175,
2023-10-06 16:50:00+00:00,0.06124,0.06126,0.06124,0.06125,189964.5,0.061248,11634.945696,189964.5,11634.945696,
2023-10-06 16:55:00+00:00,0.0612,0.06126,0.06126,0.06121,106484.9,0.061232,6520.2833968,106484.9,6520.2833968,
2023-10-06 17:00:00+00:00,0.0612,0.06124,0.06121,0.0612,401053.5,0.061212,24549.286842,401053.5,24549.286842,
2023-10-06 17:05:00+00:00,0.06116,0.06119,0.06118,0.06117,127540.6,0.061175,7802.296205,127540.6,7802.296205,
2023-10-06 17:10:00+00:00,0.06113,0.06119,0.06118,0.06118,201846.2,0.06117,12346.932054,201846.2,12346.932054,
2023-10-06 17:15:00+00:00,0.06117,0.06122,0.06118,0.06121,378928.8,0.061195,23188.547916,378928.8,23188.547916,
2023-10-06 17:20:00+00:00,0.06121,0.06128,0.06121,0.06127,181835.5,0.061242,11135.969691,181835.5,11135.969691,
2023-10-06 17:25:00+00:00,0.06126,0.06129,0.06126,0.06128,129127.9,0.061272,7911.9246888,129127.9,7911.9246888,
2023-10-06 17:30:00+00:00,0.06127,0.06135,0.06127,0.06132,292131.6,0.061302,17908.2513432,292131.6,17908.2513432,
2023-10-06 17:35:00+00:00,0.0613,0.06134,0.06131,0.06132,283650.5,0.061318,17392.881359,283650.5,17392.881359,
2023-10-06 17:40:00+00:00,0.0613,0.06133,0.06132,0.06132,103458.1,0.061318,6343.8437758,103458.1,6343.8437758,
2023-10-06 17:45:00+00:00,0.06127,0.06132,0.06131,0.06131,235498.9,0.061302,14436.5535678,235498.9,14436.5535678,
2023-10-06 17:50:00+00:00,0.0613,0.06135,0.0613,0.06134,422359.6,0.061322,25899.9353912,422359.6,25899.9353912,
2023-10-06 17:55:00+00:00,0.06131,0.06136,0.06133,0.06133,288658.0,0.061332,17703.972456,288658.0,17703.972456,
2023-10-06 18:00:00+00:00,0.0613,0.06134,0.06133,0.0613,112838.2,0.061318,6919.0127476,112838.2,6919.0127476,
2023-10-06 18:05:00+00:00,0.06126,0.06131,0.0613,0.06129,82721.3,0.06129,5069.988477,82721.3,5069.988477,
2023-10-06 18:10:00+00:00,0.06127,0.06134,0.06128,0.06131,280728.2,0.0613,17208.63866,280728.2,17208.63866,
2023-10-06 18:15:00+00:00,0.06127,0.06133,0.06131,0.0613,194927.0,0.061302,11949.414954,194927.0,11949.414954,
2023-10-06 18:20:00+00:00,0.06128,0.06132,0.06129,0.06131,83893.9,0.0613,5142.69607,83893.9,5142.69607,
2023-10-06 18:25:00+00:00,0.06132,0.06139,0.06132,0.06139,232610.6,0.061355,14271.823363,232610.6,14271.823363,
2023-10-06 18:30:00+00:00,0.06134,0.06138,0.06138,0.06136,31228.9,0.061365,1916.3614485,31228.9,1916.3614485,
2023-10-06 18:35:00+00:00,0.06132,0.06136,0.06136,0.06133,95963.2,0.061342,5886.5746144,95963.2,5886.5746144,
2023-10-06 18:40:00+00:00,0.0613,0.06135,0.06132,0.06131,87695.6,0.06132,5377.494192,87695.6,5377.494192,
2023-10-06 18:45:00+00:00,0.0613,0.06134,0.06131,0.06132,113989.0,0.061318,6989.577502,113989.0,6989.577502,
2023-10-06 18:50:00+00:00,0.0613,0.06134,0.06132,0.06132,55274.6,0.06132,3389.438472,55274.6,3389.438472,
2023-10-06 18:55:00+00:00,0.06131,0.06135,0.06131,0.06135,47850.3,0.06133,2934.658899,47850.3,2934.658899,
2023-10-06 19:00:00+00:00,0.06131,0.06136,0.06133,0.06132,135182.6,0.06133,8290.748858,135182.6,8290.748858,
2023-10-06 19:05:00+00:00,0.06131,0.06136,0.06132,0.06133,12117.1,0.06133,743.141743,12117.1,743.141743,
2023-10-06 19:10:00+00:00,0.06133,0.06137,0.06134,0.06136,16004.6,0.06135,981.88221,16004.6,981.88221,
2023-10-06 19:15:00+00:00,0.06135,0.06138,0.06137,0.06136,107645.7,0.061365,6605.6783805,107645.7,6605.6783805,
2023-10-06 19:20:00+00:00,0.06135,0.06138,0.06135,0.06138,252552.0,0.061365,15497.85348,252552.0,15497.85348,
2023-10-06 19:25:00+00:00,0.06137,0.06148,0.06137,0.06145,774747.5,0.061418,47583.441955,774747.5,47583.441955,
2023-10-06 19:30:00+00:00,0.06141,0.06147,0.06144,0.06142,128399.8,0.061435,7888.241713,128399.8,7888.241713,
2023-10-06 19:35:00+00:00,0.0614,0.06145,0.06142,0.06144,151372.4,0.061428,9298.5037872,151372.4,9298.5037872,
2023-10-06 19:40:00+00:00,0.06134,0.0614,0.06139,0.06135,294533.7,0.06137,18075.533169,294533.7,18075.533169,
2023-10-06 19:45:00+00:00,0.06133,0.06137,0.06136,0.06136,161498.3,0.061355,9908.7281965,161498.3,9908.7281965,
2023-10-06 19:50:00+00:00,0.06125,0.06134,0.06134,0.06131,872212.4,0.06131,53475.342244,872212.4,53475.342244,
2023-10-06 19:55:00+00:00,0.06129,0.06134,0.06131,0.06131,121966.1,0.061312,7477.9855232,121966.1,7477.9855232,
2023-10-06 20:00:00+00:00,0.06128,0.06134,0.06131,0.06131,110673.0,0.06131,6785.36163,110673.0,6785.36163,
2023-10-06 20:05:00+00:00,0.06127,0.06132,0.06131,0.06129,29459.1,0.061298,1805.7839118,29459.1,1805.7839118,
2023-10-06 20:10:00+00:00,0.06129,0.06135,0.0613,0.06134,395830.1,0.06132,24272.301732,395830.1,24272.301732,
2023-10-06 20:15:00+00:00,0.06131,0.06135,0.06134,0.06134,71518.4,0.061335,4386.581064,71518.4,4386.581064,
2023-10-06 20:20:00+00:00,0.06131,0.06136,0.06133,0.06136,112510.1,0.06134,6901.369534,112510.1,6901.369534,
2023-10-06 20:25:00+00:00,0.06134,0.06137,0.06137,0.06135,176965.4,0.061357,10858.0660478,176965.4,10858.0660478,
2023-10-06 20:30:00+00:00,0.06134,0.06138,0.06134,0.06137,161074.4,0.061358,9883.2030352,161074.4,9883.2030352,
2023-10-06 20:35:00+00:00,0.06136,0.06139,0.06137,0.06137,196923.8,0.061372,12085.6074536,196923.8,12085.6074536,
2023-10-06 20:40:00+00:00,0.06136,0.06139,0.06137,0.06136,75306.6,0.06137,4621.566042,75306.6,4621.566042,
2023-10-06 20:45:00+00:00,0.06132,0.06139,0.06138,0.06133,76494.1,0.061355,4693.2955055,76494.1,4693.2955055,
2023-10-06 20:50:00+00:00,0.06133,0.06136,0.06135,0.06136,180492.1,0.06135,11073.190335,180492.1,11073.190335,
2023-10-06 20:55:00+00:00,0.06134,0.06137,0.06136,0.06137,50437.0,0.06136,3094.81432,50437.0,3094.81432,
2023-10-06 21:00:00+00:00,0.06133,0.06138,0.06136,0.06138,20807.5,0.061362,1276.789815,20807.5,1276.789815,
2023-10-06 21:05:00+00:00,0.06133,0.06138,0.06137,0.06134,216846.4,0.061355,13304.610872,216846.4,13304.610872,
2023-10-06 21:10:00+00:00,0.06132,0.06134,0.06132,0.06133,76133.2,0.061327,4669.0207564,76133.2,4669.0207564,
2023-10-06 21:15:00+00:00,0.0613,0.06134,0.06132,0.06133,131003.8,0.061322,8033.4150236,131003.8,8033.4150236,
2023-10-06 21:20:00+00:00,0.06133,0.06136,0.06134,0.06136,142851.3,0.061348,8763.6415524,142851.3,8763.6415524,
2023-10-06 21:25:00+00:00,0.06129,0.06135,0.06132,0.06133,351166.4,0.061322,21534.2259808,351166.4,21534.2259808,
2023-10-06 21:30:00+00:00,0.06132,0.06135,0.06133,0.06134,854310.3,0.061335,52399.1222505,854310.3,52399.1222505,
2023-10-06 21:35:00+00:00,0.06133,0.0616,0.06135,0.06155,1534727.3,0.061458,94321.2704034,1534727.3,94321.2704034,
2023-10-06 21:40:00+00:00,0.06149,0.06156,0.06154,0.06151,660817.0,0.061525,40656.765925,660817.0,40656.765925,
2023-10-06 21:45:00+00:00,0.0615,0.06156,0.06151,0.06154,431964.8,0.061528,26577.9302144,431964.8,26577.9302144,
2023-10-06 21:50:00+00:00,0.06148,0.06153,0.06152,0.0615,44489.0,0.061508,2736.429412,44489.0,2736.429412,
2023-10-06 21:55:00+00:00,0.0615,0.06153,0.06151,0.06153,71268.3,0.061518,4384.2832794,71268.3,4384.2832794,
2023-10-06 22:00:00+00:00,0.06143,0.06153,0.06153,0.06145,214615.1,0.061485,13195.6094235,214615.1,13195.6094235,
2023-10-06 22:05:00+00:00,0.06145,0.06153,0.06145,0.06153,153632.7,0.06149,9446.874723,153632.7,9446.874723,
2023-10-06 22:10:00+00:00,0.0615,0.06155,0.06152,0.06155,221972.8,0.06153,13657.986384,221972.8,13657.986384,
2023-10-06 22:15:00+00:00,0.06145,0.06155,0.06155,0.06146,148525.9,0.061502,9134.6399018,148525.9,9134.6399018,
2023-10-06 22:20:00+00:00,0.06142,0.06148,0.06147,0.06148,813309.5,0.061462,49987.628489,813309.5,49987.628489,
2023-10-06 22:25:00+00:00,0.06141,0.06148,0.06148,0.06142,35191.6,0.061448,2162.4534368,35191.6,2162.4534368,
2023-10-06 22:30:00+00:00,0.06138,0.06142,0.06141,0.0614,92102.1,0.061402,5655.2531442,92102.1,5655.2531442,
2023-10-06 22:35:00+00:00,0.06138,0.06143,0.06138,0.06142,24809.6,0.061402,1523.3590592,24809.6,1523.3590592,
2023-10-06 22:40:00+00:00,0.06137,0.06141,0.06141,0.0614,90711.2,0.061398,5569.4862576,90711.2,5569.4862576,
2023-10-06 22:45:00+00:00,0.06139,0.06147,0.06139,0.06146,75869.4,0.061427,4660.4296338,75869.4,4660.4296338,
2023-10-06 22:50:00+00:00,0.06144,0.06149,0.06147,0.06146,481607.8,0.061465,29602.023427,481607.8,29602.023427,
2023-10-06 22:55:00+00:00,0.06143,0.0615,0.06146,0.06143,187528.3,0.061455,11524.5516765,187528.3,11524.5516765,
2023-10-06 23:00:00+00:00,0.06142,0.06147,0.06143,0.06145,431016.7,0.061442,26482.5280814,431016.7,26482.5280814,
2023-10-06 23:05:00+00:00,0.06141,0.06145,0.06144,0.06141,136788.8,0.061427,8402.5256176,136788.8,8402.5256176,
2023-10-06 23:10:00+00:00,0.06139,0.06145,0.06141,0.06139,180922.0,0.06141,11110.42002,180922.0,11110.42002,
2023-10-06 23:15:00+00:00,0.06135,0.06143,0.0614,0.06136,125888.0,0.061385,7727.63488,125888.0,7727.63488,
2023-10-06 23:20:00+00:00,0.06134,0.06138,0.06136,0.06137,137522.7,0.061362,8438.6679174,137522.7,8438.6679174,
2023-10-06 23:25:00+00:00,0.06133,0.06139,0.06136,0.06134,143726.8,0.061355,8818.357814,143726.8,8818.357814,
2023-10-06 23:30:00+00:00,0.06134,0.06139,0.06134,0.06138,107154.1,0.061362,6575.1898842,107154.1,6575.1898842,
2023-10-06 23:35:00+00:00,0.06138,0.06143,0.06138,0.06142,147080.1,0.061402,9031.0123002,147080.1,9031.0123002,
2023-10-06 23:40:00+00:00,0.06138,0.06142,0.06142,0.06141,55210.8,0.061408,3390.3848064,55210.8,3390.3848064,
2023-10-06 23:45:00+00:00,0.0614,0.06144,0.0614,0.06144,26500.9,0.06142,1627.685278,26500.9,1627.685278,
2023-10-06 23:50:00+00:00,0.0614,0.06143,0.06143,0.06141,66075.5,0.061418,4058.225059,66075.5,4058.225059,
2023-10-06 23:55:00+00:00,0.06138,0.06141,0.06141,0.0614,15794.3,0.0614,969.77002,15794.3,969.77002,
2023-10-07 00:00:00+00:00,0.06136,0.06144,0.06141,0.06143,186313.9,0.06141,11441.536599,186313.9,11441.536599,
2023-10-07 00:05:00+00:00,0.06143,0.06161,0.06144,0.06158,584522.5,0.061515,35956.9015875,584522.5,35956.9015875,
2023-10-07 00:10:00+00:00,0.06157,0.06164,0.06157,0.06159,175034.1,0.061592,10780.7002872,175034.1,10780.7002872,
2023-10-07 00:15:00+00:00,0.06147,0.06159,0.06158,0.06154,258932.0,0.061545,15935.96994,258932.0,15935.96994,
2023-10-07 00:20:00+00:00,0.06145,0.06157,0.06154,0.06147,406986.4,0.061508,25032.9194912,406986.4,25032.9194912,
2023-10-07 00:25:00+00:00,0.06148,0.06159,0.06148,0.06154,362892.5,0.061522,22325.872385,362892.5,22325.872385,
2023-10-07 00:30:00+00:00,0.0615,0.06157,0.06153,0.06157,134505.1,0.061542,8277.7128642,134505.1,8277.7128642,
2023-10-07 00:35:00+00:00,0.06155,0.06158,0.06155,0.06157,269458.0,0.061563,16588.642854,269458.0,16588.642854,
2023-10-07 00:40:00+00:00,0.06156,0.0616,0.06158,0.06158,238434.7,0.06158,14682.808826,238434.7,14682.808826,
2023-10-07 00:45:00+00:00,0.06151,0.06159,0.06159,0.06153,273325.4,0.061555,16824.544997,273325.4,16824.544997,
2023-10-07 00:50:00+00:00,0.06152,0.06156,0.06153,0.06156,29242.3,0.061542,1799.6296266,29242.3,1799.6296266,
2023-10-07 00:55:00+00:00,0.06152,0.06155,0.06153,0.06154,89698.9,0.061535,5519.6218115,89698.9,5519.6218115,
2023-10-07 01:00:00+00:00,0.06154,0.06162,0.06155,0.06161,102767.3,0.06158,6328.410334,102767.3,6328.410334,
2023-10-07 01:05:00+00:00,0.06152,0.06161,0.06161,0.06155,113830.2,0.061572,7008.7530744,113830.2,7008.7530744,
2023-10-07 01:10:00+00:00,0.06154,0.06158,0.06154,0.06158,117775.9,0.06156,7250.284404,117775.9,7250.284404,
2023-10-07 01:15:00+00:00,0.06153,0.06158,0.06158,0.06158,42574.5,0.061568,2621.226816,42574.5,2621.226816,
2023-10-07 01:20:00+00:00,0.0615,0.0616,0.06158,0.06151,230176.0,0.061548,14166.872448,230176.0,14166.872448,
2023-10-07 01:25:00+00:00,0.06147,0.06153,0.06152,0.06153,323525.4,0.061512,19900.6944048,323525.4,19900.6944048,
2023-10-07 01:30:00+00:00,0.06145,0.06154,0.06153,0.0615,134485.0,0.061505,8271.499925,134485.0,8271.499925,
2023-10-07 01:35:00+00:00,0.06149,0.06157,0.0615,0.06155,334364.9,0.061528,20572.8035672,334364.9,20572.8035672,
2023-10-07 01:40:00+00:00,0.06152,0.06156,0.06154,0.06155,125740.6,0.061542,7738.3280052,125740.6,7738.3280052,
2023-10-07 01:45:00+00:00,0.06149,0.06155,0.06155,0.06154,133364.2,0.061533,8206.2993186,133364.2,8206.2993186,
2023-10-07 01:50:00+00:00,0.06155,0.06159,0.06155,0.06157,77714.8,0.061565,4784.511662,77714.8,4784.511662,
2023-10-07 01:55:00+00:00,0.06153,0.06158,0.06156,0.06157,186858.4,0.06156,11503.003104,186858.4,11503.003104,
2023-10-07 02:00:00+00:00,0.06156,0.06161,0.06157,0.06159,124605.8,0.061582,7673.4743756,124605.8,7673.4743756,
2023-10-07 02:05:00+00:00,0.06158,0.06163,0.06159,0.06163,127661.9,0.061607,7864.8666733,127661.9,7864.8666733,
2023-10-07 02:10:00+00:00,0.06154,0.06162,0.06161,0.06157,127006.6,0.061585,7821.701461,127006.6,7821.701461,
2023-10-07 02:15:00+00:00,0.06157,0.0616,0.06158,0.0616,41220.8,0.061588,2538.7066304,41220.8,2538.7066304,
2023-10-07 02:20:00+00:00,0.0616,0.06163,0.0616,0.06163,398606.3,0.061615,24560.1271745,398606.3,24560.1271745,
2023-10-07 02:25:00+00:00,0.06161,0.06164,0.06162,0.06163,37530.3,0.061625,2312.8047375,37530.3,2312.8047375,
2023-10-07 02:30:00+00:00,0.06161,0.06164,0.06163,0.06162,27602.5,0.061625,1701.0040625,27602.5,1701.0040625,
2023-10-07 02:35:00+00:00,0.06156,0.06162,0.06162,0.06158,44666.3,0.061595,2751.2207485,44666.3,2751.2207485,
2023-10-07 02:40:00+00:00,0.06158,0.0616,0.06159,0.0616,21840.0,0.061592,1345.16928,21840.0,1345.16928,
2023-10-07 02:45:00+00:00,0.06162,0.06164,0.06162,0.06162,27663.1,0.061625,1704.7385375,27663.1,1704.7385375,
2023-10-07 02:50:00+00:00,0.06162,0.06166,0.06164,0.06165,51421.6,0.061642,3169.7302672,51421.6,3169.7302672,
2023-10-07 02:55:00+00:00,0.06156,0.06166,0.06166,0.06156,73702.4,0.06161,4540.804864,73702.4,4540.804864,
2023-10-07 03:00:00+00:00,0.06156,0.0616,0.06158,0.06158,352201.5,0.06158,21688.56837,352201.5,21688.56837,
2023-10-07 03:05:00+00:00,0.06158,0.06164,0.06159,0.06162,412620.3,0.061608,25420.7114424,412620.3,25420.7114424,
2023-10-07 03:10:00+00:00,0.06159,0.06165,0.06164,0.06159,108338.7,0.061618,6675.6140166,108338.7,6675.6140166,
2023-10-07 03:15:00+00:00,0.0616,0.06164,0.0616,0.06161,238285.7,0.061612,14681.2585484,238285.7,14681.2585484,
2023-10-07 03:20:00+00:00,0.06159,0.06163,0.06162,0.06163,50806.2,0.061618,3130.5764316,50806.2,3130.5764316,
2023-10-07 03:25:00+00:00,0.06161,0.06164,0.06163,0.06164,11573.0,0.06163,713.24399,11573.0,713.24399,
2023-10-07 03:30:00+00:00,0.06163,0.06167,0.06164,0.06165,210836.9,0.061648,12997.6732112,210836.9,12997.6732112,
2023-10-07 03:35:00+00:00,0.06162,0.06165,0.06165,0.06164,17945.6,0.06164,1106.166784,17945.6,1106.166784,
2023-10-07 03:40:00+00:00,0.06161,0.06164,0.06164,0.06162,36936.6,0.061628,2276.3287848,36936.6,2276.3287848,
2023-10-07 03:45:00+00:00,0.06159,0.06163,0.06162,0.0616,68522.9,0.06161,4221.695869,68522.9,4221.695869,
2023-10-07 03:50:00+00:00,0.06157,0.06161,0.06161,0.06159,118963.5,0.061595,7327.5567825,118963.5,7327.5567825,
2023-10-07 03:55:00+00:00,0.06158,0.06163,0.0616,0.06158,89164.9,0.061598,5492.3795102,89164.9,5492.3795102,
2023-10-07 04:00:00+00:00,0.06157,0.06163,0.06157,0.06162,228266.3,0.061598,14060.7475474,228266.3,14060.7475474,
2023-10-07 04:05:00+00:00,0.06161,0.06164,0.06163,0.06161,126734.2,0.061622,7809.6148724,126734.2,7809.6148724,
2023-10-07 04:10:00+00:00,0.06161,0.06169,0.06161,0.06169,118744.3,0.06165,7320.586095,118744.3,7320.586095,
2023-10-07 04:15:00+00:00,0.06165,0.06169,0.06169,0.06168,182545.3,0.061677,11258.8464681,182545.3,11258.8464681,
2023-10-07 04:20:00+00:00,0.06163,0.06167,0.06166,0.06165,68067.9,0.061652,4196.5221708,68067.9,4196.5221708,
2023-10-07 04:25:00+00:00,0.06159,0.06167,0.06165,0.06159,177311.2,0.061625,10926.8027,177311.2,10926.8027,
2023-10-07 04:30:00+00:00,0.06158,0.06162,0.06158,0.0616,59781.8,0.061595,3682.259971,59781.8,3682.259971,
2023-10-07 04:35:00+00:00,0.06157,0.06162,0.06162,0.06159,71832.9,0.0616,4424.90664,71832.9,4424.90664,
2023-10-07 04:40:00+00:00,0.06158,0.06161,0.0616,0.06161,96670.9,0.0616,5954.92744,96670.9,5954.92744,
2023-10-07 04:45:00+00:00,0.06158,0.06161,0.06161,0.0616,3721.9,0.0616,229.26904,3721.9,229.26904,
2023-10-07 04:50:00+00:00,0.06156,0.06159,0.06159,0.06156,24666.4,0.061575,1518.83358,24666.4,1518.83358,
2023-10-07 04:55:00+00:00,0.06151,0.06157,0.06156,0.06152,35433.7,0.06154,2180.589898,35433.7,2180.589898,
2023-10-07 05:00:00+00:00,0.0615,0.06155,0.0615,0.06152,23546.2,0.061517,1448.4915854,23546.2,1448.4915854,
2023-10-07 05:05:00+00:00,0.06152,0.06154,0.06152,0.06152,22540.8,0.061525,1386.82272,22540.8,1386.82272,
2023-10-07 05:10:00+00:00,0.06151,0.06153,0.06152,0.06153,98636.6,0.061522,6068.3209052,98636.6,6068.3209052,
2023-10-07 05:15:00+00:00,0.06149,0.06153,0.06152,0.06151,120220.2,0.061512,7394.9849424,120220.2,7394.9849424,
2023-10-07 05:20:00+00:00,0.06147,0.06151,0.0615,0.06148,8039.3,0.06149,494.336557,8039.3,494.336557,
2023-10-07 05:25:00+00:00,0.0615,0.06155,0.0615,0.06155,125798.4,0.061525,7739.74656,125798.4,7739.74656,
2023-10-07 05:30:00+00:00,0.06151,0.06155,0.06154,0.06154,89661.1,0.061535,5517.2957885,89661.1,5517.2957885,
2023-10-07 05:35:00+00:00,0.06154,0.06158,0.06154,0.06158,10769.5,0.06156,662.97042,10769.5,662.97042,
2023-10-07 05:40:00+00:00,0.0615,0.06158,0.06158,0.06152,57802.9,0.061545,3557.4794805,57802.9,3557.4794805,
2023-10-07 05:45:00+00:00,0.0615,0.06153,0.06152,0.06152,6292.5,0.061517,387.0957225,6292.5,387.0957225,
2023-10-07 05:50:00+00:00,0.06149,0.06152,0.06151,0.06149,96867.2,0.061502,5957.5265344,96867.2,5957.5265344,
2023-10-07 05:55:00+00:00,0.06148,0.06151,0.06149,0.0615,66611.8,0.061495,4096.292641,66611.8,4096.292641,
2023-10-07 06:00:00+00:00,0.06148,0.06152,0.0615,0.06149,42857.7,0.061498,2635.6628346,42857.7,2635.6628346,
2023-10-07 06:05:00+00:00,0.06145,0.06148,0.06148,0.06146,77283.5,0.061467,4750.3848945,77283.5,4750.3848945,
2023-10-07 06:10:00+00:00,0.0614,0.06145,0.06144,0.06142,49301.4,0.061428,3028.4863992,49301.4,3028.4863992,
2023-10-07 06:15:00+00:00,0.06141,0.06145,0.06142,0.06143,324478.0,0.061427,19931.710106,324478.0,19931.710106,
2023-10-07 06:20:00+00:00,0.06141,0.06146,0.06142,0.06145,64944.0,0.061435,3989.83464,64944.0,3989.83464,
2023-10-07 06:25:00+00:00,0.0614,0.06147,0.06145,0.06145,333332.8,0.061443,20480.9672304,333332.8,20480.9672304,
2023-10-07 06:30:00+00:00,0.06142,0.06147,0.06146,0.06143,141582.9,0.061445,8699.5612905,141582.9,8699.5612905,
2023-10-07 06:35:00+00:00,0.06143,0.06147,0.06144,0.06146,311677.8,0.06145,19152.60081,311677.8,19152.60081,
2023-10-07 06:40:00+00:00,0.06143,0.06146,0.06144,0.06143,6012.3,0.06144,369.395712,6012.3,369.395712,
2023-10-07 06:45:00+00:00,0.06143,0.06146,0.06143,0.06146,34977.2,0.061445,2149.174054,34977.2,2149.174054,
2023-10-07 06:50:00+00:00,0.06143,0.06146,0.06145,0.06146,8858.6,0.06145,544.36097,8858.6,544.36097,
2023-10-07 06:55:00+00:00,0.06142,0.06144,0.06144,0.06142,25397.2,0.06143,1560.149996,25397.2,1560.149996,
2023-10-07 07:00:00+00:00,0.06142,0.06145,0.06144,0.06145,98684.6,0.06144,6063.181824,98684.6,6063.181824,
2023-10-07 07:05:00+00:00,0.0614,0.06145,0.06145,0.06143,49860.2,0.061432,3063.0118064,49860.2,3063.0118064,
2023-10-07 07:10:00+00:00,0.06143,0.06145,0.06143,0.06143,33341.9,0.061435,2048.3596265,33341.9,2048.3596265,
2023-10-07 07:15:00+00:00,0.06142,0.06144,0.06144,0.06144,356343.8,0.061435,21891.981353,356343.8,21891.981353,
2023-10-07 07:20:00+00:00,0.06143,0.06145,0.06144,0.06144,30267.9,0.06144,1859.659776,30267.9,1859.659776,
2023-10-07 07:25:00+00:00,0.06141,0.06145,0.06145,0.06145,8246.3,0.06144,506.652672,8246.3,506.652672,
2023-10-07 07:30:00+00:00,0.06143,0.06147,0.06144,0.06143,160682.7,0.061442,9872.6664534,160682.7,9872.6664534,
2023-10-07 07:35:00+00:00,0.06144,0.06147,0.06145,0.06147,114517.6,0.061458,7038.0226608,114517.6,7038.0226608,
2023-10-07 07:40:00+00:00,0.06144,0.06147,0.06147,0.06144,192538.6,0.061455,11832.459663,192538.6,11832.459663,
2023-10-07 07:45:00+00:00,0.0614,0.06144,0.06144,0.06143,54200.3,0.061427,3329.3618281,54200.3,3329.3618281,
2023-10-07 07:50:00+00:00,0.06138,0.06143,0.06143,0.0614,8941.5,0.06141,549.097515,8941.5,549.097515,
2023-10-07 07:55:00+00:00,0.06139,0.06142,0.0614,0.06139,128789.9,0.0614,7907.69986,128789.9,7907.69986,
2023-10-07 08:00:00+00:00,0.06137,0.06141,0.0614,0.06137,8353.6,0.061388,512.8107968,8353.6,512.8107968,
2023-10-07 08:05:00+00:00,0.06135,0.06138,0.06137,0.06136,40123.5,0.061365,2462.1785775,40123.5,2462.1785775,
2023-10-07 08:10:00+00:00,0.06136,0.06141,0.06137,0.06141,70908.1,0.061388,4352.9064428,70908.1,4352.9064428,
2023-10-07 08:15:00+00:00,0.06139,0.06141,0.06139,0.0614,49094.8,0.061398,3014.3225304,49094.8,3014.3225304,
2023-10-07 08:20:00+00:00,0.06139,0.06142,0.06139,0.06142,114296.1,0.061405,7018.3520205,114296.1,7018.3520205,
2023-10-07 08:25:00+00:00,0.06141,0.06144,0.06143,0.06144,202536.9,0.06143,12441.841767,202536.9,12441.841767,
2023-10-07 08:30:00+00:00,0.06143,0.06149,0.06144,0.06149,89559.2,0.061462,5504.4875504,89559.2,5504.4875504,
2023-10-07 08:35:00+00:00,0.06146,0.06149,0.06149,0.06148,91258.7,0.06148,5610.584876,91258.7,5610.584876,
2023-10-07 08:40:00+00:00,0.06148,0.06155,0.06149,0.06155,118887.3,0.061518,7313.7089214,118887.3,7313.7089214,
2023-10-07 08:45:00+00:00,0.06149,0.06153,0.06153,0.06151,104354.5,0.061515,6419.3670675,104354.5,6419.3670675,
2023-10-07 08:50:00+00:00,0.0615,0.06154,0.0615,0.06152,5124.5,0.061515,315.2336175,5124.5,315.2336175,
2023-10-07 08:55:00+00:00,0.06151,0.06152,0.06152,0.06152,19449.3,0.061517,1196.4625881,19449.3,1196.4625881,
2023-10-07 09:00:00+00:00,0.0615,0.06153,0.06153,0.06151,174828.6,0.061518,10755.1058148,174828.6,10755.1058148,
2023-10-07 09:05:00+00:00,0.06146,0.06152,0.06151,0.06146,201449.2,0.061488,12386.7084096,201449.2,12386.7084096,
2023-10-07 09:10:00+00:00,0.06147,0.06149,0.06148,0.06148,13277.5,0.06148,816.3007,13277.5,816.3007,
2023-10-07 09:15:00+00:00,0.06142,0.06148,0.06148,0.06142,1763.5,0.06145,108.367075,1763.5,108.367075,
2023-10-07 09:20:00+00:00,0.0614,0.06144,0.06142,0.06143,7099.4,0.061423,436.0664462,7099.4,436.0664462,
2023-10-07 09:25:00+00:00,0.06143,0.06144,0.06144,0.06144,21714.5,0.061438,1334.095451,21714.5,1334.095451,
2023-10-07 09:30:00+00:00,0.06141,0.06144,0.06144,0.06141,21784.4,0.061425,1338.10677,21784.4,1338.10677,
2023-10-07 09:35:00+00:00,0.06142,0.06143,0.06143,0.06143,513.2,0.061427,31.5243364,513.2,31.5243364,
2023-10-07 09:40:00+00:00,0.06141,0.06145,0.06144,0.06142,2824.3,0.06143,173.496749,2824.3,173.496749,
2023-10-07 09:45:00+00:00,0.0614,0.06143,0.06142,0.0614,177743.5,0.061412,10915.583822,177743.5,10915.583822,
2023-10-07 09:50:00+00:00,0.06138,0.06141,0.06141,0.06138,169633.0,0.061395,10414.618035,169633.0,10414.618035,
2023-10-07 09:55:00+00:00,0.06137,0.0614,0.06139,0.06139,27707.1,0.061388,1700.8834548,27707.1,1700.8834548,
2023-10-07 10:00:00+00:00,0.06137,0.06138,0.06137,0.06138,21905.9,0.061375,1344.4746125,21905.9,1344.4746125,
2023-10-07 10:05:00+00:00,0.06138,0.06141,0.06138,0.0614,64899.8,0.061392,3984.3285216,64899.8,3984.3285216,
2023-10-07 10:10:00+00:00,0.0614,0.06142,0.06141,0.06142,81676.6,0.061412,5015.9233592,81676.6,5015.9233592,
2023-10-07 10:15:00+00:00,0.06141,0.06143,0.06141,0.06142,138377.9,0.061418,8498.8938622,138377.9,8498.8938622,
2023-10-07 10:20:00+00:00,0.06141,0.06144,0.06142,0.06142,167409.4,0.061422,10282.6201668,167409.4,10282.6201668,
2023-10-07 10:25:00+00:00,0.0614,0.06143,0.06142,0.0614,112954.3,0.061412,6936.7494716,112954.3,6936.7494716,
2023-10-07 10:30:00+00:00,0.0614,0.06143,0.0614,0.06143,64099.1,0.061415,3936.6462265,64099.1,3936.6462265,
2023-10-07 10:35:00+00:00,0.06141,0.06143,0.06142,0.06142,50426.6,0.06142,3097.201772,50426.6,3097.201772,
2023-10-07 10:40:00+00:00,0.0614,0.06142,0.06142,0.06141,3689.9,0.061412,226.6041388,3689.9,226.6041388,
2023-10-07 10:45:00+00:00,0.06139,0.06141,0.0614,0.06141,66209.0,0.061402,4065.365018,66209.0,4065.365018,
2023-10-07 10:50:00+00:00,0.06138,0.06141,0.06139,0.06141,11670.1,0.061397,716.5091297,11670.1,716.5091297,
2023-10-07 10:55:00+00:00,0.06139,0.06141,0.06141,0.0614,3144.3,0.061402,193.0663086,3144.3,193.0663086,
2023-10-07 11:00:00+00:00,0.06139,0.0614,0.0614,0.0614,7975.1,0.061398,489.6551898,7975.1,489.6551898,
2023-10-07 11:05:00+00:00,0.06137,0.0614,0.0614,0.06137,99945.6,0.061385,6135.160656,99945.6,6135.160656,
2023-10-07 11:10:00+00:00,0.06138,0.0614,0.06138,0.0614,106702.8,0.06139,6550.484892,106702.8,6550.484892,
2023-10-07 11:15:00+00:00,0.06141,0.06143,0.06141,0.06142,29489.0,0.061418,1811.155402,29489.0,1811.155402,
2023-10-07 11:20:00+00:00,0.06142,0.06146,0.06142,0.06146,44321.5,0.06144,2723.11296,44321.5,2723.11296,
2023-10-07 11:25:00+00:00,0.06145,0.06149,0.06145,0.06149,11996.6,0.06147,737.431002,11996.6,737.431002,
2023-10-07 11:30:00+00:00,0.06145,0.0615,0.06149,0.06145,45899.7,0.061472,2821.5463584,45899.7,2821.5463584,
2023-10-07 11:35:00+00:00,0.06142,0.06144,0.06144,0.06143,87309.3,0.061432,5363.5849176,87309.3,5363.5849176,
2023-10-07 11:40:00+00:00,0.06141,0.06143,0.06141,0.06142,6873.0,0.061418,422.125914,6873.0,422.125914,
2023-10-07 11:45:00+00:00,0.06141,0.06145,0.06142,0.06141,14462.9,0.061422,888.3402438,14462.9,888.3402438,
2023-10-07 11:50:00+00:00,0.06137,0.06141,0.06141,0.06138,10666.3,0.061392,654.8254896,10666.3,654.8254896,
2023-10-07 11:55:00+00:00,0.06136,0.06141,0.06139,0.0614,9736.5,0.06139,597.723735,9736.5,597.723735,
2023-10-07 12:00:00+00:00,0.06136,0.06141,0.06141,0.0614,81467.8,0.061395,5001.715581,81467.8,5001.715581,
2023-10-07 12:05:00+00:00,0.06138,0.06142,0.06138,0.06141,302720.0,0.061397,18586.09984,302720.0,18586.09984,
2023-10-07 12:10:00+00:00,0.0614,0.06142,0.06141,0.06141,152749.5,0.06141,9380.346795,152749.5,9380.346795,
2023-10-07 12:15:00+00:00,0.06141,0.06145,0.06141,0.06144,155805.9,0.061427,9570.6890193,155805.9,9570.6890193,
2023-10-07 12:20:00+00:00,0.06142,0.06145,0.06144,0.06144,67450.7,0.061438,4144.0361066,67450.7,4144.0361066,
2023-10-07 12:25:00+00:00,0.06139,0.06145,0.06144,0.06139,108808.8,0.061418,6682.8188784,108808.8,6682.8188784,
2023-10-07 12:30:00+00:00,0.06138,0.0614,0.06139,0.06138,163411.2,0.061388,10031.4867456,163411.2,10031.4867456,
2023-10-07 12:35:00+00:00,0.06139,0.0614,0.0614,0.0614,22221.8,0.061398,1364.3740764,22221.8,1364.3740764,
2023-10-07 12:40:00+00:00,0.06137,0.0614,0.0614,0.06137,3535.1,0.061385,217.0021135,3535.1,217.0021135,
2023-10-07 12:45:00+00:00,0.06137,0.06139,0.06137,0.06139,26065.7,0.06138,1599.912666,26065.7,1599.912666,
2023-10-07 12:50:00+00:00,0.06137,0.06141,0.06141,0.06137,44709.2,0.06139,2744.697788,44709.2,2744.697788,
2023-10-07 12:55:00+00:00,0.06137,0.06142,0.06137,0.0614,81467.5,0.06139,5001.289825,81467.5,5001.289825,
2023-10-07 13:00:00+00:00,0.06137,0.0614,0.06139,0.0614,17295.8,0.06139,1061.789162,17295.8,1061.789162,
2023-10-07 13:05:00+00:00,0.06137,0.06141,0.06139,0.0614,51067.0,0.061392,3135.105264,51067.0,3135.105264,
2023-10-07 13:10:00+00:00,0.06138,0.06141,0.06139,0.06141,39044.4,0.061397,2397.2090268,39044.4,2397.2090268,
2023-10-07 13:15:00+00:00,0.06133,0.06138,0.06138,0.06134,26488.9,0.061358,1625.3059262,26488.9,1625.3059262,
2023-10-07 13:20:00+00:00,0.06132,0.06137,0.06132,0.06137,220463.3,0.061345,13524.3211385,220463.3,13524.3211385,
2023-10-07 13:25:00+00:00,0.06133,0.06137,0.06137,0.06134,53517.3,0.061353,3283.4469069,53517.3,3283.4469069,
2023-10-07 13:30:00+00:00,0.06131,0.06136,0.06134,0.06131,50647.1,0.06133,3106.186643,50647.1,3106.186643,
2023-10-07 13:35:00+00:00,0.0613,0.06133,0.06131,0.06132,29988.5,0.061315,1838.7448775,29988.5,1838.7448775,
2023-10-07 13:40:00+00:00,0.06128,0.06133,0.06132,0.0613,223116.0,0.061308,13678.795728,223116.0,13678.795728,
2023-10-07 13:45:00+00:00,0.06128,0.06133,0.06129,0.06132,38474.3,0.061305,2358.6669615,38474.3,2358.6669615,
2023-10-07 13:50:00+00:00,0.06129,0.06137,0.06131,0.06135,172906.2,0.06133,10604.337246,172906.2,10604.337246,
2023-10-07 13:55:00+00:00,0.06134,0.06137,0.06136,0.06136,157227.3,0.061358,9647.1526734,157227.3,9647.1526734,
2023-10-07 14:00:00+00:00,0.06132,0.06137,0.06135,0.06137,97606.6,0.061352,5988.3601232,97606.6,5988.3601232,
2023-10-07 14:05:00+00:00,0.06134,0.06137,0.06137,0.06135,27916.0,0.061357,1712.842012,27916.0,1712.842012,
2023-10-07 14:10:00+00:00,0.06136,0.06138,0.06136,0.06136,87426.1,0.061365,5364.9026265,87426.1,5364.9026265,
2023-10-07 14:15:00+00:00,0.06135,0.06138,0.06135,0.06136,39767.2,0.06136,2440.115392,39767.2,2440.115392,
2023-10-07 14:20:00+00:00,0.06133,0.06137,0.06137,0.06136,81822.2,0.061358,5020.4465476,81822.2,5020.4465476,
2023-10-07 14:25:00+00:00,0.06133,0.06136,0.06135,0.06136,39381.7,0.06135,2416.067295,39381.7,2416.067295,
2023-10-07 14:30:00+00:00,0.06133,0.06137,0.06136,0.06134,33462.1,0.06135,2052.899835,33462.1,2052.899835,
2023-10-07 14:35:00+00:00,0.06133,0.06137,0.06134,0.06136,6590.5,0.06135,404.327175,6590.5,404.327175,
2023-10-07 14:40:00+00:00,0.06135,0.0614,0.06137,0.0614,10844.1,0.06138,665.610858,10844.1,665.610858,
2023-10-07 14:45:00+00:00,0.06139,0.06143,0.06139,0.06141,20834.6,0.061405,1279.348613,20834.6,1279.348613,
2023-10-07 14:50:00+00:00,0.06138,0.06142,0.06141,0.06138,81486.8,0.061397,5003.0450596,81486.8,5003.0450596,
2023-10-07 14:55:00+00:00,0.06137,0.06142,0.06138,0.06142,81152.1,0.061398,4982.5766358,81152.1,4982.5766358,
2023-10-07 15:00:00+00:00,0.06139,0.06143,0.06142,0.06143,25389.2,0.061418,1559.3538856,25389.2,1559.3538856,
2023-10-07 15:05:00+00:00,0.06139,0.06143,0.06142,0.06141,36793.5,0.061412,2259.562422,36793.5,2259.562422,
2023-10-07 15:10:00+00:00,0.0614,0.06142,0.0614,0.0614,29620.8,0.061405,1818.865224,29620.8,1818.865224,
2023-10-07 15:15:00+00:00,0.06139,0.06143,0.06139,0.06143,55293.3,0.06141,3395.561553,55293.3,3395.561553,
2023-10-07 15:20:00+00:00,0.06143,0.06145,0.06144,0.06145,106639.6,0.061442,6552.1503032,106639.6,6552.1503032,
2023-10-07 15:25:00+00:00,0.06143,0.06146,0.06144,0.06146,210846.7,0.061448,12956.1080216,210846.7,12956.1080216,
2023-10-07 15:30:00+00:00,0.06144,0.06146,0.06145,0.06144,687701.6,0.061447,42257.2002152,687701.6,42257.2002152,
2023-10-07 15:35:00+00:00,0.06139,0.06144,0.06144,0.06141,36751.1,0.06142,2257.252562,36751.1,2257.252562,
2023-10-07 15:40:00+00:00,0.0613,0.0614,0.06139,0.06131,347306.9,0.06135,21307.278315,347306.9,21307.278315,
2023-10-07 15:45:00+00:00,0.06132,0.06137,0.06132,0.06137,57579.0,0.061345,3532.183755,57579.0,3532.183755,
2023-10-07 15:50:00+00:00,0.06134,0.06137,0.06136,0.06135,79506.5,0.061355,4878.1213075,79506.5,4878.1213075,
2023-10-07 15:55:00+00:00,0.06136,0.06138,0.06136,0.06137,426696.0,0.061368,26185.480128,426696.0,26185.480128,
2023-10-07 16:00:00+00:00,0.06133,0.06137,0.06136,0.06134,247461.5,0.06135,15181.763025,247461.5,15181.763025,
2023-10-07 16:05:00+00:00,0.06133,0.06136,0.06134,0.06135,27323.4,0.061345,1676.153973,27323.4,1676.153973,
2023-10-07 16:10:00+00:00,0.06133,0.06136,0.06134,0.06134,22740.6,0.061342,1394.9538852,22740.6,1394.9538852,
2023-10-07 16:15:00+00:00,0.06132,0.06137,0.06132,0.06135,136173.7,0.06134,8352.894758,136173.7,8352.894758,
2023-10-07 16:20:00+00:00,0.06133,0.06134,0.06134,0.06134,60367.6,0.061338,3702.8278488,60367.6,3702.8278488,
2023-10-07 16:25:00+00:00,0.06132,0.06134,0.06133,0.06134,16369.3,0.061332,1003.9619076,16369.3,1003.9619076,
2023-10-07 16:30:00+00:00,0.06133,0.06135,0.06134,0.06134,80386.7,0.06134,4930.920178,80386.7,4930.920178,
2023-10-07 16:35:00+00:00,0.06131,0.06133,0.06133,0.06133,116703.5,0.061325,7156.8421375,116703.5,7156.8421375,
2023-10-07 16:40:00+00:00,0.06131,0.06135,0.06134,0.06131,23167.5,0.061328,1420.81644,23167.5,1420.81644,
2023-10-07 16:45:00+00:00,0.0613,0.06132,0.06132,0.06131,204046.1,0.061312,12510.4744832,204046.1,12510.4744832,
2023-10-07 16:50:00+00:00,0.06123,0.06132,0.06131,0.06123,277215.7,0.061272,16985.5603704,277215.7,16985.5603704,
2023-10-07 16:55:00+00:00,0.06123,0.06127,0.06123,0.06124,144976.1,0.061243,8878.7712923,144976.1,8878.7712923,
2023-10-07 17:00:00+00:00,0.06125,0.06127,0.06125,0.06125,12465.8,0.061255,763.592579,12465.8,763.592579,
2023-10-07 17:05:00+00:00,0.06124,0.06128,0.06125,0.06128,34714.6,0.061262,2126.6858252,34714.6,2126.6858252,
2023-10-07 17:10:00+00:00,0.06124,0.06127,0.06127,0.06125,4841.8,0.061258,296.5989844,4841.8,296.5989844,
2023-10-07 17:15:00+00:00,0.06121,0.06126,0.06126,0.06121,56322.5,0.061235,3448.9082875,56322.5,3448.9082875,
2023-10-07 17:20:00+00:00,0.06121,0.06128,0.06122,0.06126,275799.9,0.061242,16890.5374758,275799.9,16890.5374758,
2023-10-07 17:25:00+00:00,0.06123,0.06127,0.06126,0.06123,343198.6,0.061248,21020.2278528,343198.6,21020.2278528,
2023-10-07 17:30:00+00:00,0.06123,0.06131,0.06123,0.06129,23508.6,0.061265,1440.254379,23508.6,1440.254379,
2023-10-07 17:35:00+00:00,0.06126,0.0613,0.0613,0.06127,158499.2,0.061282,9713.1479744,158499.2,9713.1479744,
2023-10-07 17:40:00+00:00,0.06124,0.06128,0.06125,0.06127,157141.8,0.06126,9626.506668,157141.8,9626.506668,
2023-10-07 17:45:00+00:00,0.06125,0.06128,0.06127,0.06126,69616.2,0.061265,4265.036493,69616.2,4265.036493,
2023-10-07 17:50:00+00:00,0.06125,0.06128,0.06126,0.06127,181449.0,0.061265,11116.472985,181449.0,11116.472985,
2023-10-07 17:55:00+00:00,0.06122,0.06127,0.06126,0.06123,35705.3,0.061245,2186.7710985,35705.3,2186.7710985,
2023-10-07 18:00:00+00:00,0.06121,0.06124,0.06122,0.06121,12130.0,0.06122,742.5986,12130.0,742.5986,
2023-10-07 18:05:00+00:00,0.06119,0.06121,0.06121,0.06119,55889.6,0.0612,3420.44352,55889.6,3420.44352,
2023-10-07 18:10:00+00:00,0.06119,0.0612,0.0612,0.0612,122222.5,0.061198,7479.772555,122222.5,7479.772555,
2023-10-07 18:15:00+00:00,0.06121,0.06123,0.06121,0.06122,55459.2,0.061217,3395.0458464,55459.2,3395.0458464,
2023-10-07 18:20:00+00:00,0.06119,0.06122,0.06121,0.06121,80997.1,0.061208,4957.6704968,80997.1,4957.6704968,
2023-10-07 18:25:00+00:00,0.06121,0.06124,0.06122,0.06122,29869.9,0.061222,1828.6950178,29869.9,1828.6950178,
2023-10-07 18:30:00+00:00,0.06121,0.06124,0.06123,0.06123,72779.3,0.061228,4456.1309804,72779.3,4456.1309804,
2023-10-07 18:35:00+00:00,0.06121,0.06123,0.06123,0.06123,128287.0,0.061225,7854.371575,128287.0,7854.371575,
2023-10-07 18:40:00+00:00,0.0612,0.06122,0.06122,0.0612,78494.5,0.06121,4804.648345,78494.5,4804.648345,
2023-10-07 18:45:00+00:00,0.06116,0.06123,0.0612,0.06117,96203.3,0.06119,5886.679927,96203.3,5886.679927,
2023-10-07 18:50:00+00:00,0.06115,0.0612,0.06116,0.06119,23273.9,0.061175,1423.7808325,23273.9,1423.7808325,
2023-10-07 18:55:00+00:00,0.06117,0.0612,0.06117,0.0612,360247.0,0.061185,22041.712695,360247.0,22041.712695,
2023-10-07 19:00:00+00:00,0.06111,0.0612,0.06119,0.06114,331615.6,0.06116,20281.610096,331615.6,20281.610096,
2023-10-07 19:05:00+00:00,0.06111,0.06114,0.06113,0.06111,72410.8,0.061122,4425.8929176,72410.8,4425.8929176,
2023-10-07 19:10:00+00:00,0.06111,0.06116,0.06111,0.06115,29053.9,0.061132,1776.1230148,29053.9,1776.1230148,
2023-10-07 19:15:00+00:00,0.0611,0.06115,0.06115,0.06111,55688.7,0.061128,3404.1388536,55688.7,3404.1388536,
2023-10-07 19:20:00+00:00,0.0611,0.06115,0.0611,0.06114,45598.2,0.061122,2787.0531804,45598.2,2787.0531804,
2023-10-07 19:25:00+00:00,0.06106,0.06115,0.06115,0.06106,566976.4,0.061105,34645.092922,566976.4,34645.092922,
2023-10-07 19:30:00+00:00,0.0611,0.06112,0.06111,0.06111,34902.8,0.06111,2132.910108,34902.8,2132.910108,
2023-10-07 19:35:00+00:00,0.06111,0.06114,0.06111,0.06114,36412.0,0.061125,2225.6835,36412.0,2225.6835,
2023-10-07 19:40:00+00:00,0.06112,0.06115,0.06114,0.06113,58307.9,0.061135,3564.6534665,58307.9,3564.6534665,
2023-10-07 19:45:00+00:00,0.06114,0.06116,0.06116,0.06114,51301.1,0.06115,3137.062265,51301.1,3137.062265,
2023-10-07 19:50:00+00:00,0.06109,0.06115,0.06114,0.06111,70555.9,0.061122,4312.5177198,70555.9,4312.5177198,
2023-10-07 19:55:00+00:00,0.06108,0.06111,0.0611,0.06111,196068.5,0.0611,11979.78535,196068.5,11979.78535,
2023-10-07 20:00:00+00:00,0.0611,0.06112,0.06111,0.06111,246203.9,0.06111,15045.520329,246203.9,15045.520329,
2023-10-07 20:05:00+00:00,0.06112,0.06116,0.06113,0.06115,46883.3,0.06114,2866.444962,46883.3,2866.444962,
2023-10-07 20:10:00+00:00,0.06114,0.06116,0.06115,0.06116,58289.5,0.061152,3564.519504,58289.5,3564.519504,
2023-10-07 20:15:00+00:00,0.06115,0.06118,0.06115,0.06117,148719.8,0.061162,9096.0004076,148719.8,9096.0004076,
2023-10-07 20:20:00+00:00,0.06116,0.06118,0.06117,0.06118,58793.3,0.061173,3596.5625409,58793.3,3596.5625409,
2023-10-07 20:25:00+00:00,0.06117,0.06119,0.06118,0.06118,72224.0,0.06118,4418.66432,72224.0,4418.66432,
2023-10-07 20:30:00+00:00,0.06112,0.06119,0.06117,0.06114,168419.9,0.061155,10299.7189845,168419.9,10299.7189845,
2023-10-07 20:35:00+00:00,0.06114,0.06117,0.06114,0.06116,30305.2,0.061152,1853.2235904,30305.2,1853.2235904,
2023-10-07 20:40:00+00:00,0.06114,0.06118,0.06116,0.06115,429199.1,0.061158,26248.9585578,429199.1,26248.9585578,
2023-10-07 20:45:00+00:00,0.06114,0.06123,0.06115,0.06123,255481.0,0.061188,15632.371428,255481.0,15632.371428,
2023-10-07 20:50:00+00:00,0.06123,0.06128,0.06124,0.06128,25001.3,0.061258,1531.5296354,25001.3,1531.5296354,
2023-10-07 20:55:00+00:00,0.06125,0.06128,0.06128,0.06126,74238.1,0.061268,4548.4199108,74238.1,4548.4199108,
2023-10-07 21:00:00+00:00,0.06124,0.06126,0.06125,0.06126,66689.7,0.061253,4084.9441941,66689.7,4084.9441941,
2023-10-07 21:05:00+00:00,0.06127,0.06129,0.06128,0.06128,53097.9,0.06128,3253.839312,53097.9,3253.839312,
2023-10-07 21:10:00+00:00,0.06127,0.0613,0.06128,0.06129,73510.6,0.061285,4505.097121,73510.6,4505.097121,
2023-10-07 21:15:00+00:00,0.06129,0.06131,0.06129,0.0613,20239.3,0.061298,1240.6286114,20239.3,1240.6286114,
2023-10-07 21:20:00+00:00,0.06129,0.06131,0.06131,0.06131,59924.0,0.061305,3673.64082,59924.0,3673.64082,
2023-10-07 21:25:00+00:00,0.0613,0.06136,0.06132,0.06136,83528.5,0.061335,5123.2205475,83528.5,5123.2205475,
2023-10-07 21:30:00+00:00,0.06135,0.06138,0.06135,0.06136,186441.9,0.06136,11440.074984,186441.9,11440.074984,
2023-10-07 21:35:00+00:00,0.06135,0.06137,0.06137,0.06136,263053.7,0.061362,16141.5011394,263053.7,16141.5011394,
2023-10-07 21:40:00+00:00,0.06137,0.06144,0.06137,0.06142,110285.6,0.0614,6771.53584,110285.6,6771.53584,
2023-10-07 21:45:00+00:00,0.06142,0.06147,0.06143,0.06143,945208.5,0.061437,58070.7746145,945208.5,58070.7746145,
2023-10-07 21:50:00+00:00,0.0614,0.06143,0.06143,0.0614,241313.6,0.061415,14820.274744,241313.6,14820.274744,
2023-10-07 21:55:00+00:00,0.06139,0.06142,0.0614,0.06142,36718.9,0.061408,2254.8342112,36718.9,2254.8342112,
2023-10-07 22:00:00+00:00,0.06141,0.06143,0.06142,0.06143,22401.9,0.061423,1375.9919037,22401.9,1375.9919037,
2023-10-07 22:05:00+00:00,0.06141,0.06144,0.06143,0.06144,23670.0,0.06143,1454.0481,23670.0,1454.0481,
2023-10-07 22:10:00+00:00,0.06143,0.06144,0.06144,0.06144,21963.9,0.061438,1349.4180882,21963.9,1349.4180882,
2023-10-07 22:15:00+00:00,0.0614,0.06144,0.06143,0.0614,187728.1,0.061418,11529.8844458,187728.1,11529.8844458,
2023-10-07 22:20:00+00:00,0.0614,0.06144,0.06142,0.06144,61729.0,0.061425,3791.703825,61729.0,3791.703825,
2023-10-07 22:25:00+00:00,0.06143,0.06144,0.06144,0.06143,130259.1,0.061435,8002.4678085,130259.1,8002.4678085,
2023-10-07 22:30:00+00:00,0.06141,0.06143,0.06143,0.06141,25097.6,0.06142,1541.494592,25097.6,1541.494592,
2023-10-07 22:35:00+00:00,0.0614,0.06145,0.06142,0.06145,21174.3,0.06143,1300.737249,21174.3,1300.737249,
2023-10-07 22:40:00+00:00,0.06145,0.06154,0.06146,0.06154,135280.3,0.061498,8319.4678894,135280.3,8319.4678894,
2023-10-07 22:45:00+00:00,0.06149,0.06155,0.06153,0.06151,378430.0,0.06152,23281.0136,378430.0,23281.0136,
2023-10-07 22:50:00+00:00,0.0615,0.06153,0.06151,0.06153,20472.3,0.061518,1259.4149514,20472.3,1259.4149514,
2023-10-07 22:55:00+00:00,0.06149,0.06152,0.06152,0.0615,65315.9,0.061508,4017.4503772,65315.9,4017.4503772,
2023-10-07 23:00:00+00:00,0.06148,0.06151,0.06149,0.0615,66690.6,0.061495,4101.138447,66690.6,4101.138447,
2023-10-07 23:05:00+00:00,0.06147,0.06151,0.0615,0.06151,44675.6,0.061498,2747.4600488,44675.6,2747.4600488,
2023-10-07 23:10:00+00:00,0.06149,0.06151,0.06151,0.0615,8155.8,0.061502,501.5980116,8155.8,501.5980116,
2023-10-07 23:15:00+00:00,0.06148,0.0615,0.06149,0.06149,423167.2,0.06149,26020.551128,423167.2,26020.551128,
2023-10-07 23:20:00+00:00,0.06145,0.06149,0.06149,0.06147,784111.3,0.061475,48203.2421675,784111.3,48203.2421675,
2023-10-07 23:25:00+00:00,0.06145,0.06148,0.06147,0.06148,218927.0,0.06147,13457.44269,218927.0,13457.44269,
2023-10-07 23:30:00+00:00,0.06146,0.0615,0.06148,0.06146,252223.2,0.061475,15505.42122,252223.2,15505.42122,
2023-10-07 23:35:00+00:00,0.06145,0.06147,0.06145,0.06147,41746.3,0.06146,2565.727598,41746.3,2565.727598,
2023-10-07 23:40:00+00:00,0.06144,0.06147,0.06145,0.06145,64019.2,0.061452,3934.1078784,64019.2,3934.1078784,
2023-10-07 23:45:00+00:00,0.06141,0.06145,0.06145,0.06142,35163.8,0.061432,2160.1825616,35163.8,2160.1825616,
2023-10-07 23:50:00+00:00,0.06142,0.06146,0.06142,0.06145,24130.5,0.061438,1482.529659,24130.5,1482.529659,
2023-10-07 23:55:00+00:00,0.06144,0.06147,0.06146,0.06146,78222.8,0.061458,4807.4168424,78222.8,4807.4168424,
2023-10-08 00:00:00+00:00,0.06144,0.0615,0.06146,0.06148,178536.8,0.06147,10974.657096,178536.8,10974.657096,
2023-10-08 00:05:00+00:00,0.06146,0.06151,0.06148,0.06151,161903.9,0.06149,9955.470811,161903.9,9955.470811,
2023-10-08 00:10:00+00:00,0.06148,0.06151,0.06151,0.06148,14220.1,0.061495,874.4650495,14220.1,874.4650495,
2023-10-08 00:15:00+00:00,0.06148,0.06151,0.06148,0.06151,26805.9,0.061495,1648.4288205,26805.9,1648.4288205,
2023-10-08 00:20:00+00:00,0.06151,0.06155,0.06151,0.06155,341592.7,0.06153,21018.198831,341592.7,21018.198831,
2023-10-08 00:25:00+00:00,0.06153,0.06156,0.06153,0.06153,33026.3,0.061538,2032.3724494,33026.3,2032.3724494,
2023-10-08 00:30:00+00:00,0.06153,0.06157,0.06153,0.06156,21383.7,0.061548,1316.1239676,21383.7,1316.1239676,
2023-10-08 00:35:00+00:00,0.06151,0.06157,0.06157,0.06154,194756.2,0.061548,11986.8545976,194756.2,11986.8545976,
2023-10-08 00:40:00+00:00,0.06152,0.06157,0.06152,0.06155,38041.7,0.06154,2341.086218,38041.7,2341.086218,
2023-10-08 00:45:00+00:00,0.06156,0.0616,0.06156,0.06159,379687.8,0.061578,23380.4153484,379687.8,23380.4153484,
2023-10-08 00:50:00+00:00,0.06157,0.06161,0.06158,0.0616,17696.0,0.06159,1089.89664,17696.0,1089.89664,
2023-10-08 00:55:00+00:00,0.06157,0.06161,0.06161,0.06157,38565.2,0.06159,2375.230668,38565.2,2375.230668,
2023-10-08 01:00:00+00:00,0.06152,0.06158,0.06157,0.06154,51671.3,0.061552,3180.4718576,51671.3,3180.4718576,
2023-10-08 01:05:00+00:00,0.06151,0.06154,0.06152,0.06151,39391.1,0.06152,2423.340472,39391.1,2423.340472,
2023-10-08 01:10:00+00:00,0.06147,0.06153,0.06151,0.06148,50319.2,0.061498,3094.5301616,50319.2,3094.5301616,
2023-10-08 01:15:00+00:00,0.06147,0.0615,0.06148,0.06148,176961.8,0.061482,10879.9653876,176961.8,10879.9653876,
2023-10-08 01:20:00+00:00,0.06146,0.06149,0.06149,0.06148,63719.0,0.06148,3917.44412,63719.0,3917.44412,
2023-10-08 01:25:00+00:00,0.06146,0.06148,0.06148,0.06148,20965.8,0.061475,1288.872555,20965.8,1288.872555,
2023-10-08 01:30:00+00:00,0.06147,0.0615,0.06147,0.06149,12836.5,0.061482,789.213693,12836.5,789.213693,
2023-10-08 01:35:00+00:00,0.06147,0.06156,0.0615,0.06156,90027.8,0.061522,5538.6903116,90027.8,5538.6903116,
2023-10-08 01:40:00+00:00,0.06154,0.06161,0.06157,0.06161,215637.6,0.061582,13279.3946832,215637.6,13279.3946832,
2023-10-08 01:45:00+00:00,0.06155,0.06162,0.06161,0.0616,211502.1,0.061595,13027.4718495,211502.1,13027.4718495,
2023-10-08 01:50:00+00:00,0.06157,0.06161,0.0616,0.06158,125147.9,0.06159,7707.859161,125147.9,7707.859161,
2023-10-08 01:55:00+00:00,0.06156,0.06159,0.06158,0.06158,105333.1,0.061578,6486.2016318,105333.1,6486.2016318,
2023-10-08 02:00:00+00:00,0.06157,0.06161,0.06158,0.0616,45002.8,0.06159,2771.722452,45002.8,2771.722452,
2023-10-08 02:05:00+00:00,0.06157,0.0616,0.06158,0.0616,38004.7,0.061588,2340.6334636,38004.7,2340.6334636,
2023-10-08 02:10:00+00:00,0.06158,0.06161,0.0616,0.06159,35201.5,0.061595,2168.2363925,35201.5,2168.2363925,
2023-10-08 02:15:00+00:00,0.06158,0.06165,0.0616,0.06158,211598.2,0.061602,13034.8723164,211598.2,13034.8723164,
2023-10-08 02:20:00+00:00,0.06157,0.0616,0.06158,0.06157,38972.1,0.06158,2399.901918,38972.1,2399.901918,
2023-10-08 02:25:00+00:00,0.06157,0.06162,0.06157,0.0616,63167.9,0.06159,3890.510961,63167.9,3890.510961,
2023-10-08 02:30:00+00:00,0.06158,0.06161,0.06159,0.06158,80820.6,0.06159,4977.740754,80820.6,4977.740754,
2023-10-08 02:35:00+00:00,0.06156,0.06161,0.06159,0.06157,112602.2,0.061582,6934.2686804,112602.2,6934.2686804,
2023-10-08 02:40:00+00:00,0.06154,0.06158,0.06157,0.06154,127242.1,0.061558,7832.7691918,127242.1,7832.7691918,
2023-10-08 02:45:00+00:00,0.06151,0.06157,0.06153,0.06153,149507.7,0.061535,9199.9563195,149507.7,9199.9563195,
2023-10-08 02:50:00+00:00,0.06151,0.06154,0.06152,0.06153,161109.4,0.061525,9912.255835,161109.4,9912.255835,
2023-10-08 02:55:00+00:00,0.0615,0.06154,0.06153,0.06152,14363.4,0.061522,883.6650948,14363.4,883.6650948,
2023-10-08 03:00:00+00:00,0.06151,0.06154,0.06152,0.06152,41187.5,0.061522,2533.937375,41187.5,2533.937375,
2023-10-08 03:05:00+00:00,0.06148,0.06152,0.06152,0.06152,94233.8,0.06151,5796.321038,94233.8,5796.321038,
2023-10-08 03:10:00+00:00,0.06151,0.06153,0.06152,0.06152,10074.3,0.06152,619.770936,10074.3,619.770936,
2023-10-08 03:15:00+00:00,0.0615,0.06154,0.06152,0.06153,52015.8,0.061522,3200.1160476,52015.8,3200.1160476,
2023-10-08 03:20:00+00:00,0.06153,0.06155,0.06154,0.06154,151926.5,0.06154,9349.55681,151926.5,9349.55681,
2023-10-08 03:25:00+00:00,0.06151,0.06154,0.06153,0.06154,203518.0,0.06153,12522.46254,203518.0,12522.46254,
2023-10-08 03:30:00+00:00,0.06152,0.06156,0.06154,0.06156,472281.0,0.061545,29066.534145,472281.0,29066.534145,
2023-10-08 03:35:00+00:00,0.06154,0.06157,0.06157,0.06157,88600.7,0.061563,5454.5248941,88600.7,5454.5248941,
2023-10-08 03:40:00+00:00,0.06156,0.0616,0.06156,0.0616,191649.4,0.06158,11801.770052,191649.4,11801.770052,
2023-10-08 03:45:00+00:00,0.06159,0.06161,0.0616,0.0616,104125.3,0.0616,6414.11848,104125.3,6414.11848,
2023-10-08 03:50:00+00:00,0.06158,0.06162,0.06159,0.0616,72422.9,0.061598,4461.1057942,72422.9,4461.1057942,
2023-10-08 03:55:00+00:00,0.06158,0.06162,0.06158,0.0616,6587.9,0.061595,405.7817005,6587.9,405.7817005,
2023-10-08 04:00:00+00:00,0.0616,0.06164,0.0616,0.06161,163001.0,0.061612,10042.817612,163001.0,10042.817612,
2023-10-08 04:05:00+00:00,0.06154,0.06162,0.0616,0.06155,184859.1,0.061577,11383.0688007,184859.1,11383.0688007,
2023-10-08 04:10:00+00:00,0.06148,0.06155,0.06155,0.06149,596229.6,0.061518,36678.8525328,596229.6,36678.8525328,
2023-10-08 04:15:00+00:00,0.06149,0.06152,0.0615,0.0615,314668.9,0.061502,19352.7666878,314668.9,19352.7666878,
2023-10-08 04:20:00+00:00,0.06149,0.06152,0.06149,0.06151,15133.7,0.061502,930.7528174,15133.7,930.7528174,
2023-10-08 04:25:00+00:00,0.06149,0.06151,0.06151,0.06149,11948.7,0.0615,734.84505,11948.7,734.84505,
2023-10-08 04:30:00+00:00,0.06148,0.06151,0.0615,0.06149,6197.4,0.061495,381.109113,6197.4,381.109113,
2023-10-08 04:35:00+00:00,0.06146,0.0615,0.06149,0.06147,69092.7,0.06148,4247.819196,69092.7,4247.819196,
2023-10-08 04:40:00+00:00,0.06145,0.06149,0.06147,0.06146,319259.7,0.061467,19623.9359799,319259.7,19623.9359799,
2023-10-08 04:45:00+00:00,0.06142,0.06147,0.06146,0.06142,185590.0,0.061443,11403.20637,185590.0,11403.20637,
2023-10-08 04:50:00+00:00,0.06139,0.06144,0.06142,0.06139,180360.3,0.06141,11075.926023,180360.3,11075.926023,
2023-10-08 04:55:00+00:00,0.06138,0.06142,0.06141,0.06141,199088.7,0.061405,12225.0416235,199088.7,12225.0416235,
2023-10-08 05:00:00+00:00,0.06138,0.06142,0.06141,0.06138,185705.5,0.061397,11401.7605835,185705.5,11401.7605835,
2023-10-08 05:05:00+00:00,0.06137,0.0614,0.06137,0.06139,44459.6,0.061382,2729.0191672,44459.6,2729.0191672,
2023-10-08 05:10:00+00:00,0.06138,0.06139,0.06139,0.06139,9080.7,0.061388,557.4460116,9080.7,557.4460116,
2023-10-08 05:15:00+00:00,0.06136,0.0614,0.06138,0.06136,13305.4,0.061375,816.618925,13305.4,816.618925,
2023-10-08 05:20:00+00:00,0.06138,0.06139,0.06139,0.06139,34963.3,0.061388,2146.3270604,34963.3,2146.3270604,
2023-10-08 05:25:00+00:00,0.06135,0.0614,0.0614,0.06135,261418.9,0.061375,16044.5849875,261418.9,16044.5849875,
2023-10-08 05:30:00+00:00,0.06114,0.06136,0.06135,0.06119,573849.4,0.06126,35154.014244,573849.4,35154.014244,
2023-10-08 05:35:00+00:00,0.06117,0.06125,0.06118,0.06124,66393.4,0.06121,4063.940014,66393.4,4063.940014,
2023-10-08 05:40:00+00:00,0.06124,0.06128,0.06126,0.06126,40385.6,0.06126,2474.021856,40385.6,2474.021856,
2023-10-08 05:45:00+00:00,0.06124,0.06128,0.06126,0.06128,5125.3,0.061265,314.0015045,5125.3,314.0015045,
2023-10-08 05:50:00+00:00,0.06127,0.06133,0.06128,0.06133,203060.8,0.061302,12448.0331616,203060.8,12448.0331616,
2023-10-08 05:55:00+00:00,0.06132,0.06134,0.06132,0.06134,95405.3,0.06133,5851.207049,95405.3,5851.207049,
2023-10-08 06:00:00+00:00,0.06132,0.06136,0.06133,0.06135,22079.8,0.06134,1354.374932,22079.8,1354.374932,
2023-10-08 06:05:00+00:00,0.06134,0.06136,0.06135,0.06136,98808.9,0.061352,6062.1236328,98808.9,6062.1236328,
2023-10-08 06:10:00+00:00,0.06134,0.06137,0.06136,0.06136,57447.8,0.061358,3524.8821124,57447.8,3524.8821124,
2023-10-08 06:15:00+00:00,0.06133,0.06136,0.06135,0.06135,55048.2,0.061348,3377.0969736,55048.2,3377.0969736,
2023-10-08 06:20:00+00:00,0.06135,0.06138,0.06136,0.06138,9937.0,0.061367,609.803879,9937.0,609.803879,
2023-10-08 06:25:00+00:00,0.06136,0.06137,0.06137,0.06137,130371.9,0.061368,8000.6627592,130371.9,8000.6627592,
2023-10-08 06:30:00+00:00,0.06134,0.06138,0.06137,0.06134,121742.9,0.061358,7469.9008582,121742.9,7469.9008582,
2023-10-08 06:35:00+00:00,0.06134,0.06135,0.06134,0.06135,37127.3,0.061345,2277.5742185,37127.3,2277.5742185,
2023-10-08 06:40:00+00:00,0.06134,0.06136,0.06135,0.06134,100539.8,0.061348,6167.9156504,100539.8,6167.9156504,
2023-10-08 06:45:00+00:00,0.06128,0.06133,0.06133,0.06129,56030.0,0.061308,3435.08724,56030.0,3435.08724,
2023-10-08 06:50:00+00:00,0.06126,0.0613,0.06129,0.06129,55079.9,0.061285,3375.5716715,55079.9,3375.5716715,
2023-10-08 06:55:00+00:00,0.06126,0.0613,0.06129,0.06128,15485.7,0.061282,948.9946674,15485.7,948.9946674,
2023-10-08 07:00:00+00:00,0.06127,0.06132,0.06128,0.06129,95593.1,0.06129,5858.901099,95593.1,5858.901099,
2023-10-08 07:05:00+00:00,0.0613,0.06133,0.0613,0.06132,29577.3,0.061313,1813.4729949,29577.3,1813.4729949,
2023-10-08 07:10:00+00:00,0.06131,0.06133,0.06133,0.06131,12917.4,0.06132,792.094968,12917.4,792.094968,
2023-10-08 07:15:00+00:00,0.06131,0.06132,0.06131,0.06131,16866.1,0.061312,1034.0943232,16866.1,1034.0943232,
2023-10-08 07:20:00+00:00,0.06129,0.06132,0.0613,0.0613,24393.4,0.061302,1495.3642068,24393.4,1495.3642068,
2023-10-08 07:25:00+00:00,0.06126,0.06129,0.06129,0.06129,9850.0,0.061282,603.6277,9850.0,603.6277,
2023-10-08 07:30:00+00:00,0.06128,0.06129,0.06128,0.06128,22255.6,0.061282,1363.8676792,22255.6,1363.8676792,
2023-10-08 07:35:00+00:00,0.06127,0.06129,0.06128,0.06128,23882.0,0.06128,1463.48896,23882.0,1463.48896,
2023-10-08 07:40:00+00:00,0.06127,0.06131,0.06127,0.06131,88286.4,0.06129,5411.073456,88286.4,5411.073456,
2023-10-08 07:45:00+00:00,0.06128,0.06131,0.06131,0.06129,14499.5,0.061298,888.790351,14499.5,888.790351,
2023-10-08 07:50:00+00:00,0.06129,0.06131,0.06131,0.06129,4256.7,0.0613,260.93571,4256.7,260.93571,
2023-10-08 07:55:00+00:00,0.0613,0.06131,0.0613,0.0613,13130.7,0.061302,804.9381714,13130.7,804.9381714,
2023-10-08 08:00:00+00:00,0.06128,0.06131,0.06131,0.06128,67984.6,0.061295,4167.116057,67984.6,4167.116057,
2023-10-08 08:05:00+00:00,0.06128,0.06129,0.06129,0.06128,11992.0,0.061285,734.92972,11992.0,734.92972,
2023-10-08 08:10:00+00:00,0.06126,0.06128,0.06128,0.06127,32088.0,0.061272,1966.095936,32088.0,1966.095936,
2023-10-08 08:15:00+00:00,0.06127,0.06131,0.06127,0.06131,181100.0,0.06129,11099.619,181100.0,11099.619,
2023-10-08 08:20:00+00:00,0.0613,0.06134,0.0613,0.06133,271419.0,0.061318,16642.870242,271419.0,16642.870242,
2023-10-08 08:25:00+00:00,0.06132,0.06135,0.06132,0.06135,20222.6,0.061335,1240.353171,20222.6,1240.353171,
2023-10-08 08:30:00+00:00,0.06133,0.06135,0.06135,0.06135,25190.5,0.061345,1545.3112225,25190.5,1545.3112225,
2023-10-08 08:35:00+00:00,0.06131,0.06136,0.06135,0.06133,169395.1,0.061338,10390.3566438,169395.1,10390.3566438,
2023-10-08 08:40:00+00:00,0.06132,0.06134,0.06132,0.06132,84267.1,0.061325,5167.6799075,84267.1,5167.6799075,
2023-10-08 08:45:00+00:00,0.06131,0.06133,0.06133,0.06132,117989.8,0.061322,7235.3705156,117989.8,7235.3705156,
2023-10-08 08:50:00+00:00,0.06129,0.06132,0.06131,0.0613,237682.3,0.061305,14571.1134015,237682.3,14571.1134015,
2023-10-08 08:55:00+00:00,0.0613,0.06133,0.0613,0.06131,165654.8,0.06131,10156.295788,165654.8,10156.295788,
2023-10-08 09:00:00+00:00,0.06129,0.06129,0.06129,0.06129,34228.8,0.06129,2097.883152,34228.8,2097.883152,
2023-10-08 09:05:00+00:00,0.06128,0.06134,0.06129,0.06134,97045.3,0.061312,5950.0414336,97045.3,5950.0414336,
2023-10-08 09:10:00+00:00,0.06133,0.06135,0.06134,0.06135,13272.5,0.061342,814.161695,13272.5,814.161695,
2023-10-08 09:15:00+00:00,0.06133,0.06134,0.06134,0.06134,1983.2,0.061338,121.6455216,1983.2,121.6455216,
2023-10-08 09:20:00+00:00,0.06126,0.06133,0.06133,0.06127,12648.7,0.061298,775.3400126,12648.7,775.3400126,
2023-10-08 09:25:00+00:00,0.06125,0.06128,0.06126,0.06128,269533.3,0.061268,16513.7662244,269533.3,16513.7662244,
2023-10-08 09:30:00+00:00,0.06126,0.06128,0.06127,0.06126,133101.4,0.061268,8154.8565752,133101.4,8154.8565752,
2023-10-08 09:35:00+00:00,0.06122,0.06128,0.06126,0.06122,184270.8,0.061245,11285.665146,184270.8,11285.665146,
2023-10-08 09:40:00+00:00,0.06118,0.06123,0.06123,0.06119,199003.1,0.061208,12180.5817448,199003.1,12180.5817448,
2023-10-08 09:45:00+00:00,0.06116,0.06119,0.06119,0.06117,155092.7,0.061178,9488.2612006,155092.7,9488.2612006,
2023-10-08 09:50:00+00:00,0.06111,0.06119,0.06117,0.06115,402608.6,0.061155,24621.528933,402608.6,24621.528933,
2023-10-08 09:55:00+00:00,0.06114,0.06116,0.06115,0.06116,110244.3,0.061152,6741.6594336,110244.3,6741.6594336,
2023-10-08 10:00:00+00:00,0.06116,0.06119,0.06116,0.06118,109429.3,0.061173,6694.1185689,109429.3,6694.1185689,
2023-10-08 10:05:00+00:00,0.06116,0.06119,0.06119,0.06116,261095.2,0.061175,15972.49886,261095.2,15972.49886,
2023-10-08 10:10:00+00:00,0.06113,0.06117,0.06117,0.06114,2435.2,0.061152,148.9173504,2435.2,148.9173504,
2023-10-08 10:15:00+00:00,0.0611,0.06113,0.06113,0.06112,76799.5,0.06112,4693.98544,76799.5,4693.98544,
2023-10-08 10:20:00+00:00,0.06112,0.06115,0.06112,0.06112,87243.6,0.061128,5333.0267808,87243.6,5333.0267808,
2023-10-08 10:25:00+00:00,0.06113,0.06114,0.06114,0.06113,42258.9,0.061135,2583.4978515,42258.9,2583.4978515,
2023-10-08 10:30:00+00:00,0.0611,0.06114,0.06114,0.0611,473875.9,0.06112,28963.295008,473875.9,28963.295008,
2023-10-08 10:35:00+00:00,0.06108,0.0611,0.0611,0.06109,519099.6,0.061092,31712.8327632,519099.6,31712.8327632,
2023-10-08 10:40:00+00:00,0.06105,0.06109,0.06109,0.06107,221927.3,0.061075,13554.2098475,221927.3,13554.2098475,
2023-10-08 10:45:00+00:00,0.06074,0.06106,0.06106,0.06082,3106118.7,0.06092,189224.751204,3106118.7,189224.751204,
2023-10-08 10:50:00+00:00,0.06082,0.06093,0.06082,0.06093,1198176.7,0.060875,72939.0066125,1198176.7,72939.0066125,
2023-10-08 10:55:00+00:00,0.06089,0.06096,0.06095,0.06089,128738.2,0.060922,7842.9886204,128738.2,7842.9886204,
2023-10-08 11:00:00+00:00,0.0609,0.06098,0.0609,0.06097,141969.5,0.060938,8651.337391,141969.5,8651.337391,
2023-10-08 11:05:00+00:00,0.06091,0.06097,0.06097,0.06094,135454.5,0.060948,8255.680866,135454.5,8255.680866,
2023-10-08 11:10:00+00:00,0.06092,0.06101,0.06094,0.06101,706311.3,0.06097,43063.799961,706311.3,43063.799961,
2023-10-08 11:15:00+00:00,0.06096,0.06101,0.06101,0.06097,98193.0,0.060988,5988.594684,98193.0,5988.594684,
2023-10-08 11:20:00+00:00,0.06093,0.06097,0.06097,0.06093,32177.3,0.06095,1961.206435,32177.3,1961.206435,
2023-10-08 11:25:00+00:00,0.06094,0.06101,0.06094,0.061,261358.9,0.060972,15935.5748508,261358.9,15935.5748508,
2023-10-08 11:30:00+00:00,0.06098,0.06101,0.061,0.06098,574096.1,0.060993,35015.8434273,574096.1,35015.8434273,
2023-10-08 11:35:00+00:00,0.06097,0.06099,0.06098,0.06097,236792.2,0.060978,14439.1147716,236792.2,14439.1147716,
2023-10-08 11:40:00+00:00,0.06094,0.06097,0.06095,0.06094,32151.2,0.06095,1959.61564,32151.2,1959.61564,
2023-10-08 11:45:00+00:00,0.06094,0.06099,0.06094,0.06098,193495.4,0.060962,11795.8665748,193495.4,11795.8665748,
2023-10-08 11:50:00+00:00,0.06095,0.06099,0.06099,0.06095,77385.6,0.06097,4718.200032,77385.6,4718.200032,
2023-10-08 11:55:00+00:00,0.06096,0.06099,0.06096,0.06099,24280.2,0.060975,1480.485195,24280.2,1480.485195,
2023-10-08 12:00:00+00:00,0.06095,0.06099,0.06098,0.06098,233112.7,0.060975,14214.0468825,233112.7,14214.0468825,
2023-10-08 12:05:00+00:00,0.06097,0.061,0.06098,0.06099,85823.1,0.060985,5233.9217535,85823.1,5233.9217535,
2023-10-08 12:10:00+00:00,0.06099,0.061,0.06099,0.061,101050.1,0.060995,6163.5508495,101050.1,6163.5508495,
2023-10-08 12:15:00+00:00,0.06101,0.06105,0.06101,0.06105,97596.3,0.06103,5956.302189,97596.3,5956.302189,
2023-10-08 12:20:00+00:00,0.06106,0.06111,0.06106,0.0611,227971.7,0.061082,13924.9673794,227971.7,13924.9673794,
2023-10-08 12:25:00+00:00,0.06107,0.0611,0.0611,0.06108,375780.1,0.061087,22955.2789687,375780.1,22955.2789687,
2023-10-08 12:30:00+00:00,0.06107,0.06113,0.06107,0.06112,98417.0,0.061098,6013.081866,98417.0,6013.081866,
2023-10-08 12:35:00+00:00,0.06111,0.06115,0.06112,0.06114,146540.6,0.06113,8958.026878,146540.6,8958.026878,
2023-10-08 12:40:00+00:00,0.06113,0.06115,0.06114,0.06114,126089.6,0.06114,7709.118144,126089.6,7709.118144,
2023-10-08 12:45:00+00:00,0.06112,0.06115,0.06114,0.06113,158561.1,0.061135,9693.6328485,158561.1,9693.6328485,
2023-10-08 12:50:00+00:00,0.06111,0.06113,0.06113,0.06112,89534.7,0.061122,5472.5399334,89534.7,5472.5399334,
2023-10-08 12:55:00+00:00,0.06109,0.06112,0.06112,0.06109,98669.6,0.061105,6029.205908,98669.6,6029.205908,
2023-10-08 13:00:00+00:00,0.06107,0.06111,0.06109,0.0611,44072.1,0.061092,2692.4527332,44072.1,2692.4527332,
2023-10-08 13:05:00+00:00,0.06107,0.06112,0.0611,0.06107,175143.7,0.06109,10699.528633,175143.7,10699.528633,
2023-10-08 13:10:00+00:00,0.061,0.06107,0.06106,0.06104,391279.5,0.061042,23884.483239,391279.5,23884.483239,
2023-10-08 13:15:00+00:00,0.06101,0.06121,0.06103,0.0612,453949.2,0.061112,27741.7435104,453949.2,27741.7435104,
2023-10-08 13:20:00+00:00,0.0612,0.06127,0.06122,0.06126,12774.7,0.061238,782.2970786,12774.7,782.2970786,
2023-10-08 13:25:00+00:00,0.06121,0.06128,0.06128,0.06123,146863.0,0.06125,8995.35875,146863.0,8995.35875,
2023-10-08 13:30:00+00:00,0.06123,0.06128,0.06126,0.06127,108543.2,0.06126,6649.356432,108543.2,6649.356432,
2023-10-08 13:35:00+00:00,0.06122,0.06125,0.06124,0.06123,62616.4,0.061235,3834.315254,62616.4,3834.315254,
2023-10-08 13:40:00+00:00,0.06124,0.06128,0.06124,0.06125,72271.0,0.061252,4426.743292,72271.0,4426.743292,
2023-10-08 13:45:00+00:00,0.06122,0.06134,0.06124,0.06133,593541.8,0.061282,36373.4285876,593541.8,36373.4285876,
2023-10-08 13:50:00+00:00,0.06121,0.06132,0.06132,0.06121,18189.2,0.061265,1114.361338,18189.2,1114.361338,
2023-10-08 13:55:00+00:00,0.06118,0.06123,0.06122,0.06122,203461.1,0.061212,12454.2608532,203461.1,12454.2608532,
2023-10-08 14:00:00+00:00,0.06121,0.06127,0.06121,0.06127,345005.2,0.06124,21128.118448,345005.2,21128.118448,
2023-10-08 14:05:00+00:00,0.06119,0.06127,0.06126,0.06122,128837.3,0.061235,7889.3520655,128837.3,7889.3520655,
2023-10-08 14:10:00+00:00,0.0612,0.06123,0.06122,0.0612,20861.1,0.061212,1276.9496532,20861.1,1276.9496532,
2023-10-08 14:15:00+00:00,0.06114,0.06121,0.06121,0.06115,248450.9,0.061178,15199.7291602,248450.9,15199.7291602,
2023-10-08 14:20:00+00:00,0.06114,0.06117,0.06116,0.06115,93880.1,0.061155,5741.2375155,93880.1,5741.2375155,
2023-10-08 14:25:00+00:00,0.06113,0.06117,0.06114,0.06116,56532.8,0.06115,3456.98072,56532.8,3456.98072,
2023-10-08 14:30:00+00:00,0.06114,0.06122,0.06115,0.06121,260373.8,0.06118,15929.669084,260373.8,15929.669084,
2023-10-08 14:35:00+00:00,0.06122,0.06125,0.06122,0.06125,16683.6,0.061235,1021.620246,16683.6,1021.620246,
2023-10-08 14:40:00+00:00,0.06123,0.06133,0.06123,0.06133,109874.3,0.06128,6733.097104,109874.3,6733.097104,
2023-10-08 14:45:00+00:00,0.06125,0.06132,0.06132,0.06127,118370.2,0.06129,7254.909558,118370.2,7254.909558,
2023-10-08 14:50:00+00:00,0.06125,0.06128,0.06126,0.06128,38395.2,0.061268,2352.3971136,38395.2,2352.3971136,
2023-10-08 14:55:00+00:00,0.06124,0.06128,0.06128,0.06126,812075.9,0.061265,49751.8300135,812075.9,49751.8300135,
2023-10-08 15:00:00+00:00,0.06124,0.06127,0.06126,0.06126,292307.1,0.061258,17906.1483318,292307.1,17906.1483318,
2023-10-08 15:05:00+00:00,0.06123,0.06125,0.06125,0.06124,115460.6,0.061243,7071.1535258,115460.6,7071.1535258,
2023-10-08 15:10:00+00:00,0.06123,0.06125,0.06125,0.06125,67182.8,0.061245,4114.610586,67182.8,4114.610586,
2023-10-08 15:15:00+00:00,0.06121,0.06125,0.06125,0.06122,11861.3,0.061232,726.2911216,11861.3,726.2911216,
2023-10-08 15:20:00+00:00,0.06119,0.06122,0.0612,0.0612,73369.3,0.061202,4490.3478986,73369.3,4490.3478986,
2023-10-08 15:25:00+00:00,0.06118,0.06122,0.0612,0.06121,50007.4,0.061202,3060.5528948,50007.4,3060.5528948,
2023-10-08 15:30:00+00:00,0.06114,0.06121,0.06121,0.06114,81986.1,0.061175,5015.4996675,81986.1,5015.4996675,
2023-10-08 15:35:00+00:00,0.06115,0.06117,0.06115,0.06115,162641.6,0.061155,9946.347048,162641.6,9946.347048,
2023-10-08 15:40:00+00:00,0.06113,0.06116,0.06115,0.06114,28615.6,0.061145,1749.700862,28615.6,1749.700862,
2023-10-08 15:45:00+00:00,0.06113,0.06115,0.06114,0.06113,80478.3,0.061138,4920.2823054,80478.3,4920.2823054,
2023-10-08 15:50:00+00:00,0.06113,0.06117,0.06113,0.06115,13308.8,0.061145,813.766576,13308.8,813.766576,
2023-10-08 15:55:00+00:00,0.06114,0.06117,0.06115,0.06116,29796.9,0.061155,1822.2294195,29796.9,1822.2294195,
2023-10-08 16:00:00+00:00,0.06116,0.0612,0.06117,0.0612,36710.8,0.061182,2246.0401656,36710.8,2246.0401656,
2023-10-08 16:05:00+00:00,0.0612,0.06125,0.0612,0.06121,328451.0,0.061215,20106.127965,328451.0,20106.127965,
2023-10-08 16:10:00+00:00,0.06118,0.06123,0.06122,0.06118,119698.1,0.061203,7325.8828143,119698.1,7325.8828143,
2023-10-08 16:15:00+00:00,0.06117,0.06122,0.06119,0.06121,62352.8,0.061198,3815.8666544,62352.8,3815.8666544,
2023-10-08 16:20:00+00:00,0.06114,0.06122,0.06121,0.06115,220681.5,0.06118,13501.29417,220681.5,13501.29417,
2023-10-08 16:25:00+00:00,0.06113,0.06115,0.06115,0.06114,33146.1,0.061142,2026.6188462,33146.1,2026.6188462,
2023-10-08 16:30:00+00:00,0.06113,0.0612,0.06114,0.06119,121269.9,0.061165,7417.4734335,121269.9,7417.4734335,
2023-10-08 16:35:00+00:00,0.06118,0.06121,0.06119,0.06118,159025.7,0.06119,9730.782583,159025.7,9730.782583,
2023-10-08 16:40:00+00:00,0.06117,0.06121,0.06118,0.06118,415490.6,0.061185,25421.792361,415490.6,25421.792361,
2023-10-08 16:45:00+00:00,0.06118,0.0612,0.06119,0.06119,73854.9,0.06119,4519.181331,73854.9,4519.181331,
2023-10-08 16:50:00+00:00,0.06116,0.06119,0.06119,0.06117,3250.8,0.061178,198.8774424,3250.8,198.8774424,
2023-10-08 16:55:00+00:00,0.06116,0.06118,0.06117,0.06117,216539.5,0.06117,13245.721215,216539.5,13245.721215,
2023-10-08 17:00:00+00:00,0.06116,0.06121,0.06118,0.06121,289046.2,0.06119,17686.736978,289046.2,17686.736978,
2023-10-08 17:05:00+00:00,0.06118,0.06123,0.06122,0.06118,23683.1,0.061203,1449.4767693,23683.1,1449.4767693,
2023-10-08 17:10:00+00:00,0.06116,0.06121,0.06119,0.06116,22482.0,0.06118,1375.44876,22482.0,1375.44876,
2023-10-08 17:15:00+00:00,0.06115,0.06116,0.06115,0.06115,38847.8,0.061153,2375.6595134,38847.8,2375.6595134,
2023-10-08 17:20:00+00:00,0.06112,0.06116,0.06115,0.06113,153495.8,0.06114,9384.733212,153495.8,9384.733212,
2023-10-08 17:25:00+00:00,0.06111,0.06115,0.06111,0.06115,33541.1,0.06113,2050.367443,33541.1,2050.367443,
2023-10-08 17:30:00+00:00,0.06112,0.06115,0.06115,0.06112,33632.5,0.061135,2056.1228875,33632.5,2056.1228875,
2023-10-08 17:35:00+00:00,0.06111,0.06115,0.06113,0.06114,250791.1,0.061132,15331.3615252,250791.1,15331.3615252,
2023-10-08 17:40:00+00:00,0.06114,0.06115,0.06114,0.06115,14517.9,0.061145,887.6969955,14517.9,887.6969955,
2023-10-08 17:45:00+00:00,0.06113,0.06117,0.06115,0.06113,420354.6,0.061145,25702.582017,420354.6,25702.582017,
2023-10-08 17:50:00+00:00,0.06112,0.06114,0.06113,0.06113,100916.6,0.06113,6169.031758,100916.6,6169.031758,
2023-10-08 17:55:00+00:00,0.0611,0.06114,0.06113,0.0611,135406.0,0.061117,8275.608502,135406.0,8275.608502,
2023-10-08 18:00:00+00:00,0.06108,0.0611,0.0611,0.0611,354301.5,0.061095,21646.0501425,354301.5,21646.0501425,
2023-10-08 18:05:00+00:00,0.06107,0.0611,0.06108,0.0611,56937.4,0.061088,3478.1918912,56937.4,3478.1918912,
2023-10-08 18:10:00+00:00,0.06108,0.06111,0.06108,0.06109,154228.0,0.06109,9421.78852,154228.0,9421.78852,
2023-10-08 18:15:00+00:00,0.06101,0.0611,0.0611,0.06102,56049.9,0.061058,3422.2947942,56049.9,3422.2947942,
2023-10-08 18:20:00+00:00,0.06103,0.06106,0.06104,0.06104,116594.5,0.061042,7117.161469,116594.5,7117.161469,
2023-10-08 18:25:00+00:00,0.06103,0.06106,0.06105,0.06104,48940.6,0.061045,2987.578927,48940.6,2987.578927,
2023-10-08 18:30:00+00:00,0.06103,0.06106,0.06105,0.06104,228919.1,0.061045,13974.3664595,228919.1,13974.3664595,
2023-10-08 18:35:00+00:00,0.06102,0.06105,0.06103,0.06105,144786.5,0.061037,8837.3336005,144786.5,8837.3336005,
2023-10-08 18:40:00+00:00,0.06105,0.06109,0.06105,0.06106,172601.2,0.061062,10539.3744744,172601.2,10539.3744744,
2023-10-08 18:45:00+00:00,0.06107,0.06109,0.06107,0.06109,50022.7,0.06108,3055.386516,50022.7,3055.386516,
2023-10-08 18:50:00+00:00,0.06108,0.0611,0.06109,0.06109,41069.0,0.06109,2508.90521,41069.0,2508.90521,
2023-10-08 18:55:00+00:00,0.06108,0.06113,0.06109,0.06113,169687.9,0.061107,10369.1185053,169687.9,10369.1185053,
2023-10-08 19:00:00+00:00,0.06112,0.06116,0.06114,0.06116,98917.2,0.061145,6048.292194,98917.2,6048.292194,
2023-10-08 19:05:00+00:00,0.06109,0.06117,0.06117,0.06112,197511.3,0.061138,12075.4458594,197511.3,12075.4458594,
2023-10-08 19:10:00+00:00,0.0611,0.06113,0.06112,0.06112,61103.2,0.061118,3734.5053776,61103.2,3734.5053776,
2023-10-08 19:15:00+00:00,0.06105,0.06112,0.06112,0.0611,102550.2,0.061098,6265.6121196,102550.2,6265.6121196,
2023-10-08 19:20:00+00:00,0.06107,0.0611,0.0611,0.06108,44128.1,0.061087,2695.6532447,44128.1,2695.6532447,
2023-10-08 19:25:00+00:00,0.06105,0.06109,0.06108,0.06109,58004.1,0.061078,3542.7744198,58004.1,3542.7744198,
2023-10-08 19:30:00+00:00,0.06106,0.06109,0.06108,0.06107,15702.9,0.061075,959.0546175,15702.9,959.0546175,
2023-10-08 19:35:00+00:00,0.06103,0.06107,0.06107,0.06104,93801.3,0.061052,5726.7569676,93801.3,5726.7569676,
2023-10-08 19:40:00+00:00,0.06103,0.06105,0.06104,0.06103,62064.2,0.061038,3788.2746396,62064.2,3788.2746396,
2023-10-08 19:45:00+00:00,0.06102,0.06105,0.06103,0.06104,25818.2,0.061035,1575.813837,25818.2,1575.813837,
2023-10-08 19:50:00+00:00,0.06103,0.06106,0.06106,0.06104,13983.8,0.061048,853.6830224,13983.8,853.6830224,
2023-10-08 19:55:00+00:00,0.06104,0.06106,0.06105,0.06104,12754.5,0.061047,778.6239615,12754.5,778.6239615,
2023-10-08 20:00:00+00:00,0.06103,0.06106,0.06105,0.06103,34125.6,0.061042,2083.0948752,34125.6,2083.0948752,
2023-10-08 20:05:00+00:00,0.06101,0.06105,0.06103,0.06101,63700.2,0.061025,3887.304705,63700.2,3887.304705,
2023-10-08 20:10:00+00:00,0.06097,0.06101,0.061,0.06099,32918.6,0.060993,2007.8041698,32918.6,2007.8041698,
2023-10-08 20:15:00+00:00,0.06096,0.061,0.06098,0.061,210922.4,0.060985,12863.102564,210922.4,12863.102564,
2023-10-08 20:20:00+00:00,0.06099,0.06102,0.061,0.061,117740.7,0.061002,7182.4181814,117740.7,7182.4181814,
2023-10-08 20:25:00+00:00,0.06099,0.061,0.06099,0.06099,172220.1,0.060993,10504.2205593,172220.1,10504.2205593,
2023-10-08 20:30:00+00:00,0.06098,0.06103,0.061,0.06102,181818.4,0.061008,11092.3769472,181818.4,11092.3769472,
2023-10-08 20:35:00+00:00,0.06103,0.06105,0.06104,0.06103,108038.3,0.061038,6594.4417554,108038.3,6594.4417554,
2023-10-08 20:40:00+00:00,0.06103,0.06104,0.06104,0.06104,18375.5,0.061037,1121.5853935,18375.5,1121.5853935,
2023-10-08 20:45:00+00:00,0.06105,0.06108,0.06105,0.06107,43593.0,0.061063,2661.919359,43593.0,2661.919359,
2023-10-08 20:50:00+00:00,0.06107,0.06109,0.06107,0.06108,67949.9,0.061078,4150.2439922,67949.9,4150.2439922,
2023-10-08 20:55:00+00:00,0.06105,0.06109,0.06109,0.06107,95873.6,0.061075,5855.48012,95873.6,5855.48012,
2023-10-08 21:00:00+00:00,0.06106,0.06112,0.06107,0.0611,74926.1,0.061088,4577.0855968,74926.1,4577.0855968,
2023-10-08 21:05:00+00:00,0.06109,0.06111,0.06111,0.06109,99967.1,0.0611,6107.98981,99967.1,6107.98981,
2023-10-08 21:10:00+00:00,0.06107,0.06112,0.0611,0.06107,127154.3,0.06109,7767.856187,127154.3,7767.856187,
2023-10-08 21:15:00+00:00,0.06103,0.06109,0.06109,0.06103,37771.3,0.06106,2306.315578,37771.3,2306.315578,
2023-10-08 21:20:00+00:00,0.06102,0.06103,0.06103,0.06102,5891.4,0.061025,359.522685,5891.4,359.522685,
2023-10-08 21:25:00+00:00,0.06101,0.06103,0.06102,0.06102,17789.2,0.06102,1085.496984,17789.2,1085.496984,
2023-10-08 21:30:00+00:00,0.06099,0.06103,0.06103,0.06102,169785.8,0.061017,10359.8201586,169785.8,10359.8201586,
2023-10-08 21:35:00+00:00,0.061,0.06105,0.06102,0.06104,303467.4,0.061028,18520.0084872,303467.4,18520.0084872,
2023-10-08 21:40:00+00:00,0.06099,0.06104,0.06104,0.06101,583397.5,0.06102,35598.91545,583397.5,35598.91545,
2023-10-08 21:45:00+00:00,0.06101,0.06102,0.06101,0.06102,110717.5,0.061015,6755.4282625,110717.5,6755.4282625,
2023-10-08 21:50:00+00:00,0.061,0.06103,0.06101,0.061,113029.1,0.06101,6895.905391,113029.1,6895.905391,
2023-10-08 21:55:00+00:00,0.06094,0.061,0.06098,0.06094,97134.4,0.060965,5921.798696,97134.4,5921.798696,
2023-10-08 22:00:00+00:00,0.06093,0.06098,0.06094,0.06093,316538.9,0.060945,19291.4632605,316538.9,19291.4632605,
2023-10-08 22:05:00+00:00,0.06087,0.06093,0.06092,0.06087,355359.7,0.060898,21640.6950106,355359.7,21640.6950106,
2023-10-08 22:10:00+00:00,0.0608,0.06088,0.06087,0.06082,444766.9,0.060842,27060.5077298,444766.9,27060.5077298,
2023-10-08 22:15:00+00:00,0.06083,0.06094,0.06083,0.06093,70561.2,0.060883,4295.9775396,70561.2,4295.9775396,
2023-10-08 22:20:00+00:00,0.0609,0.06096,0.06092,0.06092,813806.6,0.060925,49581.167105,813806.6,49581.167105,
2023-10-08 22:25:00+00:00,0.06088,0.06092,0.06092,0.06088,59343.3,0.0609,3614.00697,59343.3,3614.00697,
2023-10-08 22:30:00+00:00,0.06082,0.06088,0.06085,0.06088,36301.9,0.060857,2209.2247283,36301.9,2209.2247283,
2023-10-08 22:35:00+00:00,0.06087,0.06091,0.06087,0.06089,54793.9,0.060885,3336.1266015,54793.9,3336.1266015,
2023-10-08 22:40:00+00:00,0.06087,0.0609,0.06089,0.06088,50671.7,0.060885,3085.1464545,50671.7,3085.1464545,
2023-10-08 22:45:00+00:00,0.06087,0.06091,0.06088,0.0609,80927.0,0.06089,4927.64503,80927.0,4927.64503,
2023-10-08 22:50:00+00:00,0.06087,0.06091,0.0609,0.0609,195066.0,0.060895,11878.54407,195066.0,11878.54407,
2023-10-08 22:55:00+00:00,0.0609,0.06094,0.0609,0.06093,13083.5,0.060918,797.020653,13083.5,797.020653,
2023-10-08 23:00:00+00:00,0.0609,0.06096,0.06091,0.06095,259992.4,0.06093,15841.336932,259992.4,15841.336932,
2023-10-08 23:05:00+00:00,0.06097,0.06099,0.06097,0.06099,16796.4,0.06098,1024.244472,16796.4,1024.244472,
2023-10-08 23:10:00+00:00,0.06094,0.06099,0.06098,0.06097,40384.5,0.06097,2462.242965,40384.5,2462.242965,
2023-10-08 23:15:00+00:00,0.06093,0.06098,0.06096,0.06094,218949.0,0.060952,13345.379448,218949.0,13345.379448,
2023-10-08 23:20:00+00:00,0.06091,0.06097,0.06094,0.06097,222818.5,0.060948,13580.341938,222818.5,13580.341938,
2023-10-08 23:25:00+00:00,0.06096,0.061,0.06097,0.06098,20139.4,0.060978,1228.0603332,20139.4,1228.0603332,
2023-10-08 23:30:00+00:00,0.06096,0.06101,0.06097,0.06097,256309.0,0.060978,15629.210202,256309.0,15629.210202,
2023-10-08 23:35:00+00:00,0.06094,0.06098,0.06098,0.06094,72486.0,0.06096,4418.74656,72486.0,4418.74656,
2023-10-08 23:40:00+00:00,0.06094,0.06098,0.06094,0.06097,41978.0,0.060958,2558.894924,41978.0,2558.894924,
2023-10-08 23:45:00+00:00,0.06096,0.061,0.06098,0.061,23573.8,0.060985,1437.648193,23573.8,1437.648193,
2023-10-08 23:50:00+00:00,0.061,0.06101,0.06101,0.06101,14413.0,0.061008,879.308304,14413.0,879.308304,
2023-10-08 23:55:00+00:00,0.06097,0.06101,0.06101,0.06098,44562.8,0.060993,2718.0188604,44562.8,2718.0188604,
2023-10-09 00:00:00+00:00,0.06095,0.06098,0.06096,0.06096,115042.6,0.060962,7013.2269812,115042.6,7013.2269812,
2023-10-09 00:05:00+00:00,0.06088,0.06095,0.06093,0.06089,140074.1,0.060912,8532.1935792,140074.1,8532.1935792,
2023-10-09 00:10:00+00:00,0.0609,0.06093,0.0609,0.0609,54813.7,0.060908,3338.5928396,54813.7,3338.5928396,
2023-10-09 00:15:00+00:00,0.06082,0.0609,0.0609,0.06082,32340.5,0.06086,1968.24283,32340.5,1968.24283,
2023-10-09 00:20:00+00:00,0.06072,0.06081,0.06081,0.06081,410980.6,0.060788,24982.6887128,410980.6,24982.6887128,
2023-10-09 00:25:00+00:00,0.06075,0.06082,0.06079,0.0608,351239.8,0.06079,21351.867442,351239.8,21351.867442,
2023-10-09 00:30:00+00:00,0.06078,0.06089,0.0608,0.06086,141614.3,0.060832,8614.6810976,141614.3,8614.6810976,
2023-10-09 00:35:00+00:00,0.06081,0.0609,0.06085,0.06081,124560.8,0.060842,7578.5281936,124560.8,7578.5281936,
2023-10-09 00:40:00+00:00,0.06079,0.06083,0.06081,0.06081,87965.3,0.06081,5349.169893,87965.3,5349.169893,
2023-10-09 00:45:00+00:00,0.06082,0.06087,0.06082,0.06085,54145.9,0.06084,3294.236556,54145.9,3294.236556,
2023-10-09 00:50:00+00:00,0.06077,0.06084,0.06083,0.06083,114818.9,0.060818,6983.0558602,114818.9,6983.0558602,
2023-10-09 00:55:00+00:00,0.06081,0.06085,0.06082,0.06081,44631.9,0.060822,2714.6014218,44631.9,2714.6014218,
2023-10-09 01:00:00+00:00,0.06074,0.06082,0.06081,0.06074,504045.3,0.060778,30634.8652434,504045.3,30634.8652434,
2023-10-09 01:05:00+00:00,0.06073,0.06078,0.06077,0.06074,92846.9,0.060755,5640.9134095,92846.9,5640.9134095,
2023-10-09 01:10:00+00:00,0.06072,0.06078,0.06075,0.06078,158278.5,0.060758,9616.685103,158278.5,9616.685103,
2023-10-09 01:15:00+00:00,0.06078,0.06083,0.06078,0.06083,57846.6,0.060805,3517.362513,57846.6,3517.362513,
2023-10-09 01:20:00+00:00,0.06081,0.06084,0.06082,0.06083,124751.3,0.060825,7587.9978225,124751.3,7587.9978225,
2023-10-09 01:25:00+00:00,0.06082,0.06084,0.06084,0.06083,17395.4,0.060832,1058.1969728,17395.4,1058.1969728,
2023-10-09 01:30:00+00:00,0.06081,0.06085,0.06082,0.06083,35790.9,0.060828,2177.0888652,35790.9,2177.0888652,
2023-10-09 01:35:00+00:00,0.06081,0.06084,0.06084,0.06082,54671.7,0.060827,3325.5154959,54671.7,3325.5154959,
2023-10-09 01:40:00+00:00,0.06082,0.06087,0.06082,0.06087,55956.8,0.060845,3404.691496,55956.8,3404.691496,
2023-10-09 01:45:00+00:00,0.06087,0.06103,0.06087,0.06101,311589.5,0.060945,18989.8220775,311589.5,18989.8220775,
2023-10-09 01:50:00+00:00,0.06099,0.06104,0.061,0.061,476052.6,0.061008,29043.0170208,476052.6,29043.0170208,
2023-10-09 01:55:00+00:00,0.06098,0.06103,0.06099,0.06099,280662.5,0.060997,17119.5705125,280662.5,17119.5705125,
2023-10-09 02:00:00+00:00,0.06095,0.06103,0.06101,0.06095,194942.7,0.060985,11888.5805595,194942.7,11888.5805595,
2023-10-09 02:05:00+00:00,0.06094,0.06096,0.06095,0.06094,65126.3,0.060947,3969.2526061,65126.3,3969.2526061,
2023-10-09 02:10:00+00:00,0.06095,0.06098,0.06095,0.06098,114024.6,0.060965,6951.509739,114024.6,6951.509739,
2023-10-09 02:15:00+00:00,0.06094,0.06096,0.06096,0.06095,20076.1,0.060952,1223.6784472,20076.1,1223.6784472,
2023-10-09 02:20:00+00:00,0.06094,0.06097,0.06094,0.06095,28352.9,0.06095,1728.109255,28352.9,1728.109255,
2023-10-09 02:25:00+00:00,0.06094,0.06097,0.06095,0.06097,22327.2,0.060958,1361.0214576,22327.2,1361.0214576,
2023-10-09 02:30:00+00:00,0.06094,0.06095,0.06095,0.06095,188987.1,0.060948,11518.3857708,188987.1,11518.3857708,
2023-10-09 02:35:00+00:00,0.06091,0.06094,0.06093,0.06093,26664.7,0.060927,1624.6001769,26664.7,1624.6001769,
2023-10-09 02:40:00+00:00,0.06093,0.06094,0.06094,0.06094,93176.8,0.060938,5678.0078384,93176.8,5678.0078384,
2023-10-09 02:45:00+00:00,0.06093,0.06096,0.06096,0.06093,86894.6,0.060945,5295.791397,86894.6,5295.791397,
2023-10-09 02:50:00+00:00,0.06091,0.06093,0.06093,0.06091,136347.4,0.06092,8306.283608,136347.4,8306.283608,
2023-10-09 02:55:00+00:00,0.06091,0.06092,0.06092,0.06091,139464.9,0.060915,8495.5043835,139464.9,8495.5043835,
2023-10-09 03:00:00+00:00,0.06091,0.06095,0.06092,0.06095,20018.2,0.060932,1219.7489624,20018.2,1219.7489624,
2023-10-09 03:05:00+00:00,0.06094,0.06095,0.06095,0.06095,20680.3,0.060948,1260.4229244,20680.3,1260.4229244,
2023-10-09 03:10:00+00:00,0.06092,0.06096,0.06096,0.06093,245453.4,0.060942,14958.4211028,245453.4,14958.4211028,
2023-10-09 03:15:00+00:00,0.06092,0.06096,0.06094,0.06093,440801.3,0.060938,26861.5496194,440801.3,26861.5496194,
2023-10-09 03:20:00+00:00,0.06091,0.06093,0.06093,0.06092,568975.2,0.060922,34663.1071344,568975.2,34663.1071344,
2023-10-09 03:25:00+00:00,0.0609,0.06095,0.06092,0.06092,61248.7,0.060923,3731.4545501,61248.7,3731.4545501,
2023-10-09 03:30:00+00:00,0.0609,0.06094,0.06091,0.06094,14475.0,0.060922,881.84595,14475.0,881.84595,
2023-10-09 03:35:00+00:00,0.06093,0.06096,0.06094,0.06095,362649.1,0.060945,22101.6493995,362649.1,22101.6493995,
2023-10-09 03:40:00+00:00,0.06095,0.06101,0.06095,0.061,321928.3,0.060978,19630.5438774,321928.3,19630.5438774,
2023-10-09 03:45:00+00:00,0.06097,0.06101,0.06101,0.06098,373782.8,0.060993,22798.1343204,373782.8,22798.1343204,
2023-10-09 03:50:00+00:00,0.06094,0.06099,0.06098,0.06094,141027.3,0.060962,8597.3062626,141027.3,8597.3062626,
2023-10-09 03:55:00+00:00,0.06092,0.06095,0.06095,0.06094,65947.1,0.06094,4018.816274,65947.1,4018.816274,
2023-10-09 04:00:00+00:00,0.06093,0.06095,0.06093,0.06093,56916.9,0.060935,3468.2313015,56916.9,3468.2313015,
2023-10-09 04:05:00+00:00,0.06092,0.06094,0.06093,0.06092,98556.1,0.060928,6004.8260608,98556.1,6004.8260608,
2023-10-09 04:10:00+00:00,0.06091,0.06094,0.06092,0.06092,316496.9,0.060922,19281.6241418,316496.9,19281.6241418,
2023-10-09 04:15:00+00:00,0.06091,0.06094,0.06092,0.06092,260614.7,0.060922,15877.1687534,260614.7,15877.1687534,
2023-10-09 04:20:00+00:00,0.06091,0.06094,0.06092,0.06091,121224.2,0.06092,7384.978264,121224.2,7384.978264,
2023-10-09 04:25:00+00:00,0.06091,0.06096,0.06093,0.06096,29917.8,0.06094,1823.190732,29917.8,1823.190732,
2023-10-09 04:30:00+00:00,0.06088,0.06096,0.06096,0.0609,157542.3,0.060925,9598.2646275,157542.3,9598.2646275,
2023-10-09 04:35:00+00:00,0.06089,0.06093,0.0609,0.06091,48440.5,0.060908,2950.413974,48440.5,2950.413974,
2023-10-09 04:40:00+00:00,0.06086,0.0609,0.0609,0.06089,47940.0,0.060888,2918.97072,47940.0,2918.97072,
2023-10-09 04:45:00+00:00,0.06084,0.06089,0.06089,0.06084,55602.6,0.060865,3384.252249,55602.6,3384.252249,
2023-10-09 04:50:00+00:00,0.06082,0.06086,0.06084,0.06082,149420.5,0.060835,9089.9961175,149420.5,9089.9961175,
2023-10-09 04:55:00+00:00,0.06082,0.06085,0.06083,0.06083,135288.7,0.060832,8229.8821984,135288.7,8229.8821984,
2023-10-09 05:00:00+00:00,0.06084,0.06088,0.06084,0.06087,106812.3,0.060858,6500.3829534,106812.3,6500.3829534,
2023-10-09 05:05:00+00:00,0.06086,0.06088,0.06086,0.06088,28765.6,0.06087,1750.962072,28765.6,1750.962072,
2023-10-09 05:10:00+00:00,0.06086,0.06089,0.06088,0.06086,175029.0,0.060872,10654.365288,175029.0,10654.365288,
2023-10-09 05:15:00+00:00,0.06084,0.06087,0.06085,0.06085,28246.2,0.060853,1718.8660086,28246.2,1718.8660086,
2023-10-09 05:20:00+00:00,0.06082,0.06086,0.06086,0.06083,45459.6,0.060842,2765.8529832,45459.6,2765.8529832,
2023-10-09 05:25:00+00:00,0.06079,0.06083,0.06082,0.06081,22431.6,0.060812,1364.1104592,22431.6,1364.1104592,
2023-10-09 05:30:00+00:00,0.06076,0.06081,0.06081,0.06077,59545.0,0.060788,3619.62146,59545.0,3619.62146,
2023-10-09 05:35:00+00:00,0.06075,0.06077,0.06077,0.06076,208501.7,0.060763,12669.1887971,208501.7,12669.1887971,
2023-10-09 05:40:00+00:00,0.06075,0.06077,0.06077,0.06076,13753.7,0.060763,835.7160731,13753.7,835.7160731,
2023-10-09 05:45:00+00:00,0.06072,0.06076,0.06076,0.06074,31463.2,0.060745,1911.232084,31463.2,1911.232084,
2023-10-09 05:50:00+00:00,0.06067,0.06073,0.06073,0.06067,98255.5,0.0607,5964.10885,98255.5,5964.10885,
2023-10-09 05:55:00+00:00,0.06064,0.06068,0.06067,0.06064,105038.4,0.060657,6371.3142288,105038.4,6371.3142288,
2023-10-09 06:00:00+00:00,0.06063,0.06067,0.06066,0.06064,130902.6,0.06065,7939.24269,130902.6,7939.24269,
2023-10-09 06:05:00+00:00,0.06065,0.06069,0.06065,0.06069,158637.7,0.06067,9624.549259,158637.7,9624.549259,
2023-10-09 06:10:00+00:00,0.06067,0.06071,0.06069,0.06067,380064.3,0.060685,23064.2020455,380064.3,23064.2020455,
2023-10-09 06:15:00+00:00,0.06064,0.06069,0.06069,0.06065,180899.1,0.060668,10974.7865988,180899.1,10974.7865988,
2023-10-09 06:20:00+00:00,0.06064,0.06072,0.06065,0.06069,192137.8,0.060675,11657.961015,192137.8,11657.961015,
2023-10-09 06:25:00+00:00,0.06067,0.06071,0.06069,0.06068,122990.3,0.060688,7464.0353264,122990.3,7464.0353264,
2023-10-09 06:30:00+00:00,0.06064,0.0607,0.06068,0.06067,235176.1,0.060672,14268.6043392,235176.1,14268.6043392,
2023-10-09 06:35:00+00:00,0.06067,0.0607,0.06067,0.06067,308874.2,0.060678,18741.8687076,308874.2,18741.8687076,
2023-10-09 06:40:00+00:00,0.06066,0.0607,0.06068,0.0607,195649.7,0.060685,11873.0020445,195649.7,11873.0020445,
2023-10-09 06:45:00+00:00,0.06068,0.06071,0.06069,0.06068,498064.7,0.06069,30227.546643,498064.7,30227.546643,
2023-10-09 06:50:00+00:00,0.06068,0.06071,0.06069,0.06069,60793.3,0.060692,3689.6669636,60793.3,3689.6669636,
2023-10-09 06:55:00+00:00,0.06067,0.0607,0.06067,0.06068,10161.7,0.06068,616.611956,10161.7,616.611956,
2023-10-09 07:00:00+00:00,0.06063,0.0607,0.06066,0.06068,94027.6,0.060668,5704.4664368,94027.6,5704.4664368,
2023-10-09 07:05:00+00:00,0.06061,0.0607,0.06068,0.06061,64080.9,0.06065,3886.506585,64080.9,3886.506585,
2023-10-09 07:10:00+00:00,0.06039,0.06063,0.06063,0.06053,831811.3,0.060545,50362.0151585,831811.3,50362.0151585,
2023-10-09 07:15:00+00:00,0.06044,0.06053,0.06052,0.06047,216075.8,0.06049,13070.425142,216075.8,13070.425142,
2023-10-09 07:20:00+00:00,0.06007,0.06044,0.06044,0.06025,1839319.3,0.0603,110910.95379,1839319.3,110910.95379,
2023-10-09 07:25:00+00:00,0.06026,0.06036,0.06027,0.06034,434535.6,0.060308,26205.9729648,434535.6,26205.9729648,
2023-10-09 07:30:00+00:00,0.06028,0.06038,0.06034,0.06029,560431.1,0.060322,33806.3248142,560431.1,33806.3248142,
2023-10-09 07:35:00+00:00,0.06028,0.06042,0.06029,0.06039,301617.0,0.060345,18201.077865,301617.0,18201.077865,
2023-10-09 07:40:00+00:00,0.06035,0.06041,0.06037,0.0604,251433.6,0.060383,15182.3150688,251433.6,15182.3150688,
2023-10-09 07:45:00+00:00,0.06035,0.06041,0.0604,0.06038,625788.4,0.060385,37788.232534,625788.4,37788.232534,
2023-10-09 07:50:00+00:00,0.06036,0.0604,0.06038,0.06037,59738.3,0.060378,3606.8790774,59738.3,3606.8790774,
2023-10-09 07:55:00+00:00,0.06033,0.06037,0.06035,0.06035,94102.3,0.06035,5679.073805,94102.3,5679.073805,
2023-10-09 08:00:00+00:00,0.06032,0.06039,0.06035,0.06038,171050.4,0.06036,10324.602144,171050.4,10324.602144,
2023-10-09 08:05:00+00:00,0.06035,0.06039,0.06038,0.06036,1230360.8,0.06037,74276.881496,1230360.8,74276.881496,
2023-10-09 08:10:00+00:00,0.06033,0.06037,0.06035,0.06034,78466.1,0.060348,4735.2722028,78466.1,4735.2722028,
2023-10-09 08:15:00+00:00,0.06034,0.06036,0.06035,0.06036,8607.2,0.060352,519.4617344,8607.2,519.4617344,
2023-10-09 08:20:00+00:00,0.06023,0.06037,0.06035,0.06026,1251419.3,0.060302,75463.0866286,1251419.3,75463.0866286,
2023-10-09 08:25:00+00:00,0.06023,0.06028,0.06026,0.06024,1230810.6,0.060252,74158.8002712,1230810.6,74158.8002712,
2023-10-09 08:30:00+00:00,0.05991,0.06025,0.06024,0.05997,2485265.2,0.060092,149344.5563984,2485265.2,149344.5563984,
2023-10-09 08:35:00+00:00,0.05982,0.06021,0.05997,0.06014,1886809.8,0.060035,113274.626343,1886809.8,113274.626343,
2023-10-09 08:40:00+00:00,0.06007,0.06014,0.06014,0.06013,141833.4,0.06012,8527.024008,141833.4,8527.024008,
2023-10-09 08:45:00+00:00,0.06006,0.06016,0.06013,0.0601,417877.8,0.060112,25119.4703136,417877.8,25119.4703136,
2023-10-09 08:50:00+00:00,0.06001,0.06009,0.06009,0.06006,374167.8,0.060062,22473.2664036,374167.8,22473.2664036,
2023-10-09 08:55:00+00:00,0.06003,0.0601,0.06006,0.06005,190239.3,0.06006,11425.772358,190239.3,11425.772358,
2023-10-09 09:00:00+00:00,0.05998,0.06006,0.06004,0.06006,474762.5,0.060035,28502.3666875,474762.5,28502.3666875,
2023-10-09 09:05:00+00:00,0.06007,0.06013,0.06007,0.06013,391620.7,0.0601,23536.40407,391620.7,23536.40407,
2023-10-09 09:10:00+00:00,0.06013,0.06019,0.06014,0.06019,158236.9,0.060162,9519.8483778,158236.9,9519.8483778,
2023-10-09 09:15:00+00:00,0.06015,0.06018,0.06018,0.06017,187965.5,0.06017,11309.884135,187965.5,11309.884135,
2023-10-09 09:20:00+00:00,0.06011,0.06018,0.06016,0.06013,198343.1,0.060145,11929.3457495,198343.1,11929.3457495,
2023-10-09 09:25:00+00:00,0.06012,0.06013,0.06012,0.06013,12350.5,0.060125,742.5738125,12350.5,742.5738125,
2023-10-09 09:30:00+00:00,0.0601,0.06014,0.06013,0.06011,549976.9,0.06012,33064.611228,549976.9,33064.611228,
2023-10-09 09:35:00+00:00,0.05995,0.06011,0.06011,0.05997,301053.9,0.060035,18073.7708865,301053.9,18073.7708865,
2023-10-09 09:40:00+00:00,0.05994,0.06005,0.05997,0.06001,549583.2,0.059993,32971.1449176,549583.2,32971.1449176,
2023-10-09 09:45:00+00:00,0.05905,0.06,0.06,0.05906,5407691.4,0.059528,321909.0536592,5407691.4,321909.0536592,
2023-10-09 09:50:00+00:00,0.0569,0.05907,0.05905,0.05874,18027844.3,0.05844,1053547.220892,18027844.3,1053547.220892,
2023-10-09 09:55:00+00:00,0.05873,0.05895,0.05874,0.05884,2116189.6,0.058815,124463.691324,2116189.6,124463.691324,
2023-10-09 10:00:00+00:00,0.05876,0.05909,0.05885,0.05897,1219190.1,0.058918,71832.2423118,1219190.1,71832.2423118,
2023-10-09 10:05:00+00:00,0.05885,0.05899,0.05898,0.05894,824717.8,0.05894,48608.867132,824717.8,48608.867132,
2023-10-09 10:10:00+00:00,0.05891,0.05897,0.05895,0.05891,1088410.2,0.058935,64145.455137,1088410.2,64145.455137,
2023-10-09 10:15:00+00:00,0.05886,0.05902,0.05889,0.05889,4067642.1,0.058915,239645.1343215,4067642.1,239645.1343215,
2023-10-09 10:20:00+00:00,0.05883,0.0589,0.05889,0.05887,882744.0,0.058872,51968.904768,882744.0,51968.904768,
2023-10-09 10:25:00+00:00,0.05885,0.05895,0.05886,0.05889,752998.5,0.058887,44341.8226695,752998.5,44341.8226695,
2023-10-09 10:30:00+00:00,0.05886,0.05897,0.05889,0.05893,1140617.2,0.058912,67196.0404864,1140617.2,67196.0404864,
2023-10-09 10:35:00+00:00,0.05884,0.05895,0.05895,0.05885,542019.3,0.058898,31923.8527314,542019.3,31923.8527314,
2023-10-09 10:40:00+00:00,0.0588,0.0589,0.05885,0.05884,1022042.3,0.058848,60145.1452704,1022042.3,60145.1452704,
2023-10-09 10:45:00+00:00,0.0587,0.05884,0.05884,0.05876,1126540.6,0.058785,66223.689171,1126540.6,66223.689171,
2023-10-09 10:50:00+00:00,0.05873,0.05887,0.05875,0.05886,1180083.4,0.058802,69391.2640868,1180083.4,69391.2640868,
2023-10-09 10:55:00+00:00,0.05869,0.05886,0.05885,0.0587,1319756.8,0.058775,77568.70592,1319756.8,77568.70592,
2023-10-09 11:00:00+00:00,0.05865,0.05873,0.0587,0.05868,492721.9,0.05869,28917.848311,492721.9,28917.848311,
2023-10-09 11:05:00+00:00,0.05859,0.0587,0.0587,0.05866,768903.3,0.058662,45105.4053846,768903.3,45105.4053846,
2023-10-09 11:10:00+00:00,0.05862,0.05866,0.05865,0.05862,430749.9,0.058638,25258.3126362,430749.9,25258.3126362,
2023-10-09 11:15:00+00:00,0.05853,0.05864,0.05859,0.05858,579206.4,0.058585,33932.806944,579206.4,33932.806944,
2023-10-09 11:20:00+00:00,0.05852,0.05861,0.05857,0.05854,223362.8,0.05856,13080.125568,223362.8,13080.125568,
2023-10-09 11:25:00+00:00,0.05854,0.05867,0.05854,0.05867,469340.4,0.058605,27505.694142,469340.4,27505.694142,
2023-10-09 11:30:00+00:00,0.05862,0.05874,0.05865,0.05874,372386.8,0.058688,21854.6365184,372386.8,21854.6365184,
2023-10-09 11:35:00+00:00,0.05873,0.05878,0.05874,0.05878,264027.7,0.058758,15513.7395966,264027.7,15513.7395966,
2023-10-09 11:40:00+00:00,0.05872,0.05878,0.05878,0.05878,264105.5,0.058765,15520.1597075,264105.5,15520.1597075,
2023-10-09 11:45:00+00:00,0.05869,0.05877,0.05877,0.05869,139558.4,0.05873,8196.264832,139558.4,8196.264832,
2023-10-09 11:50:00+00:00,0.05861,0.05874,0.05869,0.05874,465879.6,0.058695,27344.803122,465879.6,27344.803122,
2023-10-09 11:55:00+00:00,0.05873,0.05879,0.05874,0.05876,449528.9,0.058755,26412.0705195,449528.9,26412.0705195,
2023-10-09 12:00:00+00:00,0.05863,0.05874,0.05874,0.05865,398857.8,0.05869,23408.964282,398857.8,23408.964282,
2023-10-09 12:05:00+00:00,0.05865,0.05872,0.05866,0.0587,376795.0,0.058682,22111.08419,376795.0,22111.08419,
2023-10-09 12:10:00+00:00,0.05862,0.05871,0.0587,0.05868,1810794.2,0.058678,106253.7820676,1810794.2,106253.7820676,
2023-10-09 12:15:00+00:00,0.05861,0.05879,0.05868,0.05877,276705.8,0.058712,16245.9509296,276705.8,16245.9509296,
2023-10-09 12:20:00+00:00,0.05875,0.05879,0.05876,0.05878,76711.0,0.05877,4508.30547,76711.0,4508.30547,
2023-10-09 12:25:00+00:00,0.05879,0.05889,0.05879,0.05889,577949.8,0.05884,34006.566232,577949.8,34006.566232,
2023-10-09 12:30:00+00:00,0.05888,0.05894,0.05889,0.05893,318020.1,0.05891,18734.564091,318020.1,18734.564091,
2023-10-09 12:35:00+00:00,0.05883,0.05893,0.05893,0.05886,1699622.6,0.058888,100087.3756688,1699622.6,100087.3756688,
2023-10-09 12:40:00+00:00,0.05884,0.05889,0.05886,0.05887,447836.8,0.058865,26361.913232,447836.8,26361.913232,
2023-10-09 12:45:00+00:00,0.05883,0.05889,0.05887,0.05889,360397.5,0.05887,21216.600825,360397.5,21216.600825,
2023-10-09 12:50:00+00:00,0.05885,0.05891,0.0589,0.0589,65790.2,0.05889,3874.384878,65790.2,3874.384878,
2023-10-09 12:55:00+00:00,0.05889,0.05895,0.0589,0.0589,674199.2,0.05891,39717.074872,674199.2,39717.074872,
2023-10-09 13:00:00+00:00,0.05888,0.05899,0.0589,0.0589,2410627.5,0.058918,142029.351045,2410627.5,142029.351045,
2023-10-09 13:05:00+00:00,0.05886,0.05894,0.0589,0.05889,1630963.3,0.058898,96060.4764434,1630963.3,96060.4764434,
2023-10-09 13:10:00+00:00,0.05889,0.05896,0.05889,0.05895,268416.6,0.058922,15815.6429052,268416.6,15815.6429052,
2023-10-09 13:15:00+00:00,0.05893,0.05897,0.05895,0.05894,567773.5,0.058948,33469.112278,567773.5,33469.112278,
2023-10-09 13:20:00+00:00,0.05895,0.05904,0.05895,0.05904,154476.1,0.058995,9113.3175195,154476.1,9113.3175195,
2023-10-09 13:25:00+00:00,0.05897,0.05904,0.05904,0.05899,439921.1,0.05901,25959.744111,439921.1,25959.744111,
2023-10-09 13:30:00+00:00,0.05898,0.05906,0.05898,0.05904,918085.4,0.059015,54180.809881,918085.4,54180.809881,
2023-10-09 13:35:00+00:00,0.059,0.05911,0.05903,0.0591,582381.4,0.05906,34395.445484,582381.4,34395.445484,
2023-10-09 13:40:00+00:00,0.05906,0.05913,0.0591,0.05912,833788.1,0.059102,49278.5442862,833788.1,49278.5442862,
2023-10-09 13:45:00+00:00,0.05907,0.05911,0.05911,0.05909,299488.9,0.059095,17698.2965455,299488.9,17698.2965455,
2023-10-09 13:50:00+00:00,0.05906,0.05909,0.05908,0.05908,318248.2,0.059078,18801.4671596,318248.2,18801.4671596,
2023-10-09 13:55:00+00:00,0.05907,0.05914,0.05909,0.0591,301484.7,0.0591,17817.74577,301484.7,17817.74577,
2023-10-09 14:00:00+00:00,0.05904,0.05912,0.05911,0.05905,219901.6,0.05908,12991.786528,219901.6,12991.786528,
2023-10-09 14:05:00+00:00,0.05901,0.05905,0.05904,0.05904,416537.5,0.059035,24590.2913125,416537.5,24590.2913125,
2023-10-09 14:10:00+00:00,0.05902,0.05907,0.05904,0.05903,269711.8,0.05904,15923.784672,269711.8,15923.784672,
2023-10-09 14:15:00+00:00,0.05904,0.05911,0.05904,0.05908,1496384.5,0.059068,88388.439646,1496384.5,88388.439646,
2023-10-09 14:20:00+00:00,0.05905,0.05916,0.05907,0.05915,409434.7,0.059108,24200.8662476,409434.7,24200.8662476,
2023-10-09 14:25:00+00:00,0.05908,0.05916,0.05916,0.05909,599330.2,0.059122,35433.6000844,599330.2,35433.6000844,
2023-10-09 14:30:00+00:00,0.05904,0.0591,0.05909,0.05906,468387.2,0.059072,27668.5686784,468387.2,27668.5686784,
2023-10-09 14:35:00+00:00,0.05901,0.05906,0.05906,0.05903,1065099.3,0.05904,62883.462672,1065099.3,62883.462672,
2023-10-09 14:40:00+00:00,0.059,0.05903,0.05903,0.059,198380.0,0.059015,11707.3957,198380.0,11707.3957,
2023-10-09 14:45:00+00:00,0.05892,0.05902,0.05901,0.05895,272990.7,0.058975,16099.6265325,272990.7,16099.6265325,
2023-10-09 14:50:00+00:00,0.05893,0.05901,0.05895,0.059,51059.3,0.058973,3011.1200989,51059.3,3011.1200989,
2023-10-09 14:55:00+00:00,0.05895,0.05901,0.059,0.05896,156426.1,0.05898,9226.011378,156426.1,9226.011378,
2023-10-09 15:00:00+00:00,0.05891,0.05899,0.05896,0.05896,797677.7,0.058955,47027.0888035,797677.7,47027.0888035,
2023-10-09 15:05:00+00:00,0.05893,0.05898,0.05896,0.05897,631221.0,0.05896,37216.79016,631221.0,37216.79016,
2023-10-09 15:10:00+00:00,0.05893,0.05905,0.05897,0.05904,832828.9,0.058998,49135.2394422,832828.9,49135.2394422,
2023-10-09 15:15:00+00:00,0.05901,0.05907,0.05904,0.05903,204147.9,0.059038,12052.4837202,204147.9,12052.4837202,
2023-10-09 15:20:00+00:00,0.0589,0.05902,0.05902,0.05891,964420.3,0.058962,56864.1497286,964420.3,56864.1497286,
2023-10-09 15:25:00+00:00,0.05889,0.05899,0.05891,0.05898,586429.8,0.058942,34565.3452716,586429.8,34565.3452716,
2023-10-09 15:30:00+00:00,0.05891,0.059,0.05897,0.05899,341056.6,0.058967,20111.0845322,341056.6,20111.0845322,
2023-10-09 15:35:00+00:00,0.05895,0.05899,0.05899,0.05897,256816.8,0.058975,15145.77078,256816.8,15145.77078,
2023-10-09 15:40:00+00:00,0.05891,0.05897,0.05897,0.05893,489432.9,0.058945,28849.6222905,489432.9,28849.6222905,
2023-10-09 15:45:00+00:00,0.0588,0.05894,0.05892,0.05886,981827.1,0.05888,57809.979648,981827.1,57809.979648,
2023-10-09 15:50:00+00:00,0.05884,0.05892,0.05887,0.05884,204066.6,0.058868,12012.9926088,204066.6,12012.9926088,
2023-10-09 15:55:00+00:00,0.05879,0.05884,0.05884,0.05879,342357.8,0.058815,20135.774007,342357.8,20135.774007,
2023-10-09 16:00:00+00:00,0.05855,0.05885,0.05882,0.05867,6361917.6,0.058722,373584.5253072,6361917.6,373584.5253072,
2023-10-09 16:05:00+00:00,0.05863,0.05881,0.05866,0.0588,774515.8,0.058725,45483.440355,774515.8,45483.440355,
2023-10-09 16:10:00+00:00,0.0586,0.0588,0.05878,0.05864,188165.9,0.058705,11046.2791595,188165.9,11046.2791595,
2023-10-09 16:15:00+00:00,0.05861,0.05882,0.05865,0.0588,1683621.3,0.05872,98862.242736,1683621.3,98862.242736,
2023-10-09 16:20:00+00:00,0.05876,0.05889,0.05878,0.05883,485672.7,0.058815,28564.8398505,485672.7,28564.8398505,
2023-10-09 16:25:00+00:00,0.05825,0.05883,0.05882,0.0585,4093327.6,0.0586,239868.99736,4093327.6,239868.99736,
2023-10-09 16:30:00+00:00,0.05853,0.05868,0.05853,0.05864,882423.6,0.058595,51705.610842,882423.6,51705.610842,
2023-10-09 16:35:00+00:00,0.0584,0.05866,0.05862,0.05845,402219.3,0.058532,23542.7000676,402219.3,23542.7000676,
2023-10-09 16:40:00+00:00,0.05779,0.05852,0.05844,0.05817,5351238.3,0.05823,311602.606209,5351238.3,311602.606209,
2023-10-09 16:45:00+00:00,0.05813,0.0583,0.0582,0.0583,586575.7,0.058232,34157.4761624,586575.7,34157.4761624,
2023-10-09 16:50:00+00:00,0.05821,0.05841,0.05831,0.05837,855292.9,0.058325,49884.9583925,855292.9,49884.9583925,
2023-10-09 16:55:00+00:00,0.05834,0.05843,0.05836,0.05843,876905.9,0.05839,51202.535501,876905.9,51202.535501,
2023-10-09 17:00:00+00:00,0.0583,0.05844,0.05843,0.05834,457247.0,0.058378,26693.165366,457247.0,26693.165366,
2023-10-09 17:05:00+00:00,0.05827,0.0584,0.05833,0.05833,614587.8,0.058332,35850.1355496,614587.8,35850.1355496,
2023-10-09 17:10:00+00:00,0.05834,0.05843,0.05834,0.05841,119329.0,0.05838,6966.42702,119329.0,6966.42702,
2023-10-09 17:15:00+00:00,0.05841,0.05858,0.05843,0.05849,175778.4,0.058478,10279.1692752,175778.4,10279.1692752,
2023-10-09 17:20:00+00:00,0.05845,0.05859,0.05849,0.05859,165239.2,0.05853,9671.450376,165239.2,9671.450376,
2023-10-09 17:25:00+00:00,0.05854,0.0586,0.05858,0.0586,357041.7,0.05858,20915.502786,357041.7,20915.502786,
2023-10-09 17:30:00+00:00,0.05859,0.05867,0.05862,0.05864,657027.3,0.05863,38521.510599,657027.3,38521.510599,
2023-10-09 17:35:00+00:00,0.05858,0.05869,0.05865,0.05868,212292.5,0.05865,12450.955125,212292.5,12450.955125,
2023-10-09 17:40:00+00:00,0.05867,0.05878,0.05869,0.05871,556916.8,0.058712,32697.6991616,556916.8,32697.6991616,
2023-10-09 17:45:00+00:00,0.05869,0.05877,0.0587,0.05872,656040.6,0.05872,38522.704032,656040.6,38522.704032,
2023-10-09 17:50:00+00:00,0.05868,0.05876,0.05872,0.05876,244005.1,0.05873,14330.419523,244005.1,14330.419523,
2023-10-09 17:55:00+00:00,0.05869,0.05879,0.05875,0.05873,471036.5,0.05874,27668.68401,471036.5,27668.68401,
2023-10-09 18:00:00+00:00,0.05873,0.05887,0.05873,0.05882,2702522.0,0.058787,158873.160814,2702522.0,158873.160814,
2023-10-09 18:05:00+00:00,0.05875,0.05882,0.05881,0.05876,661986.6,0.058785,38914.882281,661986.6,38914.882281,
2023-10-09 18:10:00+00:00,0.05875,0.05886,0.05877,0.05883,865934.8,0.058802,50918.6981096,865934.8,50918.6981096,
2023-10-09 18:15:00+00:00,0.0588,0.05884,0.05883,0.05883,430272.6,0.058825,25310.785695,430272.6,25310.785695,
2023-10-09 18:20:00+00:00,0.05882,0.0589,0.05882,0.0589,118982.4,0.05886,7003.304064,118982.4,7003.304064,
2023-10-09 18:25:00+00:00,0.05887,0.05895,0.0589,0.05894,50236.3,0.058915,2959.6716145,50236.3,2959.6716145,
2023-10-09 18:30:00+00:00,0.05893,0.05902,0.05896,0.05894,219084.1,0.058962,12917.6367042,219084.1,12917.6367042,
2023-10-09 18:35:00+00:00,0.05885,0.05895,0.05895,0.05888,1189278.9,0.058908,70058.0414412,1189278.9,70058.0414412,
2023-10-09 18:40:00+00:00,0.05887,0.05892,0.05889,0.05891,286657.6,0.058898,16883.5593248,286657.6,16883.5593248,
2023-10-09 18:45:00+00:00,0.05885,0.0589,0.0589,0.05887,557079.2,0.05888,32800.823296,557079.2,32800.823296,
2023-10-09 18:50:00+00:00,0.05887,0.05889,0.05887,0.05888,101208.1,0.058878,5958.9305118,101208.1,5958.9305118,
2023-10-09 18:55:00+00:00,0.05885,0.0589,0.05889,0.05887,79565.6,0.058878,4684.6633968,79565.6,4684.6633968,
2023-10-09 19:00:00+00:00,0.05882,0.05886,0.05886,0.05885,458350.2,0.058848,26972.9925696,458350.2,26972.9925696,
2023-10-09 19:05:00+00:00,0.05886,0.05889,0.05887,0.05886,130019.9,0.05887,7654.271513,130019.9,7654.271513,
2023-10-09 19:10:00+00:00,0.05887,0.05891,0.05887,0.0589,95083.8,0.058888,5599.2948144,95083.8,5599.2948144,
2023-10-09 19:15:00+00:00,0.05889,0.05892,0.05891,0.0589,122862.0,0.058905,7237.18611,122862.0,7237.18611,
2023-10-09 19:20:00+00:00,0.05891,0.05899,0.05891,0.05899,65822.3,0.05895,3880.224585,65822.3,3880.224585,
2023-10-09 19:25:00+00:00,0.05895,0.059,0.059,0.05895,278008.4,0.058975,16395.54539,278008.4,16395.54539,
2023-10-09 19:30:00+00:00,0.05893,0.05901,0.05895,0.05893,1633127.4,0.058955,96281.025867,1633127.4,96281.025867,
2023-10-09 19:35:00+00:00,0.05893,0.059,0.05893,0.059,236469.4,0.058965,13943.418171,236469.4,13943.418171,
2023-10-09 19:40:00+00:00,0.05895,0.05899,0.05899,0.05895,942279.2,0.05897,55566.204424,942279.2,55566.204424,
2023-10-09 19:45:00+00:00,0.05895,0.05901,0.05895,0.05901,91721.2,0.05898,5409.716376,91721.2,5409.716376,
2023-10-09 19:50:00+00:00,0.05896,0.05901,0.05901,0.05897,301268.7,0.058988,17771.2380756,301268.7,17771.2380756,
2023-10-09 19:55:00+00:00,0.05895,0.05899,0.05895,0.05899,136351.8,0.05897,8040.665646,136351.8,8040.665646,
2023-10-09 20:00:00+00:00,0.05896,0.05899,0.05898,0.05899,184671.6,0.05898,10891.930968,184671.6,10891.930968,
2023-10-09 20:05:00+00:00,0.05899,0.05904,0.05899,0.05901,97968.4,0.059008,5780.9193472,97968.4,5780.9193472,
2023-10-09 20:10:00+00:00,0.05896,0.05901,0.059,0.05897,184876.9,0.058985,10904.9639465,184876.9,10904.9639465,
2023-10-09 20:15:00+00:00,0.05896,0.05899,0.05897,0.05898,176509.3,0.058975,10409.6359675,176509.3,10409.6359675,
2023-10-09 20:20:00+00:00,0.05898,0.059,0.05898,0.05898,143363.6,0.058985,8456.301946,143363.6,8456.301946,
2023-10-09 20:25:00+00:00,0.05895,0.05899,0.05897,0.05896,215139.7,0.058968,12686.3578296,215139.7,12686.3578296,
2023-10-09 20:30:00+00:00,0.05894,0.05896,0.05896,0.05894,175827.0,0.05895,10365.00165,175827.0,10365.00165,
2023-10-09 20:35:00+00:00,0.05893,0.05895,0.05894,0.05894,86818.2,0.05894,5117.064708,86818.2,5117.064708,
2023-10-09 20:40:00+00:00,0.05893,0.05895,0.05893,0.05895,95211.7,0.05894,5611.777598,95211.7,5611.777598,
2023-10-09 20:45:00+00:00,0.05894,0.05895,0.05895,0.05894,116956.1,0.058945,6893.9773145,116956.1,6893.9773145,
2023-10-09 20:50:00+00:00,0.05887,0.05895,0.05895,0.05888,275774.6,0.058913,16246.7090098,275774.6,16246.7090098,
2023-10-09 20:55:00+00:00,0.05887,0.05888,0.05887,0.05888,56376.9,0.058875,3319.1899875,56376.9,3319.1899875,
2023-10-09 21:00:00+00:00,0.05887,0.05891,0.05887,0.0589,108287.4,0.058888,6376.8284112,108287.4,6376.8284112,
2023-10-09 21:05:00+00:00,0.05886,0.0589,0.05889,0.05887,221355.4,0.05888,13033.405952,221355.4,13033.405952,
2023-10-09 21:10:00+00:00,0.05879,0.05887,0.05887,0.0588,341387.4,0.058832,20084.5035168,341387.4,20084.5035168,
2023-10-09 21:15:00+00:00,0.05878,0.05884,0.05879,0.05882,1311720.2,0.058808,77139.6415216,1311720.2,77139.6415216,
2023-10-09 21:20:00+00:00,0.05883,0.05888,0.05883,0.05887,206300.6,0.058852,12141.2029112,206300.6,12141.2029112,
2023-10-09 21:25:00+00:00,0.05886,0.05888,0.05887,0.05888,88862.1,0.058872,5231.4895512,88862.1,5231.4895512,
2023-10-09 21:30:00+00:00,0.05886,0.05889,0.05888,0.05888,19383.3,0.058878,1141.2499374,19383.3,1141.2499374,
2023-10-09 21:35:00+00:00,0.05886,0.05889,0.05888,0.05887,35233.6,0.058875,2074.3782,35233.6,2074.3782,
2023-10-09 21:40:00+00:00,0.05888,0.05899,0.05889,0.05898,86553.6,0.058935,5101.036416,86553.6,5101.036416,
2023-10-09 21:45:00+00:00,0.05893,0.05898,0.05898,0.05894,248591.2,0.058957,14656.1913784,248591.2,14656.1913784,
2023-10-09 21:50:00+00:00,0.05886,0.05894,0.05894,0.05887,158859.7,0.058902,9357.1540494,158859.7,9357.1540494,
2023-10-09 21:55:00+00:00,0.05886,0.05887,0.05887,0.05887,21654.1,0.058868,1274.7335588,21654.1,1274.7335588,
2023-10-09 22:00:00+00:00,0.05881,0.05887,0.05887,0.05884,19845.6,0.058848,1167.8738688,19845.6,1167.8738688,
2023-10-09 22:05:00+00:00,0.05883,0.05888,0.05883,0.05886,46460.1,0.05885,2734.176885,46460.1,2734.176885,
2023-10-09 22:10:00+00:00,0.05883,0.05889,0.05887,0.05883,52120.8,0.058855,3067.569684,52120.8,3067.569684,
2023-10-09 22:15:00+00:00,0.05876,0.05888,0.05888,0.05878,275624.8,0.058825,16213.62886,275624.8,16213.62886,
2023-10-09 22:20:00+00:00,0.05874,0.05883,0.05878,0.05882,220848.2,0.058792,12984.1073744,220848.2,12984.1073744,
2023-10-09 22:25:00+00:00,0.05878,0.05883,0.05883,0.05878,89008.1,0.058805,5234.1213205,89008.1,5234.1213205,
2023-10-09 22:30:00+00:00,0.05878,0.05885,0.05878,0.05883,47665.2,0.05881,2803.190412,47665.2,2803.190412,
2023-10-09 22:35:00+00:00,0.05878,0.05886,0.05886,0.0588,125550.7,0.058825,7385.5199275,125550.7,7385.5199275,
2023-10-09 22:40:00+00:00,0.05875,0.05879,0.05878,0.05876,46887.0,0.05877,2755.54899,46887.0,2755.54899,
2023-10-09 22:45:00+00:00,0.05872,0.05876,0.05876,0.05875,200965.6,0.058748,11806.3270688,200965.6,11806.3270688,
2023-10-09 22:50:00+00:00,0.05872,0.05877,0.05875,0.05875,117900.3,0.058748,6926.4068244,117900.3,6926.4068244,
2023-10-09 22:55:00+00:00,0.05872,0.05875,0.05875,0.05872,93369.3,0.058735,5484.0458355,93369.3,5484.0458355,
2023-10-09 23:00:00+00:00,0.0587,0.05875,0.05874,0.05874,297513.8,0.058733,17473.8780154,297513.8,17473.8780154,
2023-10-09 23:05:00+00:00,0.05872,0.05878,0.05872,0.05877,54240.0,0.058747,3186.43728,54240.0,3186.43728,
2023-10-09 23:10:00+00:00,0.05876,0.05882,0.05878,0.05879,100799.0,0.058788,5925.771612,100799.0,5925.771612,
2023-10-09 23:15:00+00:00,0.0587,0.05881,0.05879,0.05874,186764.6,0.05876,10974.287896,186764.6,10974.287896,
2023-10-09 23:20:00+00:00,0.05868,0.05877,0.05875,0.05872,394994.7,0.05873,23198.038731,394994.7,23198.038731,
2023-10-09 23:25:00+00:00,0.05867,0.05871,0.05871,0.05868,146355.0,0.058692,8589.86766,146355.0,8589.86766,
2023-10-09 23:30:00+00:00,0.05866,0.05871,0.05867,0.05869,55527.2,0.058682,3258.4471504,55527.2,3258.4471504,
2023-10-09 23:35:00+00:00,0.05868,0.05873,0.05869,0.05871,70732.1,0.058703,4152.1864663,70732.1,4152.1864663,
2023-10-09 23:40:00+00:00,0.05868,0.05872,0.05869,0.0587,139940.8,0.058698,8214.2450784,139940.8,8214.2450784,
2023-10-09 23:45:00+00:00,0.05868,0.0588,0.0587,0.05878,159037.7,0.05874,9341.874498,159037.7,9341.874498,
2023-10-09 23:50:00+00:00,0.05874,0.05878,0.05877,0.05875,110215.2,0.05876,6476.245152,110215.2,6476.245152,
2023-10-09 23:55:00+00:00,0.05873,0.05877,0.05875,0.05877,17310.7,0.058755,1017.0901785,17310.7,1017.0901785,
2023-10-10 00:00:00+00:00,0.05872,0.05879,0.05876,0.05874,211886.3,0.058752,12448.7438976,211886.3,12448.7438976,
2023-10-10 00:05:00+00:00,0.05867,0.05881,0.05873,0.05878,458092.6,0.058748,26912.0240648,458092.6,26912.0240648,
2023-10-10 00:10:00+00:00,0.05866,0.05881,0.05879,0.05869,264594.8,0.058738,15541.7693624,264594.8,15541.7693624,
2023-10-10 00:15:00+00:00,0.05865,0.05872,0.0587,0.05872,317720.7,0.058698,18649.5696486,317720.7,18649.5696486,
2023-10-10 00:20:00+00:00,0.05871,0.05879,0.05871,0.05877,47756.4,0.058745,2805.449718,47756.4,2805.449718,
2023-10-10 00:25:00+00:00,0.05864,0.05878,0.05878,0.05865,301789.1,0.058712,17718.6416392,301789.1,17718.6416392,
2023-10-10 00:30:00+00:00,0.0586,0.05868,0.05866,0.05868,247836.8,0.058655,14536.867504,247836.8,14536.867504,
2023-10-10 00:35:00+00:00,0.05866,0.05874,0.05868,0.05866,62410.5,0.058685,3662.5601925,62410.5,3662.5601925,
2023-10-10 00:40:00+00:00,0.05857,0.05865,0.05865,0.0586,310337.1,0.058618,18191.3401278,310337.1,18191.3401278,
2023-10-10 00:45:00+00:00,0.05852,0.05859,0.05859,0.05855,266829.7,0.058562,15626.0808914,266829.7,15626.0808914,
2023-10-10 00:50:00+00:00,0.05847,0.05859,0.05854,0.05859,380415.9,0.058548,22272.5901132,380415.9,22272.5901132,
2023-10-10 00:55:00+00:00,0.05858,0.05865,0.05859,0.05859,180739.6,0.058602,10591.7020392,180739.6,10591.7020392,
2023-10-10 01:00:00+00:00,0.05855,0.05865,0.05857,0.05857,51051.6,0.058585,2990.857986,51051.6,2990.857986,
2023-10-10 01:05:00+00:00,0.05849,0.05858,0.05856,0.05858,253245.9,0.058552,14828.0539368,253245.9,14828.0539368,
2023-10-10 01:10:00+00:00,0.05856,0.05862,0.05858,0.05861,71015.0,0.058592,4160.91088,71015.0,4160.91088,
2023-10-10 01:15:00+00:00,0.05854,0.05864,0.05861,0.05856,106524.4,0.058588,6241.0515472,106524.4,6241.0515472,
2023-10-10 01:20:00+00:00,0.05856,0.05865,0.05856,0.05865,34896.9,0.058605,2045.1328245,34896.9,2045.1328245,
2023-10-10 01:25:00+00:00,0.05863,0.05867,0.05866,0.05863,34139.8,0.058648,2002.2309904,34139.8,2002.2309904,
2023-10-10 01:30:00+00:00,0.05859,0.05865,0.05863,0.05859,80539.0,0.058615,4720.793485,80539.0,4720.793485,
2023-10-10 01:35:00+00:00,0.05855,0.0586,0.0586,0.0586,32845.9,0.058588,1924.3755892,32845.9,1924.3755892,
2023-10-10 01:40:00+00:00,0.05859,0.05871,0.0586,0.0587,105772.6,0.05865,6203.56299,105772.6,6203.56299,
2023-10-10 01:45:00+00:00,0.05869,0.05885,0.05869,0.05885,181648.1,0.05877,10675.458837,181648.1,10675.458837,
2023-10-10 01:50:00+00:00,0.05885,0.05891,0.05885,0.05888,99382.3,0.058872,5850.8347656,99382.3,5850.8347656,
2023-10-10 01:55:00+00:00,0.05881,0.05888,0.05886,0.05881,57623.7,0.05884,3390.578508,57623.7,3390.578508,
2023-10-10 02:00:00+00:00,0.0588,0.05886,0.05882,0.05882,29982.5,0.058825,1763.7205625,29982.5,1763.7205625,
2023-10-10 02:05:00+00:00,0.05875,0.05879,0.05879,0.05876,79247.8,0.058772,4657.5517016,79247.8,4657.5517016,
2023-10-10 02:10:00+00:00,0.05875,0.05878,0.05875,0.05875,128334.7,0.058758,7540.6903026,128334.7,7540.6903026,
2023-10-10 02:15:00+00:00,0.05875,0.05879,0.05875,0.05876,54938.8,0.058762,3228.3137656,54938.8,3228.3137656,
2023-10-10 02:20:00+00:00,0.05871,0.05877,0.05875,0.05872,127293.4,0.058738,7476.9597292,127293.4,7476.9597292,
2023-10-10 02:25:00+00:00,0.05872,0.05882,0.05872,0.05881,357322.0,0.058768,20999.099296,357322.0,20999.099296,
2023-10-10 02:30:00+00:00,0.05879,0.05883,0.05881,0.0588,79262.4,0.058808,4661.2632192,79262.4,4661.2632192,
2023-10-10 02:35:00+00:00,0.05879,0.05884,0.05879,0.05884,32876.9,0.058815,1933.6548735,32876.9,1933.6548735,
2023-10-10 02:40:00+00:00,0.05883,0.05894,0.05884,0.05892,199336.3,0.058882,11737.3200166,199336.3,11737.3200166,
2023-10-10 02:45:00+00:00,0.0589,0.05893,0.05891,0.05893,237063.6,0.058918,13967.3131848,237063.6,13967.3131848,
2023-10-10 02:50:00+00:00,0.05892,0.05898,0.05894,0.05898,343290.8,0.058955,20238.709114,343290.8,20238.709114,
2023-10-10 02:55:00+00:00,0.05898,0.05917,0.05898,0.05908,912276.4,0.059052,53871.7459728,912276.4,53871.7459728,
2023-10-10 03:00:00+00:00,0.05902,0.05911,0.05909,0.05905,441347.2,0.059067,26069.0550624,441347.2,26069.0550624,
2023-10-10 03:05:00+00:00,0.05899,0.05905,0.05905,0.05902,45620.9,0.059028,2692.9104852,45620.9,2692.9104852,
2023-10-10 03:10:00+00:00,0.059,0.05905,0.05903,0.05903,80576.3,0.059028,4756.2578364,80576.3,4756.2578364,
2023-10-10 03:15:00+00:00,0.05902,0.05907,0.05904,0.05905,20179.8,0.059045,1191.516291,20179.8,1191.516291,
2023-10-10 03:20:00+00:00,0.05899,0.05904,0.05904,0.05901,44565.7,0.05902,2630.267614,44565.7,2630.267614,
2023-10-10 03:25:00+00:00,0.05895,0.05899,0.05899,0.05896,188240.9,0.058972,11100.9423548,188240.9,11100.9423548,
2023-10-10 03:30:00+00:00,0.05894,0.05898,0.05896,0.05896,151469.2,0.05896,8930.624032,151469.2,8930.624032,
2023-10-10 03:35:00+00:00,0.05897,0.059,0.05898,0.059,58296.9,0.058988,3438.8175372,58296.9,3438.8175372,
2023-10-10 03:40:00+00:00,0.05899,0.05903,0.05899,0.05902,54690.4,0.059008,3227.1711232,54690.4,3227.1711232,
2023-10-10 03:45:00+00:00,0.05896,0.05902,0.05901,0.05896,180671.4,0.058988,10657.4445432,180671.4,10657.4445432,
2023-10-10 03:50:00+00:00,0.05897,0.059,0.05897,0.05898,24285.5,0.05898,1432.35879,24285.5,1432.35879,
2023-10-10 03:55:00+00:00,0.05898,0.05901,0.059,0.05899,139724.0,0.058995,8243.01738,139724.0,8243.01738,
2023-10-10 04:00:00+00:00,0.05895,0.059,0.059,0.05898,10090.9,0.058982,595.1814638,10090.9,595.1814638,
2023-10-10 04:05:00+00:00,0.05896,0.059,0.05899,0.05896,29190.6,0.058978,1721.6032068,29190.6,1721.6032068,
2023-10-10 04:10:00+00:00,0.05891,0.05897,0.05897,0.05893,108493.9,0.058945,6395.1729355,108493.9,6395.1729355,
2023-10-10 04:15:00+00:00,0.05891,0.05893,0.05893,0.05891,61705.6,0.05892,3635.693952,61705.6,3635.693952,
2023-10-10 04:20:00+00:00,0.0589,0.05893,0.05891,0.05891,51420.0,0.058912,3029.25504,51420.0,3029.25504,
2023-10-10 04:25:00+00:00,0.0589,0.05893,0.05891,0.05892,54812.1,0.058915,3229.2548715,54812.1,3229.2548715,
2023-10-10 04:30:00+00:00,0.05891,0.05892,0.05891,0.05891,40069.0,0.058912,2360.544928,40069.0,2360.544928,
2023-10-10 04:35:00+00:00,0.05889,0.05892,0.05892,0.05891,30238.5,0.05891,1781.350035,30238.5,1781.350035,
2023-10-10 04:40:00+00:00,0.0589,0.05893,0.0589,0.05893,13789.6,0.058915,812.414284,13789.6,812.414284,
2023-10-10 04:45:00+00:00,0.05891,0.05893,0.05893,0.05892,9494.9,0.058922,559.4584978,9494.9,559.4584978,
2023-10-10 04:50:00+00:00,0.05891,0.05894,0.05891,0.05891,31120.3,0.058918,1833.5458354,31120.3,1833.5458354,
2023-10-10 04:55:00+00:00,0.05889,0.05893,0.05891,0.05893,99155.1,0.058915,5841.7227165,99155.1,5841.7227165,
2023-10-10 05:00:00+00:00,0.05886,0.05893,0.05892,0.05887,289151.6,0.058895,17029.583482,289151.6,17029.583482,
2023-10-10 05:05:00+00:00,0.05884,0.05888,0.05887,0.05888,270342.3,0.058868,15914.5105164,270342.3,15914.5105164,
2023-10-10 05:10:00+00:00,0.05885,0.05888,0.05886,0.05887,19744.9,0.058865,1162.2835385,19744.9,1162.2835385,
2023-10-10 05:15:00+00:00,0.05888,0.05893,0.05888,0.05892,4304.0,0.058902,253.514208,4304.0,253.514208,
2023-10-10 05:20:00+00:00,0.0589,0.05894,0.05893,0.05892,75951.4,0.058922,4475.2083908,75951.4,4475.2083908,
2023-10-10 05:25:00+00:00,0.05889,0.05892,0.05891,0.05889,21869.3,0.058902,1288.1455086,21869.3,1288.1455086,
2023-10-10 05:30:00+00:00,0.0589,0.05892,0.05891,0.05892,27570.4,0.058912,1624.2274048,27570.4,1624.2274048,
2023-10-10 05:35:00+00:00,0.05891,0.05895,0.05891,0.05895,57139.4,0.05893,3367.224842,57139.4,3367.224842,
2023-10-10 05:40:00+00:00,0.05894,0.05907,0.05894,0.05904,482798.4,0.058998,28484.1400032,482798.4,28484.1400032,
2023-10-10 05:45:00+00:00,0.05904,0.05907,0.05905,0.05905,19896.0,0.059052,1174.898592,19896.0,1174.898592,
2023-10-10 05:50:00+00:00,0.05904,0.05907,0.05907,0.05905,23858.5,0.059058,1409.035293,23858.5,1409.035293,
2023-10-10 05:55:00+00:00,0.05904,0.05905,0.05904,0.05904,3953.9,0.059043,233.4501177,3953.9,233.4501177,
2023-10-10 06:00:00+00:00,0.05904,0.05905,0.05904,0.05905,305566.9,0.059045,18042.1976105,305566.9,18042.1976105,
2023-10-10 06:05:00+00:00,0.05903,0.05907,0.05904,0.05907,25249.4,0.059052,1491.0275688,25249.4,1491.0275688,
2023-10-10 06:10:00+00:00,0.05902,0.05907,0.05904,0.05907,10549.1,0.05905,622.924355,10549.1,622.924355,
2023-10-10 06:15:00+00:00,0.05906,0.05909,0.05906,0.05907,30898.4,0.05907,1825.168488,30898.4,1825.168488,
2023-10-10 06:20:00+00:00,0.05906,0.05912,0.05907,0.05912,78215.9,0.059092,4621.9339628,78215.9,4621.9339628,
2023-10-10 06:25:00+00:00,0.05912,0.05916,0.05913,0.05915,51725.4,0.05914,3059.040156,51725.4,3059.040156,
2023-10-10 06:30:00+00:00,0.05911,0.05915,0.05915,0.05911,30614.8,0.05913,1810.253124,30614.8,1810.253124,
2023-10-10 06:35:00+00:00,0.0591,0.05913,0.05911,0.05912,116406.8,0.059115,6881.387982,116406.8,6881.387982,
2023-10-10 06:40:00+00:00,0.05909,0.05912,0.05912,0.05909,71227.5,0.059105,4209.9013875,71227.5,4209.9013875,
2023-10-10 06:45:00+00:00,0.05902,0.0591,0.05909,0.05908,160851.8,0.059072,9501.8375296,160851.8,9501.8375296,
2023-10-10 06:50:00+00:00,0.05908,0.05912,0.05908,0.05912,147444.4,0.0591,8713.96404,147444.4,8713.96404,
2023-10-10 06:55:00+00:00,0.05913,0.05916,0.05913,0.05916,10006.2,0.059145,591.816699,10006.2,591.816699,
2023-10-10 07:00:00+00:00,0.05912,0.05917,0.05916,0.05912,56503.8,0.059142,3341.7477396,56503.8,3341.7477396,
2023-10-10 07:05:00+00:00,0.05912,0.05917,0.05913,0.05917,92003.0,0.059148,5441.793444,92003.0,5441.793444,
2023-10-10 07:10:00+00:00,0.05915,0.05919,0.05916,0.05917,18557.7,0.059168,1098.0219936,18557.7,1098.0219936,
2023-10-10 07:15:00+00:00,0.05916,0.05922,0.05919,0.05922,59922.2,0.059198,3547.2743956,59922.2,3547.2743956,
2023-10-10 07:20:00+00:00,0.05921,0.05926,0.05922,0.05922,579031.1,0.059228,34294.8539908,579031.1,34294.8539908,
2023-10-10 07:25:00+00:00,0.05916,0.05922,0.05922,0.05919,499576.2,0.059198,29573.9118876,499576.2,29573.9118876,
2023-10-10 07:30:00+00:00,0.05918,0.05922,0.05918,0.05921,17442.3,0.059198,1032.5492754,17442.3,1032.5492754,
2023-10-10 07:35:00+00:00,0.05916,0.05921,0.05921,0.05917,15148.1,0.059188,896.5857428,15148.1,896.5857428,
2023-10-10 07:40:00+00:00,0.05916,0.05918,0.05918,0.05918,19964.9,0.059175,1181.4229575,19964.9,1181.4229575,
2023-10-10 07:45:00+00:00,0.05914,0.05921,0.05917,0.05914,28099.8,0.059165,1662.524667,28099.8,1662.524667,
2023-10-10 07:50:00+00:00,0.05909,0.05915,0.05914,0.05911,111133.5,0.059122,6570.434787,111133.5,6570.434787,
2023-10-10 07:55:00+00:00,0.05909,0.05912,0.05911,0.05911,87446.7,0.059108,5168.7995436,87446.7,5168.7995436,
2023-10-10 08:00:00+00:00,0.05908,0.05917,0.05909,0.05917,7017.9,0.059128,414.9543912,7017.9,414.9543912,
2023-10-10 08:05:00+00:00,0.0591,0.0592,0.05917,0.05911,382586.5,0.059145,22628.0785425,382586.5,22628.0785425,
2023-10-10 08:10:00+00:00,0.05912,0.0592,0.05914,0.05919,74160.8,0.059162,4387.5012496,74160.8,4387.5012496,
2023-10-10 08:15:00+00:00,0.05911,0.0592,0.0592,0.05918,126055.9,0.059172,7458.9797148,126055.9,7458.9797148,
2023-10-10 08:20:00+00:00,0.05917,0.05921,0.05918,0.05917,77897.7,0.059182,4610.1416814,77897.7,4610.1416814,
2023-10-10 08:25:00+00:00,0.05911,0.05916,0.05916,0.05911,117419.4,0.059135,6943.596219,117419.4,6943.596219,
2023-10-10 08:30:00+00:00,0.05911,0.05917,0.05912,0.05915,79151.7,0.059138,4680.8732346,79151.7,4680.8732346,
2023-10-10 08:35:00+00:00,0.05908,0.05916,0.05916,0.05908,56138.0,0.05912,3318.87856,56138.0,3318.87856,
2023-10-10 08:40:00+00:00,0.05907,0.0591,0.05908,0.05908,21892.4,0.059082,1293.4467768,21892.4,1293.4467768,
2023-10-10 08:45:00+00:00,0.05907,0.0591,0.05908,0.05908,26972.1,0.059082,1593.5656122,26972.1,1593.5656122,
2023-10-10 08:50:00+00:00,0.05907,0.05908,0.05907,0.05907,34109.5,0.059072,2014.916384,34109.5,2014.916384,
2023-10-10 08:55:00+00:00,0.05904,0.0591,0.05907,0.05906,220845.4,0.059068,13044.8960872,220845.4,13044.8960872,
2023-10-10 09:00:00+00:00,0.059,0.05907,0.05906,0.05901,223059.9,0.059035,13168.3411965,223059.9,13168.3411965,
2023-10-10 09:05:00+00:00,0.059,0.05909,0.05901,0.05904,72454.5,0.059035,4277.3514075,72454.5,4277.3514075,
2023-10-10 09:10:00+00:00,0.05903,0.05906,0.05905,0.05905,30566.9,0.059047,1804.8837443,30566.9,1804.8837443,
2023-10-10 09:15:00+00:00,0.05901,0.05906,0.05906,0.05903,11437.3,0.05904,675.258192,11437.3,675.258192,
2023-10-10 09:20:00+00:00,0.059,0.05903,0.05901,0.05901,15027.6,0.059012,886.8087312,15027.6,886.8087312,
2023-10-10 09:25:00+00:00,0.05897,0.05902,0.05901,0.059,300205.9,0.059,17712.1481,300205.9,17712.1481,
2023-10-10 09:30:00+00:00,0.05899,0.05903,0.05899,0.05902,150659.0,0.059008,8890.086272,150659.0,8890.086272,
2023-10-10 09:35:00+00:00,0.05898,0.05902,0.05901,0.05901,6784.6,0.059005,400.325323,6784.6,400.325323,
2023-10-10 09:40:00+00:00,0.059,0.05902,0.059,0.059,42059.1,0.059005,2481.6971955,42059.1,2481.6971955,
2023-10-10 09:45:00+00:00,0.059,0.05901,0.05901,0.05901,20240.7,0.059008,1194.3632256,20240.7,1194.3632256,
2023-10-10 09:50:00+00:00,0.059,0.05911,0.05901,0.05905,283161.4,0.059042,16718.4153788,283161.4,16718.4153788,
2023-10-10 09:55:00+00:00,0.05902,0.05905,0.05905,0.05902,82757.0,0.059035,4885.559495,82757.0,4885.559495,
2023-10-10 10:00:00+00:00,0.05896,0.05903,0.05903,0.05898,16858.5,0.059,994.6515,16858.5,994.6515,
2023-10-10 10:05:00+00:00,0.05893,0.05898,0.05896,0.05895,24539.9,0.058955,1446.7498045,24539.9,1446.7498045,
2023-10-10 10:10:00+00:00,0.05895,0.05901,0.05895,0.05898,187880.2,0.058973,11079.8590346,187880.2,11079.8590346,
2023-10-10 10:15:00+00:00,0.05896,0.059,0.05899,0.05897,27496.8,0.05898,1621.761264,27496.8,1621.761264,
2023-10-10 10:20:00+00:00,0.05894,0.05898,0.05896,0.05898,36091.4,0.058965,2128.129401,36091.4,2128.129401,
2023-10-10 10:25:00+00:00,0.05896,0.05899,0.05897,0.05896,6274.0,0.05897,369.97778,6274.0,369.97778,
2023-10-10 10:30:00+00:00,0.05896,0.059,0.05897,0.05897,17147.1,0.058975,1011.2502225,17147.1,1011.2502225,
2023-10-10 10:35:00+00:00,0.05883,0.05897,0.05897,0.05888,1137824.8,0.058913,67032.6724424,1137824.8,67032.6724424,
2023-10-10 10:40:00+00:00,0.05885,0.05888,0.05886,0.05888,86812.3,0.058868,5110.4664764,86812.3,5110.4664764,
2023-10-10 10:45:00+00:00,0.05887,0.05895,0.05891,0.05888,33542.2,0.058902,1975.7026644,33542.2,1975.7026644,
2023-10-10 10:50:00+00:00,0.05888,0.0589,0.0589,0.05889,58442.4,0.058892,3441.7898208,58442.4,3441.7898208,
2023-10-10 10:55:00+00:00,0.05879,0.05889,0.05889,0.05884,568304.5,0.058852,33445.856434,568304.5,33445.856434,
2023-10-10 11:00:00+00:00,0.05878,0.05884,0.05882,0.05881,105421.9,0.058812,6200.0727828,105421.9,6200.0727828,
2023-10-10 11:05:00+00:00,0.05877,0.05882,0.05879,0.05882,96242.8,0.0588,5659.07664,96242.8,5659.07664,
2023-10-10 11:10:00+00:00,0.05881,0.05885,0.05881,0.05885,26526.5,0.05883,1560.553995,26526.5,1560.553995,
2023-10-10 11:15:00+00:00,0.05879,0.05885,0.05885,0.05879,401720.6,0.05882,23629.205692,401720.6,23629.205692,
2023-10-10 11:20:00+00:00,0.05873,0.0588,0.0588,0.05876,60726.8,0.058772,3569.0354896,60726.8,3569.0354896,
2023-10-10 11:25:00+00:00,0.0587,0.05877,0.05874,0.05875,158858.2,0.05874,9331.330668,158858.2,9331.330668,
2023-10-10 11:30:00+00:00,0.05867,0.05878,0.05877,0.05868,334522.0,0.058725,19644.80445,334522.0,19644.80445,
2023-10-10 11:35:00+00:00,0.05869,0.05877,0.05869,0.05876,79953.3,0.058728,4695.4974024,79953.3,4695.4974024,
2023-10-10 11:40:00+00:00,0.05875,0.05876,0.05875,0.05876,10702.6,0.058755,628.831263,10702.6,628.831263,
2023-10-10 11:45:00+00:00,0.05873,0.05878,0.05876,0.05874,79231.2,0.058752,4654.9914624,79231.2,4654.9914624,
2023-10-10 11:50:00+00:00,0.05866,0.05875,0.05875,0.05866,108021.5,0.058705,6341.4021575,108021.5,6341.4021575,
2023-10-10 11:55:00+00:00,0.05865,0.05871,0.05867,0.05867,247308.8,0.058675,14510.84384,247308.8,14510.84384,
2023-10-10 12:00:00+00:00,0.05865,0.05875,0.05867,0.05873,64556.9,0.0587,3789.49003,64556.9,3789.49003,
2023-10-10 12:05:00+00:00,0.05865,0.05873,0.05871,0.05868,232635.0,0.058692,13653.81342,232635.0,13653.81342,
2023-10-10 12:10:00+00:00,0.05868,0.05872,0.0587,0.05871,87202.7,0.058703,5119.0600981,87202.7,5119.0600981,
2023-10-10 12:15:00+00:00,0.05872,0.05874,0.05873,0.05874,27015.3,0.058732,1586.6625996,27015.3,1586.6625996,
2023-10-10 12:20:00+00:00,0.05873,0.05876,0.05874,0.05876,35120.6,0.058748,2063.2650088,35120.6,2063.2650088,
2023-10-10 12:25:00+00:00,0.05873,0.05876,0.05875,0.05875,110865.4,0.058748,6513.1205192,110865.4,6513.1205192,
2023-10-10 12:30:00+00:00,0.05875,0.05878,0.05878,0.05877,12523.2,0.05877,735.988464,12523.2,735.988464,
2023-10-10 12:35:00+00:00,0.05871,0.05876,0.05876,0.05872,26927.6,0.058738,1581.6733688,26927.6,1581.6733688,
2023-10-10 12:40:00+00:00,0.05872,0.05877,0.05872,0.05875,623929.4,0.05874,36649.612956,623929.4,36649.612956,
2023-10-10 12:45:00+00:00,0.05867,0.05876,0.05873,0.05867,920037.3,0.058707,54012.6297711,920037.3,54012.6297711,
2023-10-10 12:50:00+00:00,0.0586,0.05868,0.05868,0.0586,191767.1,0.05864,11245.222744,191767.1,11245.222744,
2023-10-10 12:55:00+00:00,0.05857,0.05862,0.0586,0.05862,240198.7,0.058602,14076.1242174,240198.7,14076.1242174,
2023-10-10 13:00:00+00:00,0.05859,0.05865,0.05864,0.05859,579691.8,0.058618,33980.3739324,579691.8,33980.3739324,
2023-10-10 13:05:00+00:00,0.05853,0.05859,0.05858,0.05856,716402.6,0.058565,41956.118269,716402.6,41956.118269,
2023-10-10 13:10:00+00:00,0.05856,0.0586,0.05857,0.05859,145474.0,0.05858,8521.86692,145474.0,8521.86692,
2023-10-10 13:15:00+00:00,0.05857,0.05861,0.0586,0.0586,78239.2,0.058595,4584.425924,78239.2,4584.425924,
2023-10-10 13:20:00+00:00,0.05858,0.05871,0.05859,0.05871,46455.7,0.058648,2724.5338936,46455.7,2724.5338936,
2023-10-10 13:25:00+00:00,0.05869,0.05875,0.0587,0.05872,155307.6,0.058715,9118.885734,155307.6,9118.885734,
2023-10-10 13:30:00+00:00,0.05869,0.05873,0.05873,0.05873,148726.8,0.05872,8733.237696,148726.8,8733.237696,
2023-10-10 13:35:00+00:00,0.05857,0.05873,0.05872,0.05862,237726.2,0.05866,13945.018892,237726.2,13945.018892,
2023-10-10 13:40:00+00:00,0.05857,0.05864,0.05862,0.05861,589607.1,0.05861,34556.872131,589607.1,34556.872131,
2023-10-10 13:45:00+00:00,0.0586,0.05871,0.05861,0.05869,205205.1,0.058652,12035.6895252,205205.1,12035.6895252,
2023-10-10 13:50:00+00:00,0.05868,0.05871,0.05869,0.05871,53405.2,0.058698,3134.7784296,53405.2,3134.7784296,
2023-10-10 13:55:00+00:00,0.0587,0.05876,0.05871,0.05876,117600.6,0.058732,6906.9184392,117600.6,6906.9184392,
2023-10-10 14:00:00+00:00,0.05876,0.0589,0.05876,0.0589,216236.3,0.05883,12721.181529,216236.3,12721.181529,
2023-10-10 14:05:00+00:00,0.0588,0.05889,0.05889,0.05885,398579.5,0.058857,23459.1936315,398579.5,23459.1936315,
2023-10-10 14:10:00+00:00,0.05884,0.05904,0.05885,0.05901,92351.3,0.058935,5442.7238655,92351.3,5442.7238655,
2023-10-10 14:15:00+00:00,0.05893,0.05906,0.05902,0.05906,265517.2,0.059018,15670.2941096,265517.2,15670.2941096,
2023-10-10 14:20:00+00:00,0.05894,0.05905,0.05905,0.05895,407787.1,0.058998,24058.6233258,407787.1,24058.6233258,
2023-10-10 14:25:00+00:00,0.05892,0.05901,0.05893,0.05896,147449.6,0.058955,8692.891168,147449.6,8692.891168,
2023-10-10 14:30:00+00:00,0.05888,0.05895,0.05895,0.05892,273698.9,0.058925,16127.7076825,273698.9,16127.7076825,
2023-10-10 14:35:00+00:00,0.05893,0.05901,0.05893,0.05896,365617.7,0.058957,21555.7227389,365617.7,21555.7227389,
2023-10-10 14:40:00+00:00,0.05895,0.05898,0.05896,0.05897,196251.3,0.058965,11571.9579045,196251.3,11571.9579045,
2023-10-10 14:45:00+00:00,0.05885,0.05895,0.05895,0.05887,238259.7,0.058905,14034.6876285,238259.7,14034.6876285,
2023-10-10 14:50:00+00:00,0.05878,0.05887,0.05885,0.0588,112196.9,0.058825,6599.9826425,112196.9,6599.9826425,
2023-10-10 14:55:00+00:00,0.05861,0.05878,0.05878,0.05876,644218.1,0.058732,37836.2174492,644218.1,37836.2174492,
2023-10-10 15:00:00+00:00,0.05872,0.05885,0.05875,0.05884,238568.9,0.05879,14025.465631,238568.9,14025.465631,
2023-10-10 15:05:00+00:00,0.05868,0.05884,0.05882,0.0587,394501.3,0.05876,23180.896388,394501.3,23180.896388,
2023-10-10 15:10:00+00:00,0.05863,0.05869,0.05868,0.05868,335727.0,0.05867,19697.10309,335727.0,19697.10309,
2023-10-10 15:15:00+00:00,0.05867,0.05877,0.05868,0.05876,333720.1,0.05872,19596.044272,333720.1,19596.044272,
2023-10-10 15:20:00+00:00,0.05858,0.05878,0.05877,0.05862,370749.3,0.058688,21758.5349184,370749.3,21758.5349184,
2023-10-10 15:25:00+00:00,0.05863,0.05872,0.05863,0.05867,64683.8,0.058663,3794.5457594,64683.8,3794.5457594,
2023-10-10 15:30:00+00:00,0.05867,0.05874,0.05867,0.0587,247237.6,0.058695,14511.610932,247237.6,14511.610932,
2023-10-10 15:35:00+00:00,0.05857,0.0587,0.05869,0.05866,236229.4,0.058655,13856.035457,236229.4,13856.035457,
2023-10-10 15:40:00+00:00,0.05866,0.05871,0.05868,0.05868,389956.5,0.058682,22883.427333,389956.5,22883.427333,
2023-10-10 15:45:00+00:00,0.05864,0.0587,0.05866,0.0587,14462.0,0.058675,848.55785,14462.0,848.55785,
2023-10-10 15:50:00+00:00,0.05869,0.05873,0.0587,0.05871,177013.4,0.058707,10391.9256738,177013.4,10391.9256738,
2023-10-10 15:55:00+00:00,0.05865,0.05873,0.05871,0.05865,223777.5,0.058685,13132.3825875,223777.5,13132.3825875,
2023-10-10 16:00:00+00:00,0.05864,0.0587,0.05864,0.05867,52151.8,0.058662,3059.3288916,52151.8,3059.3288916,
2023-10-10 16:05:00+00:00,0.05861,0.05873,0.05866,0.05873,353773.4,0.058682,20760.1306588,353773.4,20760.1306588,
2023-10-10 16:10:00+00:00,0.05866,0.05875,0.05875,0.05871,150160.5,0.058717,8816.9740785,150160.5,8816.9740785,
2023-10-10 16:15:00+00:00,0.05872,0.0588,0.05874,0.05875,80539.9,0.058752,4731.8802048,80539.9,4731.8802048,
2023-10-10 16:20:00+00:00,0.05857,0.05876,0.05876,0.05869,324192.3,0.058695,19028.4670485,324192.3,19028.4670485,
2023-10-10 16:25:00+00:00,0.05869,0.05881,0.05871,0.05881,144989.3,0.058755,8518.8463215,144989.3,8518.8463215,
2023-10-10 16:30:00+00:00,0.0588,0.0589,0.05881,0.05881,286174.1,0.05883,16835.622303,286174.1,16835.622303,
2023-10-10 16:35:00+00:00,0.05877,0.05884,0.0588,0.05877,255120.2,0.058795,14999.792159,255120.2,14999.792159,
2023-10-10 16:40:00+00:00,0.05871,0.05878,0.05877,0.05877,292026.9,0.058758,17158.9165902,292026.9,17158.9165902,
2023-10-10 16:45:00+00:00,0.05875,0.05884,0.05877,0.0588,313822.4,0.05879,18449.618896,313822.4,18449.618896,
2023-10-10 16:50:00+00:00,0.05877,0.05885,0.0588,0.05878,340105.2,0.0588,19998.18576,340105.2,19998.18576,
2023-10-10 16:55:00+00:00,0.05874,0.05881,0.05878,0.0588,205102.0,0.058782,12056.305764,205102.0,12056.305764,
2023-10-10 17:00:00+00:00,0.05879,0.05887,0.0588,0.05879,430060.7,0.058813,25293.1599491,430060.7,25293.1599491,
2023-10-10 17:05:00+00:00,0.05863,0.05878,0.05878,0.05869,427377.1,0.05872,25095.583312,427377.1,25095.583312,
2023-10-10 17:10:00+00:00,0.05865,0.05876,0.05871,0.05867,224980.2,0.058698,13205.8877796,224980.2,13205.8877796,
2023-10-10 17:15:00+00:00,0.05862,0.05872,0.05864,0.05867,452255.1,0.058662,26530.1886762,452255.1,26530.1886762,
2023-10-10 17:20:00+00:00,0.05865,0.05872,0.05865,0.05869,155585.9,0.058678,9129.4694402,155585.9,9129.4694402,
2023-10-10 17:25:00+00:00,0.05866,0.05874,0.05867,0.05872,238243.3,0.058698,13984.4052234,238243.3,13984.4052234,
2023-10-10 17:30:00+00:00,0.05865,0.05872,0.05872,0.05865,271766.6,0.058685,15948.622921,271766.6,15948.622921,
2023-10-10 17:35:00+00:00,0.05863,0.0587,0.05866,0.05869,709465.2,0.05867,41624.323284,709465.2,41624.323284,
2023-10-10 17:40:00+00:00,0.05871,0.05883,0.05872,0.05881,156802.0,0.058768,9214.939936,156802.0,9214.939936,
2023-10-10 17:45:00+00:00,0.05877,0.05881,0.05881,0.05878,217353.9,0.058792,12778.6704888,217353.9,12778.6704888,
2023-10-10 17:50:00+00:00,0.05867,0.05878,0.05878,0.05867,239233.5,0.058725,14048.9872875,239233.5,14048.9872875,
2023-10-10 17:55:00+00:00,0.05868,0.05871,0.05868,0.05871,380979.1,0.058695,22361.5682745,380979.1,22361.5682745,
2023-10-10 18:00:00+00:00,0.05872,0.05879,0.05873,0.05872,149419.9,0.05874,8776.924926,149419.9,8776.924926,
2023-10-10 18:05:00+00:00,0.0587,0.05873,0.05872,0.05873,168204.2,0.05872,9876.950624,168204.2,9876.950624,
2023-10-10 18:10:00+00:00,0.05872,0.05881,0.05873,0.05879,387699.6,0.058762,22782.0038952,387699.6,22782.0038952,
2023-10-10 18:15:00+00:00,0.05876,0.05883,0.05879,0.05883,58876.8,0.058802,3462.0735936,58876.8,3462.0735936,
2023-10-10 18:20:00+00:00,0.05879,0.05883,0.05883,0.05882,134376.6,0.058817,7903.6284822,134376.6,7903.6284822,
2023-10-10 18:25:00+00:00,0.05882,0.05891,0.05882,0.0589,216850.5,0.058862,12764.254131,216850.5,12764.254131,
2023-10-10 18:30:00+00:00,0.05887,0.05891,0.0589,0.05887,72683.5,0.058888,4280.185948,72683.5,4280.185948,
2023-10-10 18:35:00+00:00,0.05887,0.05892,0.05888,0.05891,242722.0,0.058895,14295.11219,242722.0,14295.11219,
2023-10-10 18:40:00+00:00,0.05891,0.05895,0.05891,0.05892,209506.4,0.058922,12344.5361008,209506.4,12344.5361008,
2023-10-10 18:45:00+00:00,0.05884,0.05894,0.05892,0.05885,397408.5,0.058887,23402.1943395,397408.5,23402.1943395,
2023-10-10 18:50:00+00:00,0.05881,0.05886,0.05884,0.05885,378615.6,0.05884,22277.741904,378615.6,22277.741904,
2023-10-10 18:55:00+00:00,0.05884,0.059,0.05885,0.059,735169.2,0.058922,43317.6396024,735169.2,43317.6396024,
2023-10-10 19:00:00+00:00,0.05896,0.05908,0.05899,0.05903,415385.0,0.059015,24513.945775,415385.0,24513.945775,
2023-10-10 19:05:00+00:00,0.05892,0.059,0.059,0.05899,465876.8,0.058978,27476.4819104,465876.8,27476.4819104,
2023-10-10 19:10:00+00:00,0.059,0.05903,0.05901,0.059,147247.2,0.05901,8689.057272,147247.2,8689.057272,
2023-10-10 19:15:00+00:00,0.05895,0.05901,0.05897,0.05895,175608.3,0.05897,10355.621451,175608.3,10355.621451,
2023-10-10 19:20:00+00:00,0.05893,0.05903,0.05896,0.05901,292992.2,0.058982,17281.2659404,292992.2,17281.2659404,
2023-10-10 19:25:00+00:00,0.05896,0.05901,0.05901,0.05898,205723.3,0.05899,12135.617467,205723.3,12135.617467,
2023-10-10 19:30:00+00:00,0.05895,0.059,0.05897,0.05899,261089.3,0.058978,15398.5247354,261089.3,15398.5247354,
2023-10-10 19:35:00+00:00,0.05897,0.05902,0.059,0.05897,108299.1,0.05899,6388.563909,108299.1,6388.563909,
2023-10-10 19:40:00+00:00,0.05894,0.05899,0.05899,0.05894,66731.8,0.058965,3934.840587,66731.8,3934.840587,
2023-10-10 19:45:00+00:00,0.05894,0.059,0.05895,0.059,72035.1,0.058972,4248.0539172,72035.1,4248.0539172,
2023-10-10 19:50:00+00:00,0.05894,0.05901,0.05901,0.05894,262751.2,0.058975,15495.75202,262751.2,15495.75202,
2023-10-10 19:55:00+00:00,0.05894,0.05901,0.05894,0.059,57815.2,0.058972,3409.4779744,57815.2,3409.4779744,
2023-10-10 20:00:00+00:00,0.05897,0.05904,0.059,0.05901,311618.7,0.059005,18387.0613935,311618.7,18387.0613935,
2023-10-10 20:05:00+00:00,0.05901,0.05904,0.05901,0.05903,183157.2,0.059022,10810.3042584,183157.2,10810.3042584,
2023-10-10 20:10:00+00:00,0.05898,0.05903,0.05903,0.05902,106895.7,0.059015,6308.4497355,106895.7,6308.4497355,
2023-10-10 20:15:00+00:00,0.05896,0.05902,0.05902,0.05896,91674.5,0.05899,5407.878755,91674.5,5407.878755,
2023-10-10 20:20:00+00:00,0.05888,0.05895,0.05895,0.05892,218966.3,0.058925,12902.5892275,218966.3,12902.5892275,
2023-10-10 20:25:00+00:00,0.05891,0.05894,0.05891,0.05893,222621.3,0.058922,13117.2922386,222621.3,13117.2922386,
2023-10-10 20:30:00+00:00,0.05885,0.05894,0.05893,0.05891,321323.1,0.058907,18928.1798517,321323.1,18928.1798517,
2023-10-10 20:35:00+00:00,0.05885,0.05893,0.0589,0.05886,228574.9,0.058885,13459.6329865,228574.9,13459.6329865,
2023-10-10 20:40:00+00:00,0.05881,0.05887,0.05887,0.05885,102815.5,0.05885,6050.692175,102815.5,6050.692175,
2023-10-10 20:45:00+00:00,0.05857,0.05884,0.05884,0.0588,1043969.1,0.058762,61345.7122542,1043969.1,61345.7122542,
2023-10-10 20:50:00+00:00,0.05878,0.05885,0.05878,0.05885,587592.6,0.058815,34559.258769,587592.6,34559.258769,
2023-10-10 20:55:00+00:00,0.05885,0.05892,0.05885,0.05891,238239.5,0.058882,14028.018239,238239.5,14028.018239,
2023-10-10 21:00:00+00:00,0.05885,0.05893,0.05891,0.05887,104983.0,0.05889,6182.44887,104983.0,6182.44887,
2023-10-10 21:05:00+00:00,0.05879,0.05885,0.05884,0.05885,256424.2,0.058832,15085.9485344,256424.2,15085.9485344,
2023-10-10 21:10:00+00:00,0.05886,0.05895,0.05886,0.05894,295513.8,0.058902,17406.3538476,295513.8,17406.3538476,
2023-10-10 21:15:00+00:00,0.05893,0.05913,0.05894,0.059,7324926.3,0.059,432170.6517,7324926.3,432170.6517,
2023-10-10 21:20:00+00:00,0.059,0.05903,0.059,0.05902,56956.7,0.059012,3361.1287804,56956.7,3361.1287804,
2023-10-10 21:25:00+00:00,0.059,0.05904,0.05903,0.059,71605.5,0.059018,4226.013399,71605.5,4226.013399,
2023-10-10 21:30:00+00:00,0.059,0.05901,0.05901,0.05901,83523.9,0.059008,4928.5782912,83523.9,4928.5782912,
2023-10-10 21:35:00+00:00,0.059,0.05901,0.05901,0.059,779156.1,0.059005,45974.1056805,779156.1,45974.1056805,
2023-10-10 21:40:00+00:00,0.05898,0.059,0.059,0.05899,144987.3,0.058992,8553.0908016,144987.3,8553.0908016,
2023-10-10 21:45:00+00:00,0.05898,0.05902,0.05898,0.05902,113381.5,0.059,6689.5085,113381.5,6689.5085,
2023-10-10 21:50:00+00:00,0.05899,0.05901,0.05901,0.059,162458.2,0.059002,9585.3587164,162458.2,9585.3587164,
2023-10-10 21:55:00+00:00,0.05898,0.05901,0.059,0.05899,79988.0,0.058995,4718.89206,79988.0,4718.89206,
2023-10-10 22:00:00+00:00,0.05898,0.05904,0.05898,0.05904,282602.0,0.05901,16676.34402,282602.0,16676.34402,
2023-10-10 22:05:00+00:00,0.05904,0.05907,0.05904,0.05907,96575.0,0.059055,5703.236625,96575.0,5703.236625,
2023-10-10 22:10:00+00:00,0.05905,0.05907,0.05907,0.05906,13012.3,0.059062,768.5324626,13012.3,768.5324626,
2023-10-10 22:15:00+00:00,0.05904,0.05907,0.05906,0.05905,128538.7,0.059055,7590.8529285,128538.7,7590.8529285,
2023-10-10 22:20:00+00:00,0.05904,0.05906,0.05905,0.05906,214587.7,0.059052,12671.8328604,214587.7,12671.8328604,
2023-10-10 22:25:00+00:00,0.05904,0.05906,0.05906,0.05904,44792.9,0.05905,2645.020745,44792.9,2645.020745,
2023-10-10 22:30:00+00:00,0.05904,0.05908,0.05904,0.05908,209791.4,0.05906,12390.280084,209791.4,12390.280084,
2023-10-10 22:35:00+00:00,0.05907,0.05909,0.05909,0.05907,79646.4,0.05908,4705.509312,79646.4,4705.509312,
2023-10-10 22:40:00+00:00,0.05907,0.05911,0.05908,0.0591,124487.5,0.05909,7355.966375,124487.5,7355.966375,
2023-10-10 22:45:00+00:00,0.05907,0.05911,0.0591,0.05908,48505.9,0.05909,2866.213631,48505.9,2866.213631,
2023-10-10 22:50:00+00:00,0.05906,0.05908,0.05908,0.05906,249969.7,0.05907,14765.710179,249969.7,14765.710179,
2023-10-10 22:55:00+00:00,0.05905,0.05908,0.05907,0.05906,226019.0,0.059065,13349.812235,226019.0,13349.812235,
2023-10-10 23:00:00+00:00,0.05905,0.0591,0.05906,0.05909,77925.7,0.059075,4603.4607275,77925.7,4603.4607275,
2023-10-10 23:05:00+00:00,0.05902,0.05909,0.05909,0.05902,932457.7,0.059055,55066.2894735,932457.7,55066.2894735,
2023-10-10 23:10:00+00:00,0.05901,0.05903,0.05903,0.05901,20175.4,0.05902,1190.752108,20175.4,1190.752108,
2023-10-10 23:15:00+00:00,0.059,0.05911,0.059,0.0591,178713.4,0.059052,10553.3836968,178713.4,10553.3836968,
2023-10-10 23:20:00+00:00,0.05903,0.05911,0.0591,0.05905,110631.1,0.059072,6535.2003392,110631.1,6535.2003392,
2023-10-10 23:25:00+00:00,0.05903,0.05905,0.05905,0.05904,20917.7,0.059043,1235.0437611,20917.7,1235.0437611,
2023-10-10 23:30:00+00:00,0.05904,0.05909,0.05905,0.05908,20353.5,0.059065,1202.1794775,20353.5,1202.1794775,
2023-10-10 23:35:00+00:00,0.0591,0.05913,0.0591,0.05912,131054.6,0.059112,7746.8995152,131054.6,7746.8995152,
2023-10-10 23:40:00+00:00,0.05909,0.05912,0.05912,0.0591,55921.2,0.059107,3305.3343684,55921.2,3305.3343684,
2023-10-10 23:45:00+00:00,0.05904,0.0591,0.0591,0.05907,140597.3,0.059078,8306.2072894,140597.3,8306.2072894,
2023-10-10 23:50:00+00:00,0.05901,0.05909,0.05909,0.05902,1110627.7,0.059052,65584.7869404,1110627.7,65584.7869404,
2023-10-10 23:55:00+00:00,0.059,0.05915,0.05903,0.05913,759824.1,0.059078,44888.8881798,759824.1,44888.8881798,
2023-10-11 00:00:00+00:00,0.05909,0.05933,0.05914,0.05923,1259961.5,0.059198,74587.200877,1259961.5,74587.200877,
2023-10-11 00:05:00+00:00,0.05917,0.05925,0.05923,0.05922,749142.6,0.059218,44362.7264868,749142.6,44362.7264868,
2023-10-11 00:10:00+00:00,0.05922,0.0593,0.05922,0.05928,608000.5,0.059255,36027.0696275,608000.5,36027.0696275,
2023-10-11 00:15:00+00:00,0.05924,0.05935,0.05929,0.05925,331879.9,0.059282,19674.5042318,331879.9,19674.5042318,
2023-10-11 00:20:00+00:00,0.05922,0.0593,0.05924,0.0593,933662.3,0.059265,55333.4962095,933662.3,55333.4962095,
2023-10-11 00:25:00+00:00,0.05925,0.05929,0.05929,0.05927,67287.8,0.059275,3988.484345,67287.8,3988.484345,
2023-10-11 00:30:00+00:00,0.05926,0.05937,0.05927,0.05937,214180.9,0.059318,12704.7826262,214180.9,12704.7826262,
2023-10-11 00:35:00+00:00,0.05937,0.05946,0.05938,0.05946,458172.7,0.059418,27223.7054886,458172.7,27223.7054886,
2023-10-11 00:40:00+00:00,0.05938,0.05948,0.05947,0.05945,240764.1,0.059445,14312.2219245,240764.1,14312.2219245,
2023-10-11 00:45:00+00:00,0.05938,0.05945,0.05944,0.05944,465535.3,0.059427,27665.3662731,465535.3,27665.3662731,
2023-10-11 00:50:00+00:00,0.0594,0.05945,0.05943,0.05941,88118.9,0.059422,5236.2012758,88118.9,5236.2012758,
2023-10-11 00:55:00+00:00,0.05941,0.05949,0.05943,0.05946,224848.3,0.059448,13366.7817384,224848.3,13366.7817384,
2023-10-11 01:00:00+00:00,0.0594,0.05948,0.05946,0.05941,50170.8,0.059438,2982.0520104,50170.8,2982.0520104,
2023-10-11 01:05:00+00:00,0.05942,0.05947,0.05943,0.05947,163693.1,0.059448,9731.2274088,163693.1,9731.2274088,
2023-10-11 01:10:00+00:00,0.05942,0.05948,0.05948,0.05942,35823.0,0.05945,2129.67735,35823.0,2129.67735,
2023-10-11 01:15:00+00:00,0.0594,0.05942,0.05942,0.0594,182843.7,0.05941,10862.744217,182843.7,10862.744217,
2023-10-11 01:20:00+00:00,0.05931,0.05941,0.05941,0.05941,755756.4,0.059385,44880.593814,755756.4,44880.593814,
2023-10-11 01:25:00+00:00,0.05937,0.05942,0.0594,0.05938,30299.4,0.059392,1799.5419648,30299.4,1799.5419648,
2023-10-11 01:30:00+00:00,0.05931,0.05937,0.05937,0.05934,258039.8,0.059348,15314.1460504,258039.8,15314.1460504,
2023-10-11 01:35:00+00:00,0.0593,0.05936,0.05934,0.05935,102628.7,0.059338,6089.7818006,102628.7,6089.7818006,
2023-10-11 01:40:00+00:00,0.05934,0.05943,0.05934,0.0594,387547.8,0.059378,23011.8132684,387547.8,23011.8132684,
2023-10-11 01:45:00+00:00,0.05937,0.05943,0.05938,0.05937,107849.9,0.059388,6404.9898612,107849.9,6404.9898612,
2023-10-11 01:50:00+00:00,0.05934,0.05938,0.05934,0.05937,168910.4,0.059358,10026.1835232,168910.4,10026.1835232,
2023-10-11 01:55:00+00:00,0.05935,0.05939,0.05937,0.05937,71550.3,0.05937,4247.941311,71550.3,4247.941311,
2023-10-11 02:00:00+00:00,0.05936,0.05939,0.05937,0.05936,86549.5,0.05937,5138.443815,86549.5,5138.443815,
2023-10-11 02:05:00+00:00,0.05931,0.05936,0.05935,0.05932,108283.5,0.059335,6425.0014725,108283.5,6425.0014725,
2023-10-11 02:10:00+00:00,0.0593,0.05934,0.05932,0.05932,102186.2,0.05932,6061.685384,102186.2,6061.685384,
2023-10-11 02:15:00+00:00,0.05926,0.05933,0.05933,0.05927,29886.3,0.059298,1772.1978174,29886.3,1772.1978174,
2023-10-11 02:20:00+00:00,0.05917,0.05927,0.05925,0.05917,207834.7,0.059215,12306.9317605,207834.7,12306.9317605,
2023-10-11 02:25:00+00:00,0.05913,0.05921,0.05917,0.0592,160232.3,0.059178,9482.2270494,160232.3,9482.2270494,
2023-10-11 02:30:00+00:00,0.05812,0.05918,0.05918,0.05812,3117935.1,0.05865,182866.893615,3117935.1,182866.893615,
2023-10-11 02:35:00+00:00,0.05811,0.05879,0.05814,0.05873,3993965.6,0.058442,233415.3375952,3993965.6,233415.3375952,
2023-10-11 02:40:00+00:00,0.05862,0.05874,0.05867,0.05873,148240.9,0.05869,8700.258421,148240.9,8700.258421,
2023-10-11 02:45:00+00:00,0.0587,0.0589,0.05872,0.05885,144559.5,0.058792,8498.942124,144559.5,8498.942124,
2023-10-11 02:50:00+00:00,0.05877,0.05884,0.0588,0.05882,391704.8,0.058808,23035.3758784,391704.8,23035.3758784,
2023-10-11 02:55:00+00:00,0.05874,0.05881,0.05876,0.05879,201394.5,0.058775,11836.9617375,201394.5,11836.9617375,
2023-10-11 03:00:00+00:00,0.05881,0.05891,0.05881,0.05887,259949.0,0.05885,15297.99865,259949.0,15297.99865,
2023-10-11 03:05:00+00:00,0.05867,0.05884,0.05884,0.05875,179203.7,0.058775,10532.6974675,179203.7,10532.6974675,
2023-10-11 03:10:00+00:00,0.05875,0.05888,0.05875,0.05882,249403.3,0.0588,14664.91404,249403.3,14664.91404,
2023-10-11 03:15:00+00:00,0.05878,0.05886,0.05882,0.05885,218701.1,0.058828,12865.7483108,218701.1,12865.7483108,
2023-10-11 03:20:00+00:00,0.05878,0.05886,0.05885,0.05884,103856.3,0.058832,6110.0738416,103856.3,6110.0738416,
2023-10-11 03:25:00+00:00,0.05881,0.05896,0.05883,0.05896,68132.0,0.05889,4012.29348,68132.0,4012.29348,
2023-10-11 03:30:00+00:00,0.05881,0.05895,0.05895,0.05881,144727.4,0.05888,8521.549312,144727.4,8521.549312,
2023-10-11 03:35:00+00:00,0.05882,0.05891,0.05882,0.0589,139437.3,0.058862,8207.5583526,139437.3,8207.5583526,
2023-10-11 03:40:00+00:00,0.05883,0.05892,0.05891,0.05883,570493.1,0.058872,33586.0697832,570493.1,33586.0697832,
2023-10-11 03:45:00+00:00,0.05886,0.05894,0.05886,0.05892,221634.6,0.058895,13053.169767,221634.6,13053.169767,
2023-10-11 03:50:00+00:00,0.05884,0.05892,0.0589,0.05886,183573.4,0.05888,10808.801792,183573.4,10808.801792,
2023-10-11 03:55:00+00:00,0.05877,0.05884,0.05884,0.05877,184690.0,0.058805,10860.69545,184690.0,10860.69545,
2023-10-11 04:00:00+00:00,0.05877,0.05888,0.05878,0.05887,202839.3,0.058825,11932.0218225,202839.3,11932.0218225,
2023-10-11 04:05:00+00:00,0.05883,0.05893,0.05887,0.05892,657410.7,0.058888,38713.6013016,657410.7,38713.6013016,
2023-10-11 04:10:00+00:00,0.05888,0.05892,0.0589,0.05888,70232.1,0.058895,4136.3195295,70232.1,4136.3195295,
2023-10-11 04:15:00+00:00,0.05889,0.05894,0.05889,0.05891,75546.8,0.058907,4450.2353476,75546.8,4450.2353476,
2023-10-11 04:20:00+00:00,0.0589,0.05898,0.05891,0.05897,118723.0,0.05894,6997.53362,118723.0,6997.53362,
2023-10-11 04:25:00+00:00,0.05896,0.05901,0.05898,0.05901,147683.3,0.05899,8711.837867,147683.3,8711.837867,
2023-10-11 04:30:00+00:00,0.05897,0.05901,0.059,0.05898,103600.3,0.05899,6111.381697,103600.3,6111.381697,
2023-10-11 04:35:00+00:00,0.05896,0.05904,0.05898,0.05904,279584.2,0.059005,16496.865721,279584.2,16496.865721,
2023-10-11 04:40:00+00:00,0.05901,0.05904,0.05902,0.05904,19123.0,0.059028,1128.792444,19123.0,1128.792444,
2023-10-11 04:45:00+00:00,0.05901,0.05906,0.05904,0.05905,50029.9,0.05904,2953.765296,50029.9,2953.765296,
2023-10-11 04:50:00+00:00,0.05904,0.05907,0.05904,0.05906,134218.5,0.059052,7925.870862,134218.5,7925.870862,
2023-10-11 04:55:00+00:00,0.05901,0.05906,0.05906,0.05901,20419.2,0.059035,1205.447472,20419.2,1205.447472,
2023-10-11 05:00:00+00:00,0.05894,0.05901,0.059,0.05897,1045980.0,0.05898,61691.9004,1045980.0,61691.9004,
2023-10-11 05:05:00+00:00,0.05895,0.059,0.05895,0.05896,109455.3,0.058965,6454.0317645,109455.3,6454.0317645,
2023-10-11 05:10:00+00:00,0.05897,0.05904,0.05897,0.05904,113514.2,0.059005,6697.905371,113514.2,6697.905371,
2023-10-11 05:15:00+00:00,0.05901,0.05905,0.05905,0.05903,196029.8,0.059035,11572.619243,196029.8,11572.619243,
2023-10-11 05:20:00+00:00,0.05893,0.05904,0.05903,0.05897,132847.2,0.058992,7836.9220224,132847.2,7836.9220224,
2023-10-11 05:25:00+00:00,0.05897,0.05903,0.05897,0.05902,24177.1,0.058997,1426.3763687,24177.1,1426.3763687,
2023-10-11 05:30:00+00:00,0.05899,0.05902,0.05902,0.05899,14273.0,0.059005,842.178365,14273.0,842.178365,
2023-10-11 05:35:00+00:00,0.059,0.05906,0.059,0.05905,65945.2,0.059028,3892.6132656,65945.2,3892.6132656,
2023-10-11 05:40:00+00:00,0.05903,0.0591,0.05904,0.05909,122195.8,0.059065,7217.494927,122195.8,7217.494927,
2023-10-11 05:45:00+00:00,0.05909,0.05914,0.05909,0.0591,185522.5,0.059105,10965.3073625,185522.5,10965.3073625,
2023-10-11 05:50:00+00:00,0.05899,0.0591,0.05909,0.059,61203.9,0.059045,3613.7842755,61203.9,3613.7842755,
2023-10-11 05:55:00+00:00,0.05899,0.05904,0.059,0.05902,8727.5,0.059013,515.0359575,8727.5,515.0359575,
2023-10-11 06:00:00+00:00,0.05899,0.05903,0.05903,0.05901,59272.4,0.059015,3497.960686,59272.4,3497.960686,
2023-10-11 06:05:00+00:00,0.05893,0.05902,0.05902,0.05894,215605.2,0.058978,12715.9634856,215605.2,12715.9634856,
2023-10-11 06:10:00+00:00,0.05887,0.05899,0.05895,0.05888,272171.1,0.058922,16036.8655542,272171.1,16036.8655542,
2023-10-11 06:15:00+00:00,0.05884,0.05898,0.05886,0.05894,139522.7,0.058905,8218.5846435,139522.7,8218.5846435,
2023-10-11 06:20:00+00:00,0.05886,0.05896,0.05894,0.05887,55624.5,0.058908,3276.728046,55624.5,3276.728046,
2023-10-11 06:25:00+00:00,0.05881,0.05889,0.05889,0.05885,71425.6,0.05886,4204.110816,71425.6,4204.110816,
2023-10-11 06:30:00+00:00,0.05886,0.05894,0.05886,0.05893,59539.3,0.058898,3506.7456914,59539.3,3506.7456914,
2023-10-11 06:35:00+00:00,0.05893,0.05904,0.05893,0.05903,415502.4,0.058982,24507.1625568,415502.4,24507.1625568,
2023-10-11 06:40:00+00:00,0.05897,0.05903,0.05903,0.05899,32308.3,0.059005,1906.3512415,32308.3,1906.3512415,
2023-10-11 06:45:00+00:00,0.05894,0.059,0.05899,0.05894,83396.8,0.058968,4917.7425024,83396.8,4917.7425024,
2023-10-11 06:50:00+00:00,0.05893,0.05898,0.05893,0.05898,68813.7,0.058955,4056.9116835,68813.7,4056.9116835,
2023-10-11 06:55:00+00:00,0.05894,0.05899,0.05898,0.05897,44395.4,0.05897,2617.996738,44395.4,2617.996738,
2023-10-11 07:00:00+00:00,0.05896,0.059,0.05897,0.05898,112184.2,0.058977,6616.2875634,112184.2,6616.2875634,
2023-10-11 07:05:00+00:00,0.05892,0.05898,0.05897,0.05893,63699.4,0.05895,3755.07963,63699.4,3755.07963,
2023-10-11 07:10:00+00:00,0.05891,0.05894,0.05894,0.05891,30795.5,0.058925,1814.6248375,30795.5,1814.6248375,
2023-10-11 07:15:00+00:00,0.05881,0.0589,0.0589,0.05883,339694.7,0.05886,19994.430042,339694.7,19994.430042,
2023-10-11 07:20:00+00:00,0.05881,0.05886,0.05882,0.05884,148173.7,0.058832,8717.3551184,148173.7,8717.3551184,
2023-10-11 07:25:00+00:00,0.05883,0.05888,0.05884,0.05885,85356.2,0.05885,5023.21237,85356.2,5023.21237,
2023-10-11 07:30:00+00:00,0.05883,0.05886,0.05885,0.05883,20676.1,0.058842,1216.6230762,20676.1,1216.6230762,
2023-10-11 07:35:00+00:00,0.05877,0.05883,0.05881,0.0588,312261.1,0.058802,18361.5772022,312261.1,18361.5772022,
2023-10-11 07:40:00+00:00,0.05881,0.05885,0.05881,0.05884,18881.6,0.058828,1110.7667648,18881.6,1110.7667648,
2023-10-11 07:45:00+00:00,0.0588,0.05886,0.05883,0.05885,87488.1,0.058835,5147.3623635,87488.1,5147.3623635,
2023-10-11 07:50:00+00:00,0.05873,0.05885,0.05884,0.0588,505157.1,0.058805,29705.7632655,505157.1,29705.7632655,
2023-10-11 07:55:00+00:00,0.05876,0.0588,0.05879,0.05878,260237.2,0.058782,15297.2630904,260237.2,15297.2630904,
2023-10-11 08:00:00+00:00,0.05876,0.05882,0.05877,0.05878,352346.8,0.058782,20711.6495976,352346.8,20711.6495976,
2023-10-11 08:05:00+00:00,0.05873,0.05879,0.05878,0.05874,102527.4,0.05876,6024.510024,102527.4,6024.510024,
2023-10-11 08:10:00+00:00,0.05874,0.05878,0.05875,0.05878,10791.4,0.058762,634.1242468,10791.4,634.1242468,
2023-10-11 08:15:00+00:00,0.05875,0.05877,0.05877,0.05876,19703.7,0.058762,1157.8288194,19703.7,1157.8288194,
2023-10-11 08:20:00+00:00,0.05869,0.05876,0.05876,0.05869,272083.0,0.058725,15978.074175,272083.0,15978.074175,
2023-10-11 08:25:00+00:00,0.05864,0.0587,0.0587,0.05865,51036.2,0.058672,2994.3959264,51036.2,2994.3959264,
2023-10-11 08:30:00+00:00,0.05864,0.05867,0.05865,0.05865,51689.5,0.058652,3031.692554,51689.5,3031.692554,
2023-10-11 08:35:00+00:00,0.05867,0.05884,0.05867,0.05884,426263.5,0.058755,25045.1119425,426263.5,25045.1119425,
2023-10-11 08:40:00+00:00,0.0588,0.05884,0.0588,0.05884,50196.3,0.05882,2952.546366,50196.3,2952.546366,
2023-10-11 08:45:00+00:00,0.05878,0.05882,0.0588,0.05878,108943.7,0.058795,6405.3448415,108943.7,6405.3448415,
2023-10-11 08:50:00+00:00,0.0588,0.05881,0.0588,0.0588,8019.6,0.058802,471.5685192,8019.6,471.5685192,
2023-10-11 08:55:00+00:00,0.0588,0.05883,0.05881,0.05883,122572.7,0.058817,7209.3584959,122572.7,7209.3584959,
2023-10-11 09:00:00+00:00,0.0588,0.05885,0.05884,0.05884,24681.6,0.058832,1452.0678912,24681.6,1452.0678912,
2023-10-11 09:05:00+00:00,0.05879,0.05884,0.05884,0.0588,23790.6,0.058818,1399.3155108,23790.6,1399.3155108,
2023-10-11 09:10:00+00:00,0.0588,0.0589,0.0588,0.0589,188203.0,0.05885,11075.74655,188203.0,11075.74655,
2023-10-11 09:15:00+00:00,0.05889,0.05894,0.05889,0.05891,25980.2,0.058907,1530.4156414,25980.2,1530.4156414,
2023-10-11 09:20:00+00:00,0.05882,0.0589,0.0589,0.05883,148242.0,0.058862,8725.820604,148242.0,8725.820604,
2023-10-11 09:25:00+00:00,0.05881,0.05885,0.05883,0.05881,59815.4,0.058825,3518.640905,59815.4,3518.640905,
2023-10-11 09:30:00+00:00,0.0588,0.05888,0.05881,0.05887,65776.7,0.05884,3870.301028,65776.7,3870.301028,
2023-10-11 09:35:00+00:00,0.05891,0.05897,0.05891,0.05893,210065.2,0.05893,12379.142236,210065.2,12379.142236,
2023-10-11 09:40:00+00:00,0.05892,0.05897,0.05892,0.05897,160000.1,0.058945,9431.2058945,160000.1,9431.2058945,
2023-10-11 09:45:00+00:00,0.05894,0.05902,0.05895,0.05901,69578.9,0.05898,4103.763522,69578.9,4103.763522,
2023-10-11 09:50:00+00:00,0.059,0.05905,0.05903,0.05905,167596.6,0.059032,9893.5624912,167596.6,9893.5624912,
2023-10-11 09:55:00+00:00,0.059,0.05907,0.05906,0.05902,217227.4,0.059038,12824.6712412,217227.4,12824.6712412,
2023-10-11 10:00:00+00:00,0.05898,0.0591,0.05902,0.05907,277784.5,0.059042,16400.952449,277784.5,16400.952449,
2023-10-11 10:05:00+00:00,0.05903,0.05907,0.05907,0.05905,24253.5,0.059055,1432.2904425,24253.5,1432.2904425,
2023-10-11 10:10:00+00:00,0.05897,0.05904,0.05904,0.05899,18550.3,0.05901,1094.653203,18550.3,1094.653203,
2023-10-11 10:15:00+00:00,0.05896,0.05901,0.05898,0.059,359226.2,0.058988,21190.0350856,359226.2,21190.0350856,
2023-10-11 10:20:00+00:00,0.059,0.05904,0.059,0.05902,362506.8,0.059015,21393.338802,362506.8,21393.338802,
2023-10-11 10:25:00+00:00,0.05901,0.05906,0.05901,0.05903,190215.4,0.059028,11228.0346312,190215.4,11228.0346312,
2023-10-11 10:30:00+00:00,0.05901,0.05904,0.05904,0.05903,30021.5,0.05903,1772.169145,30021.5,1772.169145,
2023-10-11 10:35:00+00:00,0.05901,0.05906,0.05906,0.05903,35452.5,0.05904,2093.1156,35452.5,2093.1156,
2023-10-11 10:40:00+00:00,0.05902,0.05904,0.05904,0.05903,69127.8,0.059032,4080.7522896,69127.8,4080.7522896,
2023-10-11 10:45:00+00:00,0.05899,0.05904,0.05903,0.05902,61428.9,0.05902,3625.533678,61428.9,3625.533678,
2023-10-11 10:50:00+00:00,0.05901,0.05903,0.05901,0.05903,21494.8,0.05902,1268.623096,21494.8,1268.623096,
2023-10-11 10:55:00+00:00,0.05901,0.05902,0.05901,0.05901,21055.1,0.059012,1242.5035612,21055.1,1242.5035612,
2023-10-11 11:00:00+00:00,0.05902,0.05908,0.05902,0.05907,155368.7,0.059048,9174.2109976,155368.7,9174.2109976,
2023-10-11 11:05:00+00:00,0.05903,0.05906,0.05906,0.05904,13703.7,0.059048,809.1760776,13703.7,809.1760776,
2023-10-11 11:10:00+00:00,0.059,0.05905,0.05903,0.05903,32965.7,0.059028,1945.8993396,32965.7,1945.8993396,
2023-10-11 11:15:00+00:00,0.05901,0.05905,0.05902,0.05901,21468.2,0.059023,1267.1175686,21468.2,1267.1175686,
2023-10-11 11:20:00+00:00,0.05896,0.05902,0.05902,0.05896,46882.9,0.05899,2765.622271,46882.9,2765.622271,
2023-10-11 11:25:00+00:00,0.05893,0.05897,0.05896,0.05894,430340.4,0.05895,25368.56658,430340.4,25368.56658,
2023-10-11 11:30:00+00:00,0.05893,0.05897,0.05894,0.05896,144541.8,0.05895,8520.73911,144541.8,8520.73911,
2023-10-11 11:35:00+00:00,0.05891,0.05899,0.05896,0.05891,175015.9,0.058942,10315.7871778,175015.9,10315.7871778,
2023-10-11 11:40:00+00:00,0.0589,0.05893,0.05892,0.05891,16075.7,0.058915,947.0998655,16075.7,947.0998655,
2023-10-11 11:45:00+00:00,0.05885,0.05889,0.05889,0.05887,54450.6,0.058875,3205.779075,54450.6,3205.779075,
2023-10-11 11:50:00+00:00,0.05886,0.0589,0.05888,0.0589,107421.2,0.058885,6325.497362,107421.2,6325.497362,
2023-10-11 11:55:00+00:00,0.05887,0.0589,0.05887,0.05889,44343.7,0.058882,2611.0457434,44343.7,2611.0457434,
2023-10-11 12:00:00+00:00,0.05885,0.05889,0.05889,0.05887,18036.5,0.058875,1061.8989375,18036.5,1061.8989375,
2023-10-11 12:05:00+00:00,0.05885,0.05895,0.05885,0.05895,202101.9,0.0589,11903.80191,202101.9,11903.80191,
2023-10-11 12:10:00+00:00,0.05893,0.05898,0.05894,0.05894,72611.4,0.058948,4280.2968072,72611.4,4280.2968072,
2023-10-11 12:15:00+00:00,0.05889,0.05894,0.05893,0.0589,37167.0,0.058915,2189.693805,37167.0,2189.693805,
2023-10-11 12:20:00+00:00,0.05882,0.05889,0.05889,0.05884,168538.3,0.05886,9920.164338,168538.3,9920.164338,
2023-10-11 12:25:00+00:00,0.05885,0.05891,0.05886,0.0589,113831.7,0.05888,6702.410496,113831.7,6702.410496,
2023-10-11 12:30:00+00:00,0.05876,0.05891,0.0589,0.0588,554531.8,0.058842,32629.7601756,554531.8,32629.7601756,
2023-10-11 12:35:00+00:00,0.0587,0.05881,0.0588,0.05878,687342.7,0.058772,40396.5051644,687342.7,40396.5051644,
2023-10-11 12:40:00+00:00,0.05876,0.05883,0.05878,0.05879,153503.8,0.05879,9024.488402,153503.8,9024.488402,
2023-10-11 12:45:00+00:00,0.05876,0.05882,0.05881,0.05881,90889.2,0.0588,5344.28496,90889.2,5344.28496,
2023-10-11 12:50:00+00:00,0.05879,0.05883,0.05881,0.05882,48693.5,0.058813,2863.8108155,48693.5,2863.8108155,
2023-10-11 12:55:00+00:00,0.05877,0.05882,0.0588,0.05882,145630.5,0.058802,8563.364661,145630.5,8563.364661,
2023-10-11 13:00:00+00:00,0.05879,0.05884,0.05883,0.05884,86148.7,0.058825,5067.6972775,86148.7,5067.6972775,
2023-10-11 13:05:00+00:00,0.05878,0.05884,0.05883,0.05878,145866.8,0.058808,8578.1347744,145866.8,8578.1347744,
2023-10-11 13:10:00+00:00,0.05872,0.05878,0.05878,0.05872,231280.7,0.05875,13587.741125,231280.7,13587.741125,
2023-10-11 13:15:00+00:00,0.0587,0.05875,0.05871,0.0587,74395.3,0.058715,4368.1200395,74395.3,4368.1200395,
2023-10-11 13:20:00+00:00,0.05871,0.05876,0.05872,0.05875,47478.9,0.058735,2788.6731915,47478.9,2788.6731915,
2023-10-11 13:25:00+00:00,0.05871,0.05876,0.05874,0.05873,42700.4,0.058735,2508.007994,42700.4,2508.007994,
2023-10-11 13:30:00+00:00,0.05866,0.05874,0.05873,0.05867,190516.2,0.0587,11183.30094,190516.2,11183.30094,
2023-10-11 13:35:00+00:00,0.05861,0.05873,0.05866,0.05872,263526.1,0.05868,15463.711548,263526.1,15463.711548,
2023-10-11 13:40:00+00:00,0.05868,0.05873,0.05872,0.05868,220719.3,0.058703,12956.8850679,220719.3,12956.8850679,
2023-10-11 13:45:00+00:00,0.05866,0.05872,0.05868,0.0587,150133.2,0.05869,8811.317508,150133.2,8811.317508,
2023-10-11 13:50:00+00:00,0.05867,0.05872,0.05872,0.05871,288618.5,0.058705,16943.3490425,288618.5,16943.3490425,
2023-10-11 13:55:00+00:00,0.05871,0.05877,0.05872,0.05876,75045.8,0.05874,4408.190292,75045.8,4408.190292,
2023-10-11 14:00:00+00:00,0.05867,0.05876,0.05875,0.05868,175278.7,0.058715,10291.4888705,175278.7,10291.4888705,
2023-10-11 14:05:00+00:00,0.05871,0.0588,0.05871,0.05875,245960.9,0.058742,14448.2351878,245960.9,14448.2351878,
2023-10-11 14:10:00+00:00,0.05868,0.05876,0.05875,0.05868,129417.7,0.058718,7599.1485086,129417.7,7599.1485086,
2023-10-11 14:15:00+00:00,0.05865,0.0587,0.05869,0.05865,137821.9,0.058672,8086.2865168,137821.9,8086.2865168,
2023-10-11 14:20:00+00:00,0.05865,0.05869,0.05865,0.05867,89283.0,0.058665,5237.787195,89283.0,5237.787195,
2023-10-11 14:25:00+00:00,0.05856,0.05866,0.05866,0.05858,228976.4,0.058615,13421.451686,228976.4,13421.451686,
2023-10-11 14:30:00+00:00,0.05856,0.05861,0.05858,0.05858,164265.8,0.058582,9623.0190956,164265.8,9623.0190956,
2023-10-11 14:35:00+00:00,0.05854,0.05861,0.05857,0.0586,196976.7,0.05858,11538.895086,196976.7,11538.895086,
2023-10-11 14:40:00+00:00,0.05855,0.0586,0.0586,0.05856,110598.8,0.058578,6478.6565064,110598.8,6478.6565064,
2023-10-11 14:45:00+00:00,0.05852,0.05857,0.05855,0.05857,147046.7,0.058553,8610.0254251,147046.7,8610.0254251,
2023-10-11 14:50:00+00:00,0.05854,0.05861,0.05857,0.05858,184702.7,0.058575,10818.9606525,184702.7,10818.9606525,
2023-10-11 14:55:00+00:00,0.05854,0.05858,0.05857,0.05856,400911.7,0.058562,23478.1909754,400911.7,23478.1909754,
2023-10-11 15:00:00+00:00,0.05855,0.0586,0.05855,0.05855,228567.4,0.058562,13385.3640788,228567.4,13385.3640788,
2023-10-11 15:05:00+00:00,0.05855,0.05857,0.05857,0.05856,377121.4,0.058562,22084.9834268,377121.4,22084.9834268,
2023-10-11 15:10:00+00:00,0.05853,0.05857,0.05855,0.05854,160819.5,0.058548,9415.660086,160819.5,9415.660086,
2023-10-11 15:15:00+00:00,0.05815,0.05853,0.05853,0.05833,1554890.6,0.058385,90782.287681,1554890.6,90782.287681,
2023-10-11 15:20:00+00:00,0.05829,0.0584,0.05834,0.05829,644898.4,0.05833,37616.923672,644898.4,37616.923672,
2023-10-11 15:25:00+00:00,0.05782,0.05835,0.0583,0.05809,9887748.5,0.05814,574873.69779,9887748.5,574873.69779,
2023-10-11 15:30:00+00:00,0.05798,0.05821,0.0581,0.05805,604828.1,0.058085,35131.4401885,604828.1,35131.4401885,
2023-10-11 15:35:00+00:00,0.05801,0.05815,0.05805,0.05815,795249.4,0.05809,46196.037646,795249.4,46196.037646,
2023-10-11 15:40:00+00:00,0.05793,0.05816,0.05813,0.05799,378727.2,0.058053,21986.2501416,378727.2,21986.2501416,
2023-10-11 15:45:00+00:00,0.0579,0.05808,0.058,0.05806,438496.0,0.05801,25437.15296,438496.0,25437.15296,
2023-10-11 15:50:00+00:00,0.05807,0.05818,0.05807,0.05809,311738.2,0.058102,18112.6128964,311738.2,18112.6128964,
2023-10-11 15:55:00+00:00,0.05803,0.05809,0.05808,0.05805,201127.9,0.058062,11677.8881298,201127.9,11677.8881298,
2023-10-11 16:00:00+00:00,0.05796,0.05806,0.05804,0.05798,266460.3,0.05801,15457.362003,266460.3,15457.362003,
2023-10-11 16:05:00+00:00,0.05794,0.05808,0.05798,0.05806,1421175.7,0.058015,82449.5082355,1421175.7,82449.5082355,
2023-10-11 16:10:00+00:00,0.05783,0.05813,0.05806,0.05807,2080938.4,0.058023,120742.2887832,2080938.4,120742.2887832,
2023-10-11 16:15:00+00:00,0.05795,0.05807,0.05807,0.05797,277786.6,0.058015,16115.789599,277786.6,16115.789599,
2023-10-11 16:20:00+00:00,0.05794,0.05802,0.05799,0.05801,536169.2,0.05799,31092.451908,536169.2,31092.451908,
2023-10-11 16:25:00+00:00,0.05795,0.05804,0.05802,0.05803,142826.0,0.05801,8285.33626,142826.0,8285.33626,
2023-10-11 16:30:00+00:00,0.05796,0.05806,0.05802,0.05796,357843.2,0.058,20754.9056,357843.2,20754.9056,
2023-10-11 16:35:00+00:00,0.05793,0.05797,0.05795,0.05794,221614.5,0.057948,12842.117046,221614.5,12842.117046,
2023-10-11 16:40:00+00:00,0.05787,0.05798,0.05795,0.0579,411328.0,0.057925,23826.1744,411328.0,23826.1744,
2023-10-11 16:45:00+00:00,0.05788,0.05794,0.05788,0.05788,425655.4,0.057895,24643.319383,425655.4,24643.319383,
2023-10-11 16:50:00+00:00,0.05765,0.05788,0.05788,0.05775,1081459.8,0.05779,62497.561842,1081459.8,62497.561842,
2023-10-11 16:55:00+00:00,0.05773,0.05794,0.05777,0.05788,771492.3,0.05783,44615.399709,771492.3,44615.399709,
2023-10-11 17:00:00+00:00,0.0578,0.05791,0.05787,0.0579,460073.9,0.05787,26624.476593,460073.9,26624.476593,
2023-10-11 17:05:00+00:00,0.05788,0.058,0.05789,0.05799,303776.8,0.05794,17600.827792,303776.8,17600.827792,
2023-10-11 17:10:00+00:00,0.05798,0.05801,0.05798,0.05798,389275.5,0.057988,22573.307694,389275.5,22573.307694,
2023-10-11 17:15:00+00:00,0.05791,0.05798,0.05797,0.05794,141673.0,0.05795,8209.95035,141673.0,8209.95035,
2023-10-11 17:20:00+00:00,0.05796,0.05807,0.05796,0.05801,591012.6,0.058,34278.7308,591012.6,34278.7308,
2023-10-11 17:25:00+00:00,0.05799,0.05803,0.05801,0.058,66157.6,0.058008,3837.6700608,66157.6,3837.6700608,
2023-10-11 17:30:00+00:00,0.05799,0.05804,0.05799,0.05803,101596.2,0.058012,5893.7987544,101596.2,5893.7987544,
2023-10-11 17:35:00+00:00,0.05799,0.05803,0.05803,0.058,99343.9,0.058012,5763.1383268,99343.9,5763.1383268,
2023-10-11 17:40:00+00:00,0.05799,0.05805,0.05803,0.05801,101462.8,0.05802,5886.871656,101462.8,5886.871656,
2023-10-11 17:45:00+00:00,0.0579,0.05799,0.05799,0.0579,673833.5,0.057945,39045.2821575,673833.5,39045.2821575,
2023-10-11 17:50:00+00:00,0.05785,0.05794,0.05793,0.05792,626478.2,0.05791,36279.352562,626478.2,36279.352562,
2023-10-11 17:55:00+00:00,0.0579,0.05797,0.05793,0.0579,632824.1,0.057925,36656.3359925,632824.1,36656.3359925,
2023-10-11 18:00:00+00:00,0.05786,0.058,0.05789,0.05786,146533.1,0.057902,8484.5595562,146533.1,8484.5595562,
2023-10-11 18:05:00+00:00,0.05782,0.05788,0.05785,0.05782,277673.5,0.057843,16061.4682605,277673.5,16061.4682605,
2023-10-11 18:10:00+00:00,0.05779,0.0579,0.05782,0.0579,286268.9,0.057852,16561.2284028,286268.9,16561.2284028,
2023-10-11 18:15:00+00:00,0.05787,0.05792,0.05789,0.05791,250694.3,0.057898,14514.6985814,250694.3,14514.6985814,
2023-10-11 18:20:00+00:00,0.05789,0.05796,0.05789,0.05795,27218.2,0.057922,1576.5325804,27218.2,1576.5325804,
2023-10-11 18:25:00+00:00,0.0579,0.05794,0.05794,0.05791,60880.7,0.057922,3526.3319054,60880.7,3526.3319054,
2023-10-11 18:30:00+00:00,0.05791,0.05798,0.05792,0.05795,44102.6,0.05794,2555.304644,44102.6,2555.304644,
2023-10-11 18:35:00+00:00,0.05793,0.05796,0.05795,0.05794,85205.8,0.057945,4937.250081,85205.8,4937.250081,
2023-10-11 18:40:00+00:00,0.05792,0.05795,0.05794,0.05795,123082.9,0.05794,7131.423226,123082.9,7131.423226,
2023-10-11 18:45:00+00:00,0.05791,0.05794,0.05793,0.05793,36676.1,0.057928,2124.5731208,36676.1,2124.5731208,
2023-10-11 18:50:00+00:00,0.05789,0.05794,0.05792,0.05793,249342.8,0.05792,14441.934976,249342.8,14441.934976,
2023-10-11 18:55:00+00:00,0.05793,0.05802,0.05793,0.05801,82242.8,0.057972,4767.7796016,82242.8,4767.7796016,
2023-10-11 19:00:00+00:00,0.05798,0.05802,0.05801,0.058,152072.5,0.058002,8820.509145,152072.5,8820.509145,
2023-10-11 19:05:00+00:00,0.05797,0.05803,0.05801,0.058,708367.3,0.058002,41086.7201346,708367.3,41086.7201346,
2023-10-11 19:10:00+00:00,0.05797,0.05802,0.058,0.05802,16261.3,0.058002,943.1879226,16261.3,943.1879226,
2023-10-11 19:15:00+00:00,0.05799,0.05804,0.05802,0.05804,111885.9,0.058022,6491.8436898,111885.9,6491.8436898,
2023-10-11 19:20:00+00:00,0.05799,0.05804,0.05803,0.05799,173003.5,0.058012,10036.279042,173003.5,10036.279042,
2023-10-11 19:25:00+00:00,0.05799,0.05806,0.058,0.05805,151847.6,0.058025,8810.95699,151847.6,8810.95699,
2023-10-11 19:30:00+00:00,0.05804,0.0581,0.05806,0.05806,1003105.8,0.058065,58245.338277,1003105.8,58245.338277,
2023-10-11 19:35:00+00:00,0.05805,0.0581,0.05806,0.05808,582439.5,0.058072,33823.426644,582439.5,33823.426644,
2023-10-11 19:40:00+00:00,0.05809,0.05815,0.05809,0.05814,251840.1,0.058118,14636.4429318,251840.1,14636.4429318,
2023-10-11 19:45:00+00:00,0.0581,0.05814,0.05814,0.05814,236121.4,0.05813,13725.736982,236121.4,13725.736982,
2023-10-11 19:50:00+00:00,0.05812,0.05818,0.05813,0.05814,226869.0,0.058142,13190.617398,226869.0,13190.617398,
2023-10-11 19:55:00+00:00,0.05812,0.05815,0.05815,0.05813,135273.7,0.058137,7864.4070969,135273.7,7864.4070969,
2023-10-11 20:00:00+00:00,0.05806,0.05816,0.05814,0.05806,64712.2,0.058105,3760.102381,64712.2,3760.102381,
2023-10-11 20:05:00+00:00,0.05806,0.05811,0.05807,0.05811,311413.2,0.058088,18089.3699616,311413.2,18089.3699616,
2023-10-11 20:10:00+00:00,0.0581,0.05813,0.05811,0.05813,29355.3,0.058118,1706.0713254,29355.3,1706.0713254,
2023-10-11 20:15:00+00:00,0.0581,0.05813,0.05812,0.05811,733207.7,0.058115,42610.3654855,733207.7,42610.3654855,
2023-10-11 20:20:00+00:00,0.05811,0.05813,0.05811,0.05812,20651.6,0.058118,1200.2296888,20651.6,1200.2296888,
2023-10-11 20:25:00+00:00,0.05812,0.05818,0.05813,0.05817,43205.9,0.05815,2512.423085,43205.9,2512.423085,
2023-10-11 20:30:00+00:00,0.05816,0.05819,0.05818,0.05819,74214.9,0.05818,4317.822882,74214.9,4317.822882,
2023-10-11 20:35:00+00:00,0.05815,0.05819,0.05819,0.05815,193399.5,0.05817,11250.048915,193399.5,11250.048915,
2023-10-11 20:40:00+00:00,0.05805,0.05815,0.05815,0.0581,1123172.3,0.058112,65269.7886976,1123172.3,65269.7886976,
2023-10-11 20:45:00+00:00,0.05808,0.05812,0.0581,0.05809,124978.9,0.058098,7261.0241322,124978.9,7261.0241322,
2023-10-11 20:50:00+00:00,0.05809,0.05815,0.0581,0.05815,49135.9,0.058122,2855.8767798,49135.9,2855.8767798,
2023-10-11 20:55:00+00:00,0.05814,0.05818,0.05815,0.05817,133118.1,0.05816,7742.148696,133118.1,7742.148696,
2023-10-11 21:00:00+00:00,0.05815,0.05818,0.05817,0.05816,69850.8,0.058165,4062.871782,69850.8,4062.871782,
2023-10-11 21:05:00+00:00,0.0581,0.05815,0.05815,0.05813,393784.6,0.058132,22891.4863672,393784.6,22891.4863672,
2023-10-11 21:10:00+00:00,0.05813,0.05819,0.05813,0.05815,233655.3,0.05815,13587.055695,233655.3,13587.055695,
2023-10-11 21:15:00+00:00,0.05815,0.05818,0.05816,0.05818,32512.3,0.058168,1891.1754664,32512.3,1891.1754664,
2023-10-11 21:20:00+00:00,0.05815,0.0582,0.05819,0.05817,206678.7,0.058178,12024.1534086,206678.7,12024.1534086,
2023-10-11 21:25:00+00:00,0.05812,0.05817,0.05816,0.05813,84950.9,0.058145,4939.4700805,84950.9,4939.4700805,
2023-10-11 21:30:00+00:00,0.05813,0.05814,0.05814,0.05813,108091.4,0.058135,6283.893539,108091.4,6283.893539,
2023-10-11 21:35:00+00:00,0.05807,0.05813,0.05813,0.05808,21408.0,0.058102,1243.847616,21408.0,1243.847616,
2023-10-11 21:40:00+00:00,0.05804,0.05811,0.05807,0.0581,312897.8,0.05808,18173.104224,312897.8,18173.104224,
2023-10-11 21:45:00+00:00,0.05807,0.05811,0.05811,0.05807,25634.1,0.05809,1489.084869,25634.1,1489.084869,
2023-10-11 21:50:00+00:00,0.05806,0.05809,0.05809,0.05809,71631.8,0.058082,4160.5182076,71631.8,4160.5182076,
2023-10-11 21:55:00+00:00,0.05808,0.05816,0.05809,0.05814,26916.8,0.058118,1564.3505824,26916.8,1564.3505824,
2023-10-11 22:00:00+00:00,0.05813,0.05818,0.05815,0.05813,77582.6,0.058148,4511.2730248,77582.6,4511.2730248,
2023-10-11 22:05:00+00:00,0.05813,0.05818,0.05815,0.05817,87086.6,0.058158,5064.7824828,87086.6,5064.7824828,
2023-10-11 22:10:00+00:00,0.05817,0.0582,0.05818,0.05818,144475.8,0.058183,8406.0354714,144475.8,8406.0354714,
2023-10-11 22:15:00+00:00,0.05817,0.05822,0.05819,0.0582,392376.6,0.058195,22834.356237,392376.6,22834.356237,
2023-10-11 22:20:00+00:00,0.05818,0.05823,0.0582,0.05823,73858.2,0.05821,4299.285822,73858.2,4299.285822,
2023-10-11 22:25:00+00:00,0.05823,0.05827,0.05823,0.05826,109899.4,0.058248,6401.4202512,109899.4,6401.4202512,
2023-10-11 22:30:00+00:00,0.05826,0.0583,0.05827,0.05829,264343.5,0.05828,15405.93918,264343.5,15405.93918,
2023-10-11 22:35:00+00:00,0.05829,0.05831,0.0583,0.0583,82341.4,0.0583,4800.50362,82341.4,4800.50362,
2023-10-11 22:40:00+00:00,0.05824,0.05829,0.05829,0.05828,128165.8,0.058275,7468.861995,128165.8,7468.861995,
2023-10-11 22:45:00+00:00,0.0582,0.05827,0.05827,0.05823,77232.6,0.058242,4498.1810892,77232.6,4498.1810892,
2023-10-11 22:50:00+00:00,0.05822,0.05823,0.05823,0.05822,29090.0,0.058225,1693.76525,29090.0,1693.76525,
2023-10-11 22:55:00+00:00,0.05822,0.05824,0.05822,0.05824,86119.3,0.05823,5014.726839,86119.3,5014.726839,
2023-10-11 23:00:00+00:00,0.05822,0.05828,0.05825,0.05822,237914.5,0.058242,13856.616309,237914.5,13856.616309,
2023-10-11 23:05:00+00:00,0.0582,0.05826,0.05823,0.05822,133674.4,0.058228,7783.5929632,133674.4,7783.5929632,
2023-10-11 23:10:00+00:00,0.05821,0.05828,0.05822,0.05828,51129.1,0.058247,2978.1166877,51129.1,2978.1166877,
2023-10-11 23:15:00+00:00,0.05826,0.05829,0.05828,0.05827,28460.3,0.058275,1658.5239825,28460.3,1658.5239825,
2023-10-11 23:20:00+00:00,0.05827,0.05853,0.05827,0.05843,807954.9,0.058375,47164.3672875,807954.9,47164.3672875,
2023-10-11 23:25:00+00:00,0.05839,0.05847,0.05846,0.05841,323162.2,0.058432,18883.0136704,323162.2,18883.0136704,
2023-10-11 23:30:00+00:00,0.05837,0.05842,0.05839,0.05839,19401.2,0.058392,1132.8748704,19401.2,1132.8748704,
2023-10-11 23:35:00+00:00,0.05838,0.05845,0.05839,0.05845,293063.5,0.058418,17120.183543,293063.5,17120.183543,
2023-10-11 23:40:00+00:00,0.05841,0.05845,0.05844,0.05844,93956.9,0.058435,5490.3714515,93956.9,5490.3714515,
2023-10-11 23:45:00+00:00,0.05838,0.05847,0.05845,0.05842,97629.2,0.05843,5704.474156,97629.2,5704.474156,
2023-10-11 23:50:00+00:00,0.05842,0.05846,0.05843,0.05846,52840.4,0.058442,3088.0986568,52840.4,3088.0986568,
2023-10-11 23:55:00+00:00,0.05844,0.05853,0.05844,0.05851,349226.2,0.05848,20422.748176,349226.2,20422.748176,
2023-10-12 00:00:00+00:00,0.05844,0.05851,0.0585,0.05845,46321.2,0.058475,2708.63217,46321.2,2708.63217,
2023-10-12 00:05:00+00:00,0.05843,0.05854,0.05845,0.05844,247428.9,0.058465,14465.9306385,247428.9,14465.9306385,
2023-10-12 00:10:00+00:00,0.05844,0.05847,0.05846,0.05845,50873.6,0.058455,2973.816288,50873.6,2973.816288,
2023-10-12 00:15:00+00:00,0.05842,0.05849,0.05846,0.05846,181295.9,0.058457,10598.0144263,181295.9,10598.0144263,
2023-10-12 00:20:00+00:00,0.0584,0.05849,0.05846,0.0584,122883.1,0.058438,7181.0425978,122883.1,7181.0425978,
2023-10-12 00:25:00+00:00,0.05839,0.05843,0.0584,0.05841,48509.9,0.058407,2833.3177293,48509.9,2833.3177293,
2023-10-12 00:30:00+00:00,0.05837,0.05841,0.05841,0.05839,55723.9,0.058395,3253.9971405,55723.9,3253.9971405,
2023-10-12 00:35:00+00:00,0.05834,0.0584,0.05839,0.05836,85424.3,0.058372,4986.3872396,85424.3,4986.3872396,
2023-10-12 00:40:00+00:00,0.05831,0.05834,0.05832,0.05833,20893.2,0.058325,1218.59589,20893.2,1218.59589,
2023-10-12 00:45:00+00:00,0.05831,0.05835,0.05834,0.05831,120633.1,0.058328,7036.2874568,120633.1,7036.2874568,
2023-10-12 00:50:00+00:00,0.05828,0.05832,0.0583,0.05829,75244.4,0.058298,4386.5980312,75244.4,4386.5980312,
2023-10-12 00:55:00+00:00,0.05827,0.05832,0.05827,0.05828,42483.2,0.058285,2476.133312,42483.2,2476.133312,
2023-10-12 01:00:00+00:00,0.05821,0.05828,0.05828,0.05826,365804.6,0.058258,21311.0443868,365804.6,21311.0443868,
2023-10-12 01:05:00+00:00,0.05824,0.05829,0.05825,0.05825,55271.1,0.058258,3219.9837438,55271.1,3219.9837438,
2023-10-12 01:10:00+00:00,0.05816,0.05826,0.05826,0.05818,120853.3,0.058215,7035.4748595,120853.3,7035.4748595,
2023-10-12 01:15:00+00:00,0.05813,0.05819,0.05819,0.05814,156280.6,0.058162,9089.5922572,156280.6,9089.5922572,
2023-10-12 01:20:00+00:00,0.05808,0.05814,0.05813,0.0581,313993.0,0.058112,18246.761216,313993.0,18246.761216,
2023-10-12 01:25:00+00:00,0.0581,0.05814,0.0581,0.05814,83841.1,0.05812,4872.844732,83841.1,4872.844732,
2023-10-12 01:30:00+00:00,0.05812,0.05818,0.05813,0.05814,78401.7,0.058142,4558.4316414,78401.7,4558.4316414,
2023-10-12 01:35:00+00:00,0.05807,0.05816,0.05813,0.0581,156524.4,0.058115,9096.415506,156524.4,9096.415506,
2023-10-12 01:40:00+00:00,0.05808,0.05812,0.0581,0.0581,329743.1,0.0581,19158.07411,329743.1,19158.07411,
2023-10-12 01:45:00+00:00,0.05806,0.05812,0.0581,0.05809,151294.1,0.058092,8788.9768572,151294.1,8788.9768572,
2023-10-12 01:50:00+00:00,0.05807,0.05809,0.05808,0.05808,71762.6,0.05808,4167.971808,71762.6,4167.971808,
2023-10-12 01:55:00+00:00,0.05805,0.05809,0.05808,0.05806,78949.0,0.05807,4584.56843,78949.0,4584.56843,
2023-10-12 02:00:00+00:00,0.05806,0.05809,0.05807,0.05807,75783.2,0.058072,4400.8819904,75783.2,4400.8819904,
2023-10-12 02:05:00+00:00,0.05798,0.05807,0.05806,0.05801,231912.7,0.05803,13457.893981,231912.7,13457.893981,
2023-10-12 02:10:00+00:00,0.05797,0.05805,0.05797,0.05803,24551.0,0.058005,1424.080755,24551.0,1424.080755,
2023-10-12 02:15:00+00:00,0.05803,0.05809,0.05803,0.05807,149004.2,0.058055,8650.438831,149004.2,8650.438831,
2023-10-12 02:20:00+00:00,0.05807,0.05813,0.05808,0.05812,77201.8,0.0581,4485.42458,77201.8,4485.42458,
2023-10-12 02:25:00+00:00,0.0581,0.05813,0.05812,0.05811,80882.7,0.058115,4700.4981105,80882.7,4700.4981105,
2023-10-12 02:30:00+00:00,0.0581,0.05813,0.05811,0.05813,26096.5,0.058118,1516.676387,26096.5,1516.676387,
2023-10-12 02:35:00+00:00,0.05813,0.0582,0.05814,0.0582,78078.3,0.058168,4541.6585544,78078.3,4541.6585544,
2023-10-12 02:40:00+00:00,0.05819,0.05823,0.05819,0.05819,79405.0,0.0582,4621.371,79405.0,4621.371,
2023-10-12 02:45:00+00:00,0.05818,0.05823,0.05819,0.05823,174673.3,0.058208,10167.3834464,174673.3,10167.3834464,
2023-10-12 02:50:00+00:00,0.05824,0.05831,0.05825,0.0583,106237.7,0.058275,6191.0019675,106237.7,6191.0019675,
2023-10-12 02:55:00+00:00,0.05824,0.05829,0.05829,0.05826,123549.5,0.05827,7199.229365,123549.5,7199.229365,
2023-10-12 03:00:00+00:00,0.0582,0.05827,0.05826,0.05824,122663.5,0.058242,7144.167567,122663.5,7144.167567,
2023-10-12 03:05:00+00:00,0.05819,0.05825,0.05824,0.05819,144099.2,0.058218,8389.1672256,144099.2,8389.1672256,
2023-10-12 03:10:00+00:00,0.05814,0.0582,0.05818,0.05816,189295.2,0.05817,11011.301784,189295.2,11011.301784,
2023-10-12 03:15:00+00:00,0.05813,0.05819,0.05816,0.05814,591984.3,0.058155,34426.8469665,591984.3,34426.8469665,
2023-10-12 03:20:00+00:00,0.05812,0.05816,0.05816,0.05812,28439.2,0.05814,1653.455088,28439.2,1653.455088,
2023-10-12 03:25:00+00:00,0.05811,0.05813,0.05813,0.05813,25775.5,0.058125,1498.2009375,25775.5,1498.2009375,
2023-10-12 03:30:00+00:00,0.05811,0.05813,0.05813,0.05812,28324.4,0.058122,1646.2707768,28324.4,1646.2707768,
2023-10-12 03:35:00+00:00,0.05808,0.05813,0.05812,0.05808,22025.7,0.058102,1279.7372214,22025.7,1279.7372214,
2023-10-12 03:40:00+00:00,0.05809,0.05814,0.05809,0.05813,162284.0,0.058112,9430.647808,162284.0,9430.647808,
2023-10-12 03:45:00+00:00,0.05811,0.05814,0.05811,0.05812,64541.3,0.05812,3751.140356,64541.3,3751.140356,
2023-10-12 03:50:00+00:00,0.05813,0.05816,0.05813,0.05814,26501.5,0.05814,1540.79721,26501.5,1540.79721,
2023-10-12 03:55:00+00:00,0.05815,0.05819,0.05815,0.05819,48910.0,0.05817,2845.0947,48910.0,2845.0947,
2023-10-12 04:00:00+00:00,0.05815,0.05818,0.05818,0.05818,283293.4,0.058172,16479.7436648,283293.4,16479.7436648,
2023-10-12 04:05:00+00:00,0.05819,0.05823,0.05819,0.05821,121215.8,0.058205,7055.365639,121215.8,7055.365639,
2023-10-12 04:10:00+00:00,0.05822,0.05825,0.05822,0.05825,14111.3,0.058235,821.7715555,14111.3,821.7715555,
2023-10-12 04:15:00+00:00,0.05824,0.05826,0.05825,0.05826,112297.2,0.058253,6541.6487916,112297.2,6541.6487916,
2023-10-12 04:20:00+00:00,0.05826,0.05829,0.05826,0.05829,84075.9,0.058275,4899.5230725,84075.9,4899.5230725,
2023-10-12 04:25:00+00:00,0.05827,0.05831,0.05828,0.05831,108305.6,0.058293,6313.4583408,108305.6,6313.4583408,
2023-10-12 04:30:00+00:00,0.05826,0.0583,0.0583,0.05827,20814.6,0.058282,1213.1165172,20814.6,1213.1165172,
2023-10-12 04:35:00+00:00,0.05824,0.05827,0.05826,0.05825,118047.1,0.058255,6876.8338105,118047.1,6876.8338105,
2023-10-12 04:40:00+00:00,0.05823,0.05827,0.05824,0.05827,96211.7,0.058252,5604.5239484,96211.7,5604.5239484,
2023-10-12 04:45:00+00:00,0.05825,0.05827,0.05825,0.05825,20225.3,0.058255,1178.2248515,20225.3,1178.2248515,
2023-10-12 04:50:00+00:00,0.05824,0.05828,0.05826,0.05824,155593.1,0.058255,9064.0760405,155593.1,9064.0760405,
2023-10-12 04:55:00+00:00,0.05822,0.05824,0.05823,0.05823,50387.1,0.05823,2934.040833,50387.1,2934.040833,
2023-10-12 05:00:00+00:00,0.05821,0.05825,0.05822,0.05822,216639.8,0.058225,12613.852355,216639.8,12613.852355,
2023-10-12 05:05:00+00:00,0.05815,0.05822,0.05822,0.05817,328333.4,0.05819,19105.720546,328333.4,19105.720546,
2023-10-12 05:10:00+00:00,0.05816,0.05818,0.05817,0.05817,42028.4,0.05817,2444.792028,42028.4,2444.792028,
2023-10-12 05:15:00+00:00,0.05815,0.05817,0.05817,0.05817,75699.6,0.058165,4403.067234,75699.6,4403.067234,
2023-10-12 05:20:00+00:00,0.05816,0.0582,0.05817,0.0582,27503.6,0.058183,1600.2419588,27503.6,1600.2419588,
2023-10-12 05:25:00+00:00,0.05819,0.05821,0.05819,0.05821,13041.3,0.0582,759.00366,13041.3,759.00366,
2023-10-12 05:30:00+00:00,0.05821,0.05825,0.05821,0.05825,15747.0,0.05823,916.94781,15747.0,916.94781,
2023-10-12 05:35:00+00:00,0.05824,0.05828,0.05824,0.05827,148020.3,0.058258,8623.3666374,148020.3,8623.3666374,
2023-10-12 05:40:00+00:00,0.05826,0.0583,0.05827,0.05828,170318.3,0.058278,9925.8098874,170318.3,9925.8098874,
2023-10-12 05:45:00+00:00,0.05827,0.05831,0.05829,0.05831,135701.9,0.058295,7910.7422605,135701.9,7910.7422605,
2023-10-12 05:50:00+00:00,0.0583,0.05833,0.05831,0.05832,86083.5,0.058315,5019.9593025,86083.5,5019.9593025,
2023-10-12 05:55:00+00:00,0.05833,0.05836,0.05834,0.05836,2572.1,0.058348,150.0768908,2572.1,150.0768908,
2023-10-12 06:00:00+00:00,0.05832,0.05835,0.05834,0.05832,175147.0,0.058332,10216.674804,175147.0,10216.674804,
2023-10-12 06:05:00+00:00,0.05834,0.05836,0.05835,0.05835,18022.6,0.05835,1051.61871,18022.6,1051.61871,
2023-10-12 06:10:00+00:00,0.05833,0.05836,0.05835,0.05836,70819.2,0.05835,4132.30032,70819.2,4132.30032,
2023-10-12 06:15:00+00:00,0.05835,0.05843,0.05835,0.05841,386544.0,0.058385,22568.37144,386544.0,22568.37144,
2023-10-12 06:20:00+00:00,0.0584,0.05842,0.05841,0.05842,5621.1,0.058412,328.3396932,5621.1,328.3396932,
2023-10-12 06:25:00+00:00,0.05841,0.05846,0.05842,0.05845,102299.0,0.058435,5977.842065,102299.0,5977.842065,
2023-10-12 06:30:00+00:00,0.05843,0.05847,0.05844,0.05844,151244.0,0.058445,8839.45558,151244.0,8839.45558,
2023-10-12 06:35:00+00:00,0.05845,0.05847,0.05845,0.05847,77970.2,0.05846,4558.137892,77970.2,4558.137892,
2023-10-12 06:40:00+00:00,0.05844,0.05848,0.05846,0.05845,14276.1,0.058457,834.5379777,14276.1,834.5379777,
2023-10-12 06:45:00+00:00,0.05844,0.05847,0.05846,0.05845,42188.8,0.058455,2466.146304,42188.8,2466.146304,
2023-10-12 06:50:00+00:00,0.05838,0.05843,0.05843,0.05838,28159.8,0.058405,1644.673119,28159.8,1644.673119,
2023-10-12 06:55:00+00:00,0.05834,0.0584,0.05839,0.05836,30533.9,0.058372,1782.3248108,30533.9,1782.3248108,
2023-10-12 07:00:00+00:00,0.05835,0.05839,0.05836,0.05835,68015.3,0.058362,3969.5089386,68015.3,3969.5089386,
2023-10-12 07:05:00+00:00,0.05835,0.0584,0.05836,0.05839,75790.1,0.058375,4424.2470875,75790.1,4424.2470875,
2023-10-12 07:10:00+00:00,0.0584,0.05844,0.05842,0.05844,61026.5,0.058425,3565.4732625,61026.5,3565.4732625,
2023-10-12 07:15:00+00:00,0.05838,0.05843,0.05843,0.05838,25867.8,0.058405,1510.808859,25867.8,1510.808859,
2023-10-12 07:20:00+00:00,0.05836,0.0584,0.05837,0.05838,100185.0,0.058378,5848.59993,100185.0,5848.59993,
2023-10-12 07:25:00+00:00,0.05838,0.0584,0.05839,0.05839,24629.0,0.05839,1438.08731,24629.0,1438.08731,
2023-10-12 07:30:00+00:00,0.05838,0.0584,0.05838,0.05839,8675.3,0.058387,506.5247411,8675.3,506.5247411,
2023-10-12 07:35:00+00:00,0.05838,0.05841,0.05839,0.05838,4596.6,0.05839,268.395474,4596.6,268.395474,
2023-10-12 07:40:00+00:00,0.05837,0.0584,0.05838,0.0584,31122.2,0.058388,1817.1630136,31122.2,1817.1630136,
2023-10-12 07:45:00+00:00,0.05837,0.05841,0.0584,0.05838,17985.0,0.05839,1050.14415,17985.0,1050.14415,
2023-10-12 07:50:00+00:00,0.05829,0.05838,0.05838,0.05832,116150.0,0.058343,6776.53945,116150.0,6776.53945,
2023-10-12 07:55:00+00:00,0.0583,0.05832,0.05832,0.05831,83846.0,0.058312,4889.227952,83846.0,4889.227952,
2023-10-12 08:00:00+00:00,0.05828,0.05832,0.0583,0.05832,131695.0,0.058305,7678.476975,131695.0,7678.476975,
2023-10-12 08:05:00+00:00,0.05827,0.05832,0.05831,0.05829,28541.3,0.058298,1663.9007074,28541.3,1663.9007074,
2023-10-12 08:10:00+00:00,0.05825,0.05829,0.05828,0.05826,43293.1,0.05827,2522.688937,43293.1,2522.688937,
2023-10-12 08:15:00+00:00,0.05823,0.05827,0.05824,0.05826,22079.0,0.05825,1286.10175,22079.0,1286.10175,
2023-10-12 08:20:00+00:00,0.05824,0.05828,0.05826,0.05828,47170.3,0.058265,2748.3775295,47170.3,2748.3775295,
2023-10-12 08:25:00+00:00,0.05825,0.05828,0.05827,0.05825,107764.7,0.058262,6278.5869514,107764.7,6278.5869514,
2023-10-12 08:30:00+00:00,0.05827,0.05832,0.05827,0.05831,3918.8,0.058293,228.4386084,3918.8,228.4386084,
2023-10-12 08:35:00+00:00,0.05828,0.05833,0.05828,0.05833,82134.8,0.058305,4788.869514,82134.8,4788.869514,
2023-10-12 08:40:00+00:00,0.05828,0.05833,0.05831,0.05831,62086.7,0.058308,3620.1513036,62086.7,3620.1513036,
2023-10-12 08:45:00+00:00,0.05825,0.05832,0.05831,0.05825,29286.9,0.058282,1706.8991058,29286.9,1706.8991058,
2023-10-12 08:50:00+00:00,0.05822,0.05827,0.05825,0.05824,144215.9,0.058245,8399.8550955,144215.9,8399.8550955,
2023-10-12 08:55:00+00:00,0.05819,0.05824,0.05824,0.05822,70680.7,0.058222,4115.1717154,70680.7,4115.1717154,
2023-10-12 09:00:00+00:00,0.0582,0.05825,0.0582,0.05825,15959.3,0.058225,929.2302425,15959.3,929.2302425,
2023-10-12 09:05:00+00:00,0.05825,0.05826,0.05825,0.05825,24603.0,0.058252,1433.173956,24603.0,1433.173956,
2023-10-12 09:10:00+00:00,0.05822,0.05826,0.05826,0.05824,6581.4,0.058245,383.333643,6581.4,383.333643,
2023-10-12 09:15:00+00:00,0.05824,0.05827,0.05826,0.05824,61438.4,0.058252,3578.9096768,61438.4,3578.9096768,
2023-10-12 09:20:00+00:00,0.05814,0.05825,0.05824,0.05816,87969.9,0.058198,5119.6722402,87969.9,5119.6722402,
2023-10-12 09:25:00+00:00,0.05813,0.05819,0.05818,0.05813,54786.3,0.058158,3186.2616354,54786.3,3186.2616354,
2023-10-12 09:30:00+00:00,0.05804,0.05813,0.05813,0.05807,175995.0,0.058093,10224.077535,175995.0,10224.077535,
2023-10-12 09:35:00+00:00,0.05786,0.05807,0.05805,0.05795,233478.4,0.057982,13537.5445888,233478.4,13537.5445888,
2023-10-12 09:40:00+00:00,0.05789,0.05798,0.05794,0.05798,203258.8,0.057948,11778.4409424,203258.8,11778.4409424,
2023-10-12 09:45:00+00:00,0.05792,0.05797,0.05795,0.05797,91520.9,0.057952,5303.8191968,91520.9,5303.8191968,
2023-10-12 09:50:00+00:00,0.05793,0.058,0.05798,0.05794,166707.1,0.057962,9662.6769302,166707.1,9662.6769302,
2023-10-12 09:55:00+00:00,0.0573,0.05795,0.05795,0.05765,7193849.5,0.057712,415171.442344,7193849.5,415171.442344,
2023-10-12 10:00:00+00:00,0.05754,0.05771,0.05765,0.05771,545801.1,0.057652,31466.5250172,545801.1,31466.5250172,
2023-10-12 10:05:00+00:00,0.05769,0.05779,0.05771,0.05779,431077.1,0.057745,24892.5471395,431077.1,24892.5471395,
2023-10-12 10:10:00+00:00,0.05773,0.05777,0.05777,0.05776,108194.3,0.057758,6249.0863794,108194.3,6249.0863794,
2023-10-12 10:15:00+00:00,0.05771,0.05777,0.05775,0.05775,210142.9,0.057745,12134.7017605,210142.9,12134.7017605,
2023-10-12 10:20:00+00:00,0.05771,0.05776,0.05775,0.05775,173080.0,0.057742,9993.98536,173080.0,9993.98536,
2023-10-12 10:25:00+00:00,0.05775,0.05781,0.05775,0.05778,125113.4,0.057772,7228.0513448,125113.4,7228.0513448,
2023-10-12 10:30:00+00:00,0.05777,0.05785,0.05779,0.0578,367078.8,0.057802,21217.8887976,367078.8,21217.8887976,
2023-10-12 10:35:00+00:00,0.05779,0.05788,0.0578,0.05788,186547.1,0.057838,10789.5111698,186547.1,10789.5111698,
2023-10-12 10:40:00+00:00,0.05783,0.05787,0.05787,0.05784,184406.2,0.057852,10668.2674824,184406.2,10668.2674824,
2023-10-12 10:45:00+00:00,0.0578,0.05788,0.05784,0.05781,154903.6,0.057832,8958.3849952,154903.6,8958.3849952,
2023-10-12 10:50:00+00:00,0.05779,0.05783,0.05781,0.05779,113729.6,0.057805,6574.139528,113729.6,6574.139528,
2023-10-12 10:55:00+00:00,0.05778,0.05781,0.05779,0.0578,49601.7,0.057795,2866.7302515,49601.7,2866.7302515,
2023-10-12 11:00:00+00:00,0.05779,0.05788,0.0578,0.05787,195392.5,0.057835,11300.5252375,195392.5,11300.5252375,
2023-10-12 11:05:00+00:00,0.05782,0.05786,0.05786,0.05783,25509.2,0.057842,1475.5031464,25509.2,1475.5031464,
2023-10-12 11:10:00+00:00,0.0578,0.05785,0.05784,0.05784,106428.0,0.057832,6154.944096,106428.0,6154.944096,
2023-10-12 11:15:00+00:00,0.05784,0.05788,0.05784,0.05786,10504.4,0.057855,607.732062,10504.4,607.732062,
2023-10-12 11:20:00+00:00,0.05782,0.05786,0.05786,0.05782,77153.4,0.05784,4462.552656,77153.4,4462.552656,
2023-10-12 11:25:00+00:00,0.05781,0.05784,0.05783,0.05783,220331.7,0.057828,12741.3415476,220331.7,12741.3415476,
2023-10-12 11:30:00+00:00,0.05784,0.05791,0.05785,0.05791,166223.0,0.057878,9620.654794,166223.0,9620.654794,
2023-10-12 11:35:00+00:00,0.0579,0.05793,0.05791,0.05792,59240.3,0.057915,3430.9019745,59240.3,3430.9019745,
2023-10-12 11:40:00+00:00,0.05788,0.05794,0.05791,0.05792,152252.6,0.057912,8817.2525712,152252.6,8817.2525712,
2023-10-12 11:45:00+00:00,0.05791,0.05799,0.05792,0.05798,116515.0,0.05795,6752.04425,116515.0,6752.04425,
2023-10-12 11:50:00+00:00,0.05799,0.05807,0.05799,0.05805,78353.7,0.058025,4546.4734425,78353.7,4546.4734425,
2023-10-12 11:55:00+00:00,0.05803,0.05807,0.05806,0.05806,272751.0,0.058055,15834.559305,272751.0,15834.559305,
2023-10-12 12:00:00+00:00,0.05801,0.05809,0.05806,0.05802,67116.3,0.058045,3895.7656335,67116.3,3895.7656335,
2023-10-12 12:05:00+00:00,0.05797,0.05801,0.058,0.05801,104975.2,0.057998,6088.3516496,104975.2,6088.3516496,
2023-10-12 12:10:00+00:00,0.058,0.05805,0.05801,0.05803,224168.8,0.058022,13006.7221136,224168.8,13006.7221136,
2023-10-12 12:15:00+00:00,0.05799,0.05803,0.05803,0.05799,50627.9,0.05801,2936.924479,50627.9,2936.924479,
2023-10-12 12:20:00+00:00,0.05795,0.058,0.058,0.05796,23922.9,0.057978,1387.0018962,23922.9,1387.0018962,
2023-10-12 12:25:00+00:00,0.05794,0.05801,0.05795,0.05795,396426.1,0.057962,22977.6496082,396426.1,22977.6496082,
2023-10-12 12:30:00+00:00,0.05788,0.05803,0.05795,0.05795,362566.1,0.057953,21011.7931933,362566.1,21011.7931933,
2023-10-12 12:35:00+00:00,0.05795,0.05807,0.05796,0.05804,43725.1,0.058005,2536.2744255,43725.1,2536.2744255,
2023-10-12 12:40:00+00:00,0.058,0.0581,0.05803,0.0581,249832.9,0.058058,14504.7985082,249832.9,14504.7985082,
2023-10-12 12:45:00+00:00,0.058,0.0581,0.0581,0.05802,904423.1,0.058055,52506.2830705,904423.1,52506.2830705,
2023-10-12 12:50:00+00:00,0.05799,0.05805,0.05801,0.058,315193.9,0.058012,18285.0285268,315193.9,18285.0285268,
2023-10-12 12:55:00+00:00,0.05797,0.05804,0.058,0.05803,199009.0,0.05801,11544.51209,199009.0,11544.51209,
2023-10-12 13:00:00+00:00,0.05801,0.05808,0.05801,0.05807,62367.3,0.058042,3619.9228266,62367.3,3619.9228266,
2023-10-12 13:05:00+00:00,0.05808,0.05812,0.0581,0.05812,24549.0,0.058105,1426.419645,24549.0,1426.419645,
2023-10-12 13:10:00+00:00,0.05808,0.05813,0.05812,0.05812,57750.0,0.058112,3355.968,57750.0,3355.968,
2023-10-12 13:15:00+00:00,0.05811,0.05816,0.05812,0.05811,101362.3,0.058125,5891.6836875,101362.3,5891.6836875,
2023-10-12 13:20:00+00:00,0.05801,0.05811,0.05811,0.05801,186957.5,0.05806,10854.75245,186957.5,10854.75245,
2023-10-12 13:25:00+00:00,0.05797,0.05802,0.05801,0.05798,213299.0,0.057995,12370.275505,213299.0,12370.275505,
2023-10-12 13:30:00+00:00,0.05791,0.058,0.05798,0.05793,165302.0,0.057955,9580.07741,165302.0,9580.07741,
2023-10-12 13:35:00+00:00,0.05786,0.05797,0.05793,0.05786,807339.8,0.057905,46749.011119,807339.8,46749.011119,
2023-10-12 13:40:00+00:00,0.05781,0.05788,0.05787,0.05783,381902.2,0.057847,22091.8965634,381902.2,22091.8965634,
2023-10-12 13:45:00+00:00,0.05778,0.05786,0.05783,0.05784,215373.6,0.057828,12454.6245408,215373.6,12454.6245408,
2023-10-12 13:50:00+00:00,0.05782,0.05787,0.05784,0.05783,76590.5,0.05784,4429.99452,76590.5,4429.99452,
2023-10-12 13:55:00+00:00,0.05784,0.05794,0.05784,0.05794,182294.1,0.05789,10553.005449,182294.1,10553.005449,
2023-10-12 14:00:00+00:00,0.05788,0.05794,0.05792,0.05794,54494.2,0.05792,3156.304064,54494.2,3156.304064,
2023-10-12 14:05:00+00:00,0.05794,0.05798,0.05795,0.05795,142622.5,0.057955,8265.6869875,142622.5,8265.6869875,
2023-10-12 14:10:00+00:00,0.05792,0.058,0.05795,0.05793,86030.1,0.05795,4985.444295,86030.1,4985.444295,
2023-10-12 14:15:00+00:00,0.05787,0.05793,0.05792,0.05793,134561.2,0.057913,7792.8427756,134561.2,7792.8427756,
2023-10-12 14:20:00+00:00,0.05792,0.05797,0.05792,0.05793,250783.0,0.057935,14529.113105,250783.0,14529.113105,
2023-10-12 14:25:00+00:00,0.05788,0.05794,0.05791,0.05789,152492.8,0.057905,8830.095584,152492.8,8830.095584,
2023-10-12 14:30:00+00:00,0.05785,0.05794,0.05791,0.05787,214724.8,0.057893,12431.0628464,214724.8,12431.0628464,
2023-10-12 14:35:00+00:00,0.05779,0.05789,0.05788,0.05779,232112.8,0.057838,13424.9401264,232112.8,13424.9401264,
2023-10-12 14:40:00+00:00,0.05774,0.05787,0.0578,0.05783,1387888.9,0.05781,80233.857309,1387888.9,80233.857309,
2023-10-12 14:45:00+00:00,0.05779,0.05786,0.05782,0.05785,246115.3,0.05783,14232.847799,246115.3,14232.847799,
2023-10-12 14:50:00+00:00,0.0578,0.05784,0.05784,0.05783,93323.1,0.057828,5396.6882268,93323.1,5396.6882268,
2023-10-12 14:55:00+00:00,0.05782,0.05788,0.05783,0.05788,15017.3,0.057852,868.7808396,15017.3,868.7808396,
2023-10-12 15:00:00+00:00,0.05782,0.05788,0.05787,0.05784,197742.3,0.057852,11439.7875396,197742.3,11439.7875396,
2023-10-12 15:05:00+00:00,0.05783,0.05794,0.05783,0.05794,251842.2,0.057885,14577.885747,251842.2,14577.885747,
2023-10-12 15:10:00+00:00,0.05792,0.05797,0.05793,0.05797,150943.0,0.057948,8746.844964,150943.0,8746.844964,
2023-10-12 15:15:00+00:00,0.05795,0.05798,0.05796,0.05796,93959.7,0.057962,5446.0921314,93959.7,5446.0921314,
2023-10-12 15:20:00+00:00,0.05787,0.05796,0.05796,0.05787,77066.1,0.057915,4463.2831815,77066.1,4463.2831815,
2023-10-12 15:25:00+00:00,0.0578,0.05787,0.05787,0.0578,181634.3,0.057835,10504.8197405,181634.3,10504.8197405,
2023-10-12 15:30:00+00:00,0.05778,0.05783,0.0578,0.05782,892050.3,0.057808,51567.6437424,892050.3,51567.6437424,
2023-10-12 15:35:00+00:00,0.05782,0.05786,0.05782,0.05786,268806.4,0.05784,15547.762176,268806.4,15547.762176,
2023-10-12 15:40:00+00:00,0.05782,0.05788,0.05788,0.05785,223150.0,0.057858,12911.0127,223150.0,12911.0127,
2023-10-12 15:45:00+00:00,0.05782,0.05791,0.05783,0.05783,122231.4,0.057848,7070.8420272,122231.4,7070.8420272,
2023-10-12 15:50:00+00:00,0.05783,0.05794,0.05783,0.05792,132691.6,0.05788,7680.189808,132691.6,7680.189808,
2023-10-12 15:55:00+00:00,0.05783,0.05792,0.05791,0.05783,126492.0,0.057872,7320.345024,126492.0,7320.345024,
2023-10-12 16:00:00+00:00,0.0578,0.05787,0.05785,0.0578,105346.2,0.05783,6092.170746,105346.2,6092.170746,
2023-10-12 16:05:00+00:00,0.0578,0.0579,0.05781,0.0579,83851.3,0.057852,4850.9654076,83851.3,4850.9654076,
2023-10-12 16:10:00+00:00,0.05786,0.0579,0.0579,0.05787,96304.6,0.057882,5574.3028572,96304.6,5574.3028572,
2023-10-12 16:15:00+00:00,0.05786,0.0579,0.05786,0.05788,192984.9,0.057875,11169.0010875,192984.9,11169.0010875,
2023-10-12 16:20:00+00:00,0.05779,0.05788,0.05788,0.0578,189195.4,0.057838,10942.6835452,189195.4,10942.6835452,
2023-10-12 16:25:00+00:00,0.05725,0.0578,0.0578,0.0577,8978135.8,0.057638,517481.7912404,8978135.8,517481.7912404,
2023-10-12 16:30:00+00:00,0.05762,0.05786,0.05766,0.05773,1269950.6,0.057718,73299.0087308,1269950.6,73299.0087308,
2023-10-12 16:35:00+00:00,0.05767,0.05781,0.05773,0.05775,224848.9,0.05774,12982.775486,224848.9,12982.775486,
2023-10-12 16:40:00+00:00,0.05767,0.05778,0.05774,0.05767,341347.9,0.057715,19700.8940485,341347.9,19700.8940485,
2023-10-12 16:45:00+00:00,0.05764,0.05772,0.05767,0.05764,370634.3,0.057668,21373.7388124,370634.3,21373.7388124,
2023-10-12 16:50:00+00:00,0.05749,0.05766,0.05765,0.05754,743503.4,0.057585,42814.643289,743503.4,42814.643289,
2023-10-12 16:55:00+00:00,0.05746,0.05759,0.05756,0.05751,391425.0,0.05753,22518.68025,391425.0,22518.68025,
2023-10-12 17:00:00+00:00,0.0574,0.05755,0.0575,0.0574,641754.3,0.057462,36876.4855866,641754.3,36876.4855866,
2023-10-12 17:05:00+00:00,0.05737,0.05748,0.05739,0.05744,484923.4,0.05742,27844.301628,484923.4,27844.301628,
2023-10-12 17:10:00+00:00,0.05745,0.05755,0.05745,0.05752,854461.1,0.057492,49124.6775612,854461.1,49124.6775612,
2023-10-12 17:15:00+00:00,0.05744,0.0576,0.05751,0.0576,398599.6,0.057537,22934.2251852,398599.6,22934.2251852,
2023-10-12 17:20:00+00:00,0.0575,0.05761,0.0576,0.05754,431823.9,0.057562,24856.6473318,431823.9,24856.6473318,
2023-10-12 17:25:00+00:00,0.05751,0.05758,0.05755,0.05752,180219.9,0.05754,10369.853046,180219.9,10369.853046,
2023-10-12 17:30:00+00:00,0.05744,0.05756,0.05751,0.05745,92265.5,0.05749,5304.343595,92265.5,5304.343595,
2023-10-12 17:35:00+00:00,0.05746,0.05757,0.05748,0.05754,93288.8,0.057512,5365.2254656,93288.8,5365.2254656,
2023-10-12 17:40:00+00:00,0.05754,0.05761,0.05755,0.05759,17901.4,0.057572,1030.6194008,17901.4,1030.6194008,
2023-10-12 17:45:00+00:00,0.05756,0.05762,0.05759,0.05758,76417.0,0.057588,4400.702196,76417.0,4400.702196,
2023-10-12 17:50:00+00:00,0.05758,0.05762,0.05758,0.05762,83281.5,0.0576,4797.0144,83281.5,4797.0144,
2023-10-12 17:55:00+00:00,0.05762,0.05767,0.05762,0.05763,34946.8,0.057635,2014.158818,34946.8,2014.158818,
2023-10-12 18:00:00+00:00,0.0576,0.05766,0.05762,0.0576,21845.1,0.05762,1258.714662,21845.1,1258.714662,
2023-10-12 18:05:00+00:00,0.05761,0.05764,0.05762,0.05762,11147.0,0.057622,642.312434,11147.0,642.312434,
2023-10-12 18:10:00+00:00,0.05758,0.05763,0.05761,0.05763,405170.9,0.057612,23342.7058908,405170.9,23342.7058908,
2023-10-12 18:15:00+00:00,0.05758,0.05763,0.05762,0.0576,13011.4,0.057607,749.5477198,13011.4,749.5477198,
2023-10-12 18:20:00+00:00,0.05761,0.05771,0.05761,0.05771,31249.7,0.05766,1801.857702,31249.7,1801.857702,
2023-10-12 18:25:00+00:00,0.0577,0.05773,0.05772,0.05773,47610.7,0.05772,2748.089604,47610.7,2748.089604,
2023-10-12 18:30:00+00:00,0.05772,0.05777,0.05772,0.05776,67130.5,0.057742,3876.249331,67130.5,3876.249331,
2023-10-12 18:35:00+00:00,0.05774,0.05779,0.05777,0.05775,107148.8,0.057762,6189.1289856,107148.8,6189.1289856,
2023-10-12 18:40:00+00:00,0.05773,0.05775,0.05775,0.05775,24340.2,0.057745,1405.524849,24340.2,1405.524849,
2023-10-12 18:45:00+00:00,0.05772,0.05775,0.05775,0.05772,14311.5,0.057735,826.2744525,14311.5,826.2744525,
2023-10-12 18:50:00+00:00,0.05765,0.05771,0.05771,0.05766,94809.4,0.057682,5468.7958108,94809.4,5468.7958108,
2023-10-12 18:55:00+00:00,0.05763,0.0577,0.05764,0.05768,357859.4,0.057663,20635.2465822,357859.4,20635.2465822,
2023-10-12 19:00:00+00:00,0.0576,0.05768,0.05767,0.05762,157384.7,0.057642,9071.9688774,157384.7,9071.9688774,
2023-10-12 19:05:00+00:00,0.05758,0.05765,0.05762,0.05765,278566.9,0.057625,16052.4176125,278566.9,16052.4176125,
2023-10-12 19:10:00+00:00,0.05763,0.05771,0.05765,0.05769,173206.6,0.05767,9988.824622,173206.6,9988.824622,
2023-10-12 19:15:00+00:00,0.05767,0.05773,0.05769,0.05773,343798.5,0.057705,19838.8924425,343798.5,19838.8924425,
2023-10-12 19:20:00+00:00,0.0577,0.05772,0.05772,0.0577,186935.9,0.05771,10788.070789,186935.9,10788.070789,
2023-10-12 19:25:00+00:00,0.05769,0.05773,0.05769,0.05771,106343.1,0.057705,6136.5285855,106343.1,6136.5285855,
2023-10-12 19:30:00+00:00,0.05772,0.05778,0.05772,0.05778,290883.2,0.05775,16798.5048,290883.2,16798.5048,
2023-10-12 19:35:00+00:00,0.05778,0.05782,0.05778,0.05781,188420.8,0.057798,10890.3453984,188420.8,10890.3453984,
2023-10-12 19:40:00+00:00,0.05777,0.05781,0.05781,0.05778,214526.5,0.057792,12397.915488,214526.5,12397.915488,
2023-10-12 19:45:00+00:00,0.05775,0.05779,0.05778,0.05777,88254.5,0.057773,5098.7272285,88254.5,5098.7272285,
2023-10-12 19:50:00+00:00,0.05773,0.05779,0.05778,0.05773,139201.3,0.057758,8039.9886854,139201.3,8039.9886854,
2023-10-12 19:55:00+00:00,0.05773,0.05776,0.05773,0.05774,19891.8,0.05774,1148.552532,19891.8,1148.552532,
2023-10-12 20:00:00+00:00,0.0577,0.05774,0.05773,0.05772,59910.1,0.057722,3458.1307922,59910.1,3458.1307922,
2023-10-12 20:05:00+00:00,0.05772,0.05774,0.05773,0.05772,118466.9,0.057727,6838.7387363,118466.9,6838.7387363,
2023-10-12 20:10:00+00:00,0.05771,0.05774,0.05772,0.05774,43050.4,0.057728,2485.2134912,43050.4,2485.2134912,
2023-10-12 20:15:00+00:00,0.05772,0.05777,0.05774,0.05773,34936.9,0.05774,2017.256606,34936.9,2017.256606,
2023-10-12 20:20:00+00:00,0.05772,0.05775,0.05773,0.05775,89237.1,0.057738,5152.3716798,89237.1,5152.3716798,
2023-10-12 20:25:00+00:00,0.05774,0.05776,0.05776,0.05774,56153.2,0.05775,3242.8473,56153.2,3242.8473,
2023-10-12 20:30:00+00:00,0.05775,0.05782,0.05775,0.05782,101335.2,0.057785,5855.654532,101335.2,5855.654532,
2023-10-12 20:35:00+00:00,0.05779,0.05784,0.05782,0.0578,252219.4,0.057812,14581.3079528,252219.4,14581.3079528,
2023-10-12 20:40:00+00:00,0.05779,0.05781,0.0578,0.05779,172795.2,0.057798,9987.2169696,172795.2,9987.2169696,
2023-10-12 20:45:00+00:00,0.05779,0.05783,0.05779,0.05782,21082.7,0.057808,1218.7487216,21082.7,1218.7487216,
2023-10-12 20:50:00+00:00,0.05781,0.05786,0.05782,0.05786,12291.5,0.057838,710.915777,12291.5,710.915777,
2023-10-12 20:55:00+00:00,0.05783,0.05787,0.05786,0.05786,101062.3,0.057855,5846.9593665,101062.3,5846.9593665,
2023-10-12 21:00:00+00:00,0.05784,0.05788,0.05786,0.05785,29375.9,0.057858,1699.6308222,29375.9,1699.6308222,
2023-10-12 21:05:00+00:00,0.05779,0.05787,0.05785,0.0578,72967.8,0.057828,4219.5819384,72967.8,4219.5819384,
2023-10-12 21:10:00+00:00,0.05778,0.05781,0.05778,0.05781,156290.3,0.057795,9032.7978885,156290.3,9032.7978885,
2023-10-12 21:15:00+00:00,0.0578,0.05783,0.05781,0.05781,91693.6,0.057812,5300.9904032,91693.6,5300.9904032,
2023-10-12 21:20:00+00:00,0.05778,0.05781,0.05781,0.05779,8160.3,0.057798,471.6490194,8160.3,471.6490194,
2023-10-12 21:25:00+00:00,0.05777,0.05779,0.05778,0.05779,160784.0,0.057782,9290.421088,160784.0,9290.421088,
2023-10-12 21:30:00+00:00,0.05778,0.05784,0.05778,0.05784,117077.6,0.05781,6768.256056,117077.6,6768.256056,
2023-10-12 21:35:00+00:00,0.05781,0.05783,0.05783,0.05781,58119.8,0.05782,3360.486836,58119.8,3360.486836,
2023-10-12 21:40:00+00:00,0.0578,0.05782,0.05782,0.0578,124498.1,0.05781,7197.235161,124498.1,7197.235161,
2023-10-12 21:45:00+00:00,0.05778,0.05781,0.05779,0.05778,18615.5,0.05779,1075.789745,18615.5,1075.789745,
2023-10-12 21:50:00+00:00,0.05779,0.05787,0.05779,0.05787,47168.6,0.05783,2727.760138,47168.6,2727.760138,
2023-10-12 21:55:00+00:00,0.05786,0.0579,0.05788,0.0579,40730.5,0.057885,2357.6849925,40730.5,2357.6849925,
2023-10-12 22:00:00+00:00,0.05786,0.05791,0.05789,0.05787,82154.6,0.057882,4755.2725572,82154.6,4755.2725572,
2023-10-12 22:05:00+00:00,0.05787,0.05789,0.05787,0.05789,20771.4,0.05788,1202.248632,20771.4,1202.248632,
2023-10-12 22:10:00+00:00,0.05787,0.05793,0.05788,0.05791,141842.9,0.057898,8212.4202242,141842.9,8212.4202242,
2023-10-12 22:15:00+00:00,0.05785,0.05792,0.05791,0.05786,144284.2,0.057885,8351.890917,144284.2,8351.890917,
2023-10-12 22:20:00+00:00,0.05782,0.05785,0.05783,0.05784,48737.5,0.057835,2818.7333125,48737.5,2818.7333125,
2023-10-12 22:25:00+00:00,0.05785,0.05787,0.05785,0.05787,53121.1,0.05786,3073.586846,53121.1,3073.586846,
2023-10-12 22:30:00+00:00,0.05784,0.05786,0.05786,0.05786,24298.4,0.057855,1405.783932,24298.4,1405.783932,
2023-10-12 22:35:00+00:00,0.05785,0.05788,0.05786,0.05786,26379.4,0.057863,1526.3912222,26379.4,1526.3912222,
2023-10-12 22:40:00+00:00,0.05783,0.05787,0.05786,0.05785,28502.4,0.057852,1648.9208448,28502.4,1648.9208448,
2023-10-12 22:45:00+00:00,0.05783,0.05786,0.05785,0.05785,35051.1,0.057847,2027.6009817,35051.1,2027.6009817,
2023-10-12 22:50:00+00:00,0.05784,0.05789,0.05784,0.05789,78839.6,0.057865,4562.053454,78839.6,4562.053454,
2023-10-12 22:55:00+00:00,0.05787,0.0579,0.05789,0.05789,109330.3,0.057888,6328.9124064,109330.3,6328.9124064,
2023-10-12 23:00:00+00:00,0.05787,0.0579,0.05789,0.05789,34680.0,0.057888,2007.55584,34680.0,2007.55584,
2023-10-12 23:05:00+00:00,0.05783,0.05789,0.05789,0.05783,115944.9,0.05786,6708.571914,115944.9,6708.571914,
2023-10-12 23:10:00+00:00,0.05779,0.05785,0.05782,0.0578,264355.8,0.057815,15283.730577,264355.8,15283.730577,
2023-10-12 23:15:00+00:00,0.0578,0.05785,0.05782,0.0578,58852.3,0.057817,3402.6634291,58852.3,3402.6634291,
2023-10-12 23:20:00+00:00,0.0578,0.05784,0.0578,0.05784,34100.0,0.05782,1971.662,34100.0,1971.662,
2023-10-12 23:25:00+00:00,0.05782,0.05786,0.05784,0.05785,21487.7,0.057843,1242.9130311,21487.7,1242.9130311,
2023-10-12 23:30:00+00:00,0.05784,0.05789,0.05784,0.05789,71699.6,0.057865,4148.897354,71699.6,4148.897354,
2023-10-12 23:35:00+00:00,0.05789,0.05792,0.0579,0.0579,64396.2,0.057902,3728.6687724,64396.2,3728.6687724,
2023-10-12 23:40:00+00:00,0.05787,0.05789,0.05789,0.05787,12321.6,0.05788,713.174208,12321.6,713.174208,
2023-10-12 23:45:00+00:00,0.05783,0.05788,0.05788,0.05783,273556.1,0.057855,15826.5881655,273556.1,15826.5881655,
2023-10-12 23:50:00+00:00,0.05781,0.05787,0.05784,0.05787,124519.7,0.057848,7203.2156056,124519.7,7203.2156056,
2023-10-12 23:55:00+00:00,0.05788,0.0579,0.05788,0.05788,53835.3,0.057885,3116.2563405,53835.3,3116.2563405,
2023-10-13 00:00:00+00:00,0.05784,0.05787,0.05787,0.05785,25992.9,0.057858,1503.8972082,25992.9,1503.8972082,
2023-10-13 00:05:00+00:00,0.05782,0.05792,0.05785,0.05789,154322.5,0.05787,8930.643075,154322.5,8930.643075,
2023-10-13 00:10:00+00:00,0.05785,0.05793,0.05789,0.05793,126658.2,0.0579,7333.50978,126658.2,7333.50978,
2023-10-13 00:15:00+00:00,0.0579,0.05797,0.05794,0.05791,88425.4,0.05793,5122.483422,88425.4,5122.483422,
2023-10-13 00:20:00+00:00,0.0579,0.05803,0.0579,0.058,270654.6,0.057958,15686.5993068,270654.6,15686.5993068,
2023-10-13 00:25:00+00:00,0.05791,0.05799,0.05799,0.05799,115253.6,0.05797,6681.251192,115253.6,6681.251192,
2023-10-13 00:30:00+00:00,0.05797,0.05807,0.05798,0.05807,146346.3,0.058022,8491.3050186,146346.3,8491.3050186,
2023-10-13 00:35:00+00:00,0.05799,0.05807,0.05806,0.05802,62129.6,0.058035,3605.691336,62129.6,3605.691336,
2023-10-13 00:40:00+00:00,0.05802,0.05806,0.05806,0.05804,31236.3,0.058045,1813.1110335,31236.3,1813.1110335,
2023-10-13 00:45:00+00:00,0.05803,0.05805,0.05804,0.05804,20626.2,0.05804,1197.144648,20626.2,1197.144648,
2023-10-13 00:50:00+00:00,0.05802,0.05805,0.05804,0.05805,75546.2,0.05804,4384.701448,75546.2,4384.701448,
2023-10-13 00:55:00+00:00,0.05803,0.05805,0.05805,0.05804,84519.2,0.058043,4905.7479256,84519.2,4905.7479256,
2023-10-13 01:00:00+00:00,0.05803,0.05807,0.05804,0.05805,112117.5,0.058047,6508.0845225,112117.5,6508.0845225,
2023-10-13 01:05:00+00:00,0.05802,0.05811,0.05805,0.05803,164602.3,0.058052,9555.4927196,164602.3,9555.4927196,
2023-10-13 01:10:00+00:00,0.05798,0.05803,0.058,0.05803,94991.8,0.05801,5510.474318,94991.8,5510.474318,
2023-10-13 01:15:00+00:00,0.05799,0.05805,0.05803,0.058,19370.6,0.058018,1123.8434708,19370.6,1123.8434708,
2023-10-13 01:20:00+00:00,0.05797,0.058,0.058,0.05797,41930.1,0.057985,2431.3168485,41930.1,2431.3168485,
2023-10-13 01:25:00+00:00,0.05794,0.05797,0.05796,0.05796,86818.2,0.057957,5031.7224174,86818.2,5031.7224174,
2023-10-13 01:30:00+00:00,0.05794,0.05802,0.05795,0.05801,674236.6,0.05798,39092.238068,674236.6,39092.238068,
2023-10-13 01:35:00+00:00,0.05797,0.05801,0.058,0.058,53747.1,0.057995,3117.0630645,53747.1,3117.0630645,
2023-10-13 01:40:00+00:00,0.05799,0.05803,0.058,0.05802,116762.0,0.05801,6773.36362,116762.0,6773.36362,
2023-10-13 01:45:00+00:00,0.05801,0.05804,0.05802,0.05802,182540.6,0.058023,10591.5532338,182540.6,10591.5532338,
2023-10-13 01:50:00+00:00,0.05801,0.05803,0.05802,0.05801,179382.1,0.058018,10407.3906778,179382.1,10407.3906778,
2023-10-13 01:55:00+00:00,0.05797,0.05802,0.05801,0.05798,124670.7,0.057995,7230.2772465,124670.7,7230.2772465,
2023-10-13 02:00:00+00:00,0.05798,0.05806,0.05798,0.05805,232204.5,0.058018,13472.040681,232204.5,13472.040681,
2023-10-13 02:05:00+00:00,0.05802,0.05807,0.05806,0.05803,223662.9,0.058045,12982.5130305,223662.9,12982.5130305,
2023-10-13 02:10:00+00:00,0.05801,0.05805,0.05805,0.05801,30561.8,0.05803,1773.501254,30561.8,1773.501254,
2023-10-13 02:15:00+00:00,0.058,0.05804,0.05801,0.05803,12416.2,0.05802,720.387924,12416.2,720.387924,
2023-10-13 02:20:00+00:00,0.05799,0.05803,0.05803,0.05801,46381.1,0.058015,2690.7995165,46381.1,2690.7995165,
2023-10-13 02:25:00+00:00,0.05799,0.05801,0.05801,0.05799,49659.2,0.058,2880.2336,49659.2,2880.2336,
2023-10-13 02:30:00+00:00,0.05793,0.058,0.05799,0.05794,128842.9,0.057965,7468.3786985,128842.9,7468.3786985,
2023-10-13 02:35:00+00:00,0.05793,0.05796,0.05793,0.05795,137575.6,0.057942,7971.4054152,137575.6,7971.4054152,
2023-10-13 02:40:00+00:00,0.05793,0.05797,0.05794,0.05795,210930.2,0.057948,12222.9832296,210930.2,12222.9832296,
2023-10-13 02:45:00+00:00,0.05795,0.05798,0.05795,0.05795,51157.3,0.057958,2964.9747934,51157.3,2964.9747934,
2023-10-13 02:50:00+00:00,0.05796,0.058,0.05796,0.05798,72814.6,0.057975,4221.426435,72814.6,4221.426435,
2023-10-13 02:55:00+00:00,0.05797,0.05799,0.05799,0.05799,80451.0,0.057985,4664.951235,80451.0,4664.951235,
2023-10-13 03:00:00+00:00,0.05799,0.058,0.05799,0.058,54770.7,0.057995,3176.4267465,54770.7,3176.4267465,
2023-10-13 03:05:00+00:00,0.05793,0.058,0.058,0.05795,72166.3,0.05797,4183.480411,72166.3,4183.480411,
2023-10-13 03:10:00+00:00,0.05793,0.05796,0.05794,0.05796,36878.0,0.057948,2137.006344,36878.0,2137.006344,
2023-10-13 03:15:00+00:00,0.05794,0.05796,0.05796,0.05794,56431.4,0.05795,3270.19963,56431.4,3270.19963,
2023-10-13 03:20:00+00:00,0.05792,0.05794,0.05793,0.05792,58833.8,0.057928,3408.1243664,58833.8,3408.1243664,
2023-10-13 03:25:00+00:00,0.05791,0.05792,0.05791,0.05792,12489.5,0.057915,723.3293925,12489.5,723.3293925,
2023-10-13 03:30:00+00:00,0.05787,0.05792,0.05792,0.0579,207970.3,0.057902,12041.8963106,207970.3,12041.8963106,
2023-10-13 03:35:00+00:00,0.05785,0.05789,0.05789,0.05786,254912.3,0.057872,14752.2846256,254912.3,14752.2846256,
2023-10-13 03:40:00+00:00,0.05785,0.05789,0.05786,0.05787,91680.5,0.057867,5305.2754935,91680.5,5305.2754935,
2023-10-13 03:45:00+00:00,0.05782,0.05787,0.05785,0.05784,46441.6,0.057845,2686.414352,46441.6,2686.414352,
2023-10-13 03:50:00+00:00,0.05783,0.05787,0.05785,0.05784,91892.7,0.057847,5315.7170169,91892.7,5315.7170169,
2023-10-13 03:55:00+00:00,0.05784,0.05786,0.05784,0.05784,73857.3,0.057845,4272.2755185,73857.3,4272.2755185,
2023-10-13 04:00:00+00:00,0.05783,0.05784,0.05784,0.05784,6578.2,0.057838,380.4699316,6578.2,380.4699316,
2023-10-13 04:05:00+00:00,0.05784,0.05788,0.05784,0.05788,47168.4,0.05786,2729.163624,47168.4,2729.163624,
2023-10-13 04:10:00+00:00,0.05787,0.05789,0.05789,0.05789,9185.0,0.057885,531.673725,9185.0,531.673725,
2023-10-13 04:15:00+00:00,0.05789,0.0579,0.05789,0.05789,51841.0,0.057892,3001.179172,51841.0,3001.179172,
2023-10-13 04:20:00+00:00,0.05789,0.05792,0.05789,0.05791,8115.1,0.057902,469.8805202,8115.1,469.8805202,
2023-10-13 04:25:00+00:00,0.05789,0.05794,0.05792,0.0579,139495.3,0.057912,8078.4518136,139495.3,8078.4518136,
2023-10-13 04:30:00+00:00,0.05789,0.05791,0.0579,0.0579,87096.6,0.0579,5042.89314,87096.6,5042.89314,
2023-10-13 04:35:00+00:00,0.05786,0.05791,0.05791,0.05787,74057.2,0.057888,4287.0231936,74057.2,4287.0231936,
2023-10-13 04:40:00+00:00,0.05786,0.05788,0.05786,0.05787,28864.2,0.057868,1670.3135256,28864.2,1670.3135256,
2023-10-13 04:45:00+00:00,0.05785,0.05789,0.05787,0.05789,151847.0,0.057875,8788.145125,151847.0,8788.145125,
2023-10-13 04:50:00+00:00,0.05788,0.0579,0.05788,0.05789,93179.2,0.057887,5393.8643504,93179.2,5393.8643504,
2023-10-13 04:55:00+00:00,0.05789,0.0579,0.05789,0.0579,71808.9,0.057895,4157.3762655,71808.9,4157.3762655,
2023-10-13 05:00:00+00:00,0.05791,0.05795,0.05791,0.05795,106858.4,0.05793,6190.307112,106858.4,6190.307112,
2023-10-13 05:05:00+00:00,0.05791,0.05796,0.05796,0.05793,76093.0,0.05794,4408.82842,76093.0,4408.82842,
2023-10-13 05:10:00+00:00,0.05791,0.05795,0.05792,0.05795,164138.4,0.057932,9508.8657888,164138.4,9508.8657888,
2023-10-13 05:15:00+00:00,0.05792,0.05797,0.05795,0.05792,173013.0,0.05794,10024.37322,173013.0,10024.37322,
2023-10-13 05:20:00+00:00,0.05791,0.05793,0.05793,0.05791,70867.8,0.05792,4104.662976,70867.8,4104.662976,
2023-10-13 05:25:00+00:00,0.05789,0.05791,0.0579,0.05789,45017.4,0.057898,2606.4174252,45017.4,2606.4174252,
2023-10-13 05:30:00+00:00,0.05786,0.05789,0.05789,0.05786,84099.8,0.057875,4867.275925,84099.8,4867.275925,
2023-10-13 05:35:00+00:00,0.05784,0.05787,0.05786,0.05785,391637.8,0.057855,22658.204919,391637.8,22658.204919,
2023-10-13 05:40:00+00:00,0.05783,0.05784,0.05784,0.05784,10642.1,0.057838,615.5177798,10642.1,615.5177798,
2023-10-13 05:45:00+00:00,0.05782,0.05785,0.05784,0.05783,113192.7,0.057835,6546.4998045,113192.7,6546.4998045,
2023-10-13 05:50:00+00:00,0.05783,0.05785,0.05783,0.05785,125428.1,0.05784,7254.761304,125428.1,7254.761304,
2023-10-13 05:55:00+00:00,0.05784,0.05788,0.05785,0.05784,231572.4,0.057852,13396.9264848,231572.4,13396.9264848,
2023-10-13 06:00:00+00:00,0.05783,0.05784,0.05783,0.05783,22428.1,0.057832,1297.0618792,22428.1,1297.0618792,
2023-10-13 06:05:00+00:00,0.05781,0.05783,0.05783,0.05781,43153.7,0.05782,2495.146934,43153.7,2495.146934,
2023-10-13 06:10:00+00:00,0.0578,0.05784,0.05781,0.05784,53655.9,0.057822,3102.4914498,53655.9,3102.4914498,
2023-10-13 06:15:00+00:00,0.05783,0.05784,0.05784,0.05784,129608.4,0.057838,7496.2906392,129608.4,7496.2906392,
2023-10-13 06:20:00+00:00,0.05783,0.05784,0.05783,0.05784,22980.7,0.057835,1329.0887845,22980.7,1329.0887845,
2023-10-13 06:25:00+00:00,0.05775,0.05784,0.05784,0.05779,581841.1,0.057805,33633.3247855,581841.1,33633.3247855,
2023-10-13 06:30:00+00:00,0.05778,0.0578,0.05779,0.0578,79749.0,0.057792,4608.854208,79749.0,4608.854208,
2023-10-13 06:35:00+00:00,0.05779,0.05783,0.05779,0.05783,234992.0,0.05781,13584.88752,234992.0,13584.88752,
2023-10-13 06:40:00+00:00,0.05784,0.05786,0.05784,0.05784,66457.7,0.057845,3844.2456565,66457.7,3844.2456565,
2023-10-13 06:45:00+00:00,0.05784,0.05785,0.05784,0.05785,35003.3,0.057845,2024.7658885,35003.3,2024.7658885,
2023-10-13 06:50:00+00:00,0.05781,0.05785,0.05784,0.05782,320532.0,0.05783,18536.36556,320532.0,18536.36556,
2023-10-13 06:55:00+00:00,0.05782,0.05785,0.05782,0.05784,36872.1,0.057832,2132.3872872,36872.1,2132.3872872,
2023-10-13 07:00:00+00:00,0.05783,0.05785,0.05783,0.05784,39339.5,0.057838,2275.318001,39339.5,2275.318001,
2023-10-13 07:05:00+00:00,0.05783,0.05789,0.05783,0.05788,215373.4,0.057857,12460.8588038,215373.4,12460.8588038,
2023-10-13 07:10:00+00:00,0.05788,0.05792,0.05788,0.05791,56490.5,0.057898,3270.686969,56490.5,3270.686969,
2023-10-13 07:15:00+00:00,0.05789,0.05797,0.0579,0.05796,331113.2,0.05793,19181.387676,331113.2,19181.387676,
2023-10-13 07:20:00+00:00,0.05795,0.05798,0.05796,0.05797,63544.1,0.057965,3683.3337565,63544.1,3683.3337565,
2023-10-13 07:25:00+00:00,0.05795,0.05799,0.05796,0.05797,75938.9,0.057968,4402.0261552,75938.9,4402.0261552,
2023-10-13 07:30:00+00:00,0.05797,0.05808,0.05798,0.05806,185502.9,0.058022,10763.2492638,185502.9,10763.2492638,
2023-10-13 07:35:00+00:00,0.05799,0.05805,0.05805,0.058,366258.2,0.058022,21251.0332804,366258.2,21251.0332804,
2023-10-13 07:40:00+00:00,0.05797,0.05802,0.05801,0.05798,53341.5,0.057995,3093.5402925,53341.5,3093.5402925,
2023-10-13 07:45:00+00:00,0.05794,0.058,0.05799,0.05796,49437.0,0.057972,2865.961764,49437.0,2865.961764,
2023-10-13 07:50:00+00:00,0.05794,0.058,0.05799,0.05796,49437.0,0.057972,2865.961764,49437.0,2865.961764,
2023-10-13 07:55:00+00:00,0.05794,0.05796,0.05795,0.05796,20029.3,0.057953,1160.7580229,20029.3,1160.7580229,
2023-10-13 08:00:00+00:00,0.05795,0.05804,0.05795,0.05802,216078.7,0.05799,12530.403813,216078.7,12530.403813,
2023-10-13 08:05:00+00:00,0.058,0.05804,0.05802,0.05801,72599.8,0.058018,4212.0951964,72599.8,4212.0951964,
2023-10-13 08:10:00+00:00,0.05798,0.058,0.058,0.058,114650.9,0.057995,6649.1789455,114650.9,6649.1789455,
2023-10-13 08:15:00+00:00,0.05798,0.05803,0.05801,0.05799,188779.7,0.058002,10949.6001594,188779.7,10949.6001594,
2023-10-13 08:20:00+00:00,0.05797,0.05799,0.05799,0.05797,68404.0,0.05798,3966.06392,68404.0,3966.06392,
2023-10-13 08:25:00+00:00,0.05797,0.058,0.05798,0.05799,15217.1,0.057985,882.3635435,15217.1,882.3635435,
2023-10-13 08:30:00+00:00,0.05794,0.05798,0.05798,0.05795,79804.7,0.057962,4625.6400214,79804.7,4625.6400214,
2023-10-13 08:35:00+00:00,0.05795,0.05796,0.05795,0.05795,66278.9,0.057953,3841.0610917,66278.9,3841.0610917,
2023-10-13 08:40:00+00:00,0.05793,0.05794,0.05794,0.05793,20441.6,0.057935,1184.284096,20441.6,1184.284096,
2023-10-13 08:45:00+00:00,0.05791,0.05794,0.05793,0.05791,18330.6,0.057922,1061.7450132,18330.6,1061.7450132,
2023-10-13 08:50:00+00:00,0.05789,0.05791,0.0579,0.05789,28310.6,0.057898,1639.1271188,28310.6,1639.1271188,
2023-10-13 08:55:00+00:00,0.0579,0.05791,0.0579,0.05791,16744.7,0.057905,969.6018535,16744.7,969.6018535,
2023-10-13 09:00:00+00:00,0.05788,0.05793,0.0579,0.05788,106756.3,0.057898,6180.9762574,106756.3,6180.9762574,
2023-10-13 09:05:00+00:00,0.05788,0.0579,0.05788,0.0579,21240.2,0.05789,1229.595178,21240.2,1229.595178,
2023-10-13 09:10:00+00:00,0.05788,0.05794,0.05789,0.05793,170045.9,0.05791,9847.358069,170045.9,9847.358069,
2023-10-13 09:15:00+00:00,0.05792,0.05794,0.05793,0.05794,5448.6,0.057932,315.6482952,5448.6,315.6482952,
2023-10-13 09:20:00+00:00,0.05793,0.05795,0.05793,0.05795,13983.0,0.05794,810.17502,13983.0,810.17502,
2023-10-13 09:25:00+00:00,0.05792,0.05795,0.05795,0.05792,31616.3,0.057935,1831.6903405,31616.3,1831.6903405,
2023-10-13 09:30:00+00:00,0.05791,0.05793,0.05792,0.05791,23403.7,0.057918,1355.4954966,23403.7,1355.4954966,
2023-10-13 09:35:00+00:00,0.05786,0.05791,0.05789,0.05788,814669.4,0.057885,47157.138219,814669.4,47157.138219,
2023-10-13 09:40:00+00:00,0.05785,0.05788,0.05788,0.05786,34740.2,0.057867,2010.3111534,34740.2,2010.3111534,
2023-10-13 09:45:00+00:00,0.05785,0.05785,0.05785,0.05785,8736.3,0.05785,505.394955,8736.3,505.394955,
2023-10-13 09:50:00+00:00,0.05781,0.05785,0.05785,0.05781,80048.1,0.05783,4629.181623,80048.1,4629.181623,
2023-10-13 09:55:00+00:00,0.05777,0.05782,0.05781,0.05777,182383.6,0.057792,10540.3130112,182383.6,10540.3130112,
2023-10-13 10:00:00+00:00,0.05777,0.05778,0.05778,0.05778,60899.9,0.057777,3518.6135223,60899.9,3518.6135223,
2023-10-13 10:05:00+00:00,0.05778,0.05782,0.05779,0.05782,9861.9,0.057802,570.0375438,9861.9,570.0375438,
2023-10-13 10:10:00+00:00,0.05782,0.05785,0.05782,0.05784,45552.6,0.057832,2634.3979632,45552.6,2634.3979632,
2023-10-13 10:15:00+00:00,0.05783,0.05786,0.05783,0.05783,166478.5,0.057838,9628.783483,166478.5,9628.783483,
2023-10-13 10:20:00+00:00,0.05784,0.05788,0.05784,0.05788,43613.3,0.05786,2523.465538,43613.3,2523.465538,
2023-10-13 10:25:00+00:00,0.05787,0.05788,0.05787,0.05787,34849.7,0.057872,2016.8218384,34849.7,2016.8218384,
2023-10-13 10:30:00+00:00,0.05787,0.05789,0.05787,0.05789,298231.9,0.05788,17261.662372,298231.9,17261.662372,
2023-10-13 10:35:00+00:00,0.05787,0.05789,0.05788,0.05788,77372.5,0.05788,4478.3203,77372.5,4478.3203,
2023-10-13 10:40:00+00:00,0.05784,0.05789,0.05788,0.05784,61153.8,0.057862,3538.4811756,61153.8,3538.4811756,
2023-10-13 10:45:00+00:00,0.05784,0.0579,0.05785,0.05789,168249.8,0.05787,9736.615926,168249.8,9736.615926,
2023-10-13 10:50:00+00:00,0.05787,0.0579,0.0579,0.05787,175918.1,0.057885,10183.0192185,175918.1,10183.0192185,
2023-10-13 10:55:00+00:00,0.05787,0.05788,0.05787,0.05787,31054.6,0.057872,1797.1918112,31054.6,1797.1918112,
2023-10-13 11:00:00+00:00,0.05786,0.05788,0.05787,0.05788,111907.7,0.057872,6476.3224144,111907.7,6476.3224144,
2023-10-13 11:05:00+00:00,0.05788,0.0579,0.05789,0.0579,3879.8,0.057892,224.6093816,3879.8,224.6093816,
2023-10-13 11:10:00+00:00,0.05789,0.05793,0.05789,0.05793,132179.2,0.05791,7654.497472,132179.2,7654.497472,
2023-10-13 11:15:00+00:00,0.05793,0.05794,0.05794,0.05794,90072.7,0.057937,5218.5420199,90072.7,5218.5420199,
2023-10-13 11:20:00+00:00,0.05792,0.05797,0.05793,0.05796,213479.0,0.057945,12370.040655,213479.0,12370.040655,
2023-10-13 11:25:00+00:00,0.05795,0.058,0.05796,0.058,50924.1,0.057978,2952.4774698,50924.1,2952.4774698,
2023-10-13 11:30:00+00:00,0.058,0.05803,0.058,0.05802,57021.6,0.058012,3307.9370592,57021.6,3307.9370592,
2023-10-13 11:35:00+00:00,0.05801,0.05803,0.05802,0.05801,137452.2,0.058018,7974.7017396,137452.2,7974.7017396,
2023-10-13 11:40:00+00:00,0.058,0.05884,0.05802,0.05856,13136503.8,0.058355,766580.679249,13136503.8,766580.679249,
2023-10-13 11:45:00+00:00,0.05836,0.05857,0.05857,0.05837,1057382.7,0.058468,61823.0517036,1057382.7,61823.0517036,
2023-10-13 11:50:00+00:00,0.05837,0.05847,0.05838,0.05842,722980.1,0.05841,42229.267641,722980.1,42229.267641,
2023-10-13 11:55:00+00:00,0.0584,0.05849,0.05843,0.05844,803304.2,0.05844,46945.097448,803304.2,46945.097448,
2023-10-13 12:00:00+00:00,0.05836,0.05845,0.05844,0.05837,559417.1,0.058405,32672.7557255,559417.1,32672.7557255,
2023-10-13 12:05:00+00:00,0.05828,0.05838,0.05838,0.05833,1235331.3,0.058342,72071.6987046,1235331.3,72071.6987046,
2023-10-13 12:10:00+00:00,0.05831,0.05848,0.05832,0.05843,669961.1,0.058385,39115.6788235,669961.1,39115.6788235,
2023-10-13 12:15:00+00:00,0.05842,0.0585,0.05842,0.05848,168040.7,0.058455,9822.8191185,168040.7,9822.8191185,
2023-10-13 12:20:00+00:00,0.05846,0.05861,0.05846,0.05857,204595.6,0.058525,11973.95749,204595.6,11973.95749,
2023-10-13 12:25:00+00:00,0.05856,0.05861,0.05857,0.05857,182006.6,0.058578,10661.5826148,182006.6,10661.5826148,
2023-10-13 12:30:00+00:00,0.05857,0.05866,0.05857,0.05866,250129.6,0.058615,14661.346504,250129.6,14661.346504,
2023-10-13 12:35:00+00:00,0.0586,0.05872,0.05866,0.05864,855570.1,0.058655,50183.4642155,855570.1,50183.4642155,
2023-10-13 12:40:00+00:00,0.05858,0.05866,0.05864,0.05862,306868.1,0.058625,17990.1423625,306868.1,17990.1423625,
2023-10-13 12:45:00+00:00,0.05856,0.05865,0.05863,0.05865,242350.3,0.058622,14207.0592866,242350.3,14207.0592866,
2023-10-13 12:50:00+00:00,0.05865,0.05872,0.05866,0.05869,117864.2,0.05868,6916.271256,117864.2,6916.271256,
2023-10-13 12:55:00+00:00,0.0587,0.05875,0.0587,0.05875,515533.9,0.058725,30274.7282775,515533.9,30274.7282775,
2023-10-13 13:00:00+00:00,0.05864,0.05879,0.05876,0.05865,576172.0,0.05871,33827.05812,576172.0,33827.05812,
2023-10-13 13:05:00+00:00,0.05863,0.05869,0.05864,0.05865,135857.6,0.058652,7968.3199552,135857.6,7968.3199552,
2023-10-13 13:10:00+00:00,0.05865,0.05871,0.05866,0.05866,362711.0,0.05867,21280.25437,362711.0,21280.25437,
2023-10-13 13:15:00+00:00,0.05863,0.0587,0.05865,0.05867,439153.3,0.058663,25762.0500379,439153.3,25762.0500379,
2023-10-13 13:20:00+00:00,0.05866,0.05871,0.05868,0.0587,160450.8,0.058688,9416.5365504,160450.8,9416.5365504,
2023-10-13 13:25:00+00:00,0.05871,0.05872,0.05871,0.05871,550260.6,0.058712,32306.9003472,550260.6,32306.9003472,
2023-10-13 13:30:00+00:00,0.05862,0.05874,0.05871,0.05863,504999.0,0.058675,29630.816325,504999.0,29630.816325,
2023-10-13 13:35:00+00:00,0.05855,0.05862,0.05861,0.05861,221541.5,0.058598,12981.888817,221541.5,12981.888817,
2023-10-13 13:40:00+00:00,0.05858,0.05863,0.05861,0.05858,39616.1,0.0586,2321.50346,39616.1,2321.50346,
2023-10-13 13:45:00+00:00,0.05854,0.05862,0.05856,0.05862,255415.9,0.058585,14963.5405015,255415.9,14963.5405015,
2023-10-13 13:50:00+00:00,0.05856,0.05862,0.05862,0.05857,218178.0,0.058593,12783.703554,218178.0,12783.703554,
2023-10-13 13:55:00+00:00,0.05856,0.0586,0.05858,0.05857,115168.9,0.058578,6746.3638242,115168.9,6746.3638242,
2023-10-13 14:00:00+00:00,0.05853,0.0586,0.05857,0.05858,520500.0,0.05857,30485.685,520500.0,30485.685,
2023-10-13 14:05:00+00:00,0.05854,0.05864,0.05859,0.05863,149845.7,0.0586,8780.95802,149845.7,8780.95802,
2023-10-13 14:10:00+00:00,0.05855,0.05862,0.05862,0.05855,178527.7,0.058585,10459.0453045,178527.7,10459.0453045,
2023-10-13 14:15:00+00:00,0.05848,0.05857,0.05856,0.05848,174967.2,0.058522,10239.4304784,174967.2,10239.4304784,
2023-10-13 14:20:00+00:00,0.05846,0.05851,0.05849,0.05847,159026.5,0.058482,9300.187773,159026.5,9300.187773,
2023-10-13 14:25:00+00:00,0.05845,0.05851,0.05846,0.05848,146234.4,0.058475,8551.05654,146234.4,8551.05654,
2023-10-13 14:30:00+00:00,0.05845,0.05851,0.05846,0.0585,84879.3,0.05848,4963.741464,84879.3,4963.741464,
2023-10-13 14:35:00+00:00,0.05845,0.0585,0.0585,0.05845,51353.0,0.058475,3002.866675,51353.0,3002.866675,
2023-10-13 14:40:00+00:00,0.05842,0.05845,0.05845,0.05842,132066.7,0.058435,7717.3176145,132066.7,7717.3176145,
2023-10-13 14:45:00+00:00,0.05841,0.05844,0.05842,0.05842,54977.4,0.058422,3211.8896628,54977.4,3211.8896628,
2023-10-13 14:50:00+00:00,0.05827,0.05841,0.05841,0.0583,1363900.7,0.058348,79580.8780436,1363900.7,79580.8780436,
2023-10-13 14:55:00+00:00,0.05827,0.05832,0.05831,0.05828,86747.5,0.058295,5056.9455125,86747.5,5056.9455125,
2023-10-13 15:00:00+00:00,0.05823,0.05834,0.05828,0.0583,263238.7,0.058288,15343.6573456,263238.7,15343.6573456,
2023-10-13 15:05:00+00:00,0.05827,0.05834,0.05829,0.05834,74146.1,0.05831,4323.459091,74146.1,4323.459091,
2023-10-13 15:10:00+00:00,0.05832,0.05835,0.05833,0.05832,171438.5,0.05833,10000.007705,171438.5,10000.007705,
2023-10-13 15:15:00+00:00,0.05832,0.05837,0.05832,0.05833,18778.1,0.058335,1095.4204635,18778.1,1095.4204635,
2023-10-13 15:20:00+00:00,0.05813,0.05833,0.05833,0.05814,502697.4,0.058232,29273.0749968,502697.4,29273.0749968,
2023-10-13 15:25:00+00:00,0.05814,0.05822,0.05816,0.05822,50504.8,0.058185,2938.621788,50504.8,2938.621788,
2023-10-13 15:30:00+00:00,0.05819,0.05825,0.05822,0.05819,92155.5,0.058212,5364.555966,92155.5,5364.555966,
2023-10-13 15:35:00+00:00,0.0582,0.05827,0.0582,0.05827,165228.9,0.058235,9622.1049915,165228.9,9622.1049915,
2023-10-13 15:40:00+00:00,0.05824,0.05826,0.05826,0.05825,64873.8,0.058252,3779.0285976,64873.8,3779.0285976,
2023-10-13 15:45:00+00:00,0.05823,0.05827,0.05825,0.05823,91883.9,0.058245,5351.7777555,91883.9,5351.7777555,
2023-10-13 15:50:00+00:00,0.05821,0.05826,0.05823,0.05826,311225.5,0.05824,18125.77312,311225.5,18125.77312,
2023-10-13 15:55:00+00:00,0.05825,0.0583,0.05825,0.05826,55666.2,0.058265,3243.391143,55666.2,3243.391143,
2023-10-13 16:00:00+00:00,0.05827,0.05831,0.05827,0.05828,67510.6,0.058282,3934.6527892,67510.6,3934.6527892,
2023-10-13 16:05:00+00:00,0.0583,0.05836,0.05831,0.05835,139930.5,0.05833,8162.146065,139930.5,8162.146065,
2023-10-13 16:10:00+00:00,0.05833,0.05836,0.05835,0.05836,244887.0,0.05835,14289.15645,244887.0,14289.15645,
2023-10-13 16:15:00+00:00,0.05833,0.0584,0.05836,0.05838,200463.5,0.058368,11700.653568,200463.5,11700.653568,
2023-10-13 16:20:00+00:00,0.05839,0.05843,0.05839,0.05842,59337.7,0.058408,3465.7963816,59337.7,3465.7963816,
2023-10-13 16:25:00+00:00,0.05839,0.05842,0.05841,0.05841,370100.6,0.058407,21616.4657442,370100.6,21616.4657442,
2023-10-13 16:30:00+00:00,0.05838,0.05852,0.05841,0.05852,577246.9,0.058458,33744.6992802,577246.9,33744.6992802,
2023-10-13 16:35:00+00:00,0.0585,0.05853,0.05851,0.05852,75743.3,0.058515,4432.1191995,75743.3,4432.1191995,
2023-10-13 16:40:00+00:00,0.05851,0.05859,0.05853,0.05859,126562.0,0.058555,7410.83791,126562.0,7410.83791,
2023-10-13 16:45:00+00:00,0.05851,0.05859,0.05857,0.05851,219236.4,0.058545,12835.195038,219236.4,12835.195038,
2023-10-13 16:50:00+00:00,0.05849,0.05855,0.05852,0.05853,166390.9,0.058522,9737.5282498,166390.9,9737.5282498,
2023-10-13 16:55:00+00:00,0.05814,0.05855,0.05852,0.05823,4665802.3,0.05836,272296.222228,4665802.3,272296.222228,
2023-10-13 17:00:00+00:00,0.05822,0.05835,0.05823,0.05831,1126132.7,0.058277,65627.6353579,1126132.7,65627.6353579,
2023-10-13 17:05:00+00:00,0.05826,0.05833,0.05831,0.05828,788385.5,0.058295,45958.9327225,788385.5,45958.9327225,
2023-10-13 17:10:00+00:00,0.05822,0.05829,0.05829,0.05824,798305.6,0.05826,46509.284256,798305.6,46509.284256,
2023-10-13 17:15:00+00:00,0.05821,0.05825,0.05822,0.05824,426321.7,0.05823,24824.712591,426321.7,24824.712591,
2023-10-13 17:20:00+00:00,0.05823,0.05828,0.05825,0.05823,386844.2,0.058248,22532.9009616,386844.2,22532.9009616,
2023-10-13 17:25:00+00:00,0.05814,0.05823,0.05823,0.05814,142368.4,0.058185,8283.705354,142368.4,8283.705354,
2023-10-13 17:30:00+00:00,0.05805,0.05815,0.05814,0.05808,550183.4,0.058105,31968.406457,550183.4,31968.406457,
2023-10-13 17:35:00+00:00,0.05809,0.05814,0.05809,0.05814,104798.5,0.058115,6090.3648275,104798.5,6090.3648275,
2023-10-13 17:40:00+00:00,0.05813,0.0582,0.05814,0.0582,300294.6,0.058168,17467.5362928,300294.6,17467.5362928,
2023-10-13 17:45:00+00:00,0.05813,0.05821,0.05818,0.05815,60087.4,0.058168,3495.1638832,60087.4,3495.1638832,
2023-10-13 17:50:00+00:00,0.05814,0.05818,0.05814,0.05816,92183.7,0.058155,5360.9430735,92183.7,5360.9430735,
2023-10-13 17:55:00+00:00,0.05815,0.05818,0.05817,0.05817,58645.3,0.058168,3411.2798104,58645.3,3411.2798104,
2023-10-13 18:00:00+00:00,0.05815,0.05817,0.05816,0.05816,125915.1,0.05816,7323.222216,125915.1,7323.222216,
2023-10-13 18:05:00+00:00,0.05813,0.05819,0.05817,0.05814,173681.7,0.058157,10100.8066269,173681.7,10100.8066269,
2023-10-13 18:10:00+00:00,0.05812,0.05816,0.05814,0.05815,139235.5,0.058142,8095.430441,139235.5,8095.430441,
2023-10-13 18:15:00+00:00,0.05811,0.05815,0.05814,0.05815,184718.0,0.058138,10739.135084,184718.0,10739.135084,
2023-10-13 18:20:00+00:00,0.05813,0.05816,0.05815,0.05813,79669.5,0.058142,4632.144069,79669.5,4632.144069,
2023-10-13 18:25:00+00:00,0.05812,0.05815,0.05813,0.05815,78267.1,0.058138,4550.2926598,78267.1,4550.2926598,
2023-10-13 18:30:00+00:00,0.05814,0.05816,0.05814,0.05816,64852.8,0.05815,3771.19032,64852.8,3771.19032,
2023-10-13 18:35:00+00:00,0.05805,0.05815,0.05815,0.05805,98411.6,0.0581,5717.71396,98411.6,5717.71396,
2023-10-13 18:40:00+00:00,0.05805,0.05808,0.05806,0.05806,20347.4,0.058062,1181.4107388,20347.4,1181.4107388,
2023-10-13 18:45:00+00:00,0.05805,0.05809,0.05806,0.05807,96618.8,0.058067,5610.3638596,96618.8,5610.3638596,
2023-10-13 18:50:00+00:00,0.05808,0.05812,0.05808,0.05808,138644.0,0.05809,8053.82996,138644.0,8053.82996,
2023-10-13 18:55:00+00:00,0.05808,0.05811,0.05809,0.0581,23617.8,0.058095,1372.076091,23617.8,1372.076091,
2023-10-13 19:00:00+00:00,0.05808,0.05813,0.05809,0.05811,95379.9,0.058102,5541.7629498,95379.9,5541.7629498,
2023-10-13 19:05:00+00:00,0.05801,0.05812,0.05811,0.05805,1512119.7,0.058072,87811.8152184,1512119.7,87811.8152184,
2023-10-13 19:10:00+00:00,0.05805,0.05813,0.05805,0.0581,509890.5,0.058082,29615.460021,509890.5,29615.460021,
2023-10-13 19:15:00+00:00,0.05808,0.05813,0.0581,0.05812,105477.6,0.058108,6129.0923808,105477.6,6129.0923808,
2023-10-13 19:20:00+00:00,0.05812,0.05816,0.05812,0.05815,143628.7,0.058138,8350.2853606,143628.7,8350.2853606,
2023-10-13 19:25:00+00:00,0.05813,0.05816,0.05815,0.05815,73723.7,0.058148,4286.8857076,73723.7,4286.8857076,
2023-10-13 19:30:00+00:00,0.05811,0.05817,0.05815,0.05811,51737.2,0.058135,3007.742122,51737.2,3007.742122,
2023-10-13 19:35:00+00:00,0.0581,0.05812,0.05811,0.05812,142727.0,0.058112,8294.151424,142727.0,8294.151424,
2023-10-13 19:40:00+00:00,0.05804,0.05811,0.05811,0.05806,36500.6,0.05808,2119.954848,36500.6,2119.954848,
2023-10-13 19:45:00+00:00,0.05805,0.05809,0.05806,0.05809,182732.8,0.058072,10611.6591616,182732.8,10611.6591616,
2023-10-13 19:50:00+00:00,0.05807,0.05811,0.0581,0.05807,134279.2,0.058088,7800.0101696,134279.2,7800.0101696,
2023-10-13 19:55:00+00:00,0.05808,0.05811,0.05808,0.05811,48161.1,0.058095,2797.9191045,48161.1,2797.9191045,
2023-10-13 20:00:00+00:00,0.05811,0.05815,0.05811,0.05814,171639.0,0.058128,9977.031792,171639.0,9977.031792,
2023-10-13 20:05:00+00:00,0.05812,0.05816,0.05815,0.05816,259736.4,0.058148,15103.1521872,259736.4,15103.1521872,
2023-10-13 20:10:00+00:00,0.05814,0.05816,0.05816,0.05815,39867.2,0.058152,2318.3574144,39867.2,2318.3574144,
2023-10-13 20:15:00+00:00,0.05812,0.05817,0.05815,0.05814,92807.9,0.058145,5396.3153455,92807.9,5396.3153455,
2023-10-13 20:20:00+00:00,0.05813,0.05816,0.05814,0.05816,47619.5,0.058148,2768.978686,47619.5,2768.978686,
2023-10-13 20:25:00+00:00,0.05814,0.05816,0.05816,0.05815,67104.8,0.058152,3902.2783296,67104.8,3902.2783296,
2023-10-13 20:30:00+00:00,0.05812,0.05816,0.05815,0.05815,52065.5,0.058145,3027.3484975,52065.5,3027.3484975,
2023-10-13 20:35:00+00:00,0.05813,0.05818,0.05815,0.05817,177323.1,0.058158,10312.7568498,177323.1,10312.7568498,
2023-10-13 20:40:00+00:00,0.05813,0.05817,0.05817,0.05815,293490.0,0.058155,17067.91095,293490.0,17067.91095,
2023-10-13 20:45:00+00:00,0.05811,0.05815,0.05815,0.05812,76832.4,0.058132,4466.4210768,76832.4,4466.4210768,
2023-10-13 20:50:00+00:00,0.0581,0.05863,0.05811,0.05842,4472774.4,0.058315,260829.839136,4472774.4,260829.839136,
2023-10-13 20:55:00+00:00,0.0584,0.05856,0.05843,0.05852,978927.8,0.058478,57245.7398884,978927.8,57245.7398884,
2023-10-13 21:00:00+00:00,0.05854,0.05887,0.05854,0.05871,2141352.0,0.058665,125622.41508,2141352.0,125622.41508,
2023-10-13 21:05:00+00:00,0.05856,0.05875,0.05871,0.05857,473765.7,0.058648,27785.4107736,473765.7,27785.4107736,
2023-10-13 21:10:00+00:00,0.05839,0.05857,0.05856,0.0584,358940.9,0.05848,20990.863832,358940.9,20990.863832,
2023-10-13 21:15:00+00:00,0.05833,0.05851,0.05839,0.05851,332102.4,0.058435,19406.403744,332102.4,19406.403744,
2023-10-13 21:20:00+00:00,0.05846,0.05857,0.05851,0.05854,223987.1,0.05852,13107.725092,223987.1,13107.725092,
2023-10-13 21:25:00+00:00,0.05854,0.05861,0.05854,0.05857,68227.8,0.058565,3995.761107,68227.8,3995.761107,
2023-10-13 21:30:00+00:00,0.05852,0.0586,0.05857,0.05855,157618.4,0.05856,9230.133504,157618.4,9230.133504,
2023-10-13 21:35:00+00:00,0.05855,0.05863,0.05855,0.05862,986804.8,0.058588,57814.9196224,986804.8,57814.9196224,
2023-10-13 21:40:00+00:00,0.05855,0.05864,0.05862,0.05856,258884.0,0.058592,15168.531328,258884.0,15168.531328,
2023-10-13 21:45:00+00:00,0.05852,0.05856,0.05856,0.05855,97209.6,0.058548,5691.4276608,97209.6,5691.4276608,
2023-10-13 21:50:00+00:00,0.05851,0.05858,0.05856,0.05852,172330.7,0.058542,10088.5838394,172330.7,10088.5838394,
2023-10-13 21:55:00+00:00,0.05849,0.05853,0.05852,0.05849,291725.9,0.058508,17068.2989572,291725.9,17068.2989572,
2023-10-13 22:00:00+00:00,0.05847,0.05852,0.05849,0.05851,81842.9,0.058498,4787.6459642,81842.9,4787.6459642,
2023-10-13 22:05:00+00:00,0.05851,0.0586,0.05851,0.05859,249234.0,0.058552,14593.149168,249234.0,14593.149168,
2023-10-13 22:10:00+00:00,0.05855,0.05859,0.05859,0.05856,103282.3,0.058572,6049.4508756,103282.3,6049.4508756,
2023-10-13 22:15:00+00:00,0.05855,0.05858,0.05856,0.05858,121662.7,0.058567,7125.4193509,121662.7,7125.4193509,
2023-10-13 22:20:00+00:00,0.0585,0.05857,0.05857,0.0585,51517.0,0.058535,3015.547595,51517.0,3015.547595,
2023-10-13 22:25:00+00:00,0.05844,0.05849,0.05849,0.05847,217557.9,0.058472,12721.0455288,217557.9,12721.0455288,
2023-10-13 22:30:00+00:00,0.05837,0.05846,0.05845,0.05842,345909.0,0.058425,20209.733325,345909.0,20209.733325,
2023-10-13 22:35:00+00:00,0.0584,0.05846,0.05843,0.05842,277550.5,0.058428,16216.720614,277550.5,16216.720614,
2023-10-13 22:40:00+00:00,0.05833,0.05845,0.05843,0.05837,246595.0,0.058395,14399.915025,246595.0,14399.915025,
2023-10-13 22:45:00+00:00,0.05831,0.0584,0.05837,0.05833,57928.9,0.058352,3380.2671728,57928.9,3380.2671728,
2023-10-13 22:50:00+00:00,0.05826,0.05833,0.05831,0.05827,199269.3,0.058292,11615.8060356,199269.3,11615.8060356,
2023-10-13 22:55:00+00:00,0.0582,0.05834,0.05823,0.05834,508503.1,0.058278,29634.5436618,508503.1,29634.5436618,
2023-10-13 23:00:00+00:00,0.05829,0.05834,0.05834,0.05834,94887.3,0.058328,5534.5864344,94887.3,5534.5864344,
2023-10-13 23:05:00+00:00,0.05826,0.05836,0.05836,0.05827,104637.1,0.058312,6101.5985752,104637.1,6101.5985752,
2023-10-13 23:10:00+00:00,0.05825,0.05828,0.05827,0.05825,202392.4,0.058262,11791.7860088,202392.4,11791.7860088,
2023-10-13 23:15:00+00:00,0.05824,0.05833,0.05825,0.05829,170570.1,0.058278,9940.4842878,170570.1,9940.4842878,
2023-10-13 23:20:00+00:00,0.05829,0.05834,0.05829,0.05834,56498.5,0.058315,3294.7100275,56498.5,3294.7100275,
2023-10-13 23:25:00+00:00,0.05828,0.05834,0.05833,0.0583,188624.4,0.058312,10999.0660128,188624.4,10999.0660128,
2023-10-13 23:30:00+00:00,0.05829,0.05831,0.05831,0.0583,8418.4,0.058302,490.8095568,8418.4,490.8095568,
2023-10-13 23:35:00+00:00,0.05828,0.05834,0.05831,0.05832,972147.4,0.058312,56687.8591888,972147.4,56687.8591888,
2023-10-13 23:40:00+00:00,0.0583,0.05835,0.05831,0.05835,37000.6,0.058328,2158.1709968,37000.6,2158.1709968,
2023-10-13 23:45:00+00:00,0.05835,0.05837,0.05835,0.05835,156069.9,0.058355,9107.4590145,156069.9,9107.4590145,
2023-10-13 23:50:00+00:00,0.05833,0.05836,0.05835,0.05835,59521.3,0.058348,3472.9488124,59521.3,3472.9488124,
2023-10-13 23:55:00+00:00,0.05834,0.05839,0.05835,0.05839,14723.7,0.058368,859.3929216,14723.7,859.3929216,
2023-10-14 00:00:00+00:00,0.05835,0.05841,0.05839,0.0584,67915.5,0.058387,3965.3822985,67915.5,3965.3822985,
2023-10-14 00:05:00+00:00,0.05839,0.05843,0.0584,0.05842,199472.5,0.05841,11651.188725,199472.5,11651.188725,
2023-10-14 00:10:00+00:00,0.05841,0.05846,0.05841,0.05845,519252.6,0.058432,30340.9679232,519252.6,30340.9679232,
2023-10-14 00:15:00+00:00,0.0584,0.05845,0.05845,0.05843,123872.3,0.058433,7238.2301059,123872.3,7238.2301059,
2023-10-14 00:20:00+00:00,0.05841,0.05847,0.05843,0.05846,92245.5,0.058442,5391.011511,92245.5,5391.011511,
2023-10-14 00:25:00+00:00,0.05844,0.05848,0.05846,0.05847,90623.2,0.058462,5298.0135184,90623.2,5298.0135184,
2023-10-14 00:30:00+00:00,0.05843,0.05867,0.05846,0.05859,703764.5,0.058538,41196.966301,703764.5,41196.966301,
2023-10-14 00:35:00+00:00,0.05858,0.05861,0.05861,0.0586,136963.2,0.0586,8026.04352,136963.2,8026.04352,
2023-10-14 00:40:00+00:00,0.0586,0.05863,0.05862,0.0586,128995.5,0.058612,7560.684246,128995.5,7560.684246,
2023-10-14 00:45:00+00:00,0.05859,0.05861,0.05861,0.05859,35419.4,0.0586,2075.57684,35419.4,2075.57684,
2023-10-14 00:50:00+00:00,0.0586,0.05861,0.0586,0.05861,26941.5,0.058605,1578.9066075,26941.5,1578.9066075,
2023-10-14 00:55:00+00:00,0.05861,0.05864,0.05861,0.05863,25067.1,0.058622,1469.4835362,25067.1,1469.4835362,
2023-10-14 01:00:00+00:00,0.05861,0.05865,0.05864,0.05861,84169.9,0.058628,4934.7128972,84169.9,4934.7128972,
2023-10-14 01:05:00+00:00,0.05853,0.05862,0.05862,0.05853,176164.0,0.058575,10318.8063,176164.0,10318.8063,
2023-10-14 01:10:00+00:00,0.05852,0.05855,0.05853,0.05853,42092.2,0.058532,2463.7406504,42092.2,2463.7406504,
2023-10-14 01:15:00+00:00,0.05853,0.05857,0.05854,0.05857,98894.0,0.058552,5790.441488,98894.0,5790.441488,
2023-10-14 01:20:00+00:00,0.05857,0.05862,0.05857,0.05859,101212.7,0.058587,5929.7484549,101212.7,5929.7484549,
2023-10-14 01:25:00+00:00,0.05856,0.05858,0.05857,0.05857,33865.3,0.05857,1983.490621,33865.3,1983.490621,
2023-10-14 01:30:00+00:00,0.05856,0.05859,0.05857,0.05858,27468.4,0.058575,1608.96153,27468.4,1608.96153,
2023-10-14 01:35:00+00:00,0.05857,0.05861,0.05858,0.05861,31256.0,0.058592,1831.351552,31256.0,1831.351552,
2023-10-14 01:40:00+00:00,0.05864,0.05868,0.05864,0.05866,88381.9,0.058655,5184.0403445,88381.9,5184.0403445,
2023-10-14 01:45:00+00:00,0.05866,0.0587,0.05866,0.0587,120032.7,0.05868,7043.518836,120032.7,7043.518836,
2023-10-14 01:50:00+00:00,0.0587,0.05875,0.05871,0.05872,365081.9,0.05872,21437.609168,365081.9,21437.609168,
2023-10-14 01:55:00+00:00,0.0587,0.05876,0.05872,0.05872,264128.0,0.058725,15510.9168,264128.0,15510.9168,
2023-10-14 02:00:00+00:00,0.05871,0.05875,0.05871,0.05872,35847.7,0.058722,2105.0486394,35847.7,2105.0486394,
2023-10-14 02:05:00+00:00,0.05866,0.05872,0.05872,0.05866,16959.6,0.05869,995.358924,16959.6,995.358924,
2023-10-14 02:10:00+00:00,0.05861,0.05867,0.05866,0.05866,148628.1,0.05865,8717.038065,148628.1,8717.038065,
2023-10-14 02:15:00+00:00,0.05863,0.05867,0.05867,0.05865,167005.4,0.058655,9795.701737,167005.4,9795.701737,
2023-10-14 02:20:00+00:00,0.05863,0.05869,0.05865,0.05869,21852.2,0.058665,1281.959313,21852.2,1281.959313,
2023-10-14 02:25:00+00:00,0.05866,0.05869,0.05868,0.05866,39799.4,0.058672,2335.1103968,39799.4,2335.1103968,
2023-10-14 02:30:00+00:00,0.05866,0.05868,0.05867,0.05868,38082.4,0.058672,2234.3705728,38082.4,2234.3705728,
2023-10-14 02:35:00+00:00,0.05869,0.05871,0.05869,0.05869,46463.5,0.058695,2727.1751325,46463.5,2727.1751325,
2023-10-14 02:40:00+00:00,0.05861,0.0587,0.05869,0.05863,174042.7,0.058658,10208.9966966,174042.7,10208.9966966,
2023-10-14 02:45:00+00:00,0.05861,0.05864,0.05863,0.05861,113478.3,0.058622,6652.3249026,113478.3,6652.3249026,
2023-10-14 02:50:00+00:00,0.05863,0.05865,0.05863,0.05865,39025.1,0.05864,2288.431864,39025.1,2288.431864,
2023-10-14 02:55:00+00:00,0.05861,0.05865,0.05865,0.05861,37099.3,0.05863,2175.131959,37099.3,2175.131959,
2023-10-14 03:00:00+00:00,0.05861,0.05863,0.05861,0.05862,58716.9,0.058618,3441.8672442,58716.9,3441.8672442,
2023-10-14 03:05:00+00:00,0.05862,0.05863,0.05862,0.05863,28159.4,0.058625,1650.844825,28159.4,1650.844825,
2023-10-14 03:10:00+00:00,0.05861,0.05863,0.05863,0.05861,694690.3,0.05862,40722.745386,694690.3,40722.745386,
2023-10-14 03:15:00+00:00,0.0586,0.05862,0.05861,0.05862,95493.8,0.058612,5597.0826056,95493.8,5597.0826056,
2023-10-14 03:20:00+00:00,0.05858,0.05861,0.05861,0.0586,306625.1,0.0586,17968.23086,306625.1,17968.23086,
2023-10-14 03:25:00+00:00,0.05859,0.0586,0.0586,0.05859,22794.2,0.058595,1335.626149,22794.2,1335.626149,
2023-10-14 03:30:00+00:00,0.05857,0.0586,0.05858,0.05857,88171.4,0.05858,5165.080612,88171.4,5165.080612,
2023-10-14 03:35:00+00:00,0.05857,0.05863,0.05857,0.05862,98053.7,0.058598,5745.7507126,98053.7,5745.7507126,
2023-10-14 03:40:00+00:00,0.05862,0.05863,0.05862,0.05862,15755.6,0.058622,923.6247832,15755.6,923.6247832,
2023-10-14 03:45:00+00:00,0.05861,0.05862,0.05861,0.05861,16919.3,0.058612,991.6740116,16919.3,991.6740116,
2023-10-14 03:50:00+00:00,0.0586,0.05862,0.05861,0.05861,90204.6,0.05861,5286.891606,90204.6,5286.891606,
2023-10-14 03:55:00+00:00,0.05861,0.05863,0.05861,0.05863,57212.4,0.05862,3353.790888,57212.4,3353.790888,
2023-10-14 04:00:00+00:00,0.05863,0.05867,0.05863,0.05866,72261.1,0.058648,4237.9689928,72261.1,4237.9689928,
2023-10-14 04:05:00+00:00,0.05865,0.05867,0.05866,0.05866,13591.1,0.05866,797.253926,13591.1,797.253926,
2023-10-14 04:10:00+00:00,0.05866,0.05867,0.05866,0.05866,63487.9,0.058662,3724.3271898,63487.9,3724.3271898,
2023-10-14 04:15:00+00:00,0.05867,0.05872,0.05867,0.0587,395712.9,0.05869,23224.390101,395712.9,23224.390101,
2023-10-14 04:20:00+00:00,0.05869,0.0587,0.0587,0.0587,60071.6,0.058698,3526.0827768,60071.6,3526.0827768,
2023-10-14 04:25:00+00:00,0.05869,0.05871,0.0587,0.05871,154756.4,0.058703,9084.6649492,154756.4,9084.6649492,
2023-10-14 04:30:00+00:00,0.05869,0.05871,0.0587,0.0587,90204.2,0.0587,5294.98654,90204.2,5294.98654,
2023-10-14 04:35:00+00:00,0.05868,0.05869,0.05869,0.05869,19606.2,0.058688,1150.6486656,19606.2,1150.6486656,
2023-10-14 04:40:00+00:00,0.05864,0.05869,0.05868,0.05866,54517.9,0.058668,3198.4561572,54517.9,3198.4561572,
2023-10-14 04:45:00+00:00,0.05857,0.05865,0.05864,0.05861,229699.2,0.058618,13464.5077056,229699.2,13464.5077056,
2023-10-14 04:50:00+00:00,0.0586,0.05861,0.05861,0.05861,65592.0,0.058608,3844.215936,65592.0,3844.215936,
2023-10-14 04:55:00+00:00,0.05857,0.0586,0.0586,0.05857,180163.8,0.058585,10554.896223,180163.8,10554.896223,
2023-10-14 05:00:00+00:00,0.05855,0.05857,0.05857,0.05856,83919.3,0.058562,4914.4820466,83919.3,4914.4820466,
2023-10-14 05:05:00+00:00,0.05855,0.05858,0.05855,0.05857,237750.2,0.058562,13923.1272124,237750.2,13923.1272124,
2023-10-14 05:10:00+00:00,0.05856,0.05859,0.05857,0.05858,34094.3,0.058575,1997.0736225,34094.3,1997.0736225,
2023-10-14 05:15:00+00:00,0.05857,0.05861,0.05858,0.05858,623691.7,0.058585,36538.9782445,623691.7,36538.9782445,
2023-10-14 05:20:00+00:00,0.05857,0.05858,0.05858,0.05858,21663.7,0.058578,1269.0162186,21663.7,1269.0162186,
2023-10-14 05:25:00+00:00,0.05855,0.05858,0.05857,0.05857,238283.3,0.058567,13955.5380311,238283.3,13955.5380311,
2023-10-14 05:30:00+00:00,0.05856,0.05858,0.05857,0.05857,31305.2,0.05857,1833.545564,31305.2,1833.545564,
2023-10-14 05:35:00+00:00,0.05853,0.05858,0.05857,0.05853,21533.0,0.058552,1260.800216,21533.0,1260.800216,
2023-10-14 05:40:00+00:00,0.05853,0.05857,0.05853,0.05854,210241.6,0.058543,12308.1739888,210241.6,12308.1739888,
2023-10-14 05:45:00+00:00,0.05853,0.05855,0.05853,0.05854,149130.3,0.058538,8729.7895014,149130.3,8729.7895014,
2023-10-14 05:50:00+00:00,0.05847,0.05854,0.05854,0.05849,217922.9,0.05851,12750.668879,217922.9,12750.668879,
2023-10-14 05:55:00+00:00,0.05848,0.05851,0.05848,0.0585,90026.2,0.058492,5265.8124904,90026.2,5265.8124904,
2023-10-14 06:00:00+00:00,0.05848,0.05851,0.05849,0.05851,54725.8,0.058498,3201.3498484,54725.8,3201.3498484,
2023-10-14 06:05:00+00:00,0.05847,0.05852,0.05852,0.05848,12545.7,0.058498,733.8983586,12545.7,733.8983586,
2023-10-14 06:10:00+00:00,0.05846,0.05849,0.05848,0.05846,32021.6,0.058472,1872.3669952,32021.6,1872.3669952,
2023-10-14 06:15:00+00:00,0.05843,0.05848,0.05846,0.05843,111045.0,0.05845,6490.58025,111045.0,6490.58025,
2023-10-14 06:20:00+00:00,0.05842,0.05845,0.05843,0.05843,103870.8,0.058433,6069.4824564,103870.8,6069.4824564,
2023-10-14 06:25:00+00:00,0.05836,0.05845,0.05844,0.05837,163102.7,0.058405,9526.0131935,163102.7,9526.0131935,
2023-10-14 06:30:00+00:00,0.05837,0.05843,0.05837,0.05839,252299.2,0.05839,14731.750288,252299.2,14731.750288,
2023-10-14 06:35:00+00:00,0.05835,0.05839,0.05839,0.05835,73675.9,0.05837,4300.462283,73675.9,4300.462283,
2023-10-14 06:40:00+00:00,0.05835,0.05836,0.05836,0.05835,4855.1,0.058355,283.3193605,4855.1,283.3193605,
2023-10-14 06:45:00+00:00,0.05834,0.05837,0.05834,0.05837,15899.5,0.058355,927.8153225,15899.5,927.8153225,
2023-10-14 06:50:00+00:00,0.05836,0.05837,0.05837,0.05836,36872.0,0.058365,2152.03428,36872.0,2152.03428,
2023-10-14 06:55:00+00:00,0.05835,0.05837,0.05836,0.05837,6423.8,0.058363,374.9122394,6423.8,374.9122394,
2023-10-14 07:00:00+00:00,0.05836,0.05837,0.05837,0.05837,26582.8,0.058368,1551.5848704,26582.8,1551.5848704,
2023-10-14 07:05:00+00:00,0.05837,0.05839,0.05839,0.05839,8495.0,0.058385,495.980575,8495.0,495.980575,
2023-10-14 07:10:00+00:00,0.05839,0.05842,0.05839,0.05841,139038.2,0.058402,8120.1089564,139038.2,8120.1089564,
2023-10-14 07:15:00+00:00,0.0584,0.05844,0.0584,0.05843,178772.0,0.058418,10443.502696,178772.0,10443.502696,
2023-10-14 07:20:00+00:00,0.05842,0.05843,0.05843,0.05843,5598.7,0.058428,327.1208436,5598.7,327.1208436,
2023-10-14 07:25:00+00:00,0.05842,0.05843,0.05843,0.05842,32438.5,0.058425,1895.2193625,32438.5,1895.2193625,
2023-10-14 07:30:00+00:00,0.05842,0.05843,0.05843,0.05843,8832.7,0.058428,516.0769956,8832.7,516.0769956,
2023-10-14 07:35:00+00:00,0.05841,0.05843,0.05843,0.05843,12321.4,0.058425,719.877795,12321.4,719.877795,
2023-10-14 07:40:00+00:00,0.05841,0.05843,0.05842,0.05842,16563.0,0.05842,967.61046,16563.0,967.61046,
2023-10-14 07:45:00+00:00,0.05842,0.05844,0.05842,0.05842,59250.8,0.058425,3461.72799,59250.8,3461.72799,
2023-10-14 07:50:00+00:00,0.05843,0.05845,0.05843,0.05843,243879.0,0.058435,14251.069365,243879.0,14251.069365,
2023-10-14 07:55:00+00:00,0.05842,0.05846,0.05844,0.05846,114575.4,0.058445,6696.359253,114575.4,6696.359253,
2023-10-14 08:00:00+00:00,0.05845,0.05847,0.05847,0.05845,22027.9,0.05846,1287.751034,22027.9,1287.751034,
2023-10-14 08:05:00+00:00,0.05844,0.05847,0.05845,0.05844,101793.1,0.05845,5949.806695,101793.1,5949.806695,
2023-10-14 08:10:00+00:00,0.05841,0.05844,0.05843,0.05844,4924.4,0.05843,287.732692,4924.4,287.732692,
2023-10-14 08:15:00+00:00,0.05844,0.05848,0.05844,0.05848,40529.5,0.05846,2369.35457,40529.5,2369.35457,
2023-10-14 08:20:00+00:00,0.05848,0.05849,0.05849,0.05848,135048.5,0.058485,7898.3115225,135048.5,7898.3115225,
2023-10-14 08:25:00+00:00,0.05847,0.05849,0.05848,0.05848,57951.1,0.05848,3388.980328,57951.1,3388.980328,
2023-10-14 08:30:00+00:00,0.05849,0.05851,0.05849,0.05851,145619.4,0.0585,8518.7349,145619.4,8518.7349,
2023-10-14 08:35:00+00:00,0.05848,0.05851,0.05851,0.05849,63100.1,0.058497,3691.1665497,63100.1,3691.1665497,
2023-10-14 08:40:00+00:00,0.05845,0.05848,0.05848,0.05845,111814.0,0.058465,6537.20551,111814.0,6537.20551,
2023-10-14 08:45:00+00:00,0.05843,0.05845,0.05845,0.05844,12190.5,0.058442,712.437201,12190.5,712.437201,
2023-10-14 08:50:00+00:00,0.05844,0.05845,0.05844,0.05845,4936.7,0.058445,288.5254315,4936.7,288.5254315,
2023-10-14 08:55:00+00:00,0.05844,0.05848,0.05844,0.05848,33764.0,0.05846,1973.84344,33764.0,1973.84344,
2023-10-14 09:00:00+00:00,0.05848,0.0585,0.05848,0.05849,67962.5,0.058488,3974.9907,67962.5,3974.9907,
2023-10-14 09:05:00+00:00,0.0585,0.05851,0.05851,0.05851,51638.3,0.058508,3021.2536564,51638.3,3021.2536564,
2023-10-14 09:10:00+00:00,0.05851,0.05853,0.05851,0.05853,6547.7,0.05852,383.171404,6547.7,383.171404,
2023-10-14 09:15:00+00:00,0.05851,0.05853,0.05851,0.05853,6547.7,0.05852,383.171404,6547.7,383.171404,
2023-10-14 09:20:00+00:00,0.05848,0.05852,0.05852,0.05849,108284.2,0.058502,6334.8422684,108284.2,6334.8422684,
2023-10-14 09:25:00+00:00,0.05848,0.0585,0.0585,0.05848,6099.9,0.05849,356.783151,6099.9,356.783151,
2023-10-14 09:30:00+00:00,0.05848,0.05849,0.05849,0.05849,5695.9,0.058488,333.1417992,5695.9,333.1417992,
2023-10-14 09:35:00+00:00,0.05848,0.05852,0.05849,0.05852,52728.8,0.058502,3084.7402576,52728.8,3084.7402576,
2023-10-14 09:40:00+00:00,0.05852,0.05853,0.05853,0.05852,83799.4,0.058525,4904.359885,83799.4,4904.359885,
2023-10-14 09:45:00+00:00,0.0585,0.05853,0.05852,0.0585,131444.7,0.058512,7691.0922864,131444.7,7691.0922864,
2023-10-14 09:50:00+00:00,0.0585,0.05853,0.05851,0.05852,16326.5,0.058515,955.3451475,16326.5,955.3451475,
2023-10-14 09:55:00+00:00,0.05851,0.05853,0.05853,0.05852,61773.0,0.058523,3615.141279,61773.0,3615.141279,
2023-10-14 10:00:00+00:00,0.05851,0.05853,0.05852,0.05852,52538.7,0.05852,3074.564724,52538.7,3074.564724,
2023-10-14 10:05:00+00:00,0.05852,0.05853,0.05852,0.05853,16609.0,0.058525,972.041725,16609.0,972.041725,
2023-10-14 10:10:00+00:00,0.05853,0.05856,0.05853,0.05855,59010.5,0.058542,3454.592691,59010.5,3454.592691,
2023-10-14 10:15:00+00:00,0.05857,0.0586,0.05857,0.0586,80790.6,0.058585,4733.117301,80790.6,4733.117301,
2023-10-14 10:20:00+00:00,0.05857,0.0586,0.05858,0.05857,288707.7,0.05858,16912.497066,288707.7,16912.497066,
2023-10-14 10:25:00+00:00,0.05857,0.05858,0.05857,0.05858,115967.7,0.058575,6792.8080275,115967.7,6792.8080275,
2023-10-14 10:30:00+00:00,0.05858,0.05861,0.05858,0.05861,28118.9,0.058595,1647.6269455,28118.9,1647.6269455,
2023-10-14 10:35:00+00:00,0.0586,0.05865,0.05861,0.05864,17576.7,0.058625,1030.4340375,17576.7,1030.4340375,
2023-10-14 10:40:00+00:00,0.05864,0.05873,0.05864,0.0587,319479.9,0.058678,18746.4415722,319479.9,18746.4415722,
2023-10-14 10:45:00+00:00,0.05867,0.05871,0.0587,0.05869,176852.3,0.058692,10379.8151916,176852.3,10379.8151916,
2023-10-14 10:50:00+00:00,0.05869,0.05871,0.05869,0.0587,10925.1,0.058698,641.2815198,10925.1,641.2815198,
2023-10-14 10:55:00+00:00,0.0587,0.05875,0.0587,0.05872,201469.1,0.058718,11829.8626138,201469.1,11829.8626138,
2023-10-14 11:00:00+00:00,0.05867,0.05872,0.05872,0.05867,208000.5,0.058695,12208.5893475,208000.5,12208.5893475,
2023-10-14 11:05:00+00:00,0.05867,0.05868,0.05867,0.05868,21972.3,0.058675,1289.2247025,21972.3,1289.2247025,
2023-10-14 11:10:00+00:00,0.05864,0.05868,0.05868,0.05864,41717.8,0.05866,2447.166148,41717.8,2447.166148,
2023-10-14 11:15:00+00:00,0.05864,0.05867,0.05864,0.05866,108375.5,0.058652,6356.439826,108375.5,6356.439826,
2023-10-14 11:20:00+00:00,0.05865,0.05866,0.05866,0.05865,27617.9,0.058655,1619.9279245,27617.9,1619.9279245,
2023-10-14 11:25:00+00:00,0.05862,0.05866,0.05864,0.05866,71826.0,0.058645,4212.23577,71826.0,4212.23577,
2023-10-14 11:30:00+00:00,0.05866,0.05867,0.05866,0.05866,3120.1,0.058662,183.0313062,3120.1,183.0313062,
2023-10-14 11:35:00+00:00,0.05866,0.05867,0.05866,0.05866,7297.6,0.058662,428.0918112,7297.6,428.0918112,
2023-10-14 11:40:00+00:00,0.05866,0.05868,0.05866,0.05868,64324.6,0.05867,3773.924282,64324.6,3773.924282,
2023-10-14 11:45:00+00:00,0.05869,0.05878,0.05869,0.05878,678385.0,0.058735,39844.942975,678385.0,39844.942975,
2023-10-14 11:50:00+00:00,0.05878,0.05884,0.05878,0.0588,666896.9,0.0588,39213.53772,666896.9,39213.53772,
2023-10-14 11:55:00+00:00,0.05879,0.05887,0.0588,0.05884,258605.4,0.058825,15212.462655,258605.4,15212.462655,
2023-10-14 12:00:00+00:00,0.05884,0.05889,0.05884,0.05888,187056.3,0.058862,11010.5079306,187056.3,11010.5079306,
2023-10-14 12:05:00+00:00,0.05879,0.05889,0.05888,0.0588,220940.9,0.05884,13000.162556,220940.9,13000.162556,
2023-10-14 12:10:00+00:00,0.05878,0.05885,0.05881,0.05883,347340.0,0.058817,20429.49678,347340.0,20429.49678,
2023-10-14 12:15:00+00:00,0.05884,0.0589,0.05884,0.0589,137443.3,0.05887,8091.287071,137443.3,8091.287071,
2023-10-14 12:20:00+00:00,0.05889,0.05909,0.05892,0.05909,619414.9,0.058998,36544.2402702,619414.9,36544.2402702,
2023-10-14 12:25:00+00:00,0.0591,0.05963,0.0591,0.0596,2132711.1,0.059357,126591.3327627,2132711.1,126591.3327627,
2023-10-14 12:30:00+00:00,0.05949,0.05967,0.05961,0.05949,677392.8,0.059565,40348.902132,677392.8,40348.902132,
2023-10-14 12:35:00+00:00,0.05931,0.05948,0.05946,0.05931,615218.0,0.05939,36537.79702,615218.0,36537.79702,
2023-10-14 12:40:00+00:00,0.05919,0.05935,0.05932,0.05919,361711.5,0.059262,21435.746913,361711.5,21435.746913,
2023-10-14 12:45:00+00:00,0.05919,0.05931,0.05919,0.05929,713400.6,0.059245,42265.418547,713400.6,42265.418547,
2023-10-14 12:50:00+00:00,0.0592,0.05929,0.05928,0.05926,356641.1,0.059258,21133.8383038,356641.1,21133.8383038,
2023-10-14 12:55:00+00:00,0.0592,0.05926,0.05926,0.05923,262532.8,0.059238,15551.9180064,262532.8,15551.9180064,
2023-10-14 13:00:00+00:00,0.05918,0.05924,0.05923,0.05918,105880.6,0.059208,6268.9785648,105880.6,6268.9785648,
2023-10-14 13:05:00+00:00,0.05913,0.05917,0.05917,0.05913,29759.7,0.05915,1760.286255,29759.7,1760.286255,
2023-10-14 13:10:00+00:00,0.05909,0.05915,0.05913,0.05915,38448.4,0.05913,2273.453892,38448.4,2273.453892,
2023-10-14 13:15:00+00:00,0.05912,0.05931,0.05914,0.05927,165409.8,0.05921,9793.914258,165409.8,9793.914258,
2023-10-14 13:20:00+00:00,0.05927,0.05931,0.05927,0.05931,116101.3,0.05929,6883.646077,116101.3,6883.646077,
2023-10-14 13:25:00+00:00,0.0592,0.05933,0.05933,0.05921,377320.8,0.059268,22363.0491744,377320.8,22363.0491744,
2023-10-14 13:30:00+00:00,0.05919,0.05923,0.05922,0.05922,289122.6,0.059215,17120.394759,289122.6,17120.394759,
2023-10-14 13:35:00+00:00,0.05919,0.05921,0.05921,0.0592,68668.5,0.059202,4065.312537,68668.5,4065.312537,
2023-10-14 13:40:00+00:00,0.05922,0.05932,0.05922,0.05929,197605.5,0.059262,11710.497141,197605.5,11710.497141,
2023-10-14 13:45:00+00:00,0.05925,0.05934,0.0593,0.05925,95886.2,0.059285,5684.613367,95886.2,5684.613367,
2023-10-14 13:50:00+00:00,0.05923,0.0593,0.05925,0.05923,194145.2,0.059252,11503.4913904,194145.2,11503.4913904,
2023-10-14 13:55:00+00:00,0.0592,0.05924,0.05923,0.05923,331836.5,0.059225,19653.0167125,331836.5,19653.0167125,
2023-10-14 14:00:00+00:00,0.05923,0.05929,0.05926,0.05928,19440.1,0.059265,1152.1175265,19440.1,1152.1175265,
2023-10-14 14:05:00+00:00,0.05926,0.0593,0.05928,0.05929,230465.0,0.059282,13662.42613,230465.0,13662.42613,
2023-10-14 14:10:00+00:00,0.05929,0.05932,0.05929,0.05932,63708.5,0.059305,3778.2325925,63708.5,3778.2325925,
2023-10-14 14:15:00+00:00,0.05923,0.05933,0.05932,0.05925,192386.2,0.059282,11405.0387084,192386.2,11405.0387084,
2023-10-14 14:20:00+00:00,0.05926,0.0593,0.05926,0.05926,81851.6,0.05927,4851.344332,81851.6,4851.344332,
2023-10-14 14:25:00+00:00,0.05925,0.05932,0.05926,0.05928,177749.7,0.059278,10536.6467166,177749.7,10536.6467166,
2023-10-14 14:30:00+00:00,0.05927,0.05934,0.05929,0.05933,422962.5,0.059308,25085.05995,422962.5,25085.05995,
2023-10-14 14:35:00+00:00,0.05923,0.05932,0.05932,0.05925,212612.7,0.05928,12603.680856,212612.7,12603.680856,
2023-10-14 14:40:00+00:00,0.05924,0.05931,0.05926,0.0593,61872.9,0.059278,3667.7017662,61872.9,3667.7017662,
2023-10-14 14:45:00+00:00,0.05926,0.0593,0.05929,0.05927,229984.7,0.05928,13633.493016,229984.7,13633.493016,
2023-10-14 14:50:00+00:00,0.05927,0.0593,0.05927,0.0593,122857.1,0.059285,7283.5831735,122857.1,7283.5831735,
2023-10-14 14:55:00+00:00,0.05928,0.0593,0.0593,0.05929,84573.1,0.059292,5014.5082452,84573.1,5014.5082452,
2023-10-14 15:00:00+00:00,0.05929,0.05934,0.0593,0.05929,169477.8,0.059305,10050.880929,169477.8,10050.880929,
2023-10-14 15:05:00+00:00,0.05923,0.0593,0.05928,0.05926,170156.1,0.059268,10084.8117348,170156.1,10084.8117348,
2023-10-14 15:10:00+00:00,0.05927,0.05931,0.05927,0.05931,9462.7,0.05929,561.043483,9462.7,561.043483,
2023-10-14 15:15:00+00:00,0.05931,0.05933,0.05933,0.05931,169526.3,0.05932,10056.300116,169526.3,10056.300116,
2023-10-14 15:20:00+00:00,0.05929,0.05932,0.0593,0.05932,60339.7,0.059308,3578.6269276,60339.7,3578.6269276,
2023-10-14 15:25:00+00:00,0.05932,0.05936,0.05934,0.05935,155952.9,0.059343,9254.7129447,155952.9,9254.7129447,
2023-10-14 15:30:00+00:00,0.05933,0.05935,0.05935,0.05934,142825.9,0.059342,8475.5745578,142825.9,8475.5745578,
2023-10-14 15:35:00+00:00,0.05934,0.05938,0.05935,0.05938,133793.7,0.059362,7942.2616194,133793.7,7942.2616194,
2023-10-14 15:40:00+00:00,0.0594,0.05949,0.0594,0.05946,230543.3,0.059438,13703.0326654,230543.3,13703.0326654,
2023-10-14 15:45:00+00:00,0.05941,0.05949,0.05946,0.05949,209672.2,0.059462,12467.5283564,209672.2,12467.5283564,
2023-10-14 15:50:00+00:00,0.05944,0.0595,0.05949,0.05948,152990.6,0.059478,9099.5749068,152990.6,9099.5749068,
2023-10-14 15:55:00+00:00,0.05944,0.05952,0.05948,0.05949,410261.7,0.059482,24403.1864394,410261.7,24403.1864394,
2023-10-14 16:00:00+00:00,0.05946,0.05953,0.05948,0.05953,237318.1,0.0595,14120.42695,237318.1,14120.42695,
2023-10-14 16:05:00+00:00,0.0595,0.05954,0.05952,0.05951,238116.0,0.059518,14172.188088,238116.0,14172.188088,
2023-10-14 16:10:00+00:00,0.0595,0.05954,0.05951,0.05953,345878.6,0.05952,20586.694272,345878.6,20586.694272,
2023-10-14 16:15:00+00:00,0.05947,0.05955,0.05952,0.05947,73548.1,0.059502,4376.2590462,73548.1,4376.2590462,
2023-10-14 16:20:00+00:00,0.05935,0.05946,0.05946,0.05935,197277.8,0.059405,11719.287709,197277.8,11719.287709,
2023-10-14 16:25:00+00:00,0.05932,0.05937,0.05936,0.05933,78099.9,0.059345,4634.8385655,78099.9,4634.8385655,
2023-10-14 16:30:00+00:00,0.05931,0.05936,0.05931,0.05931,119919.8,0.059322,7113.8823756,119919.8,7113.8823756,
2023-10-14 16:35:00+00:00,0.05927,0.05932,0.0593,0.05932,150713.0,0.059302,8937.582326,150713.0,8937.582326,
2023-10-14 16:40:00+00:00,0.0593,0.05931,0.05931,0.0593,11184.2,0.059305,663.278981,11184.2,663.278981,
2023-10-14 16:45:00+00:00,0.0593,0.05935,0.0593,0.05935,19885.1,0.059325,1179.6835575,19885.1,1179.6835575,
2023-10-14 16:50:00+00:00,0.05934,0.05938,0.05935,0.05938,174515.2,0.059362,10359.5713024,174515.2,10359.5713024,
2023-10-14 16:55:00+00:00,0.05934,0.05939,0.05939,0.05935,216930.4,0.059368,12878.7239872,216930.4,12878.7239872,
2023-10-14 17:00:00+00:00,0.05934,0.0594,0.05935,0.05938,27521.6,0.059368,1633.9023488,27521.6,1633.9023488,
2023-10-14 17:05:00+00:00,0.05933,0.05939,0.05938,0.05933,89550.2,0.059358,5315.5207716,89550.2,5315.5207716,
2023-10-14 17:10:00+00:00,0.05929,0.05934,0.05934,0.05929,60964.4,0.059315,3616.103386,60964.4,3616.103386,
2023-10-14 17:15:00+00:00,0.05929,0.05936,0.05929,0.05935,150376.6,0.059322,8920.6406652,150376.6,8920.6406652,
2023-10-14 17:20:00+00:00,0.05934,0.0594,0.05935,0.05939,77847.5,0.05937,4621.806075,77847.5,4621.806075,
2023-10-14 17:25:00+00:00,0.05932,0.05939,0.05939,0.05934,67652.6,0.05936,4015.858336,67652.6,4015.858336,
2023-10-14 17:30:00+00:00,0.0593,0.05933,0.05933,0.05931,6498.5,0.059318,385.478023,6498.5,385.478023,
2023-10-14 17:35:00+00:00,0.05931,0.05933,0.05931,0.05932,27431.7,0.059317,1627.1661489,27431.7,1627.1661489,
2023-10-14 17:40:00+00:00,0.05932,0.05934,0.05933,0.05933,99339.0,0.05933,5893.78287,99339.0,5893.78287,
2023-10-14 17:45:00+00:00,0.0593,0.05933,0.05933,0.0593,251747.2,0.059315,14932.385168,251747.2,14932.385168,
2023-10-14 17:50:00+00:00,0.05929,0.05931,0.0593,0.0593,11179.9,0.0593,662.96807,11179.9,662.96807,
2023-10-14 17:55:00+00:00,0.05926,0.05929,0.05929,0.05926,37694.7,0.059275,2234.3533425,37694.7,2234.3533425,
2023-10-14 18:00:00+00:00,0.05925,0.0593,0.05927,0.0593,130842.6,0.05928,7756.349328,130842.6,7756.349328,
2023-10-14 18:05:00+00:00,0.05929,0.05931,0.0593,0.0593,36330.5,0.0593,2154.39865,36330.5,2154.39865,
2023-10-14 18:10:00+00:00,0.05927,0.05931,0.0593,0.05929,116946.1,0.059292,6933.9681612,116946.1,6933.9681612,
2023-10-14 18:15:00+00:00,0.05927,0.05931,0.05929,0.05929,51956.4,0.05929,3080.494956,51956.4,3080.494956,
2023-10-14 18:20:00+00:00,0.05929,0.05933,0.05929,0.0593,64030.1,0.059302,3797.1129902,64030.1,3797.1129902,
2023-10-14 18:25:00+00:00,0.05925,0.05931,0.0593,0.0593,1352274.7,0.05929,80176.366963,1352274.7,80176.366963,
2023-10-14 18:30:00+00:00,0.05928,0.05932,0.05929,0.05932,92600.1,0.059302,5491.3711302,92600.1,5491.3711302,
2023-10-14 18:35:00+00:00,0.05931,0.05935,0.05931,0.05934,37787.7,0.059328,2241.8686656,37787.7,2241.8686656,
2023-10-14 18:40:00+00:00,0.05931,0.05935,0.05935,0.05931,110576.2,0.05933,6560.485946,110576.2,6560.485946,
2023-10-14 18:45:00+00:00,0.0593,0.05931,0.05931,0.05931,98340.9,0.059308,5832.4020972,98340.9,5832.4020972,
2023-10-14 18:50:00+00:00,0.0593,0.05931,0.05931,0.05931,24842.4,0.059308,1473.3530592,24842.4,1473.3530592,
2023-10-14 18:55:00+00:00,0.0593,0.05938,0.0593,0.05938,198744.1,0.05934,11793.474894,198744.1,11793.474894,
2023-10-14 19:00:00+00:00,0.05934,0.05938,0.05938,0.05936,161621.2,0.059365,9594.642538,161621.2,9594.642538,
2023-10-14 19:05:00+00:00,0.05935,0.05942,0.05936,0.05939,2217286.0,0.05938,131662.44268,2217286.0,131662.44268,
2023-10-14 19:10:00+00:00,0.05931,0.0594,0.05939,0.05931,60558.6,0.059352,3594.2740272,60558.6,3594.2740272,
2023-10-14 19:15:00+00:00,0.05931,0.05937,0.05931,0.05937,39135.9,0.05934,2322.324306,39135.9,2322.324306,
2023-10-14 19:20:00+00:00,0.05937,0.05939,0.05937,0.05939,20609.5,0.05938,1223.79211,20609.5,1223.79211,
2023-10-14 19:25:00+00:00,0.05936,0.05942,0.05938,0.05941,34686.1,0.059392,2060.0768512,34686.1,2060.0768512,
2023-10-14 19:30:00+00:00,0.05942,0.05945,0.05942,0.05944,42585.5,0.059432,2530.941436,42585.5,2530.941436,
2023-10-14 19:35:00+00:00,0.05944,0.0595,0.05944,0.05948,306976.1,0.059465,18254.3337865,306976.1,18254.3337865,
2023-10-14 19:40:00+00:00,0.05948,0.05951,0.05948,0.05951,11069.4,0.059495,658.573953,11069.4,658.573953,
2023-10-14 19:45:00+00:00,0.05948,0.05955,0.05952,0.05955,205092.2,0.059525,12208.113205,205092.2,12208.113205,
2023-10-14 19:50:00+00:00,0.05954,0.05956,0.05955,0.05956,29601.4,0.059552,1762.8225728,29601.4,1762.8225728,
2023-10-14 19:55:00+00:00,0.05956,0.05958,0.05956,0.05957,18059.3,0.059567,1075.7383231,18059.3,1075.7383231,
2023-10-14 20:00:00+00:00,0.05956,0.05958,0.05957,0.05956,95928.4,0.059568,5714.2629312,95928.4,5714.2629312,
2023-10-14 20:05:00+00:00,0.05951,0.0596,0.05956,0.05954,359429.6,0.059552,21404.7515392,359429.6,21404.7515392,
2023-10-14 20:10:00+00:00,0.05953,0.05956,0.05955,0.05955,244795.0,0.059547,14576.807865,244795.0,14576.807865,
2023-10-14 20:15:00+00:00,0.05954,0.05958,0.05955,0.05958,134660.3,0.059562,8020.6367886,134660.3,8020.6367886,
2023-10-14 20:20:00+00:00,0.05957,0.05961,0.05958,0.0596,105614.3,0.05959,6293.556137,105614.3,6293.556137,
2023-10-14 20:25:00+00:00,0.0595,0.0596,0.0596,0.05954,574081.2,0.05956,34192.276272,574081.2,34192.276272,
2023-10-14 20:30:00+00:00,0.05955,0.05958,0.05956,0.05957,147991.6,0.059565,8815.119654,147991.6,8815.119654,
2023-10-14 20:35:00+00:00,0.05955,0.05957,0.05956,0.05956,16130.9,0.05956,960.756404,16130.9,960.756404,
2023-10-14 20:40:00+00:00,0.05955,0.05956,0.05956,0.05956,5758.9,0.059558,342.9885662,5758.9,342.9885662,
2023-10-14 20:45:00+00:00,0.05956,0.05959,0.05956,0.05957,214620.4,0.05957,12784.937228,214620.4,12784.937228,
2023-10-14 20:50:00+00:00,0.05953,0.05957,0.05957,0.05953,39516.9,0.05955,2353.231395,39516.9,2353.231395,
2023-10-14 20:55:00+00:00,0.05949,0.05953,0.05953,0.05949,405451.4,0.05951,24128.412814,405451.4,24128.412814,
2023-10-14 21:00:00+00:00,0.05949,0.05956,0.05949,0.05954,262171.9,0.05952,15604.471488,262171.9,15604.471488,
2023-10-14 21:05:00+00:00,0.05955,0.05963,0.05955,0.05962,1261235.6,0.059588,75154.5069328,1261235.6,75154.5069328,
2023-10-14 21:10:00+00:00,0.05959,0.05962,0.05962,0.05961,209415.6,0.05961,12483.263916,209415.6,12483.263916,
2023-10-14 21:15:00+00:00,0.05961,0.05974,0.05961,0.05973,600314.8,0.059672,35821.9847456,600314.8,35821.9847456,
2023-10-14 21:20:00+00:00,0.05962,0.05974,0.05972,0.05963,164223.4,0.059678,9800.5240652,164223.4,9800.5240652,
2023-10-14 21:25:00+00:00,0.0596,0.05966,0.05962,0.05963,331339.2,0.059628,19757.0938176,331339.2,19757.0938176,
2023-10-14 21:30:00+00:00,0.0596,0.05963,0.05963,0.0596,316857.4,0.059615,18889.453901,316857.4,18889.453901,
2023-10-14 21:35:00+00:00,0.0596,0.05969,0.05961,0.05969,148905.2,0.059648,8881.8973696,148905.2,8881.8973696,
2023-10-14 21:40:00+00:00,0.05967,0.05976,0.05968,0.05972,333513.6,0.059708,19913.4300288,333513.6,19913.4300288,
2023-10-14 21:45:00+00:00,0.05973,0.05976,0.05973,0.05976,21256.5,0.059745,1269.9695925,21256.5,1269.9695925,
2023-10-14 21:50:00+00:00,0.05963,0.05975,0.05975,0.05963,716450.9,0.05969,42764.954221,716450.9,42764.954221,
2023-10-14 21:55:00+00:00,0.05962,0.05964,0.05963,0.05962,128815.7,0.059628,7681.0225596,128815.7,7681.0225596,
2023-10-14 22:00:00+00:00,0.05962,0.05972,0.05962,0.05972,162437.3,0.05967,9692.633691,162437.3,9692.633691,
2023-10-14 22:05:00+00:00,0.05968,0.05973,0.05972,0.05968,17831.2,0.059703,1064.5761336,17831.2,1064.5761336,
2023-10-14 22:10:00+00:00,0.05963,0.05966,0.05966,0.05963,338006.2,0.059645,20160.379799,338006.2,20160.379799,
2023-10-14 22:15:00+00:00,0.0596,0.05964,0.05963,0.05962,225997.7,0.059622,13474.4348694,225997.7,13474.4348694,
2023-10-14 22:20:00+00:00,0.05958,0.05963,0.05962,0.05961,140704.7,0.05961,8387.407167,140704.7,8387.407167,
2023-10-14 22:25:00+00:00,0.05958,0.05961,0.05961,0.0596,49861.6,0.0596,2971.75136,49861.6,2971.75136,
2023-10-14 22:30:00+00:00,0.05958,0.05962,0.05959,0.05962,139961.7,0.059602,8341.9972434,139961.7,8341.9972434,
2023-10-14 22:35:00+00:00,0.05958,0.05961,0.05961,0.05959,100220.1,0.059598,5972.9175198,100220.1,5972.9175198,
2023-10-14 22:40:00+00:00,0.05956,0.05959,0.05959,0.05957,153629.9,0.059578,9152.9621822,153629.9,9152.9621822,
2023-10-14 22:45:00+00:00,0.05956,0.05971,0.05956,0.0597,276969.0,0.059632,16516.215408,276969.0,16516.215408,
2023-10-14 22:50:00+00:00,0.05969,0.05992,0.0597,0.05986,1907358.2,0.059792,114044.7614944,1907358.2,114044.7614944,
2023-10-14 22:55:00+00:00,0.05977,0.0599,0.05986,0.05985,393534.9,0.059845,23551.0960905,393534.9,23551.0960905,
2023-10-14 23:00:00+00:00,0.05987,0.05997,0.05987,0.05993,606346.1,0.05991,36326.194851,606346.1,36326.194851,
2023-10-14 23:05:00+00:00,0.05986,0.05992,0.05992,0.05986,48761.7,0.05989,2920.338213,48761.7,2920.338213,
2023-10-14 23:10:00+00:00,0.0598,0.05988,0.05986,0.05984,157184.2,0.059845,9406.688449,157184.2,9406.688449,
2023-10-14 23:15:00+00:00,0.05981,0.05991,0.05984,0.05991,255990.1,0.059868,15325.6153068,255990.1,15325.6153068,
2023-10-14 23:20:00+00:00,0.05991,0.05998,0.05991,0.05994,157377.6,0.059935,9432.426456,157377.6,9432.426456,
2023-10-14 23:25:00+00:00,0.05987,0.05993,0.05993,0.05987,42361.8,0.0599,2537.47182,42361.8,2537.47182,
2023-10-14 23:30:00+00:00,0.05985,0.0599,0.05987,0.05985,189288.7,0.059868,11332.3358916,189288.7,11332.3358916,
2023-10-14 23:35:00+00:00,0.05986,0.05988,0.05986,0.05987,55026.8,0.059868,3294.3444624,55026.8,3294.3444624,
2023-10-14 23:40:00+00:00,0.05983,0.05987,0.05986,0.05986,262137.2,0.059855,15690.222106,262137.2,15690.222106,
2023-10-14 23:45:00+00:00,0.05983,0.05986,0.05986,0.05983,23847.1,0.059845,1427.1296995,23847.1,1427.1296995,
2023-10-14 23:50:00+00:00,0.05981,0.05985,0.05982,0.05984,8840.3,0.05983,528.915149,8840.3,528.915149,
2023-10-14 23:55:00+00:00,0.05983,0.05986,0.05985,0.05984,223630.9,0.059845,13383.1912105,223630.9,13383.1912105,
2023-10-15 00:00:00+00:00,0.05979,0.05985,0.05984,0.05981,420813.1,0.059822,25173.8812682,420813.1,25173.8812682,
2023-10-15 00:05:00+00:00,0.05973,0.05981,0.0598,0.05979,1870417.0,0.059782,111817.269094,1870417.0,111817.269094,
2023-10-15 00:10:00+00:00,0.0597,0.05978,0.05978,0.05975,396110.8,0.059752,23668.4125216,396110.8,23668.4125216,
2023-10-15 00:15:00+00:00,0.05969,0.05977,0.05975,0.05969,100201.4,0.059725,5984.528615,100201.4,5984.528615,
2023-10-15 00:20:00+00:00,0.05957,0.05969,0.05969,0.05959,355587.2,0.059635,21205.442672,355587.2,21205.442672,
2023-10-15 00:25:00+00:00,0.05951,0.05961,0.05959,0.05951,364317.8,0.059555,21696.946579,364317.8,21696.946579,
2023-10-15 00:30:00+00:00,0.05948,0.05954,0.05951,0.05951,139303.5,0.05951,8289.951285,139303.5,8289.951285,
2023-10-15 00:35:00+00:00,0.05938,0.05951,0.05951,0.05943,999676.5,0.059458,59438.765337,999676.5,59438.765337,
2023-10-15 00:40:00+00:00,0.05943,0.05948,0.05943,0.05947,69825.5,0.059452,4151.265626,69825.5,4151.265626,
2023-10-15 00:45:00+00:00,0.05938,0.05946,0.05946,0.05939,509511.6,0.059422,30276.1982952,509511.6,30276.1982952,
2023-10-15 00:50:00+00:00,0.05939,0.05946,0.05939,0.05945,52533.2,0.059422,3121.6278104,52533.2,3121.6278104,
2023-10-15 00:55:00+00:00,0.05942,0.05951,0.05946,0.05948,172738.8,0.059468,10272.4309584,172738.8,10272.4309584,
2023-10-15 01:00:00+00:00,0.05942,0.05948,0.05948,0.05948,101637.3,0.059465,6043.8620445,101637.3,6043.8620445,
2023-10-15 01:05:00+00:00,0.05944,0.05948,0.05948,0.05945,72102.2,0.059462,4287.3410164,72102.2,4287.3410164,
2023-10-15 01:10:00+00:00,0.05941,0.05944,0.05944,0.05942,27610.4,0.059428,1640.8308512,27610.4,1640.8308512,
2023-10-15 01:15:00+00:00,0.05942,0.05949,0.05942,0.05949,12686.3,0.059455,754.2639665,12686.3,754.2639665,
2023-10-15 01:20:00+00:00,0.05945,0.05949,0.05947,0.05947,44258.7,0.05947,2632.064889,44258.7,2632.064889,
2023-10-15 01:25:00+00:00,0.05949,0.05956,0.05949,0.05953,417601.3,0.059518,24854.7941734,417601.3,24854.7941734,
2023-10-15 01:30:00+00:00,0.05953,0.05959,0.05955,0.05954,70874.2,0.059552,4220.7003584,70874.2,4220.7003584,
2023-10-15 01:35:00+00:00,0.05954,0.05959,0.05954,0.05959,43155.1,0.059565,2570.5335315,43155.1,2570.5335315,
2023-10-15 01:40:00+00:00,0.05958,0.05975,0.05959,0.05972,985242.3,0.05966,58779.555618,985242.3,58779.555618,
2023-10-15 01:45:00+00:00,0.0597,0.05977,0.05971,0.05976,50091.2,0.059735,2992.197832,50091.2,2992.197832,
2023-10-15 01:50:00+00:00,0.05963,0.05975,0.05975,0.05965,222820.5,0.059695,13301.2697475,222820.5,13301.2697475,
2023-10-15 01:55:00+00:00,0.05963,0.05967,0.05963,0.05963,93436.7,0.05964,5572.564788,93436.7,5572.564788,
2023-10-15 02:00:00+00:00,0.05964,0.05969,0.05964,0.05968,205673.1,0.059662,12270.8684922,205673.1,12270.8684922,
2023-10-15 02:05:00+00:00,0.05955,0.05967,0.05967,0.05957,276960.8,0.059615,16511.018092,276960.8,16511.018092,
2023-10-15 02:10:00+00:00,0.05958,0.05961,0.05958,0.05958,31654.0,0.059588,1886.198552,31654.0,1886.198552,
2023-10-15 02:15:00+00:00,0.05956,0.05958,0.05957,0.05958,13395.1,0.059572,797.9728972,13395.1,797.9728972,
2023-10-15 02:20:00+00:00,0.05955,0.05959,0.05958,0.05958,92931.9,0.059575,5536.4179425,92931.9,5536.4179425,
2023-10-15 02:25:00+00:00,0.05957,0.05961,0.05959,0.05958,460953.0,0.059587,27466.806411,460953.0,27466.806411,
2023-10-15 02:30:00+00:00,0.05957,0.05965,0.05958,0.05961,136717.3,0.059602,8148.6245146,136717.3,8148.6245146,
2023-10-15 02:35:00+00:00,0.05961,0.05963,0.05961,0.05963,37202.6,0.05962,2218.019012,37202.6,2218.019012,
2023-10-15 02:40:00+00:00,0.0596,0.05963,0.05963,0.0596,85871.4,0.059615,5119.223511,85871.4,5119.223511,
2023-10-15 02:45:00+00:00,0.05957,0.0596,0.05959,0.05957,223476.8,0.059582,13315.1946976,223476.8,13315.1946976,
2023-10-15 02:50:00+00:00,0.05952,0.05958,0.05957,0.05958,335013.5,0.059562,19954.074087,335013.5,19954.074087,
2023-10-15 02:55:00+00:00,0.05955,0.05958,0.05957,0.05955,38159.6,0.059562,2272.8620952,38159.6,2272.8620952,
2023-10-15 03:00:00+00:00,0.0595,0.05958,0.05957,0.0595,142534.2,0.059538,8486.2011996,142534.2,8486.2011996,
2023-10-15 03:05:00+00:00,0.05948,0.0595,0.0595,0.05949,3493.2,0.059493,207.8209476,3493.2,207.8209476,
2023-10-15 03:10:00+00:00,0.05948,0.05952,0.05948,0.05952,31895.8,0.0595,1897.8001,31895.8,1897.8001,
2023-10-15 03:15:00+00:00,0.0595,0.05953,0.05952,0.05952,50660.9,0.059518,3015.2354462,50660.9,3015.2354462,
2023-10-15 03:20:00+00:00,0.05952,0.05954,0.05953,0.05952,58381.8,0.059528,3475.3517904,58381.8,3475.3517904,
2023-10-15 03:25:00+00:00,0.05949,0.05953,0.05952,0.05951,205848.8,0.059512,12250.4737856,205848.8,12250.4737856,
2023-10-15 03:30:00+00:00,0.05951,0.05954,0.05951,0.05954,223364.1,0.059525,13295.7480525,223364.1,13295.7480525,
2023-10-15 03:35:00+00:00,0.05954,0.05956,0.05954,0.05955,18094.8,0.059548,1077.5091504,18094.8,1077.5091504,
2023-10-15 03:40:00+00:00,0.05953,0.05956,0.05955,0.05956,103927.5,0.05955,6188.882625,103927.5,6188.882625,
2023-10-15 03:45:00+00:00,0.05952,0.05955,0.05955,0.05953,71555.1,0.059538,4260.2475438,71555.1,4260.2475438,
2023-10-15 03:50:00+00:00,0.05946,0.05953,0.05953,0.05946,16252.5,0.059495,966.9424875,16252.5,966.9424875,
2023-10-15 03:55:00+00:00,0.05946,0.05949,0.05947,0.05949,28273.3,0.059478,1681.6393374,28273.3,1681.6393374,
2023-10-15 04:00:00+00:00,0.05949,0.0595,0.0595,0.05949,31524.1,0.059495,1875.5263295,31524.1,1875.5263295,
2023-10-15 04:05:00+00:00,0.05947,0.0595,0.05949,0.05947,124486.6,0.059482,7404.7119412,124486.6,7404.7119412,
2023-10-15 04:10:00+00:00,0.05938,0.05949,0.05948,0.05939,864805.7,0.059435,51399.7267795,864805.7,51399.7267795,
2023-10-15 04:15:00+00:00,0.05938,0.0594,0.05939,0.05939,183233.3,0.05939,10882.225687,183233.3,10882.225687,
2023-10-15 04:20:00+00:00,0.05939,0.05942,0.05939,0.05942,41903.2,0.059405,2489.259596,41903.2,2489.259596,
2023-10-15 04:25:00+00:00,0.05939,0.05942,0.05942,0.0594,116697.7,0.059408,6932.7769616,116697.7,6932.7769616,
2023-10-15 04:30:00+00:00,0.0594,0.05946,0.0594,0.05943,111411.3,0.059422,6620.2822686,111411.3,6620.2822686,
2023-10-15 04:35:00+00:00,0.05941,0.05944,0.05944,0.05941,26680.0,0.059425,1585.459,26680.0,1585.459,
2023-10-15 04:40:00+00:00,0.05938,0.05942,0.05941,0.05938,21032.5,0.059397,1249.2674025,21032.5,1249.2674025,
2023-10-15 04:45:00+00:00,0.05938,0.05943,0.05939,0.05943,13582.9,0.059408,806.9329232,13582.9,806.9329232,
2023-10-15 04:50:00+00:00,0.05942,0.05945,0.05943,0.05943,100583.9,0.059432,5977.9023448,100583.9,5977.9023448,
2023-10-15 04:55:00+00:00,0.05942,0.05945,0.05943,0.05945,36203.7,0.059438,2151.8755206,36203.7,2151.8755206,
2023-10-15 05:00:00+00:00,0.05942,0.05945,0.05945,0.05945,127979.5,0.059442,7607.357439,127979.5,7607.357439,
2023-10-15 05:05:00+00:00,0.05944,0.05945,0.05945,0.05945,35838.1,0.059448,2130.5033688,35838.1,2130.5033688,
2023-10-15 05:10:00+00:00,0.05939,0.05944,0.05944,0.0594,87711.7,0.059418,5211.6537906,87711.7,5211.6537906,
2023-10-15 05:15:00+00:00,0.05941,0.05942,0.05941,0.05941,44283.8,0.059412,2630.9891256,44283.8,2630.9891256,
2023-10-15 05:20:00+00:00,0.05942,0.05945,0.05942,0.05944,29511.6,0.059432,1753.9334112,29511.6,1753.9334112,
2023-10-15 05:25:00+00:00,0.05943,0.05945,0.05944,0.05944,36021.8,0.05944,2141.135792,36021.8,2141.135792,
2023-10-15 05:30:00+00:00,0.0594,0.05944,0.05944,0.05941,192737.4,0.059422,11452.8417828,192737.4,11452.8417828,
2023-10-15 05:35:00+00:00,0.0594,0.05942,0.05942,0.0594,21571.9,0.05941,1281.586579,21571.9,1281.586579,
2023-10-15 05:40:00+00:00,0.0594,0.05941,0.05941,0.0594,18906.9,0.059405,1123.1643945,18906.9,1123.1643945,
2023-10-15 05:45:00+00:00,0.0594,0.05941,0.05941,0.0594,5274.7,0.059405,313.3435535,5274.7,313.3435535,
2023-10-15 05:50:00+00:00,0.05936,0.05939,0.05939,0.05936,138095.6,0.059375,8199.42625,138095.6,8199.42625,
2023-10-15 05:55:00+00:00,0.05935,0.05937,0.05935,0.05937,172543.6,0.05936,10242.188096,172543.6,10242.188096,
2023-10-15 06:00:00+00:00,0.05937,0.05938,0.05938,0.05937,6890.4,0.059375,409.1175,6890.4,409.1175,
2023-10-15 06:05:00+00:00,0.05936,0.05937,0.05936,0.05937,11158.3,0.059365,662.4124795,11158.3,662.4124795,
2023-10-15 06:10:00+00:00,0.05935,0.05937,0.05936,0.05935,34913.0,0.059358,2072.365854,34913.0,2072.365854,
2023-10-15 06:15:00+00:00,0.05934,0.05935,0.05934,0.05935,26048.8,0.059345,1545.866036,26048.8,1545.866036,
2023-10-15 06:20:00+00:00,0.05935,0.05936,0.05935,0.05936,3877.4,0.059355,230.143077,3877.4,230.143077,
2023-10-15 06:25:00+00:00,0.05935,0.05938,0.05935,0.05937,57224.7,0.059363,3397.0298661,57224.7,3397.0298661,
2023-10-15 06:30:00+00:00,0.05936,0.05937,0.05937,0.05937,20950.0,0.059368,1243.7596,20950.0,1243.7596,
2023-10-15 06:35:00+00:00,0.05936,0.05937,0.05937,0.05936,828.3,0.059365,49.1720295,828.3,49.1720295,
2023-10-15 06:40:00+00:00,0.05935,0.05936,0.05936,0.05935,38719.0,0.059355,2298.166245,38719.0,2298.166245,
2023-10-15 06:45:00+00:00,0.05935,0.05936,0.05935,0.05935,51079.4,0.059352,3031.6645488,51079.4,3031.6645488,
2023-10-15 06:50:00+00:00,0.05935,0.05938,0.05936,0.05938,33200.0,0.059368,1971.0176,33200.0,1971.0176,
2023-10-15 06:55:00+00:00,0.05939,0.05939,0.05939,0.05939,5757.3,0.05939,341.926047,5757.3,341.926047,
2023-10-15 07:00:00+00:00,0.05933,0.05938,0.05938,0.05934,34861.7,0.059358,2069.3207886,34861.7,2069.3207886,
2023-10-15 07:05:00+00:00,0.05931,0.05934,0.05933,0.05931,169988.1,0.059322,10084.0340682,169988.1,10084.0340682,
2023-10-15 07:10:00+00:00,0.05928,0.05931,0.05931,0.05928,157343.7,0.059295,9329.6946915,157343.7,9329.6946915,
2023-10-15 07:15:00+00:00,0.05926,0.05928,0.05928,0.05926,57602.0,0.05927,3414.07054,57602.0,3414.07054,
2023-10-15 07:20:00+00:00,0.05925,0.0593,0.05927,0.0593,75759.1,0.05928,4490.999448,75759.1,4490.999448,
2023-10-15 07:25:00+00:00,0.05929,0.05931,0.0593,0.05931,97211.9,0.059302,5764.8600938,97211.9,5764.8600938,
2023-10-15 07:30:00+00:00,0.05928,0.05932,0.05931,0.05928,117394.8,0.059298,6961.2768504,117394.8,6961.2768504,
2023-10-15 07:35:00+00:00,0.05926,0.05928,0.05928,0.05927,26885.7,0.059273,1593.5960961,26885.7,1593.5960961,
2023-10-15 07:40:00+00:00,0.05926,0.05927,0.05926,0.05927,24980.8,0.059265,1480.487112,24980.8,1480.487112,
2023-10-15 07:45:00+00:00,0.05927,0.05929,0.05927,0.05929,40214.6,0.05928,2383.921488,40214.6,2383.921488,
2023-10-15 07:50:00+00:00,0.05929,0.05931,0.05929,0.05931,13766.1,0.0593,816.32973,13766.1,816.32973,
2023-10-15 07:55:00+00:00,0.0593,0.05933,0.05931,0.05933,48607.4,0.059317,2883.2451458,48607.4,2883.2451458,
2023-10-15 08:00:00+00:00,0.05934,0.05938,0.05935,0.05937,127008.7,0.05936,7539.236432,127008.7,7539.236432,
2023-10-15 08:05:00+00:00,0.05935,0.05938,0.05938,0.05937,45620.3,0.05937,2708.477211,45620.3,2708.477211,
2023-10-15 08:10:00+00:00,0.05935,0.05936,0.05936,0.05936,22655.5,0.059358,1344.785169,22655.5,1344.785169,
2023-10-15 08:15:00+00:00,0.05936,0.05938,0.05936,0.05938,24401.3,0.05937,1448.705181,24401.3,1448.705181,
2023-10-15 08:20:00+00:00,0.05937,0.05938,0.05938,0.05937,7023.2,0.059375,417.0025,7023.2,417.0025,
2023-10-15 08:25:00+00:00,0.05936,0.0594,0.05936,0.0594,204176.0,0.05938,12123.97088,204176.0,12123.97088,
2023-10-15 08:30:00+00:00,0.0594,0.05941,0.0594,0.05941,76.1,0.059405,4.5207205,76.1,4.5207205,
2023-10-15 08:35:00+00:00,0.0594,0.05943,0.05941,0.05942,234796.4,0.059415,13950.428106,234796.4,13950.428106,
2023-10-15 08:40:00+00:00,0.05939,0.05943,0.05943,0.05939,123795.7,0.05941,7354.702537,123795.7,7354.702537,
2023-10-15 08:45:00+00:00,0.05938,0.05941,0.05939,0.05941,119396.7,0.059398,7091.9251866,119396.7,7091.9251866,
2023-10-15 08:50:00+00:00,0.0594,0.05942,0.05941,0.0594,115403.7,0.059408,6855.9030096,115403.7,6855.9030096,
2023-10-15 08:55:00+00:00,0.05939,0.05941,0.05939,0.0594,21400.7,0.059398,1271.1587786,21400.7,1271.1587786,
2023-10-15 09:00:00+00:00,0.0594,0.05945,0.0594,0.05944,120045.3,0.059422,7133.3318166,120045.3,7133.3318166,
2023-10-15 09:05:00+00:00,0.05942,0.05946,0.05946,0.05943,60042.4,0.059442,3569.0403408,60042.4,3569.0403408,
2023-10-15 09:10:00+00:00,0.05943,0.05944,0.05943,0.05944,3827.2,0.059435,227.469632,3827.2,227.469632,
2023-10-15 09:15:00+00:00,0.05943,0.05946,0.05944,0.05943,54753.0,0.05944,3254.51832,54753.0,3254.51832,
2023-10-15 09:20:00+00:00,0.05942,0.05944,0.05944,0.05943,11560.5,0.059432,687.063636,11560.5,687.063636,
2023-10-15 09:25:00+00:00,0.05941,0.05943,0.05943,0.05942,18275.0,0.059422,1085.93705,18275.0,1085.93705,
2023-10-15 09:30:00+00:00,0.05942,0.05944,0.05942,0.05944,14456.8,0.05943,859.167624,14456.8,859.167624,
2023-10-15 09:35:00+00:00,0.05939,0.05943,0.05943,0.0594,14389.7,0.059412,854.9208564,14389.7,854.9208564,
2023-10-15 09:40:00+00:00,0.05938,0.05939,0.05939,0.05938,86288.9,0.059385,5124.2663265,86288.9,5124.2663265,
2023-10-15 09:45:00+00:00,0.05936,0.05938,0.05938,0.05936,4802.3,0.05937,285.112551,4802.3,285.112551,
2023-10-15 09:50:00+00:00,0.05935,0.05937,0.05937,0.05936,3383.0,0.059362,200.821646,3383.0,200.821646,
2023-10-15 09:55:00+00:00,0.05934,0.05935,0.05935,0.05934,74373.5,0.059345,4413.6953575,74373.5,4413.6953575,
2023-10-15 10:00:00+00:00,0.0593,0.05934,0.05934,0.0593,5175.3,0.05932,306.998796,5175.3,306.998796,
2023-10-15 10:05:00+00:00,0.05928,0.05933,0.0593,0.05933,219379.7,0.05931,13011.410007,219379.7,13011.410007,
2023-10-15 10:10:00+00:00,0.05929,0.05935,0.05932,0.0593,64921.2,0.059315,3850.800978,64921.2,3850.800978,
2023-10-15 10:15:00+00:00,0.0593,0.05932,0.0593,0.0593,20591.0,0.059305,1221.149255,20591.0,1221.149255,
2023-10-15 10:20:00+00:00,0.05931,0.05933,0.05931,0.05933,7396.2,0.05932,438.742584,7396.2,438.742584,
2023-10-15 10:25:00+00:00,0.05933,0.05934,0.05933,0.05933,31346.7,0.059332,1859.8624044,31346.7,1859.8624044,
2023-10-15 10:30:00+00:00,0.05932,0.05935,0.05933,0.05933,40037.6,0.059332,2375.5108832,40037.6,2375.5108832,
2023-10-15 10:35:00+00:00,0.05933,0.05937,0.05933,0.05937,24066.8,0.05935,1428.36458,24066.8,1428.36458,
2023-10-15 10:40:00+00:00,0.05937,0.05939,0.05937,0.05938,79065.5,0.059378,4694.751259,79065.5,4694.751259,
2023-10-15 10:45:00+00:00,0.05937,0.0594,0.05939,0.05938,26623.9,0.059385,1581.0603015,26623.9,1581.0603015,
2023-10-15 10:50:00+00:00,0.05937,0.05939,0.05937,0.05938,13097.8,0.059378,777.7211684,13097.8,777.7211684,
2023-10-15 10:55:00+00:00,0.05936,0.05939,0.05938,0.05936,71915.5,0.059372,4269.767066,71915.5,4269.767066,
2023-10-15 11:00:00+00:00,0.05925,0.05936,0.05936,0.05928,518726.6,0.059313,30767.2308258,518726.6,30767.2308258,
2023-10-15 11:05:00+00:00,0.05923,0.05927,0.05926,0.05926,305763.5,0.059255,18118.0161925,305763.5,18118.0161925,
2023-10-15 11:10:00+00:00,0.05923,0.05926,0.05925,0.05924,373647.4,0.059245,22136.740213,373647.4,22136.740213,
2023-10-15 11:15:00+00:00,0.05918,0.05925,0.05925,0.05921,182615.3,0.059222,10814.8432966,182615.3,10814.8432966,
2023-10-15 11:20:00+00:00,0.05918,0.05922,0.05922,0.05921,136057.7,0.059207,8055.5682439,136057.7,8055.5682439,
2023-10-15 11:25:00+00:00,0.0592,0.05924,0.05921,0.05923,225915.1,0.05922,13378.692222,225915.1,13378.692222,
2023-10-15 11:30:00+00:00,0.05923,0.05925,0.05924,0.05923,192102.9,0.059238,11379.7915902,192102.9,11379.7915902,
2023-10-15 11:35:00+00:00,0.05919,0.05923,0.05923,0.0592,380959.6,0.059212,22557.3798352,380959.6,22557.3798352,
2023-10-15 11:40:00+00:00,0.0592,0.05922,0.0592,0.05922,71223.8,0.05921,4217.161198,71223.8,4217.161198,
2023-10-15 11:45:00+00:00,0.05916,0.05923,0.05923,0.05918,244606.5,0.0592,14480.7048,244606.5,14480.7048,
2023-10-15 11:50:00+00:00,0.05917,0.0592,0.05918,0.0592,30943.7,0.059188,1831.4957156,30943.7,1831.4957156,
2023-10-15 11:55:00+00:00,0.05918,0.05919,0.05918,0.05919,4778.5,0.059185,282.8155225,4778.5,282.8155225,
2023-10-15 12:00:00+00:00,0.05913,0.05918,0.05918,0.05915,360709.2,0.05916,21339.556272,360709.2,21339.556272,
2023-10-15 12:05:00+00:00,0.05912,0.05916,0.05915,0.05913,57828.7,0.05914,3419.989318,57828.7,3419.989318,
2023-10-15 12:10:00+00:00,0.0591,0.05912,0.05912,0.05912,170003.8,0.059115,10049.774637,170003.8,10049.774637,
2023-10-15 12:15:00+00:00,0.05909,0.05916,0.05912,0.05916,875898.2,0.059132,51793.6123624,875898.2,51793.6123624,
2023-10-15 12:20:00+00:00,0.05916,0.05918,0.05916,0.05918,41156.3,0.05917,2435.218271,41156.3,2435.218271,
2023-10-15 12:25:00+00:00,0.05918,0.05922,0.05918,0.05919,330997.9,0.059192,19592.4276968,330997.9,19592.4276968,
2023-10-15 12:30:00+00:00,0.05918,0.0592,0.05919,0.05919,150228.2,0.05919,8892.007158,150228.2,8892.007158,
2023-10-15 12:35:00+00:00,0.05918,0.05918,0.05918,0.05918,10482.3,0.05918,620.342514,10482.3,620.342514,
2023-10-15 12:40:00+00:00,0.05918,0.05919,0.05919,0.05919,1063.2,0.059188,62.9286816,1063.2,62.9286816,
2023-10-15 12:45:00+00:00,0.05916,0.05919,0.05919,0.05917,131429.7,0.059178,7777.7467866,131429.7,7777.7467866,
2023-10-15 12:50:00+00:00,0.05911,0.05917,0.05916,0.05914,467690.1,0.059145,27661.5309645,467690.1,27661.5309645,
2023-10-15 12:55:00+00:00,0.05911,0.05915,0.05914,0.05913,237808.4,0.059133,14062.3241172,237808.4,14062.3241172,
2023-10-15 13:00:00+00:00,0.05902,0.05913,0.05913,0.05905,1176175.6,0.059082,69490.8067992,1176175.6,69490.8067992,
2023-10-15 13:05:00+00:00,0.05904,0.05908,0.05905,0.05907,410630.1,0.05906,24251.813706,410630.1,24251.813706,
2023-10-15 13:10:00+00:00,0.05907,0.05915,0.05908,0.05915,392942.5,0.059113,23228.0100025,392942.5,23228.0100025,
2023-10-15 13:15:00+00:00,0.05914,0.05921,0.05915,0.05919,251270.5,0.059172,14868.178026,251270.5,14868.178026,
2023-10-15 13:20:00+00:00,0.05916,0.05925,0.0592,0.05925,503890.3,0.059215,29837.8641145,503890.3,29837.8641145,
2023-10-15 13:25:00+00:00,0.05925,0.05932,0.05926,0.05927,447935.1,0.059275,26551.3530525,447935.1,26551.3530525,
2023-10-15 13:30:00+00:00,0.05925,0.05934,0.05928,0.05925,559740.9,0.05928,33181.440552,559740.9,33181.440552,
2023-10-15 13:35:00+00:00,0.05919,0.05925,0.05925,0.05923,756626.9,0.05923,44815.011287,756626.9,44815.011287,
2023-10-15 13:40:00+00:00,0.05921,0.05925,0.05923,0.05921,388737.4,0.059225,23022.972515,388737.4,23022.972515,
2023-10-15 13:45:00+00:00,0.05904,0.05921,0.05921,0.05909,737956.6,0.059138,43641.2774108,737956.6,43641.2774108,
2023-10-15 13:50:00+00:00,0.05899,0.05909,0.05907,0.05903,549109.1,0.059045,32422.1468095,549109.1,32422.1468095,
2023-10-15 13:55:00+00:00,0.05903,0.05911,0.05904,0.0591,590941.5,0.05907,34906.914405,590941.5,34906.914405,
2023-10-15 14:00:00+00:00,0.05909,0.05918,0.0591,0.05916,392753.7,0.059132,23224.3117884,392753.7,23224.3117884,
2023-10-15 14:05:00+00:00,0.05915,0.05917,0.05916,0.05915,76185.0,0.059158,4506.95223,76185.0,4506.95223,
2023-10-15 14:10:00+00:00,0.05916,0.05921,0.05917,0.05917,383326.3,0.059178,22684.4837814,383326.3,22684.4837814,
2023-10-15 14:15:00+00:00,0.05916,0.05918,0.05918,0.05916,57743.8,0.05917,3416.700646,57743.8,3416.700646,
2023-10-15 14:20:00+00:00,0.05915,0.05921,0.05917,0.05921,408810.6,0.059185,24195.455361,408810.6,24195.455361,
2023-10-15 14:25:00+00:00,0.05921,0.05927,0.05921,0.05926,353463.4,0.059238,20938.4648892,353463.4,20938.4648892,
2023-10-15 14:30:00+00:00,0.05925,0.0593,0.05925,0.0593,237510.3,0.059275,14078.4230325,237510.3,14078.4230325,
2023-10-15 14:35:00+00:00,0.05922,0.0593,0.0593,0.05925,656516.1,0.059268,38910.3962148,656516.1,38910.3962148,
2023-10-15 14:40:00+00:00,0.05922,0.05926,0.05925,0.05924,106801.2,0.059242,6327.1166904,106801.2,6327.1166904,
2023-10-15 14:45:00+00:00,0.05922,0.05925,0.05923,0.05924,9758.7,0.059235,578.0565945,9758.7,578.0565945,
2023-10-15 14:50:00+00:00,0.05924,0.05926,0.05924,0.05924,35636.5,0.059245,2111.2844425,35636.5,2111.2844425,
2023-10-15 14:55:00+00:00,0.05922,0.05923,0.05923,0.05923,54322.9,0.059228,3217.4367212,54322.9,3217.4367212,
2023-10-15 15:00:00+00:00,0.05922,0.05925,0.05923,0.05923,10679.9,0.059232,632.5918368,10679.9,632.5918368,
2023-10-15 15:05:00+00:00,0.05918,0.05921,0.05921,0.05921,189235.6,0.059203,11203.3152268,189235.6,11203.3152268,
2023-10-15 15:10:00+00:00,0.05921,0.05923,0.05921,0.05922,27054.7,0.059217,1602.0981699,27054.7,1602.0981699,
2023-10-15 15:15:00+00:00,0.05921,0.0593,0.05922,0.05929,824795.3,0.059255,48873.2455015,824795.3,48873.2455015,
2023-10-15 15:20:00+00:00,0.05928,0.05934,0.0593,0.05934,210787.9,0.059315,12502.8842885,210787.9,12502.8842885,
2023-10-15 15:25:00+00:00,0.05931,0.05934,0.05934,0.05932,137787.4,0.059327,8174.5130798,137787.4,8174.5130798,
2023-10-15 15:30:00+00:00,0.05931,0.05934,0.05932,0.05934,74730.3,0.059328,4433.5992384,74730.3,4433.5992384,
2023-10-15 15:35:00+00:00,0.05932,0.05934,0.05934,0.05933,73695.9,0.059332,4372.5251388,73695.9,4372.5251388,
2023-10-15 15:40:00+00:00,0.05931,0.05936,0.05933,0.05936,236662.8,0.05934,14043.570552,236662.8,14043.570552,
2023-10-15 15:45:00+00:00,0.05933,0.05936,0.05934,0.05934,168561.2,0.059342,10002.7587304,168561.2,10002.7587304,
2023-10-15 15:50:00+00:00,0.05934,0.05935,0.05935,0.05934,38262.1,0.059345,2270.6643245,38262.1,2270.6643245,
2023-10-15 15:55:00+00:00,0.05933,0.05935,0.05934,0.05934,79527.2,0.05934,4719.144048,79527.2,4719.144048,
2023-10-15 16:00:00+00:00,0.05935,0.05937,0.05935,0.05935,74211.4,0.059355,4404.817647,74211.4,4404.817647,
2023-10-15 16:05:00+00:00,0.05931,0.05935,0.05935,0.05932,101488.0,0.059332,6021.486016,101488.0,6021.486016,
2023-10-15 16:10:00+00:00,0.05931,0.05934,0.05931,0.05931,83192.9,0.059318,4934.8364422,83192.9,4934.8364422,
2023-10-15 16:15:00+00:00,0.05927,0.05932,0.05931,0.05928,221654.6,0.059295,13143.009507,221654.6,13143.009507,
2023-10-15 16:20:00+00:00,0.05928,0.05932,0.05929,0.05932,337617.7,0.059302,20021.4048454,337617.7,20021.4048454,
2023-10-15 16:25:00+00:00,0.05932,0.05936,0.05932,0.05936,463330.9,0.05934,27494.055606,463330.9,27494.055606,
2023-10-15 16:30:00+00:00,0.05936,0.05937,0.05936,0.05937,48138.4,0.059365,2857.736116,48138.4,2857.736116,
2023-10-15 16:35:00+00:00,0.05937,0.0594,0.05937,0.0594,18962.3,0.059385,1126.0761855,18962.3,1126.0761855,
2023-10-15 16:40:00+00:00,0.0594,0.05944,0.0594,0.05944,163047.7,0.05942,9688.294334,163047.7,9688.294334,
2023-10-15 16:45:00+00:00,0.05937,0.05943,0.05943,0.0594,486346.7,0.059408,28892.8847536,486346.7,28892.8847536,
2023-10-15 16:50:00+00:00,0.0594,0.05941,0.05941,0.0594,55706.7,0.059405,3309.2565135,55706.7,3309.2565135,
2023-10-15 16:55:00+00:00,0.05941,0.05942,0.05941,0.05942,50661.5,0.059415,3010.0530225,50661.5,3010.0530225,
2023-10-15 17:00:00+00:00,0.05942,0.05944,0.05942,0.05944,52772.6,0.05943,3136.275618,52772.6,3136.275618,
2023-10-15 17:05:00+00:00,0.05943,0.05946,0.05944,0.05946,9791.8,0.059448,582.1029264,9791.8,582.1029264,
2023-10-15 17:10:00+00:00,0.05943,0.05947,0.05946,0.05943,159160.4,0.059448,9461.7674592,159160.4,9461.7674592,
2023-10-15 17:15:00+00:00,0.05943,0.05947,0.05943,0.05947,98996.9,0.05945,5885.365705,98996.9,5885.365705,
2023-10-15 17:20:00+00:00,0.05947,0.05949,0.05948,0.05948,295490.1,0.05948,17575.751148,295490.1,17575.751148,
2023-10-15 17:25:00+00:00,0.05948,0.05951,0.05948,0.05951,238927.4,0.059495,14214.985663,238927.4,14214.985663,
2023-10-15 17:30:00+00:00,0.05947,0.05953,0.05951,0.05949,293948.5,0.0595,17489.93575,293948.5,17489.93575,
2023-10-15 17:35:00+00:00,0.05949,0.05953,0.0595,0.05952,160528.0,0.05951,9553.02128,160528.0,9553.02128,
2023-10-15 17:40:00+00:00,0.05949,0.05953,0.05953,0.05951,102094.3,0.059515,6076.1422645,102094.3,6076.1422645,
2023-10-15 17:45:00+00:00,0.05947,0.05951,0.05951,0.05947,111165.3,0.05949,6613.223697,111165.3,6613.223697,
2023-10-15 17:50:00+00:00,0.05947,0.05951,0.05948,0.0595,197042.0,0.05949,11722.02858,197042.0,11722.02858,
2023-10-15 17:55:00+00:00,0.05948,0.05951,0.0595,0.0595,124397.9,0.059498,7401.4262542,124397.9,7401.4262542,
2023-10-15 18:00:00+00:00,0.05949,0.05954,0.0595,0.05952,349024.0,0.059513,20771.465312,349024.0,20771.465312,
2023-10-15 18:05:00+00:00,0.0595,0.05953,0.05951,0.05951,225938.1,0.059512,13446.0282072,225938.1,13446.0282072,
2023-10-15 18:10:00+00:00,0.0595,0.05952,0.05951,0.0595,255019.5,0.059508,15175.700406,255019.5,15175.700406,
2023-10-15 18:15:00+00:00,0.05948,0.0595,0.0595,0.05948,276295.5,0.05949,16436.819295,276295.5,16436.819295,
2023-10-15 18:20:00+00:00,0.05947,0.05949,0.05948,0.05949,80409.3,0.059482,4782.9059826,80409.3,4782.9059826,
2023-10-15 18:25:00+00:00,0.05949,0.05955,0.05949,0.05955,347083.5,0.05952,20658.40992,347083.5,20658.40992,
2023-10-15 18:30:00+00:00,0.05953,0.05957,0.05955,0.05956,325397.4,0.059552,19378.0659648,325397.4,19378.0659648,
2023-10-15 18:35:00+00:00,0.05956,0.05962,0.05956,0.0596,304678.5,0.059585,18154.2684225,304678.5,18154.2684225,
2023-10-15 18:40:00+00:00,0.05959,0.05969,0.05959,0.05966,196783.8,0.059632,11734.6115616,196783.8,11734.6115616,
2023-10-15 18:45:00+00:00,0.05966,0.05968,0.05967,0.05967,186753.8,0.05967,11143.599246,186753.8,11143.599246,
2023-10-15 18:50:00+00:00,0.05965,0.05967,0.05966,0.05966,83875.7,0.05966,5004.024262,83875.7,5004.024262,
2023-10-15 18:55:00+00:00,0.05965,0.05967,0.05966,0.05967,244612.8,0.059662,14594.0888736,244612.8,14594.0888736,
2023-10-15 19:00:00+00:00,0.0596,0.05968,0.05967,0.05962,360157.6,0.059642,21480.5195792,360157.6,21480.5195792,
2023-10-15 19:05:00+00:00,0.05963,0.05967,0.05963,0.05965,394126.2,0.059645,23507.657199,394126.2,23507.657199,
2023-10-15 19:10:00+00:00,0.05959,0.05964,0.05964,0.05959,186451.7,0.059615,11115.3180955,186451.7,11115.3180955,
2023-10-15 19:15:00+00:00,0.05956,0.0596,0.05959,0.05957,146609.4,0.05958,8734.988052,146609.4,8734.988052,
2023-10-15 19:20:00+00:00,0.0595,0.05959,0.05957,0.05951,735641.1,0.059542,43801.5423762,735641.1,43801.5423762,
2023-10-15 19:25:00+00:00,0.05949,0.05951,0.05951,0.05951,114352.6,0.059505,6804.551463,114352.6,6804.551463,
2023-10-15 19:30:00+00:00,0.05947,0.05951,0.0595,0.05947,23596.6,0.059488,1403.7145408,23596.6,1403.7145408,
2023-10-15 19:35:00+00:00,0.05947,0.0595,0.05948,0.05948,62316.3,0.059482,3706.6981566,62316.3,3706.6981566,
2023-10-15 19:40:00+00:00,0.05944,0.05948,0.05948,0.05944,61458.8,0.05946,3654.340248,61458.8,3654.340248,
2023-10-15 19:45:00+00:00,0.05942,0.05945,0.05943,0.05942,41455.9,0.05943,2463.724137,41455.9,2463.724137,
2023-10-15 19:50:00+00:00,0.05942,0.05944,0.05943,0.05944,79604.1,0.059432,4731.0308712,79604.1,4731.0308712,
2023-10-15 19:55:00+00:00,0.05943,0.05947,0.05944,0.05947,392837.5,0.059452,23354.97505,392837.5,23354.97505,
2023-10-15 20:00:00+00:00,0.05946,0.05949,0.05947,0.05948,956217.3,0.059475,56871.0239175,956217.3,56871.0239175,
2023-10-15 20:05:00+00:00,0.0594,0.05949,0.05948,0.05942,722862.1,0.059448,42972.7061208,722862.1,42972.7061208,
2023-10-15 20:10:00+00:00,0.05938,0.05944,0.05943,0.0594,188708.7,0.059413,11211.7499931,188708.7,11211.7499931,
2023-10-15 20:15:00+00:00,0.05933,0.05938,0.05938,0.05933,1161647.7,0.059355,68949.5992335,1161647.7,68949.5992335,
2023-10-15 20:20:00+00:00,0.05933,0.05936,0.05934,0.05935,433363.4,0.059345,25717.950973,433363.4,25717.950973,
2023-10-15 20:25:00+00:00,0.05934,0.0594,0.05935,0.0594,252235.8,0.059372,14975.7439176,252235.8,14975.7439176,
2023-10-15 20:30:00+00:00,0.0594,0.05946,0.0594,0.05943,812529.7,0.059422,48282.1398334,812529.7,48282.1398334,
2023-10-15 20:35:00+00:00,0.05942,0.05944,0.05943,0.05944,133453.0,0.059432,7931.378696,133453.0,7931.378696,
2023-10-15 20:40:00+00:00,0.05945,0.05966,0.05945,0.0596,3737034.2,0.05954,222503.016268,3737034.2,222503.016268,
2023-10-15 20:45:00+00:00,0.05955,0.05964,0.0596,0.05963,723594.3,0.059605,43129.8382515,723594.3,43129.8382515,
2023-10-15 20:50:00+00:00,0.05956,0.05963,0.05963,0.0596,418506.4,0.059605,24945.073972,418506.4,24945.073972,
2023-10-15 20:55:00+00:00,0.0596,0.05964,0.05961,0.05963,576117.8,0.05962,34348.143236,576117.8,34348.143236,
2023-10-15 21:00:00+00:00,0.05962,0.05966,0.05963,0.05964,139833.1,0.059638,8339.3664178,139833.1,8339.3664178,
2023-10-15 21:05:00+00:00,0.05945,0.05966,0.05964,0.05946,282706.4,0.059552,16835.7315328,282706.4,16835.7315328,
2023-10-15 21:10:00+00:00,0.05939,0.05946,0.05944,0.05939,515928.3,0.05942,30656.459586,515928.3,30656.459586,
2023-10-15 21:15:00+00:00,0.05937,0.05948,0.05938,0.05948,980071.0,0.059428,58243.659388,980071.0,58243.659388,
2023-10-15 21:20:00+00:00,0.05948,0.05955,0.05948,0.05955,172564.4,0.059515,10270.170266,172564.4,10270.170266,
2023-10-15 21:25:00+00:00,0.05951,0.05956,0.05956,0.05951,344751.0,0.059535,20524.750785,344751.0,20524.750785,
2023-10-15 21:30:00+00:00,0.05952,0.05954,0.05952,0.05953,52915.6,0.059528,3149.9598368,52915.6,3149.9598368,
2023-10-15 21:35:00+00:00,0.05947,0.05953,0.05952,0.05948,117323.7,0.0595,6980.76015,117323.7,6980.76015,
2023-10-15 21:40:00+00:00,0.05938,0.05947,0.05947,0.05942,201711.5,0.059435,11988.7230025,201711.5,11988.7230025,
2023-10-15 21:45:00+00:00,0.0594,0.05942,0.05941,0.05941,344760.8,0.05941,20482.239128,344760.8,20482.239128,
2023-10-15 21:50:00+00:00,0.0594,0.05942,0.0594,0.05942,97017.6,0.05941,5763.815616,97017.6,5763.815616,
2023-10-15 21:55:00+00:00,0.05939,0.05945,0.05941,0.05945,412740.1,0.059425,24527.0804425,412740.1,24527.0804425,
2023-10-15 22:00:00+00:00,0.05942,0.05954,0.05942,0.05954,411591.3,0.05948,24481.450524,411591.3,24481.450524,
2023-10-15 22:05:00+00:00,0.05953,0.05957,0.05954,0.05955,456326.3,0.059547,27172.8621861,456326.3,27172.8621861,
2023-10-15 22:10:00+00:00,0.0595,0.05956,0.05955,0.05955,691957.0,0.05954,41199.11978,691957.0,41199.11978,
2023-10-15 22:15:00+00:00,0.05952,0.05958,0.05955,0.05957,98466.2,0.059555,5864.154541,98466.2,5864.154541,
2023-10-15 22:20:00+00:00,0.05947,0.05957,0.05957,0.05948,608312.0,0.059522,36207.946864,608312.0,36207.946864,
2023-10-15 22:25:00+00:00,0.05947,0.0595,0.05948,0.05948,42326.0,0.059482,2517.635132,42326.0,2517.635132,
2023-10-15 22:30:00+00:00,0.05945,0.0595,0.05948,0.05946,106156.0,0.059472,6313.309632,106156.0,6313.309632,
2023-10-15 22:35:00+00:00,0.05941,0.05946,0.05946,0.05943,78127.6,0.05944,4643.904544,78127.6,4643.904544,
2023-10-15 22:40:00+00:00,0.05938,0.05944,0.05943,0.05938,93592.6,0.059408,5560.1491808,93592.6,5560.1491808,
2023-10-15 22:45:00+00:00,0.05921,0.05938,0.05938,0.05927,774908.2,0.05931,45959.805342,774908.2,45959.805342,
2023-10-15 22:50:00+00:00,0.05922,0.05927,0.05926,0.05923,213686.3,0.059245,12659.8448435,213686.3,12659.8448435,
2023-10-15 22:55:00+00:00,0.05923,0.05929,0.05923,0.05928,253339.9,0.059258,15012.4157942,253339.9,15012.4157942,
2023-10-15 23:00:00+00:00,0.05924,0.05928,0.05927,0.05926,195996.4,0.059262,11615.1386568,195996.4,11615.1386568,
2023-10-15 23:05:00+00:00,0.05925,0.0593,0.05925,0.05925,474860.8,0.059262,28141.2007296,474860.8,28141.2007296,
2023-10-15 23:10:00+00:00,0.05922,0.05928,0.05925,0.05928,488855.1,0.059258,28968.5755158,488855.1,28968.5755158,
2023-10-15 23:15:00+00:00,0.05924,0.05929,0.05928,0.05924,351263.6,0.059263,20816.9347268,351263.6,20816.9347268,
2023-10-15 23:20:00+00:00,0.05922,0.05926,0.05922,0.05925,193766.7,0.059238,11478.3517746,193766.7,11478.3517746,
2023-10-15 23:25:00+00:00,0.05925,0.05929,0.05925,0.05926,173516.0,0.059262,10282.905192,173516.0,10282.905192,
2023-10-15 23:30:00+00:00,0.05925,0.05929,0.05926,0.05928,165344.7,0.05927,9799.980369,165344.7,9799.980369,
2023-10-15 23:35:00+00:00,0.05928,0.05931,0.05929,0.05929,52509.2,0.059293,3113.4279956,52509.2,3113.4279956,
2023-10-15 23:40:00+00:00,0.05927,0.0593,0.05929,0.05927,192226.5,0.059282,11395.571373,192226.5,11395.571373,
2023-10-15 23:45:00+00:00,0.05928,0.05932,0.05929,0.05931,15792.5,0.0593,936.49525,15792.5,936.49525,
2023-10-15 23:50:00+00:00,0.05927,0.05931,0.05931,0.05928,133331.3,0.059292,7905.4794396,133331.3,7905.4794396,
2023-10-15 23:55:00+00:00,0.05927,0.05931,0.05927,0.05931,152208.5,0.05929,9024.441965,152208.5,9024.441965,
2023-10-16 00:00:00+00:00,0.05924,0.0593,0.0593,0.0593,680955.6,0.059285,40370.452746,680955.6,40370.452746,
2023-10-16 00:05:00+00:00,0.05929,0.05936,0.05931,0.05936,187205.8,0.05933,11106.920114,187205.8,11106.920114,
2023-10-16 00:10:00+00:00,0.05936,0.05942,0.05937,0.05937,386788.2,0.05938,22967.483316,386788.2,22967.483316,
2023-10-16 00:15:00+00:00,0.05935,0.05938,0.05938,0.05937,118650.1,0.05937,7044.256437,118650.1,7044.256437,
2023-10-16 00:20:00+00:00,0.05936,0.05941,0.05937,0.05941,62018.1,0.059387,3683.0689047,62018.1,3683.0689047,
2023-10-16 00:25:00+00:00,0.05939,0.05946,0.0594,0.05946,69519.7,0.059427,4131.3472119,69519.7,4131.3472119,
2023-10-16 00:30:00+00:00,0.05946,0.05951,0.05946,0.05949,171299.6,0.05948,10188.900208,171299.6,10188.900208,
2023-10-16 00:35:00+00:00,0.05942,0.05951,0.05951,0.05944,319876.2,0.05947,19023.037614,319876.2,19023.037614,
2023-10-16 00:40:00+00:00,0.0594,0.05944,0.05944,0.0594,112086.8,0.05942,6660.197656,112086.8,6660.197656,
2023-10-16 00:45:00+00:00,0.05939,0.05942,0.0594,0.05939,121120.9,0.0594,7194.58146,121120.9,7194.58146,
2023-10-16 00:50:00+00:00,0.0594,0.05943,0.0594,0.0594,197709.6,0.059408,11745.5319168,197709.6,11745.5319168,
2023-10-16 00:55:00+00:00,0.05935,0.05941,0.0594,0.05939,143145.2,0.059387,8500.9639924,143145.2,8500.9639924,
2023-10-16 01:00:00+00:00,0.05938,0.05942,0.05939,0.05941,257071.0,0.0594,15270.0174,257071.0,15270.0174,
2023-10-16 01:05:00+00:00,0.0594,0.05944,0.05942,0.05942,173388.3,0.05942,10302.732786,173388.3,10302.732786,
2023-10-16 01:10:00+00:00,0.0594,0.05943,0.05942,0.05943,50030.5,0.05942,2972.81231,50030.5,2972.81231,
2023-10-16 01:15:00+00:00,0.05943,0.05949,0.05943,0.05948,285605.4,0.059458,16981.5258732,285605.4,16981.5258732,
2023-10-16 01:20:00+00:00,0.05947,0.05951,0.05948,0.05948,213843.2,0.059485,12720.462752,213843.2,12720.462752,
2023-10-16 01:25:00+00:00,0.05947,0.05957,0.05947,0.05957,543892.2,0.05952,32372.463744,543892.2,32372.463744,
2023-10-16 01:30:00+00:00,0.05958,0.05962,0.05958,0.05961,239040.4,0.059598,14246.3297592,239040.4,14246.3297592,
2023-10-16 01:35:00+00:00,0.05953,0.05961,0.05961,0.05954,262685.1,0.059573,15648.9394623,262685.1,15648.9394623,
2023-10-16 01:40:00+00:00,0.05954,0.05957,0.05956,0.05956,72895.7,0.059558,4341.5221006,72895.7,4341.5221006,
2023-10-16 01:45:00+00:00,0.05955,0.05957,0.05956,0.05956,74573.8,0.05956,4441.615528,74573.8,4441.615528,
2023-10-16 01:50:00+00:00,0.05957,0.05961,0.05957,0.05959,240926.2,0.059585,14355.587627,240926.2,14355.587627,
2023-10-16 01:55:00+00:00,0.05953,0.05961,0.05961,0.05954,415504.6,0.059573,24752.8555358,415504.6,24752.8555358,
2023-10-16 02:00:00+00:00,0.05944,0.05954,0.05954,0.05947,140310.0,0.059498,8348.16438,140310.0,8348.16438,
2023-10-16 02:05:00+00:00,0.05946,0.05953,0.05946,0.05951,368938.3,0.05949,21948.139467,368938.3,21948.139467,
2023-10-16 02:10:00+00:00,0.05949,0.05954,0.05952,0.05954,102070.8,0.059522,6075.4581576,102070.8,6075.4581576,
2023-10-16 02:15:00+00:00,0.05953,0.05957,0.05954,0.05957,69016.9,0.059552,4110.0944288,69016.9,4110.0944288,
2023-10-16 02:20:00+00:00,0.05956,0.05959,0.05957,0.05958,267492.8,0.059575,15935.88356,267492.8,15935.88356,
2023-10-16 02:25:00+00:00,0.05957,0.05961,0.05957,0.0596,166513.4,0.059588,9922.2004792,166513.4,9922.2004792,
2023-10-16 02:30:00+00:00,0.05954,0.05961,0.0596,0.05954,210853.5,0.059573,12561.1755555,210853.5,12561.1755555,
2023-10-16 02:35:00+00:00,0.05954,0.05956,0.05955,0.05954,200964.9,0.059548,11967.0578652,200964.9,11967.0578652,
2023-10-16 02:40:00+00:00,0.0595,0.05954,0.05954,0.05951,110003.6,0.059523,6547.7442828,110003.6,6547.7442828,
2023-10-16 02:45:00+00:00,0.05946,0.05952,0.05951,0.05947,176391.9,0.05949,10493.554131,176391.9,10493.554131,
2023-10-16 02:50:00+00:00,0.05941,0.05946,0.05946,0.05943,936493.4,0.05944,55665.167696,936493.4,55665.167696,
2023-10-16 02:55:00+00:00,0.05942,0.05944,0.05943,0.05944,44281.6,0.059432,2631.7440512,44281.6,2631.7440512,
2023-10-16 03:00:00+00:00,0.05938,0.05944,0.05944,0.05939,63608.5,0.059412,3779.108202,63608.5,3779.108202,
2023-10-16 03:05:00+00:00,0.05937,0.0594,0.05939,0.0594,40722.7,0.05939,2418.521153,40722.7,2418.521153,
2023-10-16 03:10:00+00:00,0.05939,0.0594,0.0594,0.0594,21900.0,0.059398,1300.8162,21900.0,1300.8162,
2023-10-16 03:15:00+00:00,0.05939,0.05941,0.05939,0.0594,103966.6,0.059398,6175.4081068,103966.6,6175.4081068,
2023-10-16 03:20:00+00:00,0.05939,0.05942,0.0594,0.0594,235499.3,0.059403,13989.3649179,235499.3,13989.3649179,
2023-10-16 03:25:00+00:00,0.0594,0.05943,0.05941,0.05943,215337.4,0.059418,12794.9176332,215337.4,12794.9176332,
2023-10-16 03:30:00+00:00,0.05942,0.05944,0.05943,0.05943,33267.4,0.05943,1977.081582,33267.4,1977.081582,
2023-10-16 03:35:00+00:00,0.05941,0.05945,0.05943,0.05941,142410.2,0.059425,8462.726135,142410.2,8462.726135,
2023-10-16 03:40:00+00:00,0.0594,0.05944,0.05941,0.05941,269224.3,0.059415,15995.9617845,269224.3,15995.9617845,
2023-10-16 03:45:00+00:00,0.05941,0.05943,0.05942,0.05942,104316.5,0.05942,6198.48643,104316.5,6198.48643,
2023-10-16 03:50:00+00:00,0.05941,0.05942,0.05942,0.05942,17147.0,0.059418,1018.840446,17147.0,1018.840446,
2023-10-16 03:55:00+00:00,0.05942,0.05944,0.05942,0.05944,66775.9,0.05943,3968.491737,66775.9,3968.491737,
2023-10-16 04:00:00+00:00,0.05943,0.05945,0.05943,0.05944,241925.2,0.059438,14379.5500376,241925.2,14379.5500376,
2023-10-16 04:05:00+00:00,0.05941,0.05943,0.05943,0.05942,120658.3,0.059422,7169.7575026,120658.3,7169.7575026,
2023-10-16 04:10:00+00:00,0.05939,0.05942,0.05942,0.05939,135072.1,0.059405,8023.9581005,135072.1,8023.9581005,
2023-10-16 04:15:00+00:00,0.05935,0.05939,0.05939,0.05936,46714.7,0.059372,2773.5451684,46714.7,2773.5451684,
2023-10-16 04:20:00+00:00,0.05934,0.05937,0.05935,0.05934,29238.8,0.05935,1735.32278,29238.8,1735.32278,
2023-10-16 04:25:00+00:00,0.05932,0.05934,0.05933,0.05934,101614.8,0.059332,6029.0093136,101614.8,6029.0093136,
2023-10-16 04:30:00+00:00,0.05933,0.05935,0.05934,0.05934,163491.3,0.05934,9701.573742,163491.3,9701.573742,
2023-10-16 04:35:00+00:00,0.05925,0.05935,0.05933,0.05927,878626.1,0.0593,52102.52773,878626.1,52102.52773,
2023-10-16 04:40:00+00:00,0.05926,0.05929,0.05927,0.05929,245038.3,0.059278,14525.3803474,245038.3,14525.3803474,
2023-10-16 04:45:00+00:00,0.05929,0.05934,0.05929,0.05933,571648.7,0.059312,33905.6276944,571648.7,33905.6276944,
2023-10-16 04:50:00+00:00,0.05933,0.05939,0.05934,0.05936,376667.4,0.059355,22357.093527,376667.4,22357.093527,
2023-10-16 04:55:00+00:00,0.05933,0.05941,0.05938,0.05936,432456.9,0.05937,25674.966153,432456.9,25674.966153,
2023-10-16 05:00:00+00:00,0.05934,0.05939,0.05935,0.05936,115815.3,0.05936,6874.796208,115815.3,6874.796208,
2023-10-16 05:05:00+00:00,0.05934,0.05936,0.05935,0.05936,34324.7,0.059352,2037.2395944,34324.7,2037.2395944,
2023-10-16 05:10:00+00:00,0.05934,0.05938,0.05935,0.05936,128154.6,0.059358,7607.0007468,128154.6,7607.0007468,
2023-10-16 05:15:00+00:00,0.05935,0.05982,0.05937,0.05978,10818809.0,0.05958,644584.64022,10818809.0,644584.64022,
2023-10-16 05:20:00+00:00,0.05972,0.05992,0.05978,0.05984,2073335.4,0.059815,124016.556951,2073335.4,124016.556951,
2023-10-16 05:25:00+00:00,0.05984,0.06005,0.05984,0.06,1826956.7,0.059932,109493.1689444,1826956.7,109493.1689444,
2023-10-16 05:30:00+00:00,0.05995,0.06013,0.06,0.06007,2448465.5,0.060038,147000.971689,2448465.5,147000.971689,
2023-10-16 05:35:00+00:00,0.06006,0.06031,0.06006,0.06028,2194641.0,0.060178,132069.106098,2194641.0,132069.106098,
2023-10-16 05:40:00+00:00,0.06004,0.06029,0.06028,0.06006,1069644.9,0.060168,64358.3943432,1069644.9,64358.3943432,
2023-10-16 05:45:00+00:00,0.06001,0.0601,0.06007,0.06006,665533.2,0.06006,39971.923992,665533.2,39971.923992,
2023-10-16 05:50:00+00:00,0.06008,0.06024,0.06008,0.06015,713264.2,0.060138,42894.2824596,713264.2,42894.2824596,
2023-10-16 05:55:00+00:00,0.0601,0.06015,0.06014,0.0601,226488.6,0.060122,13616.9476092,226488.6,13616.9476092,
2023-10-16 06:00:00+00:00,0.05998,0.06013,0.06011,0.05998,532330.3,0.06005,31966.434515,532330.3,31966.434515,
2023-10-16 06:05:00+00:00,0.05995,0.06007,0.05999,0.05997,395908.9,0.059995,23752.5544555,395908.9,23752.5544555,
2023-10-16 06:10:00+00:00,0.05998,0.06007,0.05998,0.06006,198655.5,0.060022,11923.700421,198655.5,11923.700421,
2023-10-16 06:15:00+00:00,0.06002,0.06008,0.06007,0.06007,247457.8,0.06006,14862.315468,247457.8,14862.315468,
2023-10-16 06:20:00+00:00,0.05999,0.06007,0.06007,0.06,154028.4,0.060032,9246.6329088,154028.4,9246.6329088,
2023-10-16 06:25:00+00:00,0.05991,0.06003,0.06,0.05991,635787.1,0.059962,38123.0660902,635787.1,38123.0660902,
2023-10-16 06:30:00+00:00,0.0599,0.06002,0.0599,0.06,527914.9,0.059955,31651.1378295,527914.9,31651.1378295,
2023-10-16 06:35:00+00:00,0.05999,0.06008,0.06003,0.06008,375346.1,0.060045,22537.6565745,375346.1,22537.6565745,
2023-10-16 06:40:00+00:00,0.06007,0.06016,0.06009,0.06013,372200.3,0.060112,22373.7044336,372200.3,22373.7044336,
2023-10-16 06:45:00+00:00,0.06008,0.06013,0.06012,0.06008,418453.1,0.060102,25149.8682162,418453.1,25149.8682162,
2023-10-16 06:50:00+00:00,0.06006,0.0601,0.06009,0.06007,83823.4,0.06008,5036.109872,83823.4,5036.109872,
2023-10-16 06:55:00+00:00,0.06007,0.06011,0.06007,0.0601,118337.4,0.060088,7110.6576912,118337.4,7110.6576912,
2023-10-16 07:00:00+00:00,0.06007,0.0601,0.0601,0.06008,37371.0,0.060087,2245.511277,37371.0,2245.511277,
2023-10-16 07:05:00+00:00,0.06004,0.06009,0.06007,0.06008,206629.1,0.06007,12412.210037,206629.1,12412.210037,
2023-10-16 07:10:00+00:00,0.06002,0.06007,0.06007,0.06004,152646.3,0.06005,9166.410315,152646.3,9166.410315,
2023-10-16 07:15:00+00:00,0.06002,0.06008,0.06002,0.06007,125699.8,0.060048,7548.0215904,125699.8,7548.0215904,
2023-10-16 07:20:00+00:00,0.06005,0.06006,0.06006,0.06005,13585.9,0.060055,815.9012245,13585.9,815.9012245,
2023-10-16 07:25:00+00:00,0.06004,0.06008,0.06004,0.06008,125322.7,0.06006,7526.881362,125322.7,7526.881362,
2023-10-16 07:30:00+00:00,0.06007,0.0601,0.06009,0.06007,120652.2,0.060082,7249.0254804,120652.2,7249.0254804,
2023-10-16 07:35:00+00:00,0.06005,0.06011,0.06007,0.0601,249151.6,0.060082,14969.5264312,249151.6,14969.5264312,
2023-10-16 07:40:00+00:00,0.06008,0.06012,0.06011,0.06009,93462.6,0.0601,5617.10226,93462.6,5617.10226,
2023-10-16 07:45:00+00:00,0.06008,0.06009,0.06009,0.06008,99552.8,0.060085,5981.629988,99552.8,5981.629988,
2023-10-16 07:50:00+00:00,0.06005,0.06008,0.06008,0.06005,15803.3,0.060065,949.2252145,15803.3,949.2252145,
2023-10-16 07:55:00+00:00,0.05999,0.06004,0.06003,0.06001,125890.7,0.060018,7555.7080326,125890.7,7555.7080326,
2023-10-16 08:00:00+00:00,0.06003,0.06012,0.06003,0.0601,447481.0,0.06007,26880.18367,447481.0,26880.18367,
2023-10-16 08:05:00+00:00,0.06005,0.06011,0.0601,0.06005,365151.0,0.060078,21937.541778,365151.0,21937.541778,
2023-10-16 08:10:00+00:00,0.06001,0.06005,0.06005,0.06001,219961.7,0.06003,13204.300851,219961.7,13204.300851,
2023-10-16 08:15:00+00:00,0.06,0.06004,0.06001,0.06004,170936.0,0.060022,10259.920592,170936.0,10259.920592,
2023-10-16 08:20:00+00:00,0.05998,0.06003,0.06003,0.06002,278594.0,0.060015,16719.81891,278594.0,16719.81891,
2023-10-16 08:25:00+00:00,0.06001,0.06002,0.06002,0.06002,48337.2,0.060017,2901.0537324,48337.2,2901.0537324,
2023-10-16 08:30:00+00:00,0.06003,0.06006,0.06003,0.06003,160161.9,0.060038,9615.8001522,160161.9,9615.8001522,
2023-10-16 08:35:00+00:00,0.06,0.06003,0.06003,0.06001,32969.8,0.060018,1978.7814564,32969.8,1978.7814564,
2023-10-16 08:40:00+00:00,0.05998,0.06001,0.06001,0.06,140891.5,0.06,8453.49,140891.5,8453.49,
2023-10-16 08:45:00+00:00,0.05994,0.06001,0.06,0.05995,506976.3,0.059975,30405.9035925,506976.3,30405.9035925,
2023-10-16 08:50:00+00:00,0.05992,0.05995,0.05995,0.05995,78336.3,0.059942,4695.6344946,78336.3,4695.6344946,
2023-10-16 08:55:00+00:00,0.0599,0.05995,0.05994,0.0599,78675.3,0.059922,4714.3813266,78675.3,4714.3813266,
2023-10-16 09:00:00+00:00,0.05987,0.05992,0.05991,0.05987,45776.1,0.059892,2741.6221812,45776.1,2741.6221812,
2023-10-16 09:05:00+00:00,0.05971,0.05987,0.05987,0.05972,304886.6,0.059792,18229.7795872,304886.6,18229.7795872,
2023-10-16 09:10:00+00:00,0.05968,0.05973,0.05971,0.05973,472028.4,0.059712,28185.7598208,472028.4,28185.7598208,
2023-10-16 09:15:00+00:00,0.05969,0.05977,0.05974,0.05973,625430.4,0.059732,37358.2086528,625430.4,37358.2086528,
2023-10-16 09:20:00+00:00,0.05969,0.05978,0.05973,0.05971,355803.0,0.059728,21251.401584,355803.0,21251.401584,
2023-10-16 09:25:00+00:00,0.0597,0.05975,0.05971,0.05971,146939.9,0.059717,8774.8100083,146939.9,8774.8100083,
2023-10-16 09:30:00+00:00,0.0597,0.05979,0.05972,0.05977,135367.0,0.059745,8087.501415,135367.0,8087.501415,
2023-10-16 09:35:00+00:00,0.05978,0.05981,0.05978,0.0598,64976.0,0.059792,3885.044992,64976.0,3885.044992,
2023-10-16 09:40:00+00:00,0.0598,0.05981,0.0598,0.05981,42288.4,0.059805,2529.057762,42288.4,2529.057762,
2023-10-16 09:45:00+00:00,0.05982,0.05987,0.05982,0.05985,235082.2,0.05984,14067.318848,235082.2,14067.318848,
2023-10-16 09:50:00+00:00,0.05983,0.05989,0.05986,0.05986,287561.1,0.05986,17213.407446,287561.1,17213.407446,
2023-10-16 09:55:00+00:00,0.05984,0.06053,0.05986,0.06025,13173741.7,0.06012,792005.351004,13173741.7,792005.351004,
2023-10-16 10:00:00+00:00,0.06019,0.06057,0.06025,0.06048,4898711.5,0.060372,295745.010678,4898711.5,295745.010678,
2023-10-16 10:05:00+00:00,0.06036,0.06055,0.06046,0.06036,1273334.6,0.060432,76950.1565472,1273334.6,76950.1565472,
2023-10-16 10:10:00+00:00,0.06036,0.06043,0.06036,0.06041,399396.8,0.06039,24119.572752,399396.8,24119.572752,
2023-10-16 10:15:00+00:00,0.06033,0.06043,0.06042,0.06033,191017.8,0.060378,11533.2727284,191017.8,11533.2727284,
2023-10-16 10:20:00+00:00,0.06027,0.06034,0.06033,0.06028,223530.2,0.060305,13479.988711,223530.2,13479.988711,
2023-10-16 10:25:00+00:00,0.06015,0.06027,0.06027,0.0602,1729425.9,0.060222,104149.4865498,1729425.9,104149.4865498,
2023-10-16 10:30:00+00:00,0.0602,0.06027,0.0602,0.06026,152435.2,0.060232,9181.4769664,152435.2,9181.4769664,
2023-10-16 10:35:00+00:00,0.06025,0.06029,0.06026,0.06028,196650.4,0.06027,11852.119608,196650.4,11852.119608,
2023-10-16 10:40:00+00:00,0.06026,0.06034,0.06027,0.06032,719997.6,0.060298,43414.4152848,719997.6,43414.4152848,
2023-10-16 10:45:00+00:00,0.06024,0.06034,0.06033,0.06026,108988.6,0.060293,6571.2496598,108988.6,6571.2496598,
2023-10-16 10:50:00+00:00,0.06021,0.06026,0.06025,0.06022,101222.7,0.060235,6097.1493345,101222.7,6097.1493345,
2023-10-16 10:55:00+00:00,0.05985,0.06023,0.06022,0.05993,5735576.4,0.060058,344467.2474312,5735576.4,344467.2474312,
2023-10-16 11:00:00+00:00,0.0599,0.05999,0.05993,0.05993,373531.9,0.059938,22388.7550222,373531.9,22388.7550222,
2023-10-16 11:05:00+00:00,0.05986,0.05993,0.05992,0.05991,217575.8,0.059905,13033.878299,217575.8,13033.878299,
2023-10-16 11:10:00+00:00,0.05983,0.0599,0.0599,0.05986,620497.6,0.059872,37150.4323072,620497.6,37150.4323072,
2023-10-16 11:15:00+00:00,0.05985,0.05988,0.05987,0.05985,166947.7,0.059862,9993.8232174,166947.7,9993.8232174,
2023-10-16 11:20:00+00:00,0.05981,0.05991,0.05985,0.05991,604621.6,0.05987,36198.695192,604621.6,36198.695192,
2023-10-16 11:25:00+00:00,0.0598,0.0599,0.0599,0.05985,623082.9,0.059862,37298.9885598,623082.9,37298.9885598,
2023-10-16 11:30:00+00:00,0.05975,0.05984,0.05984,0.05978,269576.8,0.059802,16121.2317936,269576.8,16121.2317936,
2023-10-16 11:35:00+00:00,0.05973,0.05984,0.05977,0.05984,439893.0,0.059795,26303.401935,439893.0,26303.401935,
2023-10-16 11:40:00+00:00,0.05981,0.05983,0.05983,0.05983,24582.5,0.059825,1470.6480625,24582.5,1470.6480625,
2023-10-16 11:45:00+00:00,0.05977,0.05985,0.05984,0.0598,161136.0,0.059815,9638.34984,161136.0,9638.34984,
2023-10-16 11:50:00+00:00,0.0598,0.05983,0.05981,0.05982,28736.2,0.059815,1718.855803,28736.2,1718.855803,
2023-10-16 11:55:00+00:00,0.05983,0.05986,0.05983,0.05985,186477.8,0.059842,11159.2045076,186477.8,11159.2045076,
2023-10-16 12:00:00+00:00,0.05981,0.05986,0.05986,0.05981,3733672.6,0.059835,223404.300021,3733672.6,223404.300021,
2023-10-16 12:05:00+00:00,0.05981,0.05987,0.05981,0.05986,210710.6,0.059838,12608.5008828,210710.6,12608.5008828,
2023-10-16 12:10:00+00:00,0.05986,0.0599,0.05986,0.05988,170208.7,0.059875,10191.2459125,170208.7,10191.2459125,
2023-10-16 12:15:00+00:00,0.05987,0.05992,0.05987,0.05992,80827.9,0.059895,4841.1870705,80827.9,4841.1870705,
2023-10-16 12:20:00+00:00,0.05989,0.05995,0.05993,0.05995,271315.9,0.05993,16259.961887,271315.9,16259.961887,
2023-10-16 12:25:00+00:00,0.05995,0.06003,0.05995,0.06,383706.1,0.059982,23015.4592902,383706.1,23015.4592902,
2023-10-16 12:30:00+00:00,0.05997,0.06002,0.06001,0.06001,83201.2,0.060002,4992.2384024,83201.2,4992.2384024,
2023-10-16 12:35:00+00:00,0.06003,0.06011,0.06003,0.06009,290019.8,0.060065,17420.039287,290019.8,17420.039287,
2023-10-16 12:40:00+00:00,0.0601,0.06013,0.0601,0.06011,193804.1,0.06011,11649.564451,193804.1,11649.564451,
2023-10-16 12:45:00+00:00,0.06008,0.06014,0.06011,0.06013,1077500.4,0.060115,64773.936546,1077500.4,64773.936546,
2023-10-16 12:50:00+00:00,0.06014,0.0602,0.06015,0.06019,65673.3,0.06017,3951.562461,65673.3,3951.562461,
2023-10-16 12:55:00+00:00,0.06014,0.06021,0.06018,0.0602,205073.6,0.060182,12341.7393952,205073.6,12341.7393952,
2023-10-16 13:00:00+00:00,0.06016,0.06023,0.0602,0.06021,222775.8,0.0602,13411.10316,222775.8,13411.10316,
2023-10-16 13:05:00+00:00,0.06017,0.06023,0.06021,0.06021,61036.0,0.060205,3674.67238,61036.0,3674.67238,
2023-10-16 13:10:00+00:00,0.06014,0.06021,0.06021,0.06021,580694.0,0.060192,34953.133248,580694.0,34953.133248,
2023-10-16 13:15:00+00:00,0.06015,0.06023,0.06021,0.0602,304238.0,0.060198,18314.519124,304238.0,18314.519124,
2023-10-16 13:20:00+00:00,0.06019,0.06034,0.0602,0.06028,2335186.8,0.060252,140699.6750736,2335186.8,140699.6750736,
2023-10-16 13:25:00+00:00,0.0603,0.06123,0.0603,0.0612,13074804.3,0.060758,794398.9596594,13074804.3,794398.9596594,
2023-10-16 13:30:00+00:00,0.0609,0.06174,0.06122,0.06092,15489692.8,0.061195,947891.750896,15489692.8,947891.750896,
2023-10-16 13:35:00+00:00,0.06057,0.06093,0.06093,0.06081,2914094.2,0.06081,177206.068302,2914094.2,177206.068302,
2023-10-16 13:40:00+00:00,0.05983,0.06078,0.06078,0.0601,8387166.5,0.060372,506350.015938,8387166.5,506350.015938,
2023-10-16 13:45:00+00:00,0.05916,0.06029,0.06008,0.05917,4485410.5,0.059675,267666.8715875,4485410.5,267666.8715875,
2023-10-16 13:50:00+00:00,0.05911,0.0599,0.05917,0.05986,4293261.6,0.05951,255491.997816,4293261.6,255491.997816,
2023-10-16 13:55:00+00:00,0.0598,0.06002,0.05986,0.05994,2527860.2,0.059905,151431.465281,2527860.2,151431.465281,
2023-10-16 14:00:00+00:00,0.05991,0.06007,0.05995,0.06006,718995.6,0.059998,43138.2980088,718995.6,43138.2980088,
2023-10-16 14:05:00+00:00,0.05982,0.06008,0.06007,0.05991,1062720.5,0.05997,63731.348385,1062720.5,63731.348385,
2023-10-16 14:10:00+00:00,0.05986,0.06002,0.05992,0.05993,329045.4,0.059932,19720.3489128,329045.4,19720.3489128,
2023-10-16 14:15:00+00:00,0.05993,0.06001,0.05993,0.05997,610966.4,0.05996,36633.545344,610966.4,36633.545344,
2023-10-16 14:20:00+00:00,0.05997,0.06022,0.05999,0.06021,2051516.8,0.060098,123292.0566464,2051516.8,123292.0566464,
2023-10-16 14:25:00+00:00,0.06013,0.06022,0.0602,0.06018,248565.7,0.060182,14959.1809574,248565.7,14959.1809574,
2023-10-16 14:30:00+00:00,0.06019,0.06034,0.0602,0.06025,255550.8,0.060245,15395.657946,255550.8,15395.657946,
2023-10-16 14:35:00+00:00,0.06016,0.06029,0.06026,0.06017,551645.8,0.06022,33220.110076,551645.8,33220.110076,
2023-10-16 14:40:00+00:00,0.0601,0.0602,0.06016,0.06019,1110076.3,0.060162,66784.4103606,1110076.3,66784.4103606,
2023-10-16 14:45:00+00:00,0.06009,0.0602,0.06019,0.06013,356215.0,0.060152,21427.04468,356215.0,21427.04468,
2023-10-16 14:50:00+00:00,0.06009,0.06014,0.06013,0.06013,401048.9,0.060122,24111.8619658,401048.9,24111.8619658,
2023-10-16 14:55:00+00:00,0.06009,0.06015,0.06013,0.06013,174331.5,0.060125,10481.6814375,174331.5,10481.6814375,
2023-10-16 15:00:00+00:00,0.06008,0.06018,0.06014,0.06015,1416726.2,0.060138,85199.0802156,1416726.2,85199.0802156,
2023-10-16 15:05:00+00:00,0.06002,0.06015,0.06015,0.06003,564940.4,0.060088,33946.1387552,564940.4,33946.1387552,
2023-10-16 15:10:00+00:00,0.05996,0.06006,0.06002,0.06006,488343.2,0.060025,29312.80058,488343.2,29312.80058,
2023-10-16 15:15:00+00:00,0.05998,0.06009,0.06008,0.05998,270459.2,0.060032,16236.2066944,270459.2,16236.2066944,
2023-10-16 15:20:00+00:00,0.05986,0.05998,0.05998,0.05987,166708.5,0.059922,9989.506737,166708.5,9989.506737,
2023-10-16 15:25:00+00:00,0.05986,0.05991,0.05987,0.05988,367195.5,0.05988,21987.66654,367195.5,21987.66654,
2023-10-16 15:30:00+00:00,0.05985,0.05992,0.05988,0.05988,192511.3,0.059883,11528.1541779,192511.3,11528.1541779,
2023-10-16 15:35:00+00:00,0.05977,0.05985,0.05984,0.05978,269606.5,0.05981,16125.164765,269606.5,16125.164765,
2023-10-16 15:40:00+00:00,0.05964,0.05978,0.05978,0.05971,533878.6,0.059728,31887.5010208,533878.6,31887.5010208,
2023-10-16 15:45:00+00:00,0.05969,0.05979,0.0597,0.05978,275307.1,0.05974,16446.846154,275307.1,16446.846154,
2023-10-16 15:50:00+00:00,0.05975,0.05981,0.05978,0.05975,121543.8,0.059772,7264.9160136,121543.8,7264.9160136,
2023-10-16 15:55:00+00:00,0.05971,0.05977,0.05975,0.05972,75375.1,0.059738,4502.7577238,75375.1,4502.7577238,
2023-10-16 16:00:00+00:00,0.05971,0.05979,0.05971,0.05978,219275.2,0.059747,13101.0353744,219275.2,13101.0353744,
2023-10-16 16:05:00+00:00,0.05975,0.05981,0.05977,0.05981,413398.9,0.059785,24715.0532365,413398.9,24715.0532365,
2023-10-16 16:10:00+00:00,0.0598,0.05986,0.05981,0.05986,299940.7,0.059832,17946.0519624,299940.7,17946.0519624,
2023-10-16 16:15:00+00:00,0.05983,0.05989,0.05986,0.05989,110542.2,0.059868,6617.9404296,110542.2,6617.9404296,
2023-10-16 16:20:00+00:00,0.05982,0.05989,0.05988,0.05983,255751.3,0.059855,15307.9940615,255751.3,15307.9940615,
2023-10-16 16:25:00+00:00,0.05977,0.05982,0.05981,0.05981,181926.0,0.059802,10879.538652,181926.0,10879.538652,
2023-10-16 16:30:00+00:00,0.05976,0.05982,0.05982,0.05977,328277.8,0.059792,19628.3862176,328277.8,19628.3862176,
2023-10-16 16:35:00+00:00,0.05975,0.05983,0.05978,0.05982,187826.6,0.059795,11231.091547,187826.6,11231.091547,
2023-10-16 16:40:00+00:00,0.0598,0.05983,0.05982,0.05983,180752.5,0.05982,10812.61455,180752.5,10812.61455,
2023-10-16 16:45:00+00:00,0.05983,0.05986,0.05983,0.05983,301556.2,0.059837,18044.2183394,301556.2,18044.2183394,
2023-10-16 16:50:00+00:00,0.05984,0.05986,0.05984,0.05985,98994.4,0.059848,5924.6168512,98994.4,5924.6168512,
2023-10-16 16:55:00+00:00,0.05982,0.05986,0.05985,0.05986,155349.5,0.059848,9297.356876,155349.5,9297.356876,
2023-10-16 17:00:00+00:00,0.05986,0.05988,0.05987,0.05988,77388.7,0.059872,4633.4162464,77388.7,4633.4162464,
2023-10-16 17:05:00+00:00,0.05988,0.05993,0.05989,0.05992,55273.0,0.059905,3311.129065,55273.0,3311.129065,
2023-10-16 17:10:00+00:00,0.05992,0.06,0.05992,0.05995,296744.8,0.059948,17789.2572704,296744.8,17789.2572704,
2023-10-16 17:15:00+00:00,0.05996,0.06001,0.05996,0.06,342281.8,0.059982,20530.7469276,342281.8,20530.7469276,
2023-10-16 17:20:00+00:00,0.05987,0.05999,0.05999,0.05987,209647.9,0.05993,12564.198647,209647.9,12564.198647,
2023-10-16 17:25:00+00:00,0.05982,0.05989,0.05988,0.05982,966572.2,0.059852,57851.2793144,966572.2,57851.2793144,
2023-10-16 17:30:00+00:00,0.05976,0.05982,0.05981,0.0598,442216.7,0.059798,26443.6742266,442216.7,26443.6742266,
2023-10-16 17:35:00+00:00,0.05977,0.05983,0.0598,0.05978,223426.5,0.059795,13359.7875675,223426.5,13359.7875675,
2023-10-16 17:40:00+00:00,0.05977,0.05984,0.05978,0.05984,181122.0,0.059808,10832.544576,181122.0,10832.544576,
2023-10-16 17:45:00+00:00,0.05981,0.05984,0.05984,0.05982,28103.4,0.059827,1681.3421118,28103.4,1681.3421118,
2023-10-16 17:50:00+00:00,0.05981,0.05983,0.05981,0.05983,29392.4,0.05982,1758.253368,29392.4,1758.253368,
2023-10-16 17:55:00+00:00,0.05983,0.05989,0.05983,0.05989,282339.1,0.05986,16900.818526,282339.1,16900.818526,
2023-10-16 18:00:00+00:00,0.0599,0.05997,0.0599,0.05992,199335.8,0.059922,11944.5998076,199335.8,11944.5998076,
2023-10-16 18:05:00+00:00,0.0599,0.05997,0.05993,0.05997,160783.1,0.059942,9637.6605802,160783.1,9637.6605802,
2023-10-16 18:10:00+00:00,0.05994,0.06002,0.05998,0.06002,1805715.4,0.05999,108324.866846,1805715.4,108324.866846,
2023-10-16 18:15:00+00:00,0.06,0.06007,0.06002,0.06001,434890.3,0.060025,26104.2902575,434890.3,26104.2902575,
2023-10-16 18:20:00+00:00,0.05995,0.06002,0.06,0.05996,659778.5,0.059982,39574.833987,659778.5,39574.833987,
2023-10-16 18:25:00+00:00,0.05995,0.05999,0.05995,0.05996,144786.8,0.059962,8681.7061016,144786.8,8681.7061016,
2023-10-16 18:30:00+00:00,0.05987,0.05996,0.05996,0.0599,576897.7,0.059922,34568.8639794,576897.7,34568.8639794,
2023-10-16 18:35:00+00:00,0.05989,0.05992,0.0599,0.05992,79646.6,0.059908,4771.4685128,79646.6,4771.4685128,
2023-10-16 18:40:00+00:00,0.05989,0.05993,0.0599,0.05992,67499.7,0.05991,4043.907027,67499.7,4043.907027,
2023-10-16 18:45:00+00:00,0.05992,0.05999,0.05992,0.05999,268814.2,0.059955,16116.755361,268814.2,16116.755361,
2023-10-16 18:50:00+00:00,0.05996,0.06008,0.05999,0.06007,381374.7,0.060025,22892.0163675,381374.7,22892.0163675,
2023-10-16 18:55:00+00:00,0.06007,0.06011,0.06009,0.06011,289235.5,0.060095,17381.6073725,289235.5,17381.6073725,
2023-10-16 19:00:00+00:00,0.06006,0.06025,0.06011,0.06021,555743.9,0.060158,33432.4415362,555743.9,33432.4415362,
2023-10-16 19:05:00+00:00,0.0602,0.06031,0.06021,0.06025,1115111.5,0.060242,67176.546983,1115111.5,67176.546983,
2023-10-16 19:10:00+00:00,0.0602,0.06027,0.06024,0.06026,3333875.6,0.060243,200842.6677708,3333875.6,200842.6677708,
2023-10-16 19:15:00+00:00,0.06015,0.06029,0.06027,0.06016,499946.6,0.060218,30105.7843588,499946.6,30105.7843588,
2023-10-16 19:20:00+00:00,0.06015,0.06021,0.06016,0.06021,278484.7,0.060182,16759.7662154,278484.7,16759.7662154,
2023-10-16 19:25:00+00:00,0.06015,0.0602,0.0602,0.06017,44158.9,0.06018,2657.482602,44158.9,2657.482602,
2023-10-16 19:30:00+00:00,0.06007,0.06019,0.06019,0.06008,169245.9,0.060132,10177.0944588,169245.9,10177.0944588,
2023-10-16 19:35:00+00:00,0.05999,0.0601,0.06008,0.05999,294467.0,0.06004,17679.79868,294467.0,17679.79868,
2023-10-16 19:40:00+00:00,0.05995,0.06008,0.05999,0.06001,3926327.0,0.060008,235611.030616,3926327.0,235611.030616,
2023-10-16 19:45:00+00:00,0.05998,0.06008,0.06001,0.06006,611980.7,0.060032,36738.4253824,611980.7,36738.4253824,
2023-10-16 19:50:00+00:00,0.06005,0.06009,0.06006,0.06007,312061.8,0.060067,18744.6161406,312061.8,18744.6161406,
2023-10-16 19:55:00+00:00,0.05999,0.06007,0.06006,0.06002,169975.6,0.060035,10204.485146,169975.6,10204.485146,
2023-10-16 20:00:00+00:00,0.05999,0.06006,0.06005,0.06001,105668.9,0.060028,6343.0927292,105668.9,6343.0927292,
2023-10-16 20:05:00+00:00,0.05999,0.06003,0.06003,0.06003,23231.4,0.06002,1394.348628,23231.4,1394.348628,
2023-10-16 20:10:00+00:00,0.06001,0.06006,0.06002,0.06005,220011.4,0.060035,13208.384399,220011.4,13208.384399,
2023-10-16 20:15:00+00:00,0.06003,0.06006,0.06005,0.06005,132699.8,0.060048,7968.3575904,132699.8,7968.3575904,
2023-10-16 20:20:00+00:00,0.06005,0.06012,0.06006,0.06011,57719.9,0.060085,3468.1001915,57719.9,3468.1001915,
2023-10-16 20:25:00+00:00,0.06009,0.06013,0.06011,0.06012,32064.6,0.060112,1927.4672352,32064.6,1927.4672352,
2023-10-16 20:30:00+00:00,0.06004,0.06013,0.06013,0.06007,2752951.4,0.060093,165433.1084802,2752951.4,165433.1084802,
2023-10-16 20:35:00+00:00,0.06006,0.0601,0.06007,0.06009,368894.1,0.06008,22163.157528,368894.1,22163.157528,
2023-10-16 20:40:00+00:00,0.06005,0.0601,0.06009,0.06006,396020.8,0.060075,23790.94956,396020.8,23790.94956,
2023-10-16 20:45:00+00:00,0.06005,0.06009,0.06006,0.06006,77019.4,0.060065,4626.170261,77019.4,4626.170261,
2023-10-16 20:50:00+00:00,0.05997,0.06007,0.06006,0.05997,157615.1,0.060018,9459.7430718,157615.1,9459.7430718,
2023-10-16 20:55:00+00:00,0.05992,0.05998,0.05997,0.05996,229542.4,0.059958,13762.9032192,229542.4,13762.9032192,
2023-10-16 21:00:00+00:00,0.05992,0.05998,0.05997,0.05994,15593.9,0.059952,934.8854928,15593.9,934.8854928,
2023-10-16 21:05:00+00:00,0.05979,0.05993,0.05993,0.05982,489210.9,0.059868,29288.0781612,489210.9,29288.0781612,
2023-10-16 21:10:00+00:00,0.05975,0.05983,0.05982,0.05981,80279.0,0.059802,4800.844758,80279.0,4800.844758,
2023-10-16 21:15:00+00:00,0.05979,0.05985,0.0598,0.05985,72169.4,0.059822,4317.3178468,72169.4,4317.3178468,
2023-10-16 21:20:00+00:00,0.05986,0.05988,0.05986,0.05987,29362.7,0.059868,1757.8861236,29362.7,1757.8861236,
2023-10-16 21:25:00+00:00,0.05986,0.05988,0.05987,0.05988,15695.5,0.059872,939.720976,15695.5,939.720976,
2023-10-16 21:30:00+00:00,0.05989,0.05991,0.05989,0.05991,11559.2,0.0599,692.39608,11559.2,692.39608,
2023-10-16 21:35:00+00:00,0.05989,0.05993,0.0599,0.05993,41521.1,0.059912,2487.6121432,41521.1,2487.6121432,
2023-10-16 21:40:00+00:00,0.05991,0.05995,0.05992,0.05995,642993.1,0.059932,38535.8624692,642993.1,38535.8624692,
2023-10-16 21:45:00+00:00,0.05993,0.05996,0.05995,0.05995,71598.8,0.059948,4292.2048624,71598.8,4292.2048624,
2023-10-16 21:50:00+00:00,0.05994,0.05998,0.05995,0.05997,212876.4,0.05996,12764.068944,212876.4,12764.068944,
2023-10-16 21:55:00+00:00,0.05996,0.05998,0.05997,0.05997,51154.4,0.05997,3067.729368,51154.4,3067.729368,
2023-10-16 22:00:00+00:00,0.05997,0.06003,0.05997,0.06002,319328.9,0.059997,19158.7760133,319328.9,19158.7760133,
2023-10-16 22:05:00+00:00,0.06002,0.06005,0.06003,0.06003,94168.9,0.060032,5653.1474048,94168.9,5653.1474048,
2023-10-16 22:10:00+00:00,0.06004,0.06009,0.06004,0.06006,444014.6,0.060058,26666.6288468,444014.6,26666.6288468,
2023-10-16 22:15:00+00:00,0.06002,0.06009,0.06006,0.06004,233216.1,0.060052,14005.0932372,233216.1,14005.0932372,
2023-10-16 22:20:00+00:00,0.06002,0.06013,0.06002,0.06011,263558.5,0.06007,15831.959095,263558.5,15831.959095,
2023-10-16 22:25:00+00:00,0.06006,0.06014,0.06011,0.06006,464254.1,0.060092,27897.9573772,464254.1,27897.9573772,
2023-10-16 22:30:00+00:00,0.06005,0.06011,0.06007,0.06006,314460.9,0.060072,18890.2951848,314460.9,18890.2951848,
2023-10-16 22:35:00+00:00,0.06006,0.06015,0.06006,0.06015,443622.3,0.060105,26663.9183415,443622.3,26663.9183415,
2023-10-16 22:40:00+00:00,0.0601,0.06018,0.06015,0.06017,202507.4,0.06015,12180.82011,202507.4,12180.82011,
2023-10-16 22:45:00+00:00,0.06016,0.06024,0.06016,0.06021,1429990.4,0.060192,86073.9821568,1429990.4,86073.9821568,
2023-10-16 22:50:00+00:00,0.06019,0.06024,0.06022,0.06019,77895.1,0.06021,4690.063971,77895.1,4690.063971,
2023-10-16 22:55:00+00:00,0.06015,0.06021,0.06019,0.06019,102634.3,0.060185,6177.0453455,102634.3,6177.0453455,
2023-10-16 23:00:00+00:00,0.06018,0.06022,0.06019,0.06021,168989.1,0.0602,10173.14382,168989.1,10173.14382,
2023-10-16 23:05:00+00:00,0.06016,0.06022,0.06022,0.06018,301995.5,0.060195,18178.6191225,301995.5,18178.6191225,
2023-10-16 23:10:00+00:00,0.06017,0.06024,0.06019,0.06021,103067.2,0.060203,6204.9546416,103067.2,6204.9546416,
2023-10-16 23:15:00+00:00,0.06011,0.06021,0.06021,0.06012,263566.1,0.060162,15856.6637082,263566.1,15856.6637082,
2023-10-16 23:20:00+00:00,0.06004,0.06013,0.06012,0.0601,550690.5,0.060098,33095.397669,550690.5,33095.397669,
2023-10-16 23:25:00+00:00,0.06005,0.06011,0.06009,0.06007,33812.3,0.06008,2031.442984,33812.3,2031.442984,
2023-10-16 23:30:00+00:00,0.06006,0.06012,0.06008,0.06011,248167.0,0.060092,14912.851364,248167.0,14912.851364,
2023-10-16 23:35:00+00:00,0.06006,0.06011,0.0601,0.06007,141710.1,0.060085,8514.6513585,141710.1,8514.6513585,
2023-10-16 23:40:00+00:00,0.06007,0.06011,0.06008,0.06011,22622.9,0.060092,1359.4553068,22622.9,1359.4553068,
2023-10-16 23:45:00+00:00,0.06007,0.06014,0.0601,0.06009,201332.2,0.0601,12100.06522,201332.2,12100.06522,
2023-10-16 23:50:00+00:00,0.06005,0.06009,0.06008,0.06006,41085.9,0.06007,2468.030013,41085.9,2468.030013,
2023-10-16 23:55:00+00:00,0.06001,0.06006,0.06006,0.06002,53231.4,0.060038,3195.9067932,53231.4,3195.9067932,
2023-10-17 00:00:00+00:00,0.05999,0.06007,0.06003,0.06003,139080.0,0.06003,8348.9724,139080.0,8348.9724,
2023-10-17 00:05:00+00:00,0.05997,0.06007,0.06004,0.05999,112917.8,0.060018,6777.1005204,112917.8,6777.1005204,
2023-10-17 00:10:00+00:00,0.05998,0.06008,0.05998,0.06002,64770.7,0.060015,3887.2135605,64770.7,3887.2135605,
2023-10-17 00:15:00+00:00,0.05995,0.06002,0.06002,0.05999,144742.7,0.059995,8683.8382865,144742.7,8683.8382865,
2023-10-17 00:20:00+00:00,0.05999,0.06003,0.06,0.06001,100939.4,0.060008,6057.1715152,100939.4,6057.1715152,
2023-10-17 00:25:00+00:00,0.05989,0.06004,0.06001,0.05994,1149400.5,0.05997,68929.547985,1149400.5,68929.547985,
2023-10-17 00:30:00+00:00,0.05995,0.06006,0.05995,0.06006,191529.3,0.060005,11492.7156465,191529.3,11492.7156465,
2023-10-17 00:35:00+00:00,0.06001,0.06008,0.06006,0.06001,103395.2,0.06004,6207.847808,103395.2,6207.847808,
2023-10-17 00:40:00+00:00,0.05998,0.06005,0.06002,0.05999,81425.6,0.06001,4886.350256,81425.6,4886.350256,
2023-10-17 00:45:00+00:00,0.0599,0.06,0.05998,0.05992,16594.9,0.05995,994.864255,16594.9,994.864255,
2023-10-17 00:50:00+00:00,0.05982,0.05994,0.05992,0.05982,489994.9,0.059875,29338.4446375,489994.9,29338.4446375,
2023-10-17 00:55:00+00:00,0.05981,0.05986,0.05981,0.05985,96241.0,0.059832,5758.291512,96241.0,5758.291512,
2023-10-17 01:00:00+00:00,0.05984,0.05991,0.05984,0.0599,468456.5,0.059872,28047.427568,468456.5,28047.427568,
2023-10-17 01:05:00+00:00,0.05991,0.05995,0.05993,0.05994,42708.8,0.059932,2559.6238016,42708.8,2559.6238016,
2023-10-17 01:10:00+00:00,0.05991,0.05996,0.05994,0.05996,183574.5,0.059942,11003.822679,183574.5,11003.822679,
2023-10-17 01:15:00+00:00,0.0599,0.05996,0.05996,0.05991,84985.7,0.059932,5093.3629724,84985.7,5093.3629724,
2023-10-17 01:20:00+00:00,0.0599,0.06,0.05991,0.05999,242287.6,0.05995,14525.14162,242287.6,14525.14162,
2023-10-17 01:25:00+00:00,0.05998,0.06006,0.05999,0.06005,58514.4,0.06002,3512.034288,58514.4,3512.034288,
2023-10-17 01:30:00+00:00,0.06002,0.06006,0.06006,0.06003,18593.0,0.060042,1116.360906,18593.0,1116.360906,
2023-10-17 01:35:00+00:00,0.05998,0.06005,0.06003,0.06,191058.0,0.060015,11466.34587,191058.0,11466.34587,
2023-10-17 01:40:00+00:00,0.06,0.0601,0.06,0.06008,76710.2,0.060045,4606.063959,76710.2,4606.063959,
2023-10-17 01:45:00+00:00,0.06007,0.06011,0.06007,0.06008,104773.4,0.060082,6294.9954188,104773.4,6294.9954188,
2023-10-17 01:50:00+00:00,0.06004,0.06009,0.06008,0.06005,74528.6,0.060065,4476.560359,74528.6,4476.560359,
2023-10-17 01:55:00+00:00,0.06001,0.06005,0.06004,0.06005,27128.1,0.060038,1628.7168678,27128.1,1628.7168678,
2023-10-17 02:00:00+00:00,0.06001,0.06004,0.06004,0.06001,119634.1,0.060025,7181.0368525,119634.1,7181.0368525,
2023-10-17 02:05:00+00:00,0.05998,0.06001,0.06,0.05998,68376.5,0.059993,4102.1113645,68376.5,4102.1113645,
2023-10-17 02:10:00+00:00,0.05997,0.06003,0.05999,0.06003,69669.9,0.060005,4180.5423495,69669.9,4180.5423495,
2023-10-17 02:15:00+00:00,0.05997,0.06001,0.06,0.05997,46303.7,0.059988,2777.6663556,46303.7,2777.6663556,
2023-10-17 02:20:00+00:00,0.05996,0.06,0.05997,0.05997,356997.9,0.059975,21410.9490525,356997.9,21410.9490525,
2023-10-17 02:25:00+00:00,0.05997,0.06002,0.05997,0.06002,47603.4,0.059995,2855.965983,47603.4,2855.965983,
2023-10-17 02:30:00+00:00,0.06001,0.0601,0.06002,0.06008,145997.9,0.060052,8767.4658908,145997.9,8767.4658908,
2023-10-17 02:35:00+00:00,0.06008,0.06012,0.06008,0.06012,111156.6,0.0601,6680.51166,111156.6,6680.51166,
2023-10-17 02:40:00+00:00,0.0601,0.06013,0.06011,0.06012,78944.5,0.060115,4745.7486175,78944.5,4745.7486175,
2023-10-17 02:45:00+00:00,0.0601,0.06018,0.06012,0.06014,1794623.4,0.060135,107919.678159,1794623.4,107919.678159,
2023-10-17 02:50:00+00:00,0.06014,0.0602,0.06014,0.06018,1020234.7,0.060165,61382.4207255,1020234.7,61382.4207255,
2023-10-17 02:55:00+00:00,0.06017,0.0602,0.06018,0.06017,62198.3,0.06018,3743.093694,62198.3,3743.093694,
2023-10-17 03:00:00+00:00,0.06016,0.06019,0.06018,0.06016,271516.3,0.060172,16337.6788036,271516.3,16337.6788036,
2023-10-17 03:05:00+00:00,0.06012,0.06016,0.06016,0.06013,13765.1,0.060142,827.8606442,13765.1,827.8606442,
2023-10-17 03:10:00+00:00,0.0601,0.06012,0.06012,0.06011,101498.1,0.060112,6101.2537872,101498.1,6101.2537872,
2023-10-17 03:15:00+00:00,0.06006,0.06011,0.06011,0.06006,58770.2,0.060085,3531.207467,58770.2,3531.207467,
2023-10-17 03:20:00+00:00,0.06003,0.06009,0.06007,0.06003,76489.4,0.060055,4593.570917,76489.4,4593.570917,
2023-10-17 03:25:00+00:00,0.05998,0.06004,0.06004,0.05998,39619.8,0.06001,2377.584198,39619.8,2377.584198,
2023-10-17 03:30:00+00:00,0.05997,0.06,0.05997,0.05997,126216.0,0.059977,7570.057032,126216.0,7570.057032,
2023-10-17 03:35:00+00:00,0.05996,0.05999,0.05998,0.05996,74014.3,0.059972,4438.7855996,74014.3,4438.7855996,
2023-10-17 03:40:00+00:00,0.05996,0.06002,0.05997,0.06001,76038.7,0.05999,4561.561613,76038.7,4561.561613,
2023-10-17 03:45:00+00:00,0.05996,0.06001,0.06001,0.05997,40890.0,0.059988,2452.90932,40890.0,2452.90932,
2023-10-17 03:50:00+00:00,0.05992,0.05997,0.05997,0.05992,89323.4,0.059945,5354.491213,89323.4,5354.491213,
2023-10-17 03:55:00+00:00,0.05993,0.05998,0.05993,0.05997,465811.9,0.059952,27926.3550288,465811.9,27926.3550288,
2023-10-17 04:00:00+00:00,0.05986,0.05997,0.05997,0.05988,589160.7,0.05992,35302.509144,589160.7,35302.509144,
2023-10-17 04:05:00+00:00,0.0598,0.05988,0.05988,0.05987,87865.2,0.059858,5259.4351416,87865.2,5259.4351416,
2023-10-17 04:10:00+00:00,0.05983,0.05992,0.05986,0.05984,167780.0,0.059862,10043.64636,167780.0,10043.64636,
2023-10-17 04:15:00+00:00,0.05984,0.05988,0.05984,0.05988,67989.4,0.05986,4069.845484,67989.4,4069.845484,
2023-10-17 04:20:00+00:00,0.05986,0.05989,0.05987,0.05989,89827.9,0.059878,5378.7149962,89827.9,5378.7149962,
2023-10-17 04:25:00+00:00,0.05989,0.05993,0.05989,0.05993,21197.9,0.05991,1269.966189,21197.9,1269.966189,
2023-10-17 04:30:00+00:00,0.05988,0.05993,0.05992,0.05993,32856.5,0.059915,1968.5971975,32856.5,1968.5971975,
2023-10-17 04:35:00+00:00,0.05993,0.05995,0.05993,0.05993,2790.0,0.059935,167.21865,2790.0,167.21865,
2023-10-17 04:40:00+00:00,0.05991,0.05995,0.05994,0.05992,33901.7,0.05993,2031.728881,33901.7,2031.728881,
2023-10-17 04:45:00+00:00,0.05992,0.05995,0.05992,0.05992,61509.3,0.059928,3686.1293304,61509.3,3686.1293304,
2023-10-17 04:50:00+00:00,0.05989,0.05998,0.05992,0.05996,66378.7,0.059938,3978.6065206,66378.7,3978.6065206,
2023-10-17 04:55:00+00:00,0.05992,0.05997,0.05997,0.05992,86853.6,0.059945,5206.439052,86853.6,5206.439052,
2023-10-17 05:00:00+00:00,0.0599,0.05993,0.05992,0.05993,56943.3,0.05992,3412.042536,56943.3,3412.042536,
2023-10-17 05:05:00+00:00,0.05994,0.05996,0.05994,0.05995,29972.9,0.059948,1796.8154092,29972.9,1796.8154092,
2023-10-17 05:10:00+00:00,0.0599,0.05995,0.05995,0.05991,41269.8,0.059928,2473.2165744,41269.8,2473.2165744,
2023-10-17 05:15:00+00:00,0.05988,0.05991,0.0599,0.05991,17942.3,0.0599,1074.74377,17942.3,1074.74377,
2023-10-17 05:20:00+00:00,0.05988,0.05992,0.05992,0.05988,129860.0,0.0599,7778.614,129860.0,7778.614,
2023-10-17 05:25:00+00:00,0.05988,0.05991,0.05988,0.05991,131982.0,0.059895,7905.06189,131982.0,7905.06189,
2023-10-17 05:30:00+00:00,0.05986,0.05993,0.0599,0.05986,47630.3,0.059887,2852.4357761,47630.3,2852.4357761,
2023-10-17 05:35:00+00:00,0.05985,0.05988,0.05986,0.05985,17763.1,0.05986,1063.299166,17763.1,1063.299166,
2023-10-17 05:40:00+00:00,0.05984,0.05988,0.05984,0.05988,25019.8,0.05986,1497.685228,25019.8,1497.685228,
2023-10-17 05:45:00+00:00,0.05985,0.05989,0.05989,0.05986,23032.7,0.059872,1379.0138144,23032.7,1379.0138144,
2023-10-17 05:50:00+00:00,0.05983,0.05987,0.05986,0.05986,172183.4,0.059855,10306.037407,172183.4,10306.037407,
2023-10-17 05:55:00+00:00,0.05985,0.05989,0.05986,0.05987,21579.7,0.059868,1291.9334796,21579.7,1291.9334796,
2023-10-17 06:00:00+00:00,0.05984,0.05988,0.05987,0.05985,130724.4,0.05986,7825.162584,130724.4,7825.162584,
2023-10-17 06:05:00+00:00,0.05978,0.05985,0.05985,0.05978,64002.0,0.059815,3828.27963,64002.0,3828.27963,
2023-10-17 06:10:00+00:00,0.05968,0.05979,0.05979,0.05973,82677.4,0.059748,4939.8092952,82677.4,4939.8092952,
2023-10-17 06:15:00+00:00,0.05973,0.05981,0.05973,0.05974,155188.4,0.059752,9272.8172768,155188.4,9272.8172768,
2023-10-17 06:20:00+00:00,0.05975,0.0598,0.05975,0.05978,20552.2,0.05977,1228.404994,20552.2,1228.404994,
2023-10-17 06:25:00+00:00,0.05969,0.05978,0.05978,0.05969,93280.2,0.059735,5572.092747,93280.2,5572.092747,
2023-10-17 06:30:00+00:00,0.05968,0.05975,0.05969,0.05974,46914.6,0.059715,2801.505339,46914.6,2801.505339,
2023-10-17 06:35:00+00:00,0.0597,0.05975,0.05974,0.05975,173536.2,0.059735,10366.184907,173536.2,10366.184907,
2023-10-17 06:40:00+00:00,0.05973,0.05976,0.05976,0.05974,34454.6,0.059747,2058.5589862,34454.6,2058.5589862,
2023-10-17 06:45:00+00:00,0.05965,0.05974,0.05973,0.05967,125301.5,0.059698,7480.248947,125301.5,7480.248947,
2023-10-17 06:50:00+00:00,0.05965,0.05967,0.05967,0.05967,40889.8,0.059665,2439.689917,40889.8,2439.689917,
2023-10-17 06:55:00+00:00,0.05968,0.05972,0.05969,0.05972,76131.5,0.059702,4545.202813,76131.5,4545.202813,
2023-10-17 07:00:00+00:00,0.0597,0.05978,0.05972,0.05978,64169.5,0.059745,3833.8067775,64169.5,3833.8067775,
2023-10-17 07:05:00+00:00,0.05974,0.05978,0.05978,0.05977,113101.4,0.059768,6759.8444752,113101.4,6759.8444752,
2023-10-17 07:10:00+00:00,0.05974,0.05977,0.05975,0.05974,4313.2,0.05975,257.7137,4313.2,257.7137,
2023-10-17 07:15:00+00:00,0.05974,0.05979,0.05974,0.05976,26665.8,0.059758,1593.4948764,26665.8,1593.4948764,
2023-10-17 07:20:00+00:00,0.05972,0.05975,0.05974,0.05974,9831.1,0.059738,587.2902518,9831.1,587.2902518,
2023-10-17 07:25:00+00:00,0.05968,0.05973,0.05973,0.05968,45711.4,0.059705,2729.199137,45711.4,2729.199137,
2023-10-17 07:30:00+00:00,0.05965,0.05972,0.05968,0.0597,18644.5,0.059688,1112.852916,18644.5,1112.852916,
2023-10-17 07:35:00+00:00,0.05968,0.05971,0.05971,0.0597,60883.2,0.0597,3634.72704,60883.2,3634.72704,
2023-10-17 07:40:00+00:00,0.0597,0.05982,0.0597,0.05982,200242.5,0.05976,11966.4918,200242.5,11966.4918,
2023-10-17 07:45:00+00:00,0.05982,0.05987,0.05982,0.05985,146471.7,0.05984,8764.866528,146471.7,8764.866528,
2023-10-17 07:50:00+00:00,0.05987,0.05992,0.05987,0.05992,230526.1,0.059895,13807.3607595,230526.1,13807.3607595,
2023-10-17 07:55:00+00:00,0.05988,0.05991,0.0599,0.05991,39406.2,0.0599,2360.43138,39406.2,2360.43138,
2023-10-17 08:00:00+00:00,0.05988,0.05996,0.05992,0.05994,126694.7,0.059925,7592.1798975,126694.7,7592.1798975,
2023-10-17 08:05:00+00:00,0.05992,0.05999,0.05992,0.05998,20520.6,0.059952,1230.2510112,20520.6,1230.2510112,
2023-10-17 08:10:00+00:00,0.05995,0.05998,0.05997,0.05995,28076.2,0.059962,1683.5051044,28076.2,1683.5051044,
2023-10-17 08:15:00+00:00,0.05987,0.05995,0.05995,0.05989,56622.0,0.059915,3392.50713,56622.0,3392.50713,
2023-10-17 08:20:00+00:00,0.05989,0.0599,0.0599,0.0599,14013.4,0.059898,839.3746332,14013.4,839.3746332,
2023-10-17 08:25:00+00:00,0.0599,0.05995,0.05993,0.05993,204450.8,0.059927,12252.1230916,204450.8,12252.1230916,
2023-10-17 08:30:00+00:00,0.05985,0.05994,0.05993,0.05985,91868.9,0.059892,5502.2121588,91868.9,5502.2121588,
2023-10-17 08:35:00+00:00,0.05985,0.05993,0.05985,0.05993,104552.7,0.05989,6261.661203,104552.7,6261.661203,
2023-10-17 08:40:00+00:00,0.05985,0.05992,0.05992,0.05989,1176518.7,0.059895,70467.5875365,1176518.7,70467.5875365,
2023-10-17 08:45:00+00:00,0.05988,0.05994,0.0599,0.05993,22819.8,0.059912,1367.1798576,22819.8,1367.1798576,
2023-10-17 08:50:00+00:00,0.05989,0.05996,0.05993,0.05995,217945.6,0.059932,13061.9156992,217945.6,13061.9156992,
2023-10-17 08:55:00+00:00,0.05991,0.05996,0.05994,0.05995,132780.9,0.05994,7958.887146,132780.9,7958.887146,
2023-10-17 09:00:00+00:00,0.05993,0.05997,0.05996,0.05994,207238.5,0.05995,12423.948075,207238.5,12423.948075,
2023-10-17 09:05:00+00:00,0.05991,0.05995,0.05993,0.05994,273824.0,0.059932,16410.819968,273824.0,16410.819968,
2023-10-17 09:10:00+00:00,0.05991,0.05994,0.05993,0.05993,12252.3,0.059927,734.2435821,12252.3,734.2435821,
2023-10-17 09:15:00+00:00,0.05987,0.05994,0.05993,0.05988,32916.8,0.059905,1971.880904,32916.8,1971.880904,
2023-10-17 09:20:00+00:00,0.05988,0.05992,0.05988,0.05988,64428.0,0.05989,3858.59292,64428.0,3858.59292,
2023-10-17 09:25:00+00:00,0.05986,0.05989,0.05988,0.05987,27201.2,0.059875,1628.67185,27201.2,1628.67185,
2023-10-17 09:30:00+00:00,0.05989,0.05993,0.05989,0.05993,23712.4,0.05991,1420.609884,23712.4,1420.609884,
2023-10-17 09:35:00+00:00,0.05991,0.05995,0.05995,0.05992,25944.0,0.059932,1554.875808,25944.0,1554.875808,
2023-10-17 09:40:00+00:00,0.0599,0.05993,0.05992,0.0599,9319.5,0.059912,558.349884,9319.5,558.349884,
2023-10-17 09:45:00+00:00,0.05991,0.05993,0.05991,0.05992,5144.7,0.059918,308.2601346,5144.7,308.2601346,
2023-10-17 09:50:00+00:00,0.05993,0.06002,0.05993,0.06002,39390.1,0.059975,2362.4212475,39390.1,2362.4212475,
2023-10-17 09:55:00+00:00,0.06,0.06006,0.06004,0.06002,76808.3,0.06003,4610.802249,76808.3,4610.802249,
2023-10-17 10:00:00+00:00,0.05999,0.06003,0.06002,0.06002,162872.6,0.060015,9774.799089,162872.6,9774.799089,
2023-10-17 10:05:00+00:00,0.06002,0.06004,0.06002,0.06004,59167.5,0.06003,3551.825025,59167.5,3551.825025,
2023-10-17 10:10:00+00:00,0.06002,0.06006,0.06004,0.06002,191619.5,0.060035,11503.8766825,191619.5,11503.8766825,
2023-10-17 10:15:00+00:00,0.06002,0.0601,0.06003,0.06007,229840.4,0.060055,13803.065222,229840.4,13803.065222,
2023-10-17 10:20:00+00:00,0.06004,0.06012,0.06007,0.06004,20700.7,0.060068,1243.4496476,20700.7,1243.4496476,
2023-10-17 10:25:00+00:00,0.06,0.06005,0.06004,0.06001,10837.3,0.060025,650.5089325,10837.3,650.5089325,
2023-10-17 10:30:00+00:00,0.05989,0.05997,0.05997,0.05992,165921.8,0.059938,9945.0208484,165921.8,9945.0208484,
2023-10-17 10:35:00+00:00,0.05989,0.05994,0.05991,0.0599,81718.9,0.05991,4895.779299,81718.9,4895.779299,
2023-10-17 10:40:00+00:00,0.0599,0.05994,0.05991,0.05993,46460.1,0.05992,2783.889192,46460.1,2783.889192,
2023-10-17 10:45:00+00:00,0.05995,0.05999,0.05995,0.05997,39785.6,0.059965,2385.743504,39785.6,2385.743504,
2023-10-17 10:50:00+00:00,0.05994,0.05998,0.05998,0.05995,95366.1,0.059962,5718.3420882,95366.1,5718.3420882,
2023-10-17 10:55:00+00:00,0.0599,0.05996,0.05996,0.05993,101459.0,0.059938,6081.249542,101459.0,6081.249542,
2023-10-17 11:00:00+00:00,0.05988,0.05994,0.05994,0.05989,7936.7,0.059912,475.5035704,7936.7,475.5035704,
2023-10-17 11:05:00+00:00,0.05989,0.05996,0.05989,0.05994,135410.1,0.05992,8113.773192,135410.1,8113.773192,
2023-10-17 11:10:00+00:00,0.05992,0.05994,0.05994,0.05992,39234.6,0.05993,2351.329578,39234.6,2351.329578,
2023-10-17 11:15:00+00:00,0.05993,0.05996,0.05993,0.05994,156293.1,0.05994,9368.208414,156293.1,9368.208414,
2023-10-17 11:20:00+00:00,0.05993,0.05995,0.05993,0.05994,5051.3,0.059938,302.7648194,5051.3,302.7648194,
2023-10-17 11:25:00+00:00,0.05992,0.05997,0.05993,0.05996,11321.2,0.059945,678.649334,11321.2,678.649334,
2023-10-17 11:30:00+00:00,0.05992,0.05995,0.05995,0.05993,28855.4,0.059938,1729.5349652,28855.4,1729.5349652,
2023-10-17 11:35:00+00:00,0.05993,0.05997,0.05994,0.05993,98237.6,0.059942,5888.5582192,98237.6,5888.5582192,
2023-10-17 11:40:00+00:00,0.05989,0.05992,0.05992,0.05992,241874.5,0.059912,14491.185044,241874.5,14491.185044,
2023-10-17 11:45:00+00:00,0.05991,0.05995,0.05991,0.05993,29958.7,0.059925,1795.2750975,29958.7,1795.2750975,
2023-10-17 11:50:00+00:00,0.05993,0.05995,0.05994,0.05993,25914.2,0.059937,1553.2194054,25914.2,1553.2194054,
2023-10-17 11:55:00+00:00,0.0599,0.05994,0.05993,0.05991,12141.0,0.05992,727.48872,12141.0,727.48872,
2023-10-17 12:00:00+00:00,0.05991,0.05997,0.05991,0.05995,165499.2,0.059935,9919.194552,165499.2,9919.194552,
2023-10-17 12:05:00+00:00,0.05985,0.05995,0.05995,0.05988,183150.8,0.059908,10972.1981264,183150.8,10972.1981264,
2023-10-17 12:10:00+00:00,0.0598,0.05987,0.05987,0.05983,143604.4,0.059842,8593.5745048,143604.4,8593.5745048,
2023-10-17 12:15:00+00:00,0.0598,0.05987,0.05982,0.05986,458567.9,0.059837,27439.3274323,458567.9,27439.3274323,
2023-10-17 12:20:00+00:00,0.05981,0.05987,0.05986,0.05982,148411.7,0.05984,8880.956128,148411.7,8880.956128,
2023-10-17 12:25:00+00:00,0.05976,0.05983,0.05982,0.05976,114747.9,0.059793,6861.1211847,114747.9,6861.1211847,
2023-10-17 12:30:00+00:00,0.0597,0.05983,0.05976,0.05974,306798.1,0.059758,18333.6408598,306798.1,18333.6408598,
2023-10-17 12:35:00+00:00,0.05957,0.05974,0.05973,0.05964,472318.1,0.05967,28183.221027,472318.1,28183.221027,
2023-10-17 12:40:00+00:00,0.05959,0.05969,0.05964,0.05965,408287.6,0.059642,24351.0890392,408287.6,24351.0890392,
2023-10-17 12:45:00+00:00,0.05959,0.05969,0.05963,0.05968,144848.0,0.059648,8639.893504,144848.0,8639.893504,
2023-10-17 12:50:00+00:00,0.05962,0.05969,0.05967,0.05962,161792.4,0.05965,9650.91666,161792.4,9650.91666,
2023-10-17 12:55:00+00:00,0.0594,0.05964,0.05963,0.05949,1611460.3,0.05954,95946.346262,1611460.3,95946.346262,
2023-10-17 13:00:00+00:00,0.05935,0.05955,0.05949,0.0594,440408.1,0.059448,26181.3807288,440408.1,26181.3807288,
2023-10-17 13:05:00+00:00,0.05938,0.05955,0.05941,0.05954,362632.7,0.05947,21565.766669,362632.7,21565.766669,
2023-10-17 13:10:00+00:00,0.05954,0.0596,0.05956,0.05957,179872.3,0.059567,10714.4532941,179872.3,10714.4532941,
2023-10-17 13:15:00+00:00,0.0595,0.05958,0.05956,0.05955,2687414.7,0.059547,160027.4831409,2687414.7,160027.4831409,
2023-10-17 13:20:00+00:00,0.05952,0.05958,0.05955,0.05954,98390.2,0.059548,5858.9396296,98390.2,5858.9396296,
2023-10-17 13:25:00+00:00,0.05938,0.05951,0.05951,0.05939,150246.1,0.059448,8931.8301528,150246.1,8931.8301528,
2023-10-17 13:30:00+00:00,0.05933,0.05942,0.0594,0.05936,1297385.3,0.059378,77036.1443434,1297385.3,77036.1443434,
2023-10-17 13:35:00+00:00,0.05932,0.05943,0.05934,0.0594,256229.0,0.059372,15212.828188,256229.0,15212.828188,
2023-10-17 13:40:00+00:00,0.05926,0.05939,0.05939,0.05926,268684.4,0.059325,15939.70203,268684.4,15939.70203,
2023-10-17 13:45:00+00:00,0.05813,0.05927,0.05927,0.05887,15005528.5,0.058885,883600.5457225,15005528.5,883600.5457225,
2023-10-17 13:50:00+00:00,0.05882,0.05901,0.05886,0.05896,1057954.9,0.058913,62327.2970237,1057954.9,62327.2970237,
2023-10-17 13:55:00+00:00,0.05892,0.05907,0.05896,0.05902,635857.3,0.058992,37510.4938416,635857.3,37510.4938416,
2023-10-17 14:00:00+00:00,0.05895,0.0591,0.059,0.05909,396201.5,0.059035,23389.7555525,396201.5,23389.7555525,
2023-10-17 14:05:00+00:00,0.05904,0.05916,0.05907,0.05914,424293.4,0.059102,25076.5885268,424293.4,25076.5885268,
2023-10-17 14:10:00+00:00,0.05906,0.05918,0.05915,0.05918,427973.0,0.059142,25311.179166,427973.0,25311.179166,
2023-10-17 14:15:00+00:00,0.05907,0.05919,0.05917,0.05916,307970.1,0.059147,18215.5075047,307970.1,18215.5075047,
2023-10-17 14:20:00+00:00,0.05907,0.05914,0.05914,0.0591,177160.7,0.059112,10472.3232984,177160.7,10472.3232984,
2023-10-17 14:25:00+00:00,0.05905,0.05911,0.05911,0.05907,218114.0,0.059085,12887.26569,218114.0,12887.26569,
2023-10-17 14:30:00+00:00,0.05902,0.0591,0.05907,0.05908,290266.4,0.059068,17145.4557152,290266.4,17145.4557152,
2023-10-17 14:35:00+00:00,0.05906,0.05913,0.05909,0.05911,502537.8,0.059098,29698.9789044,502537.8,29698.9789044,
2023-10-17 14:40:00+00:00,0.05897,0.05919,0.05912,0.05904,1112142.6,0.05908,65705.384808,1112142.6,65705.384808,
2023-10-17 14:45:00+00:00,0.05902,0.05909,0.05903,0.05908,341761.2,0.059055,20182.707666,341761.2,20182.707666,
2023-10-17 14:50:00+00:00,0.05895,0.0591,0.05908,0.05898,706641.3,0.059028,41711.6226564,706641.3,41711.6226564,
2023-10-17 14:55:00+00:00,0.05897,0.05904,0.05897,0.05902,130006.3,0.059,7670.3717,130006.3,7670.3717,
2023-10-17 15:00:00+00:00,0.05898,0.05914,0.05902,0.05914,589049.9,0.05907,34795.177593,589049.9,34795.177593,
2023-10-17 15:05:00+00:00,0.05914,0.05921,0.05914,0.05917,319263.8,0.059165,18889.242727,319263.8,18889.242727,
2023-10-17 15:10:00+00:00,0.05913,0.05923,0.05919,0.05923,527230.3,0.059195,31209.3976085,527230.3,31209.3976085,
2023-10-17 15:15:00+00:00,0.05918,0.05923,0.05921,0.05922,217464.3,0.05921,12876.061203,217464.3,12876.061203,
2023-10-17 15:20:00+00:00,0.05923,0.05934,0.05923,0.05931,307247.7,0.059278,18213.0291606,307247.7,18213.0291606,
2023-10-17 15:25:00+00:00,0.05924,0.05931,0.05931,0.05925,383286.7,0.059278,22720.4690026,383286.7,22720.4690026,
2023-10-17 15:30:00+00:00,0.05924,0.0593,0.05925,0.0593,195520.6,0.059272,11588.8970032,195520.6,11588.8970032,
2023-10-17 15:35:00+00:00,0.0593,0.05936,0.05931,0.05935,871954.1,0.05933,51733.036753,871954.1,51733.036753,
2023-10-17 15:40:00+00:00,0.05929,0.05936,0.05936,0.05929,202705.6,0.059325,12025.50972,202705.6,12025.50972,
2023-10-17 15:45:00+00:00,0.05924,0.05932,0.0593,0.05924,114685.6,0.059275,6797.98894,114685.6,6797.98894,
2023-10-17 15:50:00+00:00,0.05919,0.05927,0.05926,0.0592,78276.3,0.05923,4636.305249,78276.3,4636.305249,
2023-10-17 15:55:00+00:00,0.05918,0.05922,0.05921,0.05918,26159.4,0.059198,1548.5841612,26159.4,1548.5841612,
2023-10-17 16:00:00+00:00,0.05916,0.05921,0.05919,0.05916,372625.1,0.05918,22051.953418,372625.1,22051.953418,
2023-10-17 16:05:00+00:00,0.0591,0.05919,0.05918,0.05913,149827.9,0.05915,8862.320285,149827.9,8862.320285,
2023-10-17 16:10:00+00:00,0.05915,0.05918,0.05915,0.05915,188529.9,0.059158,11153.0518242,188529.9,11153.0518242,
2023-10-17 16:15:00+00:00,0.0591,0.05918,0.05915,0.05918,827126.5,0.059153,48927.0138545,827126.5,48927.0138545,
2023-10-17 16:20:00+00:00,0.05914,0.05921,0.05917,0.05921,494907.4,0.059182,29289.6097468,494907.4,29289.6097468,
2023-10-17 16:25:00+00:00,0.05918,0.05923,0.05921,0.05918,353829.0,0.0592,20946.6768,353829.0,20946.6768,
2023-10-17 16:30:00+00:00,0.05914,0.0592,0.05919,0.05914,125847.8,0.059168,7446.1626304,125847.8,7446.1626304,
2023-10-17 16:35:00+00:00,0.05912,0.05914,0.05913,0.05912,120907.6,0.059128,7149.0245728,120907.6,7149.0245728,
2023-10-17 16:40:00+00:00,0.0591,0.05913,0.05912,0.05913,147476.0,0.05912,8718.78112,147476.0,8718.78112,
2023-10-17 16:45:00+00:00,0.0591,0.05913,0.05912,0.05911,109328.9,0.059115,6462.9779235,109328.9,6462.9779235,
2023-10-17 16:50:00+00:00,0.05909,0.05917,0.05911,0.05912,400559.9,0.059122,23681.9024078,400559.9,23681.9024078,
2023-10-17 16:55:00+00:00,0.0591,0.05914,0.05912,0.05911,400725.6,0.059118,23690.0960208,400725.6,23690.0960208,
2023-10-17 17:00:00+00:00,0.05903,0.05913,0.05911,0.05905,285788.3,0.05908,16884.372764,285788.3,16884.372764,
2023-10-17 17:05:00+00:00,0.05905,0.05908,0.05907,0.05907,59366.7,0.059067,3506.6128689,59366.7,3506.6128689,
2023-10-17 17:10:00+00:00,0.059,0.05907,0.05907,0.05901,206313.1,0.059038,12180.3127978,206313.1,12180.3127978,
2023-10-17 17:15:00+00:00,0.05891,0.05901,0.05901,0.05896,294913.2,0.058972,17391.6212304,294913.2,17391.6212304,
2023-10-17 17:20:00+00:00,0.05892,0.05897,0.05897,0.05895,148592.6,0.058953,8759.9795478,148592.6,8759.9795478,
2023-10-17 17:25:00+00:00,0.05895,0.059,0.05895,0.05897,130110.9,0.058968,7672.3795512,130110.9,7672.3795512,
2023-10-17 17:30:00+00:00,0.05887,0.05897,0.05897,0.0589,301582.1,0.058928,17771.6299888,301582.1,17771.6299888,
2023-10-17 17:35:00+00:00,0.05885,0.05891,0.0589,0.05885,185376.0,0.058878,10914.568128,185376.0,10914.568128,
2023-10-17 17:40:00+00:00,0.05883,0.05888,0.05884,0.05886,157512.1,0.058852,9269.9021092,157512.1,9269.9021092,
2023-10-17 17:45:00+00:00,0.05874,0.05888,0.05885,0.05888,680940.6,0.058838,40065.1830228,680940.6,40065.1830228,
2023-10-17 17:50:00+00:00,0.05885,0.05889,0.05888,0.05888,71803.3,0.058875,4227.4192875,71803.3,4227.4192875,
2023-10-17 17:55:00+00:00,0.05886,0.05896,0.05887,0.0589,352642.3,0.058898,20769.9261854,352642.3,20769.9261854,
2023-10-17 18:00:00+00:00,0.05886,0.05892,0.05891,0.05887,194202.9,0.05889,11436.608781,194202.9,11436.608781,
2023-10-17 18:05:00+00:00,0.05886,0.05896,0.05886,0.05895,226574.5,0.058908,13347.050646,226574.5,13347.050646,
2023-10-17 18:10:00+00:00,0.05894,0.05897,0.05895,0.05895,125022.1,0.058952,7370.3028392,125022.1,7370.3028392,
2023-10-17 18:15:00+00:00,0.05895,0.05901,0.05895,0.05897,248774.3,0.05897,14670.220471,248774.3,14670.220471,
2023-10-17 18:20:00+00:00,0.05894,0.05897,0.05897,0.05896,153168.5,0.05896,9030.81476,153168.5,9030.81476,
2023-10-17 18:25:00+00:00,0.05893,0.05898,0.05896,0.05897,233797.9,0.05896,13784.724184,233797.9,13784.724184,
2023-10-17 18:30:00+00:00,0.05889,0.05897,0.05897,0.05891,92845.0,0.058935,5471.820075,92845.0,5471.820075,
2023-10-17 18:35:00+00:00,0.05891,0.05895,0.05891,0.05895,238811.4,0.05893,14073.155802,238811.4,14073.155802,
2023-10-17 18:40:00+00:00,0.05894,0.059,0.05895,0.05896,104616.2,0.058962,6168.3803844,104616.2,6168.3803844,
2023-10-17 18:45:00+00:00,0.05895,0.05899,0.05895,0.05898,39079.2,0.058968,2304.4222656,39079.2,2304.4222656,
2023-10-17 18:50:00+00:00,0.0586,0.05899,0.05899,0.0588,1935020.1,0.058845,113866.2577845,1935020.1,113866.2577845,
2023-10-17 18:55:00+00:00,0.05873,0.05881,0.05879,0.05875,800874.1,0.05877,47067.370857,800874.1,47067.370857,
2023-10-17 19:00:00+00:00,0.05871,0.05879,0.05875,0.05879,435178.3,0.05876,25571.076908,435178.3,25571.076908,
2023-10-17 19:05:00+00:00,0.05877,0.05885,0.05879,0.0588,251827.1,0.058802,14807.9371342,251827.1,14807.9371342,
2023-10-17 19:10:00+00:00,0.0588,0.05884,0.05882,0.05883,215233.5,0.058822,12660.464937,215233.5,12660.464937,
2023-10-17 19:15:00+00:00,0.05884,0.0589,0.05884,0.0589,852592.6,0.05887,50192.126362,852592.6,50192.126362,
2023-10-17 19:20:00+00:00,0.05885,0.05891,0.0589,0.0589,266624.5,0.05889,15701.516805,266624.5,15701.516805,
2023-10-17 19:25:00+00:00,0.05887,0.05894,0.05891,0.05888,345828.8,0.0589,20369.31632,345828.8,20369.31632,
2023-10-17 19:30:00+00:00,0.05886,0.05894,0.05888,0.05891,39274.3,0.058898,2313.1777214,39274.3,2313.1777214,
2023-10-17 19:35:00+00:00,0.05891,0.05896,0.05891,0.05895,230957.4,0.058932,13610.7814968,230957.4,13610.7814968,
2023-10-17 19:40:00+00:00,0.05892,0.05897,0.05895,0.05896,36867.2,0.05895,2173.32144,36867.2,2173.32144,
2023-10-17 19:45:00+00:00,0.05895,0.05897,0.05896,0.05897,34951.4,0.058962,2060.8044468,34951.4,2060.8044468,
2023-10-17 19:50:00+00:00,0.05897,0.059,0.05897,0.05899,53849.3,0.058982,3176.1394126,53849.3,3176.1394126,
2023-10-17 19:55:00+00:00,0.05897,0.059,0.059,0.05898,17211.7,0.058988,1015.2837596,17211.7,1015.2837596,
2023-10-17 20:00:00+00:00,0.05897,0.05902,0.05899,0.05899,394812.3,0.058992,23290.7672016,394812.3,23290.7672016,
2023-10-17 20:05:00+00:00,0.05898,0.05901,0.059,0.05901,230390.5,0.059,13593.0395,230390.5,13593.0395,
2023-10-17 20:10:00+00:00,0.05896,0.05902,0.05901,0.05899,394347.0,0.058995,23264.501265,394347.0,23264.501265,
2023-10-17 20:15:00+00:00,0.05891,0.05899,0.05899,0.05895,209806.9,0.05896,12370.214824,209806.9,12370.214824,
2023-10-17 20:20:00+00:00,0.05894,0.05898,0.05894,0.05898,85118.3,0.05896,5018.574968,85118.3,5018.574968,
2023-10-17 20:25:00+00:00,0.05898,0.05901,0.05898,0.059,103695.5,0.058992,6117.204936,103695.5,6117.204936,
2023-10-17 20:30:00+00:00,0.05898,0.05901,0.059,0.05899,113044.5,0.058995,6669.0602775,113044.5,6669.0602775,
2023-10-17 20:35:00+00:00,0.05898,0.059,0.05899,0.05899,68690.4,0.05899,4052.046696,68690.4,4052.046696,
2023-10-17 20:40:00+00:00,0.05899,0.05902,0.059,0.05901,163960.6,0.059005,9674.495203,163960.6,9674.495203,
2023-10-17 20:45:00+00:00,0.05899,0.05902,0.05901,0.059,66991.6,0.059005,3952.839358,66991.6,3952.839358,
2023-10-17 20:50:00+00:00,0.05895,0.05901,0.059,0.05896,50202.7,0.05898,2960.955246,50202.7,2960.955246,
2023-10-17 20:55:00+00:00,0.05892,0.05898,0.05895,0.05894,161590.5,0.058948,9525.436794,161590.5,9525.436794,
2023-10-17 21:00:00+00:00,0.05889,0.05894,0.05893,0.05894,71366.0,0.058925,4205.24155,71366.0,4205.24155,
2023-10-17 21:05:00+00:00,0.05894,0.05901,0.05894,0.05901,92820.2,0.058975,5474.071295,92820.2,5474.071295,
2023-10-17 21:10:00+00:00,0.059,0.05904,0.059,0.05904,119847.1,0.05902,7073.375842,119847.1,7073.375842,
2023-10-17 21:15:00+00:00,0.05904,0.05911,0.05904,0.0591,163447.6,0.059072,9655.1766272,163447.6,9655.1766272,
2023-10-17 21:20:00+00:00,0.05909,0.05914,0.05909,0.05912,652597.5,0.05911,38575.038225,652597.5,38575.038225,
2023-10-17 21:25:00+00:00,0.05909,0.05912,0.05912,0.05911,311014.6,0.05911,18384.073006,311014.6,18384.073006,
2023-10-17 21:30:00+00:00,0.05906,0.05911,0.0591,0.05907,58037.8,0.059085,3429.163413,58037.8,3429.163413,
2023-10-17 21:35:00+00:00,0.05905,0.05908,0.05907,0.05906,54682.1,0.059065,3229.7982365,54682.1,3229.7982365,
2023-10-17 21:40:00+00:00,0.05904,0.05912,0.05905,0.05911,149471.8,0.05908,8830.793944,149471.8,8830.793944,
2023-10-17 21:45:00+00:00,0.05908,0.05913,0.05912,0.05909,92786.0,0.059105,5484.11653,92786.0,5484.11653,
2023-10-17 21:50:00+00:00,0.05906,0.05911,0.05909,0.05907,95148.4,0.059082,5621.5577688,95148.4,5621.5577688,
2023-10-17 21:55:00+00:00,0.05904,0.05907,0.05906,0.05906,60144.4,0.059058,3552.0079752,60144.4,3552.0079752,
2023-10-17 22:00:00+00:00,0.05899,0.05906,0.05906,0.059,78484.7,0.059028,4632.7948716,78484.7,4632.7948716,
2023-10-17 22:05:00+00:00,0.05899,0.05903,0.05901,0.05901,39018.5,0.05901,2302.481685,39018.5,2302.481685,
2023-10-17 22:10:00+00:00,0.05899,0.05905,0.059,0.05902,154233.0,0.059015,9102.060495,154233.0,9102.060495,
2023-10-17 22:15:00+00:00,0.05899,0.05908,0.05902,0.05908,218799.1,0.059043,12918.5552613,218799.1,12918.5552613,
2023-10-17 22:20:00+00:00,0.05906,0.05909,0.05907,0.05908,166255.4,0.059075,9821.537755,166255.4,9821.537755,
2023-10-17 22:25:00+00:00,0.05906,0.05912,0.05909,0.05911,256379.8,0.059095,15150.764281,256379.8,15150.764281,
2023-10-17 22:30:00+00:00,0.0591,0.05912,0.05911,0.05911,45738.9,0.05911,2703.626379,45738.9,2703.626379,
2023-10-17 22:35:00+00:00,0.05907,0.05912,0.05911,0.05912,67935.2,0.059105,4015.309996,67935.2,4015.309996,
2023-10-17 22:40:00+00:00,0.05905,0.05913,0.05913,0.05906,63529.2,0.059092,3754.0674864,63529.2,3754.0674864,
2023-10-17 22:45:00+00:00,0.05904,0.05908,0.05907,0.05905,98458.5,0.05906,5814.95901,98458.5,5814.95901,
2023-10-17 22:50:00+00:00,0.05904,0.05905,0.05905,0.05904,24120.7,0.059045,1424.2067315,24120.7,1424.2067315,
2023-10-17 22:55:00+00:00,0.05904,0.0591,0.05905,0.05909,78429.5,0.05907,4632.830565,78429.5,4632.830565,
2023-10-17 23:00:00+00:00,0.05905,0.0591,0.0591,0.05907,119063.8,0.05908,7034.289304,119063.8,7034.289304,
2023-10-17 23:05:00+00:00,0.05906,0.05914,0.05907,0.05913,75330.3,0.0591,4452.02073,75330.3,4452.02073,
2023-10-17 23:10:00+00:00,0.0591,0.05914,0.05913,0.05912,87864.9,0.059122,5194.7486178,87864.9,5194.7486178,
2023-10-17 23:15:00+00:00,0.05908,0.05912,0.05912,0.05909,67823.6,0.059102,4008.5104072,67823.6,4008.5104072,
2023-10-17 23:20:00+00:00,0.05908,0.05913,0.0591,0.05911,54687.9,0.059105,3232.3283295,54687.9,3232.3283295,
2023-10-17 23:25:00+00:00,0.05911,0.05914,0.05912,0.05911,140222.5,0.05912,8289.9542,140222.5,8289.9542,
2023-10-17 23:30:00+00:00,0.05911,0.05914,0.05913,0.05914,88842.1,0.05913,5253.233373,88842.1,5253.233373,
2023-10-17 23:35:00+00:00,0.05908,0.05915,0.05914,0.05912,48693.7,0.059122,2878.8689314,48693.7,2878.8689314,
2023-10-17 23:40:00+00:00,0.05911,0.05914,0.05912,0.05913,99800.2,0.059125,5900.686825,99800.2,5900.686825,
2023-10-17 23:45:00+00:00,0.05904,0.05914,0.05913,0.05909,92175.2,0.0591,5447.55432,92175.2,5447.55432,
2023-10-17 23:50:00+00:00,0.05908,0.05912,0.05909,0.05911,183681.7,0.0591,10855.58847,183681.7,10855.58847,
2023-10-17 23:55:00+00:00,0.05904,0.05911,0.0591,0.05904,109737.3,0.059073,6482.5115229,109737.3,6482.5115229,
2023-10-18 00:00:00+00:00,0.059,0.05909,0.05904,0.05907,557515.1,0.05905,32921.266655,557515.1,32921.266655,
2023-10-18 00:05:00+00:00,0.05901,0.05909,0.05905,0.05906,171492.3,0.059052,10126.9632996,171492.3,10126.9632996,
2023-10-18 00:10:00+00:00,0.05898,0.05906,0.05906,0.059,197533.2,0.059025,11659.39713,197533.2,11659.39713,
2023-10-18 00:15:00+00:00,0.05899,0.05908,0.05899,0.05905,45894.9,0.059028,2709.0841572,45894.9,2709.0841572,
2023-10-18 00:20:00+00:00,0.05903,0.0591,0.05905,0.05903,186116.3,0.059052,10990.5397476,186116.3,10990.5397476,
2023-10-18 00:25:00+00:00,0.05899,0.05905,0.05903,0.05903,145112.3,0.059025,8565.2535075,145112.3,8565.2535075,
2023-10-18 00:30:00+00:00,0.05893,0.05903,0.05903,0.05893,72163.0,0.05898,4256.17374,72163.0,4256.17374,
2023-10-18 00:35:00+00:00,0.05881,0.05893,0.05893,0.05887,443154.6,0.058885,26095.158621,443154.6,26095.158621,
2023-10-18 00:40:00+00:00,0.05885,0.05892,0.05888,0.05892,240550.6,0.058892,14166.5059352,240550.6,14166.5059352,
2023-10-18 00:45:00+00:00,0.05884,0.05893,0.05893,0.05889,275520.1,0.058898,16227.5828498,275520.1,16227.5828498,
2023-10-18 00:50:00+00:00,0.05888,0.05894,0.05888,0.05893,46869.0,0.058908,2760.959052,46869.0,2760.959052,
2023-10-18 00:55:00+00:00,0.0589,0.05894,0.05893,0.05894,139927.7,0.058928,8245.6595056,139927.7,8245.6595056,
2023-10-18 01:00:00+00:00,0.05885,0.05894,0.05894,0.05885,102656.7,0.058895,6045.9663465,102656.7,6045.9663465,
2023-10-18 01:05:00+00:00,0.05885,0.05899,0.05886,0.05894,123168.4,0.05891,7255.850444,123168.4,7255.850444,
2023-10-18 01:10:00+00:00,0.05894,0.05904,0.05894,0.059,156119.5,0.05898,9207.92811,156119.5,9207.92811,
2023-10-18 01:15:00+00:00,0.05885,0.05902,0.05899,0.05885,137221.7,0.058928,8086.2003376,137221.7,8086.2003376,
2023-10-18 01:20:00+00:00,0.05883,0.05889,0.05885,0.05889,119690.0,0.058865,7045.55185,119690.0,7045.55185,
2023-10-18 01:25:00+00:00,0.05883,0.0589,0.0589,0.05884,121896.9,0.058868,7175.8267092,121896.9,7175.8267092,
2023-10-18 01:30:00+00:00,0.05882,0.05889,0.05883,0.05883,177179.2,0.058842,10425.5784864,177179.2,10425.5784864,
2023-10-18 01:35:00+00:00,0.05884,0.05891,0.05884,0.05889,129909.2,0.05887,7647.754604,129909.2,7647.754604,
2023-10-18 01:40:00+00:00,0.0588,0.0589,0.05889,0.05884,372643.5,0.058858,21933.051123,372643.5,21933.051123,
2023-10-18 01:45:00+00:00,0.05883,0.05889,0.05883,0.05888,202943.5,0.058857,11944.6455795,202943.5,11944.6455795,
2023-10-18 01:50:00+00:00,0.05884,0.0589,0.05888,0.05884,234788.2,0.058865,13820.807393,234788.2,13820.807393,
2023-10-18 01:55:00+00:00,0.05883,0.05887,0.05885,0.05884,303297.7,0.058848,17848.4630496,303297.7,17848.4630496,
2023-10-18 02:00:00+00:00,0.05882,0.0589,0.05885,0.0589,680665.9,0.058868,40069.4402012,680665.9,40069.4402012,
2023-10-18 02:05:00+00:00,0.0588,0.05891,0.0589,0.05881,1141181.6,0.058855,67164.243068,1141181.6,67164.243068,
2023-10-18 02:10:00+00:00,0.05877,0.05883,0.05881,0.05878,134151.2,0.058798,7887.8222576,134151.2,7887.8222576,
2023-10-18 02:15:00+00:00,0.05871,0.05881,0.05878,0.05881,257965.5,0.058778,15162.696159,257965.5,15162.696159,
2023-10-18 02:20:00+00:00,0.0588,0.05887,0.05881,0.05887,663990.7,0.058838,39067.8848066,663990.7,39067.8848066,
2023-10-18 02:25:00+00:00,0.05885,0.05894,0.05887,0.05891,115134.3,0.058892,6780.4891956,115134.3,6780.4891956,
2023-10-18 02:30:00+00:00,0.05886,0.05894,0.0589,0.05892,167159.6,0.058905,9846.536238,167159.6,9846.536238,
2023-10-18 02:35:00+00:00,0.05891,0.05897,0.05893,0.05895,100701.2,0.05894,5935.328728,100701.2,5935.328728,
2023-10-18 02:40:00+00:00,0.05888,0.05896,0.05895,0.05888,118171.4,0.058918,6962.4225452,118171.4,6962.4225452,
2023-10-18 02:45:00+00:00,0.05885,0.05889,0.05887,0.05885,99721.1,0.058865,5870.0825515,99721.1,5870.0825515,
2023-10-18 02:50:00+00:00,0.05886,0.05893,0.05886,0.05891,192035.6,0.05889,11308.976484,192035.6,11308.976484,
2023-10-18 02:55:00+00:00,0.05889,0.05892,0.05891,0.05891,41024.5,0.058907,2416.6302215,41024.5,2416.6302215,
2023-10-18 03:00:00+00:00,0.05892,0.05896,0.05893,0.05894,20394.2,0.058938,1201.9933596,20394.2,1201.9933596,
2023-10-18 03:05:00+00:00,0.05891,0.05896,0.05893,0.05892,221529.3,0.05893,13054.721649,221529.3,13054.721649,
2023-10-18 03:10:00+00:00,0.0589,0.05893,0.05893,0.05891,44452.6,0.058918,2619.0582868,44452.6,2619.0582868,
2023-10-18 03:15:00+00:00,0.05891,0.05893,0.05891,0.05891,151041.4,0.058915,8898.604081,151041.4,8898.604081,
2023-10-18 03:20:00+00:00,0.05877,0.05891,0.05891,0.05883,96411.5,0.058855,5674.2988325,96411.5,5674.2988325,
2023-10-18 03:25:00+00:00,0.05883,0.05889,0.05883,0.05889,25011.3,0.05886,1472.165118,25011.3,1472.165118,
2023-10-18 03:30:00+00:00,0.05885,0.0589,0.0589,0.05888,124377.1,0.058883,7323.6967793,124377.1,7323.6967793,
2023-10-18 03:35:00+00:00,0.05887,0.05888,0.05888,0.05888,1090962.5,0.058878,64233.690075,1090962.5,64233.690075,
2023-10-18 03:40:00+00:00,0.05888,0.05892,0.05888,0.05892,495255.7,0.0589,29170.56073,495255.7,29170.56073,
2023-10-18 03:45:00+00:00,0.05888,0.05892,0.05892,0.0589,88736.4,0.058905,5227.017642,88736.4,5227.017642,
2023-10-18 03:50:00+00:00,0.05886,0.05895,0.05889,0.05894,30106.9,0.05891,1773.597479,30106.9,1773.597479,
2023-10-18 03:55:00+00:00,0.05895,0.05898,0.05895,0.05897,25244.6,0.058962,1488.4721052,25244.6,1488.4721052,
2023-10-18 04:00:00+00:00,0.05892,0.05899,0.05897,0.05892,113261.2,0.05895,6676.74774,113261.2,6676.74774,
2023-10-18 04:05:00+00:00,0.0589,0.05892,0.05892,0.05891,76283.7,0.058912,4494.0253344,76283.7,4494.0253344,
2023-10-18 04:10:00+00:00,0.05892,0.05895,0.05892,0.05894,36357.5,0.058932,2142.62019,36357.5,2142.62019,
2023-10-18 04:15:00+00:00,0.05889,0.05893,0.05893,0.0589,96599.4,0.058913,5690.9604522,96599.4,5690.9604522,
2023-10-18 04:20:00+00:00,0.05889,0.05893,0.0589,0.05892,67032.2,0.05891,3948.866902,67032.2,3948.866902,
2023-10-18 04:25:00+00:00,0.0589,0.05894,0.05892,0.05893,59425.8,0.058922,3501.4869876,59425.8,3501.4869876,
2023-10-18 04:30:00+00:00,0.05888,0.05893,0.05893,0.0589,50695.8,0.05891,2986.489578,50695.8,2986.489578,
2023-10-18 04:35:00+00:00,0.0589,0.05894,0.0589,0.05894,62208.6,0.05892,3665.330712,62208.6,3665.330712,
2023-10-18 04:40:00+00:00,0.05891,0.05894,0.05894,0.05893,176380.0,0.05893,10394.0734,176380.0,10394.0734,
2023-10-18 04:45:00+00:00,0.05894,0.05899,0.05894,0.05899,216541.4,0.058965,12768.363651,216541.4,12768.363651,
2023-10-18 04:50:00+00:00,0.05899,0.05903,0.059,0.05899,232916.2,0.059002,13742.5216324,232916.2,13742.5216324,
2023-10-18 04:55:00+00:00,0.059,0.05937,0.059,0.05909,2272493.4,0.059115,134338.447341,2272493.4,134338.447341,
2023-10-18 05:00:00+00:00,0.05904,0.05916,0.05909,0.05908,305657.1,0.059092,18061.8893532,305657.1,18061.8893532,
2023-10-18 05:05:00+00:00,0.05905,0.05916,0.05907,0.05911,358068.6,0.059098,21161.1381228,358068.6,21161.1381228,
2023-10-18 05:10:00+00:00,0.05906,0.05914,0.05911,0.0591,310242.2,0.059102,18335.9345044,310242.2,18335.9345044,
2023-10-18 05:15:00+00:00,0.05908,0.05913,0.0591,0.05913,74746.3,0.05911,4418.253793,74746.3,4418.253793,
2023-10-18 05:20:00+00:00,0.05913,0.0592,0.05913,0.0592,163307.5,0.059165,9662.0882375,163307.5,9662.0882375,
2023-10-18 05:25:00+00:00,0.05919,0.05924,0.05919,0.0592,317063.0,0.059205,18771.714915,317063.0,18771.714915,
2023-10-18 05:30:00+00:00,0.05919,0.05924,0.05923,0.05921,98487.9,0.059217,5832.1579743,98487.9,5832.1579743,
2023-10-18 05:35:00+00:00,0.0592,0.05925,0.0592,0.05922,42318.4,0.059218,2506.0110112,42318.4,2506.0110112,
2023-10-18 05:40:00+00:00,0.05922,0.05929,0.05922,0.05922,424759.5,0.059238,25161.903261,424759.5,25161.903261,
2023-10-18 05:45:00+00:00,0.05915,0.05921,0.05921,0.05918,147065.8,0.059188,8704.5305704,147065.8,8704.5305704,
2023-10-18 05:50:00+00:00,0.05912,0.05917,0.05915,0.05916,78509.5,0.05915,4643.836925,78509.5,4643.836925,
2023-10-18 05:55:00+00:00,0.05916,0.05919,0.05917,0.05918,196927.7,0.059175,11653.1966475,196927.7,11653.1966475,
2023-10-18 06:00:00+00:00,0.05916,0.05922,0.05919,0.05921,175658.4,0.059195,10398.098988,175658.4,10398.098988,
2023-10-18 06:05:00+00:00,0.05915,0.05919,0.05919,0.05918,62390.7,0.059178,3692.1568446,62390.7,3692.1568446,
2023-10-18 06:10:00+00:00,0.05917,0.05925,0.05918,0.05924,161223.2,0.05921,9546.025672,161223.2,9546.025672,
2023-10-18 06:15:00+00:00,0.05925,0.05929,0.05925,0.05927,9836.8,0.059265,582.977952,9836.8,582.977952,
2023-10-18 06:20:00+00:00,0.05923,0.05926,0.05925,0.05924,94188.4,0.059245,5580.191758,94188.4,5580.191758,
2023-10-18 06:25:00+00:00,0.05918,0.05924,0.05924,0.0592,90256.5,0.059215,5344.5386475,90256.5,5344.5386475,
2023-10-18 06:30:00+00:00,0.05915,0.0592,0.0592,0.05919,98975.8,0.059185,5857.882723,98975.8,5857.882723,
2023-10-18 06:35:00+00:00,0.05918,0.05922,0.05921,0.05919,26008.1,0.0592,1539.67952,26008.1,1539.67952,
2023-10-18 06:40:00+00:00,0.05917,0.05923,0.05917,0.05921,177761.7,0.059195,10522.6038315,177761.7,10522.6038315,
2023-10-18 06:45:00+00:00,0.05919,0.05923,0.05922,0.05923,19985.8,0.059218,1183.5191044,19985.8,1183.5191044,
2023-10-18 06:50:00+00:00,0.05924,0.05929,0.05924,0.05924,636369.7,0.059252,37706.1774644,636369.7,37706.1774644,
2023-10-18 06:55:00+00:00,0.05922,0.05925,0.05923,0.05923,29097.6,0.059232,1723.5090432,29097.6,1723.5090432,
2023-10-18 07:00:00+00:00,0.059,0.05923,0.05923,0.05902,242869.3,0.05912,14358.433016,242869.3,14358.433016,
2023-10-18 07:05:00+00:00,0.059,0.05906,0.059,0.05905,80777.8,0.059028,4768.1519784,80777.8,4768.1519784,
2023-10-18 07:10:00+00:00,0.05905,0.05908,0.05905,0.05908,93138.9,0.059065,5501.2491285,93138.9,5501.2491285,
2023-10-18 07:15:00+00:00,0.05907,0.05912,0.05907,0.0591,65056.4,0.05909,3844.182676,65056.4,3844.182676,
2023-10-18 07:20:00+00:00,0.05903,0.0591,0.05909,0.05903,21859.7,0.059062,1291.0776014,21859.7,1291.0776014,
2023-10-18 07:25:00+00:00,0.05902,0.05906,0.05904,0.05904,71704.3,0.05904,4233.421872,71704.3,4233.421872,
2023-10-18 07:30:00+00:00,0.05904,0.05913,0.05904,0.05912,133332.7,0.059082,7877.5625814,133332.7,7877.5625814,
2023-10-18 07:35:00+00:00,0.05905,0.05912,0.05912,0.05906,18173.9,0.059088,1073.8594032,18173.9,1073.8594032,
2023-10-18 07:40:00+00:00,0.05903,0.05907,0.05905,0.05903,55590.8,0.059045,3282.358786,55590.8,3282.358786,
2023-10-18 07:45:00+00:00,0.05898,0.05905,0.05904,0.05898,138117.6,0.059012,8150.5958112,138117.6,8150.5958112,
2023-10-18 07:50:00+00:00,0.05896,0.05898,0.05897,0.05897,31343.2,0.05897,1848.308504,31343.2,1848.308504,
2023-10-18 07:55:00+00:00,0.05894,0.05897,0.05897,0.05897,74702.7,0.058962,4404.6205974,74702.7,4404.6205974,
2023-10-18 08:00:00+00:00,0.05893,0.05898,0.05895,0.05898,36001.4,0.05896,2122.642544,36001.4,2122.642544,
2023-10-18 08:05:00+00:00,0.05896,0.05902,0.05898,0.05897,195621.0,0.058982,11538.117822,195621.0,11538.117822,
2023-10-18 08:10:00+00:00,0.0589,0.05897,0.05897,0.05891,59135.2,0.058938,3485.3104176,59135.2,3485.3104176,
2023-10-18 08:15:00+00:00,0.05887,0.05892,0.0589,0.05888,67738.9,0.058892,3989.2792988,67738.9,3989.2792988,
2023-10-18 08:20:00+00:00,0.05889,0.05898,0.05889,0.05897,131891.3,0.058932,7772.6180916,131891.3,7772.6180916,
2023-10-18 08:25:00+00:00,0.05897,0.05902,0.05898,0.05901,236273.1,0.058995,13938.9315345,236273.1,13938.9315345,
2023-10-18 08:30:00+00:00,0.05899,0.05902,0.05901,0.059,246998.9,0.059005,14574.1700945,246998.9,14574.1700945,
2023-10-18 08:35:00+00:00,0.05894,0.059,0.059,0.05895,45432.8,0.058972,2679.2630816,45432.8,2679.2630816,
2023-10-18 08:40:00+00:00,0.05895,0.05899,0.05895,0.05897,77431.6,0.058965,4565.754294,77431.6,4565.754294,
2023-10-18 08:45:00+00:00,0.05896,0.059,0.059,0.05898,46550.7,0.058985,2745.7930395,46550.7,2745.7930395,
2023-10-18 08:50:00+00:00,0.05898,0.05903,0.05898,0.05902,131724.5,0.059002,7772.008949,131724.5,7772.008949,
2023-10-18 08:55:00+00:00,0.05901,0.05904,0.05901,0.05903,83141.8,0.059022,4907.1953196,83141.8,4907.1953196,
2023-10-18 09:00:00+00:00,0.059,0.05903,0.05903,0.059,63380.0,0.059015,3740.3707,63380.0,3740.3707,
2023-10-18 09:05:00+00:00,0.05899,0.05901,0.05901,0.05899,23684.4,0.059,1397.3796,23684.4,1397.3796,
2023-10-18 09:10:00+00:00,0.05899,0.05901,0.05899,0.059,50787.5,0.058997,2996.3101375,50787.5,2996.3101375,
2023-10-18 09:15:00+00:00,0.05898,0.05903,0.05899,0.05902,229432.8,0.059005,13537.682364,229432.8,13537.682364,
2023-10-18 09:20:00+00:00,0.05902,0.05908,0.05903,0.05908,105778.2,0.059052,6246.4142664,105778.2,6246.4142664,
2023-10-18 09:25:00+00:00,0.05903,0.05908,0.05907,0.05903,70937.2,0.059052,4188.9835344,70937.2,4188.9835344,
2023-10-18 09:30:00+00:00,0.05905,0.0591,0.05905,0.05909,137510.3,0.059072,8123.0084416,137510.3,8123.0084416,
2023-10-18 09:35:00+00:00,0.05908,0.05914,0.05909,0.05913,111640.6,0.05911,6599.075866,111640.6,6599.075866,
2023-10-18 09:40:00+00:00,0.05909,0.05913,0.05913,0.0591,62313.3,0.059112,3683.4637896,62313.3,3683.4637896,
2023-10-18 09:45:00+00:00,0.05909,0.05911,0.05909,0.0591,32753.9,0.059098,1935.6899822,32753.9,1935.6899822,
2023-10-18 09:50:00+00:00,0.05907,0.0591,0.05909,0.05907,75028.7,0.059082,4432.8456534,75028.7,4432.8456534,
2023-10-18 09:55:00+00:00,0.05876,0.05907,0.05907,0.05877,1081025.2,0.058918,63691.8427336,1081025.2,63691.8427336,
2023-10-18 10:00:00+00:00,0.05875,0.05889,0.05875,0.05889,391406.4,0.05882,23022.524448,391406.4,23022.524448,
2023-10-18 10:05:00+00:00,0.05887,0.05896,0.05889,0.05893,279035.5,0.058912,16438.539376,279035.5,16438.539376,
2023-10-18 10:10:00+00:00,0.05893,0.05899,0.05893,0.05899,48655.9,0.05896,2868.751864,48655.9,2868.751864,
2023-10-18 10:15:00+00:00,0.05896,0.05906,0.05898,0.05904,93120.6,0.05901,5495.046606,93120.6,5495.046606,
2023-10-18 10:20:00+00:00,0.05897,0.05905,0.05903,0.05897,66934.8,0.059005,3949.487874,66934.8,3949.487874,
2023-10-18 10:25:00+00:00,0.05892,0.05897,0.05897,0.05895,126187.4,0.058953,7439.1257922,126187.4,7439.1257922,
2023-10-18 10:30:00+00:00,0.05889,0.05898,0.05894,0.05896,302719.6,0.058942,17842.8986632,302719.6,17842.8986632,
2023-10-18 10:35:00+00:00,0.05895,0.05903,0.05895,0.059,102615.7,0.058982,6052.4792174,102615.7,6052.4792174,
2023-10-18 10:40:00+00:00,0.05897,0.05906,0.05899,0.05904,229235.4,0.059015,13528.327131,229235.4,13528.327131,
2023-10-18 10:45:00+00:00,0.059,0.05906,0.05905,0.05901,52193.5,0.05903,3080.982305,52193.5,3080.982305,
2023-10-18 10:50:00+00:00,0.05899,0.05903,0.059,0.05901,202949.3,0.059008,11975.6322944,202949.3,11975.6322944,
2023-10-18 10:55:00+00:00,0.05899,0.05901,0.059,0.05899,4805.0,0.058997,283.480585,4805.0,283.480585,
2023-10-18 11:00:00+00:00,0.05895,0.059,0.059,0.05897,50398.0,0.05898,2972.47404,50398.0,2972.47404,
2023-10-18 11:05:00+00:00,0.05893,0.05897,0.05896,0.05894,109267.8,0.05895,6441.33681,109267.8,6441.33681,
2023-10-18 11:10:00+00:00,0.0589,0.05893,0.05893,0.0589,41467.1,0.058915,2443.0341965,41467.1,2443.0341965,
2023-10-18 11:15:00+00:00,0.0589,0.059,0.0589,0.059,221448.1,0.05895,13054.365495,221448.1,13054.365495,
2023-10-18 11:20:00+00:00,0.05895,0.05901,0.059,0.05895,72486.6,0.058978,4275.1146948,72486.6,4275.1146948,
2023-10-18 11:25:00+00:00,0.05887,0.05895,0.05895,0.05889,9810.1,0.058915,577.9620415,9810.1,577.9620415,
2023-10-18 11:30:00+00:00,0.05885,0.05891,0.05889,0.05891,93796.0,0.05889,5523.64644,93796.0,5523.64644,
2023-10-18 11:35:00+00:00,0.05889,0.05893,0.0589,0.05889,298530.3,0.058902,17584.0317306,298530.3,17584.0317306,
2023-10-18 11:40:00+00:00,0.05886,0.05889,0.05889,0.05886,116385.2,0.058875,6852.17865,116385.2,6852.17865,
2023-10-18 11:45:00+00:00,0.05887,0.05892,0.05887,0.05891,158553.7,0.058892,9337.5445004,158553.7,9337.5445004,
2023-10-18 11:50:00+00:00,0.05881,0.05892,0.05892,0.05883,226145.5,0.05887,13313.185585,226145.5,13313.185585,
2023-10-18 11:55:00+00:00,0.05879,0.05884,0.05883,0.05879,103655.3,0.058813,6096.2791589,103655.3,6096.2791589,
2023-10-18 12:00:00+00:00,0.05876,0.05882,0.05879,0.05878,172095.7,0.058788,10117.1620116,172095.7,10117.1620116,
2023-10-18 12:05:00+00:00,0.05875,0.05882,0.05877,0.05878,50748.0,0.05878,2982.96744,50748.0,2982.96744,
2023-10-18 12:10:00+00:00,0.05878,0.05882,0.05878,0.05879,120094.9,0.058792,7060.6193608,120094.9,7060.6193608,
2023-10-18 12:15:00+00:00,0.05877,0.05882,0.0588,0.05879,128955.9,0.058795,7581.9621405,128955.9,7581.9621405,
2023-10-18 12:20:00+00:00,0.05879,0.05883,0.05879,0.0588,14244.1,0.058802,837.5815682,14244.1,837.5815682,
2023-10-18 12:25:00+00:00,0.05877,0.05881,0.0588,0.0588,126037.9,0.058795,7410.3983305,126037.9,7410.3983305,
2023-10-18 12:30:00+00:00,0.0588,0.05885,0.0588,0.0588,301511.4,0.058812,17732.4884568,301511.4,17732.4884568,
2023-10-18 12:35:00+00:00,0.05876,0.0588,0.0588,0.05876,31573.3,0.05878,1855.878574,31573.3,1855.878574,
2023-10-18 12:40:00+00:00,0.05876,0.05879,0.05876,0.05876,58563.7,0.058768,3441.6715216,58563.7,3441.6715216,
2023-10-18 12:45:00+00:00,0.05868,0.05876,0.05876,0.05869,114865.1,0.058722,6745.1084022,114865.1,6745.1084022,
2023-10-18 12:50:00+00:00,0.05869,0.05872,0.05869,0.05869,160200.8,0.058698,9403.4665584,160200.8,9403.4665584,
2023-10-18 12:55:00+00:00,0.05867,0.05873,0.05868,0.05873,172264.6,0.058703,10112.4488138,172264.6,10112.4488138,
2023-10-18 13:00:00+00:00,0.05873,0.05874,0.05873,0.05874,35527.0,0.058735,2086.678345,35527.0,2086.678345,
2023-10-18 13:05:00+00:00,0.0587,0.05876,0.05873,0.05873,422441.4,0.05873,24809.983422,422441.4,24809.983422,
2023-10-18 13:10:00+00:00,0.0587,0.05874,0.05873,0.0587,22117.1,0.058718,1298.6718778,22117.1,1298.6718778,
2023-10-18 13:15:00+00:00,0.05869,0.05877,0.0587,0.05875,212188.5,0.058728,12461.406228,212188.5,12461.406228,
2023-10-18 13:20:00+00:00,0.05871,0.05876,0.05875,0.05871,272913.6,0.058732,16028.7615552,272913.6,16028.7615552,
2023-10-18 13:25:00+00:00,0.05866,0.05873,0.0587,0.05867,424237.5,0.05869,24898.498875,424237.5,24898.498875,
2023-10-18 13:30:00+00:00,0.05865,0.05871,0.05868,0.0587,38177.5,0.058685,2240.4465875,38177.5,2240.4465875,
2023-10-18 13:35:00+00:00,0.0586,0.05871,0.05871,0.0586,157194.9,0.058655,9220.2668595,157194.9,9220.2668595,
2023-10-18 13:40:00+00:00,0.05856,0.0586,0.0586,0.05856,203178.8,0.05858,11902.214104,203178.8,11902.214104,
2023-10-18 13:45:00+00:00,0.05854,0.05867,0.05856,0.05861,430439.7,0.058595,25221.6142215,430439.7,25221.6142215,
2023-10-18 13:50:00+00:00,0.05852,0.05865,0.05861,0.05865,296763.3,0.058608,17392.7034864,296763.3,17392.7034864,
2023-10-18 13:55:00+00:00,0.05861,0.05865,0.05865,0.05862,156628.0,0.058633,9183.569524,156628.0,9183.569524,
2023-10-18 14:00:00+00:00,0.05852,0.05861,0.05861,0.05857,282863.9,0.058578,16569.6015342,282863.9,16569.6015342,
2023-10-18 14:05:00+00:00,0.05854,0.05864,0.05856,0.05858,253601.8,0.05858,14855.993444,253601.8,14855.993444,
2023-10-18 14:10:00+00:00,0.05853,0.0586,0.05854,0.05859,149776.0,0.058565,8771.63144,149776.0,8771.63144,
2023-10-18 14:15:00+00:00,0.05855,0.05862,0.05859,0.05862,79623.3,0.058595,4665.5272635,79623.3,4665.5272635,
2023-10-18 14:20:00+00:00,0.05861,0.05873,0.05861,0.05872,507181.3,0.058668,29755.3125084,507181.3,29755.3125084,
2023-10-18 14:25:00+00:00,0.0586,0.05871,0.05871,0.05861,279955.1,0.058658,16421.6062558,279955.1,16421.6062558,
2023-10-18 14:30:00+00:00,0.05842,0.05861,0.05861,0.05853,573368.7,0.058543,33566.7238041,573368.7,33566.7238041,
2023-10-18 14:35:00+00:00,0.05839,0.05856,0.05854,0.05855,523297.6,0.05851,30618.142576,523297.6,30618.142576,
2023-10-18 14:40:00+00:00,0.05855,0.05859,0.05855,0.05855,165572.5,0.05856,9695.9256,165572.5,9695.9256,
2023-10-18 14:45:00+00:00,0.05851,0.05858,0.05855,0.05853,507558.0,0.058542,29713.460436,507558.0,29713.460436,
2023-10-18 14:50:00+00:00,0.05855,0.0586,0.05855,0.0586,163255.6,0.058575,9562.69677,163255.6,9562.69677,
2023-10-18 14:55:00+00:00,0.05856,0.05861,0.05859,0.05857,131843.1,0.058582,7723.6324842,131843.1,7723.6324842,
2023-10-18 15:00:00+00:00,0.05856,0.05864,0.05856,0.05859,84461.6,0.058588,4948.4362208,84461.6,4948.4362208,
2023-10-18 15:05:00+00:00,0.05855,0.05865,0.0586,0.05863,126487.1,0.058607,7413.0294697,126487.1,7413.0294697,
2023-10-18 15:10:00+00:00,0.05861,0.05866,0.05862,0.05866,48514.4,0.058637,2844.7388728,48514.4,2844.7388728,
2023-10-18 15:15:00+00:00,0.05863,0.05867,0.05867,0.05864,63462.9,0.058652,3722.2260108,63462.9,3722.2260108,
2023-10-18 15:20:00+00:00,0.05856,0.05865,0.05865,0.05861,77866.3,0.058618,4564.3667734,77866.3,4564.3667734,
2023-10-18 15:25:00+00:00,0.05859,0.05866,0.05861,0.05861,194236.1,0.058618,11385.7317098,194236.1,11385.7317098,
2023-10-18 15:30:00+00:00,0.05859,0.05862,0.05861,0.05859,68930.8,0.058602,4039.4827416,68930.8,4039.4827416,
2023-10-18 15:35:00+00:00,0.05859,0.05862,0.05859,0.0586,59410.5,0.0586,3481.4553,59410.5,3481.4553,
2023-10-18 15:40:00+00:00,0.05855,0.05859,0.05859,0.05858,32362.9,0.058578,1895.7539562,32362.9,1895.7539562,
2023-10-18 15:45:00+00:00,0.05858,0.05861,0.05858,0.05859,58066.1,0.05859,3402.092799,58066.1,3402.092799,
2023-10-18 15:50:00+00:00,0.05859,0.05863,0.0586,0.05862,72939.8,0.05861,4275.001678,72939.8,4275.001678,
2023-10-18 15:55:00+00:00,0.05859,0.05863,0.05861,0.05859,110492.9,0.058605,6475.4364045,110492.9,6475.4364045,
2023-10-18 16:00:00+00:00,0.05857,0.05866,0.05859,0.05864,104421.7,0.058615,6120.6779455,104421.7,6120.6779455,
2023-10-18 16:05:00+00:00,0.05862,0.05868,0.05865,0.05867,122838.1,0.058655,7205.0687555,122838.1,7205.0687555,
2023-10-18 16:10:00+00:00,0.05864,0.05868,0.05866,0.05868,212436.9,0.058665,12462.6107385,212436.9,12462.6107385,
2023-10-18 16:15:00+00:00,0.05867,0.0587,0.05867,0.0587,341488.7,0.058685,20040.2643595,341488.7,20040.2643595,
2023-10-18 16:20:00+00:00,0.05861,0.0587,0.05869,0.05861,111700.9,0.058652,6551.4811868,111700.9,6551.4811868,
2023-10-18 16:25:00+00:00,0.05859,0.05864,0.05863,0.05859,177269.2,0.058613,10390.2796196,177269.2,10390.2796196,
2023-10-18 16:30:00+00:00,0.05857,0.0586,0.05858,0.05857,218292.6,0.05858,12787.580508,218292.6,12787.580508,
2023-10-18 16:35:00+00:00,0.05848,0.05859,0.05858,0.05853,394252.1,0.058545,23081.4891945,394252.1,23081.4891945,
2023-10-18 16:40:00+00:00,0.05853,0.05858,0.05853,0.05858,103266.2,0.058555,6046.752341,103266.2,6046.752341,
2023-10-18 16:45:00+00:00,0.05858,0.05865,0.05858,0.05864,191863.3,0.058612,11245.4917396,191863.3,11245.4917396,
2023-10-18 16:50:00+00:00,0.05863,0.05864,0.05864,0.05864,20012.3,0.058638,1173.4812474,20012.3,1173.4812474,
2023-10-18 16:55:00+00:00,0.05859,0.05864,0.05864,0.0586,344084.7,0.058618,20169.5569446,344084.7,20169.5569446,
2023-10-18 17:00:00+00:00,0.05858,0.05864,0.0586,0.05859,542610.9,0.058602,31798.0839618,542610.9,31798.0839618,
2023-10-18 17:05:00+00:00,0.05857,0.05861,0.05858,0.0586,235529.4,0.05859,13799.667546,235529.4,13799.667546,
2023-10-18 17:10:00+00:00,0.05859,0.05866,0.05859,0.05864,262110.1,0.05862,15364.894062,262110.1,15364.894062,
2023-10-18 17:15:00+00:00,0.05862,0.05865,0.05865,0.05863,90495.9,0.058637,5306.4080883,90495.9,5306.4080883,
2023-10-18 17:20:00+00:00,0.05862,0.05865,0.05865,0.05863,90495.9,0.058637,5306.4080883,90495.9,5306.4080883,
2023-10-18 17:25:00+00:00,0.05862,0.05865,0.05865,0.05863,90495.9,0.058637,5306.4080883,90495.9,5306.4080883,
2023-10-18 17:30:00+00:00,0.05859,0.05863,0.05863,0.0586,188872.5,0.058612,11070.19497,188872.5,11070.19497,
2023-10-18 17:35:00+00:00,0.05856,0.05861,0.0586,0.05856,56049.1,0.058582,3283.4683762,56049.1,3283.4683762,
2023-10-18 17:40:00+00:00,0.05851,0.05856,0.05856,0.05852,115682.0,0.058538,6771.792916,115682.0,6771.792916,
2023-10-18 17:45:00+00:00,0.05846,0.05851,0.05851,0.05848,489246.3,0.05849,28616.016087,489246.3,28616.016087,
2023-10-18 17:50:00+00:00,0.05847,0.05851,0.05848,0.05848,119700.0,0.058485,7000.6545,119700.0,7000.6545,
2023-10-18 17:55:00+00:00,0.05848,0.05854,0.05848,0.05852,26993.3,0.058505,1579.2430165,26993.3,1579.2430165,
2023-10-18 18:00:00+00:00,0.05849,0.05853,0.05852,0.0585,18435.9,0.05851,1078.684509,18435.9,1078.684509,
2023-10-18 18:05:00+00:00,0.0585,0.05856,0.0585,0.05855,38758.8,0.058527,2268.4362876,38758.8,2268.4362876,
2023-10-18 18:10:00+00:00,0.05853,0.05859,0.05856,0.05856,204415.3,0.05856,11970.559968,204415.3,11970.559968,
2023-10-18 18:15:00+00:00,0.05854,0.05858,0.05856,0.05856,86424.6,0.05856,5061.024576,86424.6,5061.024576,
2023-10-18 18:20:00+00:00,0.05855,0.05861,0.05855,0.05859,106784.3,0.058575,6254.8903725,106784.3,6254.8903725,
2023-10-18 18:25:00+00:00,0.05856,0.0586,0.05859,0.05858,98578.3,0.058582,5774.9139706,98578.3,5774.9139706,
2023-10-18 18:30:00+00:00,0.05858,0.05861,0.05858,0.05861,92448.6,0.058595,5417.025717,92448.6,5417.025717,
2023-10-18 18:35:00+00:00,0.05857,0.05862,0.05862,0.05858,105780.1,0.058598,6198.5022998,105780.1,6198.5022998,
2023-10-18 18:40:00+00:00,0.05857,0.05862,0.05858,0.05859,172977.8,0.05859,10134.769302,172977.8,10134.769302,
2023-10-18 18:45:00+00:00,0.05857,0.0586,0.05859,0.05858,47183.2,0.058585,2764.227772,47183.2,2764.227772,
2023-10-18 18:50:00+00:00,0.05855,0.05865,0.05858,0.05856,270831.3,0.058585,15866.6517105,270831.3,15866.6517105,
2023-10-18 18:55:00+00:00,0.05852,0.05858,0.05854,0.05856,36108.6,0.05855,2114.15853,36108.6,2114.15853,
2023-10-18 19:00:00+00:00,0.0585,0.05855,0.05855,0.05852,147935.5,0.05853,8658.664815,147935.5,8658.664815,
2023-10-18 19:05:00+00:00,0.05849,0.05853,0.05852,0.05849,52717.7,0.058508,3084.4071916,52717.7,3084.4071916,
2023-10-18 19:10:00+00:00,0.05846,0.0585,0.05849,0.05848,31399.0,0.058482,1836.276318,31399.0,1836.276318,
2023-10-18 19:15:00+00:00,0.05847,0.05851,0.05847,0.05851,57075.7,0.05849,3338.357693,57075.7,3338.357693,
2023-10-18 19:20:00+00:00,0.05848,0.05853,0.0585,0.05848,522568.1,0.058498,30569.1887138,522568.1,30569.1887138,
2023-10-18 19:25:00+00:00,0.0584,0.0585,0.05849,0.05846,270816.0,0.058462,15832.444992,270816.0,15832.444992,
2023-10-18 19:30:00+00:00,0.05839,0.05847,0.05845,0.05843,108553.1,0.058435,6343.3003985,108553.1,6343.3003985,
2023-10-18 19:35:00+00:00,0.05836,0.05843,0.05843,0.05838,244577.2,0.0584,14283.30848,244577.2,14283.30848,
2023-10-18 19:40:00+00:00,0.05836,0.05841,0.05837,0.05841,352054.9,0.058387,20555.4294463,352054.9,20555.4294463,
2023-10-18 19:45:00+00:00,0.05838,0.05851,0.0584,0.05849,81489.5,0.058445,4762.6538275,81489.5,4762.6538275,
2023-10-18 19:50:00+00:00,0.05847,0.05852,0.05849,0.05852,85336.7,0.0585,4992.19695,85336.7,4992.19695,
2023-10-18 19:55:00+00:00,0.05846,0.05855,0.05853,0.05847,81820.8,0.058502,4786.6804416,81820.8,4786.6804416,
2023-10-18 20:00:00+00:00,0.05836,0.05846,0.05846,0.05844,188103.1,0.05843,10990.864133,188103.1,10990.864133,
2023-10-18 20:05:00+00:00,0.0584,0.05847,0.05843,0.05847,142799.4,0.058442,8345.4825348,142799.4,8345.4825348,
2023-10-18 20:10:00+00:00,0.05841,0.05847,0.05846,0.05843,154279.8,0.058442,9016.4200716,154279.8,9016.4200716,
2023-10-18 20:15:00+00:00,0.0584,0.05842,0.05842,0.05841,40795.2,0.058412,2382.9292224,40795.2,2382.9292224,
2023-10-18 20:20:00+00:00,0.05839,0.05848,0.0584,0.05846,266441.2,0.058432,15568.6921984,266441.2,15568.6921984,
2023-10-18 20:25:00+00:00,0.05845,0.05849,0.05846,0.05845,18578.7,0.058462,1086.1479594,18578.7,1086.1479594,
2023-10-18 20:30:00+00:00,0.05841,0.05847,0.05847,0.05842,177561.9,0.058442,10377.0725598,177561.9,10377.0725598,
2023-10-18 20:35:00+00:00,0.05831,0.05842,0.05841,0.05831,134256.5,0.058362,7835.477853,134256.5,7835.477853,
2023-10-18 20:40:00+00:00,0.05826,0.05834,0.05831,0.05834,500492.9,0.058312,29184.7419848,500492.9,29184.7419848,
2023-10-18 20:45:00+00:00,0.05829,0.05834,0.05833,0.05831,593714.8,0.058318,34624.2597064,593714.8,34624.2597064,
2023-10-18 20:50:00+00:00,0.05829,0.05833,0.05831,0.05832,95597.5,0.058312,5574.48142,95597.5,5574.48142,
2023-10-18 20:55:00+00:00,0.05829,0.05839,0.05832,0.05838,299415.2,0.058345,17469.379844,299415.2,17469.379844,
2023-10-18 21:00:00+00:00,0.05833,0.05839,0.05839,0.05834,52243.1,0.058362,3049.0118022,52243.1,3049.0118022,
2023-10-18 21:05:00+00:00,0.05834,0.05839,0.05834,0.05837,106328.4,0.05836,6205.325424,106328.4,6205.325424,
2023-10-18 21:10:00+00:00,0.05838,0.05843,0.05838,0.05842,791001.6,0.058402,46196.0754432,791001.6,46196.0754432,
2023-10-18 21:15:00+00:00,0.05837,0.05844,0.05842,0.05841,120471.1,0.05841,7036.716951,120471.1,7036.716951,
2023-10-18 21:20:00+00:00,0.0584,0.05843,0.0584,0.05843,7401.5,0.058415,432.3586225,7401.5,432.3586225,
2023-10-18 21:25:00+00:00,0.05844,0.0585,0.05844,0.0585,159018.0,0.05847,9297.78246,159018.0,9297.78246,
2023-10-18 21:30:00+00:00,0.05845,0.0585,0.05849,0.05845,66743.6,0.058473,3902.6985228,66743.6,3902.6985228,
2023-10-18 21:35:00+00:00,0.05839,0.05846,0.05845,0.05839,13306.6,0.058422,777.3981852,13306.6,777.3981852,
2023-10-18 21:40:00+00:00,0.05836,0.05843,0.05839,0.05842,249651.1,0.0584,14579.62424,249651.1,14579.62424,
2023-10-18 21:45:00+00:00,0.05842,0.05843,0.05843,0.05843,33364.8,0.058428,1949.4385344,33364.8,1949.4385344,
2023-10-18 21:50:00+00:00,0.05841,0.05845,0.05843,0.05845,131563.6,0.058435,7687.918966,131563.6,7687.918966,
2023-10-18 21:55:00+00:00,0.05844,0.05847,0.05844,0.05847,89610.1,0.058455,5238.1583955,89610.1,5238.1583955,
2023-10-18 22:00:00+00:00,0.05844,0.0585,0.05846,0.0585,125670.0,0.058475,7348.55325,125670.0,7348.55325,
2023-10-18 22:05:00+00:00,0.05849,0.05853,0.0585,0.05851,117197.9,0.058508,6857.0147332,117197.9,6857.0147332,
2023-10-18 22:10:00+00:00,0.05849,0.05855,0.0585,0.05853,183580.6,0.058518,10742.7695508,183580.6,10742.7695508,
2023-10-18 22:15:00+00:00,0.0585,0.05854,0.05853,0.05852,185848.8,0.058523,10876.4293224,185848.8,10876.4293224,
2023-10-18 22:20:00+00:00,0.05852,0.05858,0.05853,0.05858,277388.0,0.058552,16241.622176,277388.0,16241.622176,
2023-10-18 22:25:00+00:00,0.05852,0.05856,0.05856,0.05853,203647.4,0.058543,11922.1297382,203647.4,11922.1297382,
2023-10-18 22:30:00+00:00,0.05853,0.05855,0.05854,0.05855,20383.3,0.058542,1193.2791486,20383.3,1193.2791486,
2023-10-18 22:35:00+00:00,0.05852,0.05857,0.05855,0.05853,299225.1,0.058543,17517.5350293,299225.1,17517.5350293,
2023-10-18 22:40:00+00:00,0.05853,0.05857,0.05853,0.05856,41230.7,0.058548,2413.9750236,41230.7,2413.9750236,
2023-10-18 22:45:00+00:00,0.05853,0.05859,0.05856,0.05854,220154.4,0.058555,12891.140892,220154.4,12891.140892,
2023-10-18 22:50:00+00:00,0.05853,0.05857,0.05854,0.05857,148803.0,0.058552,8712.713256,148803.0,8712.713256,
2023-10-18 22:55:00+00:00,0.05855,0.05899,0.05857,0.05881,2818077.7,0.05873,165505.703321,2818077.7,165505.703321,
2023-10-18 23:00:00+00:00,0.05875,0.05888,0.0588,0.05875,520948.8,0.058795,30629.184696,520948.8,30629.184696,
2023-10-18 23:05:00+00:00,0.05872,0.05877,0.05875,0.05876,81378.5,0.05875,4780.986875,81378.5,4780.986875,
2023-10-18 23:10:00+00:00,0.05872,0.05876,0.05876,0.05874,105551.5,0.058745,6200.6228675,105551.5,6200.6228675,
2023-10-18 23:15:00+00:00,0.05862,0.05873,0.05873,0.05864,126319.1,0.05868,7412.404788,126319.1,7412.404788,
2023-10-18 23:20:00+00:00,0.05863,0.05874,0.05864,0.05869,617103.8,0.058675,36208.565465,617103.8,36208.565465,
2023-10-18 23:25:00+00:00,0.05867,0.05873,0.05868,0.05873,242940.5,0.058703,14261.3361715,242940.5,14261.3361715,
2023-10-18 23:30:00+00:00,0.05868,0.05877,0.05874,0.0587,381859.4,0.058723,22423.9295462,381859.4,22423.9295462,
2023-10-18 23:35:00+00:00,0.05863,0.0587,0.05868,0.05866,169300.9,0.058668,9932.5452012,169300.9,9932.5452012,
2023-10-18 23:40:00+00:00,0.05861,0.05867,0.05866,0.05863,30988.0,0.058642,1817.198296,30988.0,1817.198296,
2023-10-18 23:45:00+00:00,0.0586,0.05866,0.05862,0.0586,25883.9,0.05862,1517.314218,25883.9,1517.314218,
2023-10-18 23:50:00+00:00,0.05858,0.05864,0.05861,0.05862,261135.6,0.058612,15305.6797872,261135.6,15305.6797872,
2023-10-18 23:55:00+00:00,0.0586,0.05862,0.05862,0.05861,17771.5,0.058612,1041.623158,17771.5,1041.623158,
2023-10-19 00:00:00+00:00,0.05854,0.05864,0.05861,0.05858,164420.5,0.058592,9633.725936,164420.5,9633.725936,
2023-10-19 00:05:00+00:00,0.05852,0.05859,0.05859,0.05854,317271.0,0.05856,18579.38976,317271.0,18579.38976,
2023-10-19 00:10:00+00:00,0.05857,0.05864,0.05858,0.05864,63106.0,0.058608,3698.516448,63106.0,3698.516448,
2023-10-19 00:15:00+00:00,0.05853,0.05863,0.05862,0.05862,186498.0,0.0586,10928.7828,186498.0,10928.7828,
2023-10-19 00:20:00+00:00,0.05861,0.05873,0.05862,0.05869,285780.3,0.058662,16764.4439586,285780.3,16764.4439586,
2023-10-19 00:25:00+00:00,0.05864,0.0587,0.05869,0.05866,89418.4,0.058672,5246.3563648,89418.4,5246.3563648,
2023-10-19 00:30:00+00:00,0.05865,0.0587,0.05866,0.05867,245706.6,0.05867,14415.606222,245706.6,14415.606222,
2023-10-19 00:35:00+00:00,0.05857,0.05867,0.05867,0.05858,51092.0,0.058622,2995.115224,51092.0,2995.115224,
2023-10-19 00:40:00+00:00,0.05856,0.0586,0.05859,0.0586,50183.6,0.058588,2940.1567568,50183.6,2940.1567568,
2023-10-19 00:45:00+00:00,0.05859,0.05873,0.05859,0.05869,187078.4,0.05865,10972.14816,187078.4,10972.14816,
2023-10-19 00:50:00+00:00,0.05868,0.05874,0.05868,0.05869,124579.7,0.058698,7312.5792306,124579.7,7312.5792306,
2023-10-19 00:55:00+00:00,0.05864,0.05869,0.05869,0.05865,48137.1,0.058668,2824.1073828,48137.1,2824.1073828,
2023-10-19 01:00:00+00:00,0.05864,0.05867,0.05865,0.05866,97092.2,0.058655,5694.942991,97092.2,5694.942991,
2023-10-19 01:05:00+00:00,0.05859,0.05865,0.05865,0.05864,184298.5,0.058632,10805.789652,184298.5,10805.789652,
2023-10-19 01:10:00+00:00,0.05861,0.05868,0.05866,0.05862,85623.9,0.058642,5021.1567438,85623.9,5021.1567438,
2023-10-19 01:15:00+00:00,0.05859,0.05863,0.05861,0.05863,104413.1,0.058615,6120.1738565,104413.1,6120.1738565,
2023-10-19 01:20:00+00:00,0.05854,0.05864,0.05864,0.05854,113531.9,0.05859,6651.834021,113531.9,6651.834021,
2023-10-19 01:25:00+00:00,0.05844,0.05857,0.05855,0.05845,558139.5,0.058502,32652.277029,558139.5,32652.277029,
2023-10-19 01:30:00+00:00,0.05845,0.0585,0.05845,0.05849,99733.7,0.058472,5831.6289064,99733.7,5831.6289064,
2023-10-19 01:35:00+00:00,0.05828,0.05849,0.05849,0.05832,586894.6,0.058395,34271.710167,586894.6,34271.710167,
2023-10-19 01:40:00+00:00,0.05744,0.05834,0.05833,0.05786,5009328.3,0.057992,290500.9667736,5009328.3,290500.9667736,
2023-10-19 01:45:00+00:00,0.0578,0.05815,0.05787,0.05809,1911759.2,0.057978,110839.9748976,1911759.2,110839.9748976,
2023-10-19 01:50:00+00:00,0.05798,0.05809,0.05806,0.05807,268517.2,0.05805,15587.42346,268517.2,15587.42346,
2023-10-19 01:55:00+00:00,0.05808,0.05815,0.05808,0.05813,132959.5,0.05811,7726.276545,132959.5,7726.276545,
2023-10-19 02:00:00+00:00,0.05804,0.05812,0.05811,0.05811,272189.8,0.058095,15812.866431,272189.8,15812.866431,
2023-10-19 02:05:00+00:00,0.05808,0.05816,0.05811,0.05808,274856.7,0.058108,15971.3731236,274856.7,15971.3731236,
2023-10-19 02:10:00+00:00,0.05804,0.05811,0.05808,0.05808,176177.6,0.058078,10232.0426528,176177.6,10232.0426528,
2023-10-19 02:15:00+00:00,0.05801,0.05808,0.05808,0.05802,195290.3,0.058048,11336.2113344,195290.3,11336.2113344,
2023-10-19 02:20:00+00:00,0.05801,0.05805,0.05803,0.05804,93845.5,0.058032,5446.042056,93845.5,5446.042056,
2023-10-19 02:25:00+00:00,0.05799,0.05807,0.05804,0.058,274101.5,0.058025,15904.7395375,274101.5,15904.7395375,
2023-10-19 02:30:00+00:00,0.05795,0.05806,0.05799,0.05805,470415.5,0.058012,27289.743986,470415.5,27289.743986,
2023-10-19 02:35:00+00:00,0.05801,0.05808,0.05806,0.05805,194963.0,0.05805,11317.60215,194963.0,11317.60215,
2023-10-19 02:40:00+00:00,0.05804,0.05809,0.05805,0.05807,46506.6,0.058062,2700.2662092,46506.6,2700.2662092,
2023-10-19 02:45:00+00:00,0.05806,0.05812,0.05806,0.05811,259301.0,0.058088,15062.276488,259301.0,15062.276488,
2023-10-19 02:50:00+00:00,0.05805,0.0581,0.0581,0.05807,303626.1,0.05808,17634.603888,303626.1,17634.603888,
2023-10-19 02:55:00+00:00,0.05807,0.05812,0.05807,0.05812,98709.5,0.058095,5734.5284025,98709.5,5734.5284025,
2023-10-19 03:00:00+00:00,0.05807,0.05814,0.05813,0.05813,394778.5,0.058118,22943.736863,394778.5,22943.736863,
2023-10-19 03:05:00+00:00,0.05811,0.05815,0.05813,0.05814,189756.1,0.058132,11030.9016052,189756.1,11030.9016052,
2023-10-19 03:10:00+00:00,0.05815,0.05823,0.05815,0.05822,640050.2,0.058187,37242.6009874,640050.2,37242.6009874,
2023-10-19 03:15:00+00:00,0.05821,0.05824,0.05821,0.05823,255081.9,0.058222,14851.3783818,255081.9,14851.3783818,
2023-10-19 03:20:00+00:00,0.05816,0.05822,0.05822,0.05816,299189.0,0.05819,17409.80791,299189.0,17409.80791,
2023-10-19 03:25:00+00:00,0.05813,0.05815,0.05815,0.05813,104278.7,0.05814,6062.763618,104278.7,6062.763618,
2023-10-19 03:30:00+00:00,0.05814,0.05819,0.05814,0.05819,191421.9,0.058165,11134.0548135,191421.9,11134.0548135,
2023-10-19 03:35:00+00:00,0.0582,0.05823,0.0582,0.05821,141812.3,0.05821,8254.893983,141812.3,8254.893983,
2023-10-19 03:40:00+00:00,0.05818,0.05822,0.05822,0.05818,267031.3,0.0582,15541.22166,267031.3,15541.22166,
2023-10-19 03:45:00+00:00,0.05817,0.05823,0.05818,0.05823,371479.9,0.058203,21621.2446197,371479.9,21621.2446197,
2023-10-19 03:50:00+00:00,0.05818,0.05824,0.05822,0.05819,213185.9,0.058208,12409.1248672,213185.9,12409.1248672,
2023-10-19 03:55:00+00:00,0.05819,0.05821,0.05819,0.05821,95634.4,0.0582,5565.92208,95634.4,5565.92208,
2023-10-19 04:00:00+00:00,0.05818,0.05825,0.0582,0.05823,654689.6,0.058215,38112.755064,654689.6,38112.755064,
2023-10-19 04:05:00+00:00,0.05817,0.05823,0.05823,0.05819,218983.4,0.058205,12745.928797,218983.4,12745.928797,
2023-10-19 04:10:00+00:00,0.05811,0.05819,0.05819,0.05812,164771.0,0.058152,9581.763192,164771.0,9581.763192,
2023-10-19 04:15:00+00:00,0.0581,0.05817,0.05812,0.05816,163739.6,0.058137,9519.3291252,163739.6,9519.3291252,
2023-10-19 04:20:00+00:00,0.05815,0.05821,0.05816,0.05821,91857.4,0.058182,5344.4472468,91857.4,5344.4472468,
2023-10-19 04:25:00+00:00,0.05822,0.05827,0.05822,0.05822,512428.6,0.058232,29839.7422352,512428.6,29839.7422352,
2023-10-19 04:30:00+00:00,0.05819,0.05824,0.05823,0.0582,129261.3,0.058215,7524.9465795,129261.3,7524.9465795,
2023-10-19 04:35:00+00:00,0.05819,0.05822,0.0582,0.05822,47130.5,0.058207,2743.3250135,47130.5,2743.3250135,
2023-10-19 04:40:00+00:00,0.05819,0.05822,0.05822,0.0582,94237.9,0.058208,5485.3996832,94237.9,5485.3996832,
2023-10-19 04:45:00+00:00,0.0582,0.05824,0.0582,0.05824,155544.7,0.05822,9055.812434,155544.7,9055.812434,
2023-10-19 04:50:00+00:00,0.0582,0.05824,0.05824,0.05822,322897.0,0.058225,18800.677825,322897.0,18800.677825,
2023-10-19 04:55:00+00:00,0.0582,0.0583,0.05821,0.05825,95868.9,0.05824,5583.404736,95868.9,5583.404736,
2023-10-19 05:00:00+00:00,0.05824,0.0583,0.05825,0.05829,84598.2,0.05827,4929.537114,84598.2,4929.537114,
2023-10-19 05:05:00+00:00,0.05829,0.05832,0.05829,0.05832,42419.0,0.058305,2473.239795,42419.0,2473.239795,
2023-10-19 05:10:00+00:00,0.05828,0.05832,0.05832,0.05832,162651.6,0.05831,9484.214796,162651.6,9484.214796,
2023-10-19 05:15:00+00:00,0.05827,0.05832,0.05832,0.0583,265139.1,0.058302,15458.1398082,265139.1,15458.1398082,
2023-10-19 05:20:00+00:00,0.0583,0.05835,0.0583,0.05834,58609.0,0.058322,3418.194098,58609.0,3418.194098,
2023-10-19 05:25:00+00:00,0.05833,0.05836,0.05834,0.05836,91810.2,0.058348,5356.9415496,91810.2,5356.9415496,
2023-10-19 05:30:00+00:00,0.05835,0.05837,0.05836,0.05836,53202.4,0.05836,3104.892064,53202.4,3104.892064,
2023-10-19 05:35:00+00:00,0.0583,0.05835,0.05835,0.0583,16476.9,0.058325,961.0151925,16476.9,961.0151925,
2023-10-19 05:40:00+00:00,0.0583,0.05834,0.05831,0.05834,99798.4,0.058322,5820.4422848,99798.4,5820.4422848,
2023-10-19 05:45:00+00:00,0.05825,0.05832,0.05832,0.05826,49566.5,0.058288,2889.132152,49566.5,2889.132152,
2023-10-19 05:50:00+00:00,0.05826,0.05827,0.05827,0.05827,1143.3,0.058268,66.6178044,1143.3,66.6178044,
2023-10-19 05:55:00+00:00,0.05824,0.05827,0.05826,0.05824,13082.8,0.058252,762.0992656,13082.8,762.0992656,
2023-10-19 06:00:00+00:00,0.05824,0.05825,0.05824,0.05825,21298.8,0.058245,1240.548606,21298.8,1240.548606,
2023-10-19 06:05:00+00:00,0.05819,0.05824,0.05823,0.05824,186182.8,0.058225,10840.49353,186182.8,10840.49353,
2023-10-19 06:10:00+00:00,0.05821,0.05825,0.05825,0.05821,82921.5,0.05823,4828.518945,82921.5,4828.518945,
2023-10-19 06:15:00+00:00,0.05821,0.05826,0.05821,0.05825,82736.0,0.058232,4817.882752,82736.0,4817.882752,
2023-10-19 06:20:00+00:00,0.05825,0.05829,0.05825,0.05828,62557.8,0.058268,3645.1178904,62557.8,3645.1178904,
2023-10-19 06:25:00+00:00,0.05824,0.05828,0.05828,0.05825,180717.8,0.058262,10528.9804636,180717.8,10528.9804636,
2023-10-19 06:30:00+00:00,0.05822,0.05829,0.05824,0.05829,116280.4,0.05826,6774.496104,116280.4,6774.496104,
2023-10-19 06:35:00+00:00,0.05824,0.05827,0.05825,0.05825,28928.6,0.058253,1685.1777358,28928.6,1685.1777358,
2023-10-19 06:40:00+00:00,0.05824,0.05827,0.05826,0.05826,48782.5,0.058258,2841.970885,48782.5,2841.970885,
2023-10-19 06:45:00+00:00,0.05823,0.05826,0.05826,0.05825,54391.6,0.05825,3168.3107,54391.6,3168.3107,
2023-10-19 06:50:00+00:00,0.05823,0.05825,0.05825,0.05823,57200.2,0.05824,3331.339648,57200.2,3331.339648,
2023-10-19 06:55:00+00:00,0.0582,0.05823,0.05823,0.05822,42755.5,0.05822,2489.22521,42755.5,2489.22521,
2023-10-19 07:00:00+00:00,0.05823,0.05831,0.05823,0.05824,350448.2,0.058252,20414.3085464,350448.2,20414.3085464,
2023-10-19 07:05:00+00:00,0.05818,0.05824,0.05824,0.05819,27768.1,0.058212,1616.4366372,27768.1,1616.4366372,
2023-10-19 07:10:00+00:00,0.05814,0.0582,0.05819,0.05814,26783.2,0.058168,1557.9251776,26783.2,1557.9251776,
2023-10-19 07:15:00+00:00,0.05813,0.05816,0.05815,0.05816,109951.8,0.05815,6393.69717,109951.8,6393.69717,
2023-10-19 07:20:00+00:00,0.05813,0.05818,0.05817,0.05814,53251.5,0.058155,3096.8409825,53251.5,3096.8409825,
2023-10-19 07:25:00+00:00,0.05812,0.05815,0.05814,0.05814,32452.2,0.058138,1886.7060036,32452.2,1886.7060036,
2023-10-19 07:30:00+00:00,0.05814,0.05818,0.05814,0.05818,44539.3,0.05816,2590.405688,44539.3,2590.405688,
2023-10-19 07:35:00+00:00,0.05819,0.05824,0.05819,0.05823,238908.5,0.058212,13907.341602,238908.5,13907.341602,
2023-10-19 07:40:00+00:00,0.05823,0.05825,0.05824,0.05825,12933.2,0.058242,753.2554344,12933.2,753.2554344,
2023-10-19 07:45:00+00:00,0.0582,0.05825,0.05824,0.05822,109980.5,0.058228,6403.944554,109980.5,6403.944554,
2023-10-19 07:50:00+00:00,0.05822,0.05826,0.05822,0.05824,24638.2,0.058235,1434.805577,24638.2,1434.805577,
2023-10-19 07:55:00+00:00,0.0582,0.05824,0.05824,0.05821,112154.7,0.058222,6529.8709434,112154.7,6529.8709434,
2023-10-19 08:00:00+00:00,0.05819,0.05822,0.05821,0.05822,11674.7,0.05821,679.584287,11674.7,679.584287,
2023-10-19 08:05:00+00:00,0.05821,0.05827,0.05822,0.05824,45129.5,0.058235,2628.1164325,45129.5,2628.1164325,
2023-10-19 08:10:00+00:00,0.05823,0.05826,0.05823,0.05825,68353.5,0.058242,3981.044547,68353.5,3981.044547,
2023-10-19 08:15:00+00:00,0.05823,0.05825,0.05825,0.05823,3096.4,0.05824,180.334336,3096.4,180.334336,
2023-10-19 08:20:00+00:00,0.05819,0.05825,0.05823,0.05819,96271.8,0.058215,5604.462837,96271.8,5604.462837,
2023-10-19 08:25:00+00:00,0.05818,0.0582,0.0582,0.05819,61075.7,0.058192,3554.1171344,61075.7,3554.1171344,
2023-10-19 08:30:00+00:00,0.05816,0.0582,0.05818,0.05816,1212.7,0.058175,70.5488225,1212.7,70.5488225,
2023-10-19 08:35:00+00:00,0.05814,0.05817,0.05817,0.05815,43079.7,0.058158,2505.4291926,43079.7,2505.4291926,
2023-10-19 08:40:00+00:00,0.05814,0.05817,0.05815,0.05814,14987.0,0.05815,871.49405,14987.0,871.49405,
2023-10-19 08:45:00+00:00,0.05815,0.05819,0.05816,0.05819,5164.4,0.058172,300.4234768,5164.4,300.4234768,
2023-10-19 08:50:00+00:00,0.05814,0.05818,0.05818,0.05814,13459.9,0.05816,782.827784,13459.9,782.827784,
2023-10-19 08:55:00+00:00,0.05809,0.05814,0.05813,0.05809,23188.5,0.058113,1347.5533005,23188.5,1347.5533005,
2023-10-19 09:00:00+00:00,0.05808,0.05811,0.05808,0.0581,46276.5,0.058093,2688.3407145,46276.5,2688.3407145,
2023-10-19 09:05:00+00:00,0.05802,0.0581,0.0581,0.05805,243099.5,0.058067,14116.0586665,243099.5,14116.0586665,
2023-10-19 09:10:00+00:00,0.05805,0.05811,0.05805,0.05809,54741.9,0.058075,3179.1358425,54741.9,3179.1358425,
2023-10-19 09:15:00+00:00,0.0581,0.05821,0.0581,0.05821,85858.0,0.058155,4993.07199,85858.0,4993.07199,
2023-10-19 09:20:00+00:00,0.05821,0.05824,0.05822,0.05821,131598.8,0.05822,7661.682136,131598.8,7661.682136,
2023-10-19 09:25:00+00:00,0.05818,0.05821,0.0582,0.05818,60805.9,0.058192,3538.4169328,60805.9,3538.4169328,
2023-10-19 09:30:00+00:00,0.05814,0.0582,0.05818,0.05816,138109.0,0.05817,8033.80053,138109.0,8033.80053,
2023-10-19 09:35:00+00:00,0.05813,0.05816,0.05815,0.05815,185106.6,0.058148,10763.5785768,185106.6,10763.5785768,
2023-10-19 09:40:00+00:00,0.05811,0.05815,0.05814,0.05812,19616.0,0.05813,1140.27808,19616.0,1140.27808,
2023-10-19 09:45:00+00:00,0.05807,0.05813,0.05812,0.05807,75129.1,0.058098,4364.8504518,75129.1,4364.8504518,
2023-10-19 09:50:00+00:00,0.05804,0.05808,0.05808,0.05807,83962.2,0.058067,4875.4330674,83962.2,4875.4330674,
2023-10-19 09:55:00+00:00,0.05806,0.0581,0.05806,0.0581,7314.4,0.05808,424.820352,7314.4,424.820352,
2023-10-19 10:00:00+00:00,0.05808,0.0581,0.05809,0.05808,53294.0,0.058088,3095.741872,53294.0,3095.741872,
2023-10-19 10:05:00+00:00,0.05807,0.05823,0.05807,0.05822,492889.5,0.058147,28660.0457565,492889.5,28660.0457565,
2023-10-19 10:10:00+00:00,0.05819,0.05826,0.05822,0.05824,136170.8,0.058228,7928.9533424,136170.8,7928.9533424,
2023-10-19 10:15:00+00:00,0.05814,0.05823,0.05823,0.05815,207710.0,0.058187,12086.02177,207710.0,12086.02177,
2023-10-19 10:20:00+00:00,0.05811,0.05818,0.05814,0.05811,104316.9,0.058135,6064.4629815,104316.9,6064.4629815,
2023-10-19 10:25:00+00:00,0.05807,0.05815,0.05811,0.05813,128018.2,0.058115,7439.777693,128018.2,7439.777693,
2023-10-19 10:30:00+00:00,0.05813,0.0582,0.05814,0.0582,33132.5,0.058168,1927.25126,33132.5,1927.25126,
2023-10-19 10:35:00+00:00,0.05818,0.05825,0.05818,0.05825,134272.0,0.058215,7816.64448,134272.0,7816.64448,
2023-10-19 10:40:00+00:00,0.05823,0.05826,0.05826,0.05824,171744.5,0.058247,10003.6018915,171744.5,10003.6018915,
2023-10-19 10:45:00+00:00,0.05824,0.05831,0.05825,0.05829,13088.2,0.058273,762.6886786,13088.2,762.6886786,
2023-10-19 10:50:00+00:00,0.05827,0.05831,0.05831,0.05828,12097.3,0.058292,705.1758116,12097.3,705.1758116,
2023-10-19 10:55:00+00:00,0.05827,0.05832,0.05827,0.05828,181076.4,0.058285,10554.037974,181076.4,10554.037974,
2023-10-19 11:00:00+00:00,0.05823,0.0583,0.05829,0.05824,172197.8,0.058265,10033.104817,172197.8,10033.104817,
2023-10-19 11:05:00+00:00,0.05824,0.05827,0.05825,0.05827,36946.8,0.058258,2152.4466744,36946.8,2152.4466744,
2023-10-19 11:10:00+00:00,0.05825,0.05828,0.05827,0.05827,75316.9,0.058268,4388.5651292,75316.9,4388.5651292,
2023-10-19 11:15:00+00:00,0.05826,0.0583,0.05826,0.0583,20367.4,0.05828,1187.012072,20367.4,1187.012072,
2023-10-19 11:20:00+00:00,0.05827,0.05832,0.0583,0.0583,51968.3,0.058297,3029.5959851,51968.3,3029.5959851,
2023-10-19 11:25:00+00:00,0.05828,0.0583,0.0583,0.05828,40337.4,0.05829,2351.267046,40337.4,2351.267046,
2023-10-19 11:30:00+00:00,0.05822,0.05829,0.05829,0.05828,1073097.2,0.05827,62529.373844,1073097.2,62529.373844,
2023-10-19 11:35:00+00:00,0.05826,0.05829,0.05829,0.05826,23803.3,0.058275,1387.1373075,23803.3,1387.1373075,
2023-10-19 11:40:00+00:00,0.05825,0.05828,0.05827,0.05825,91485.5,0.058262,5330.128201,91485.5,5330.128201,
2023-10-19 11:45:00+00:00,0.05821,0.05825,0.05825,0.05823,25555.9,0.058235,1488.2478365,25555.9,1488.2478365,
2023-10-19 11:50:00+00:00,0.05822,0.05826,0.05823,0.05825,116983.0,0.05824,6813.08992,116983.0,6813.08992,
2023-10-19 11:55:00+00:00,0.05824,0.05826,0.05825,0.05826,18178.5,0.058253,1058.9521605,18178.5,1058.9521605,
2023-10-19 12:00:00+00:00,0.05825,0.05829,0.05827,0.05828,86576.0,0.058272,5044.956672,86576.0,5044.956672,
2023-10-19 12:05:00+00:00,0.05827,0.05831,0.05828,0.05829,134038.0,0.058288,7812.806944,134038.0,7812.806944,
2023-10-19 12:10:00+00:00,0.05828,0.05837,0.05829,0.05832,337338.6,0.058315,19671.900459,337338.6,19671.900459,
2023-10-19 12:15:00+00:00,0.05828,0.05836,0.05832,0.05835,840571.4,0.058328,49028.8486192,840571.4,49028.8486192,
2023-10-19 12:20:00+00:00,0.05832,0.05839,0.05835,0.05833,64085.9,0.058348,3739.2840932,64085.9,3739.2840932,
2023-10-19 12:25:00+00:00,0.05823,0.05832,0.05832,0.05826,692766.7,0.058282,40375.8288094,692766.7,40375.8288094,
2023-10-19 12:30:00+00:00,0.05824,0.05829,0.05826,0.05825,162100.5,0.05826,9443.97513,162100.5,9443.97513,
2023-10-19 12:35:00+00:00,0.0582,0.05827,0.05822,0.05824,98071.2,0.058233,5710.9801896,98071.2,5710.9801896,
2023-10-19 12:40:00+00:00,0.05822,0.05826,0.05825,0.05824,23074.5,0.058242,1343.905029,23074.5,1343.905029,
2023-10-19 12:45:00+00:00,0.05824,0.05833,0.05824,0.05833,110931.6,0.058285,6465.648306,110931.6,6465.648306,
2023-10-19 12:50:00+00:00,0.0583,0.05834,0.05834,0.05833,60555.1,0.058328,3532.0578728,60555.1,3532.0578728,
2023-10-19 12:55:00+00:00,0.05828,0.05835,0.05832,0.05829,203827.8,0.05831,11885.199018,203827.8,11885.199018,
2023-10-19 13:00:00+00:00,0.05825,0.05828,0.05828,0.05828,30352.0,0.058272,1768.671744,30352.0,1768.671744,
2023-10-19 13:05:00+00:00,0.05826,0.05834,0.05828,0.05834,33579.9,0.058305,1957.8760695,33579.9,1957.8760695,
2023-10-19 13:10:00+00:00,0.05832,0.05835,0.05834,0.05833,141654.3,0.058335,8263.4035905,141654.3,8263.4035905,
2023-10-19 13:15:00+00:00,0.05833,0.05838,0.05836,0.05835,24004.7,0.058355,1400.7942685,24004.7,1400.7942685,
2023-10-19 13:20:00+00:00,0.05834,0.05843,0.05835,0.05842,198768.5,0.058385,11605.0988725,198768.5,11605.0988725,
2023-10-19 13:25:00+00:00,0.05837,0.05842,0.05842,0.0584,35235.3,0.058402,2057.8119906,35235.3,2057.8119906,
2023-10-19 13:30:00+00:00,0.05835,0.05846,0.05839,0.05835,324984.5,0.058387,18974.8700015,324984.5,18974.8700015,
2023-10-19 13:35:00+00:00,0.0583,0.05836,0.05836,0.05834,299510.2,0.05834,17473.425068,299510.2,17473.425068,
2023-10-19 13:40:00+00:00,0.05829,0.05833,0.05833,0.05829,16608.6,0.05831,968.447466,16608.6,968.447466,
2023-10-19 13:45:00+00:00,0.05826,0.05832,0.05829,0.05828,264401.4,0.058288,15411.4288032,264401.4,15411.4288032,
2023-10-19 13:50:00+00:00,0.05827,0.05834,0.05829,0.05828,76339.1,0.058295,4450.1878345,76339.1,4450.1878345,
2023-10-19 13:55:00+00:00,0.05823,0.05829,0.05826,0.05823,100469.3,0.058252,5852.5376636,100469.3,5852.5376636,
2023-10-19 14:00:00+00:00,0.05821,0.05826,0.05823,0.05824,67142.2,0.058235,3910.026017,67142.2,3910.026017,
2023-10-19 14:05:00+00:00,0.05823,0.05829,0.05823,0.05828,201499.0,0.058258,11738.928742,201499.0,11738.928742,
2023-10-19 14:10:00+00:00,0.05828,0.05833,0.05829,0.05833,91376.1,0.058308,5327.9576388,91376.1,5327.9576388,
2023-10-19 14:15:00+00:00,0.05822,0.05835,0.05833,0.05823,375678.4,0.058282,21895.2885088,375678.4,21895.2885088,
2023-10-19 14:20:00+00:00,0.05821,0.05829,0.05823,0.05825,173317.5,0.058245,10094.8777875,173317.5,10094.8777875,
2023-10-19 14:25:00+00:00,0.05818,0.05826,0.05826,0.05818,213857.0,0.05822,12450.75454,213857.0,12450.75454,
2023-10-19 14:30:00+00:00,0.05815,0.0582,0.05817,0.0582,130223.3,0.05818,7576.391594,130223.3,7576.391594,
2023-10-19 14:35:00+00:00,0.05821,0.05827,0.05821,0.05827,125029.8,0.05824,7281.735552,125029.8,7281.735552,
2023-10-19 14:40:00+00:00,0.05826,0.05832,0.05827,0.05829,81144.6,0.058285,4729.513011,81144.6,4729.513011,
2023-10-19 14:45:00+00:00,0.05822,0.05828,0.05827,0.05828,174285.2,0.058262,10154.2043224,174285.2,10154.2043224,
2023-10-19 14:50:00+00:00,0.05827,0.05843,0.05827,0.05835,507154.7,0.05833,29582.333651,507154.7,29582.333651,
2023-10-19 14:55:00+00:00,0.05833,0.05844,0.05835,0.05844,148765.9,0.05839,8686.440901,148765.9,8686.440901,
2023-10-19 15:00:00+00:00,0.05842,0.05855,0.05843,0.05853,308894.4,0.058482,18064.7623008,308894.4,18064.7623008,
2023-10-19 15:05:00+00:00,0.05847,0.05855,0.05855,0.05849,174392.4,0.058515,10204.571286,174392.4,10204.571286,
2023-10-19 15:10:00+00:00,0.05844,0.05857,0.0585,0.05848,1255792.0,0.058498,73461.320416,1255792.0,73461.320416,
2023-10-19 15:15:00+00:00,0.05838,0.05848,0.05847,0.05847,224940.5,0.05845,13147.772225,224940.5,13147.772225,
2023-10-19 15:20:00+00:00,0.05835,0.05847,0.05846,0.0584,482609.2,0.05842,28194.029464,482609.2,28194.029464,
2023-10-19 15:25:00+00:00,0.05837,0.0584,0.0584,0.0584,122519.3,0.058392,7154.1469656,122519.3,7154.1469656,
2023-10-19 15:30:00+00:00,0.05838,0.05842,0.05839,0.05841,73997.1,0.0584,4321.43064,73997.1,4321.43064,
2023-10-19 15:35:00+00:00,0.0584,0.05844,0.05842,0.05842,70083.2,0.05842,4094.260544,70083.2,4094.260544,
2023-10-19 15:40:00+00:00,0.05839,0.05849,0.05842,0.05847,273710.8,0.058442,15996.2065736,273710.8,15996.2065736,
2023-10-19 15:45:00+00:00,0.05847,0.05852,0.05848,0.05848,272646.3,0.058488,15946.5367944,272646.3,15946.5367944,
2023-10-19 15:50:00+00:00,0.05844,0.05848,0.05848,0.05845,73561.6,0.058462,4300.5582592,73561.6,4300.5582592,
2023-10-19 15:55:00+00:00,0.05844,0.05848,0.05846,0.05847,55775.3,0.058462,3260.7355886,55775.3,3260.7355886,
2023-10-19 16:00:00+00:00,0.05842,0.05855,0.05845,0.05851,504919.1,0.058482,29528.6788062,504919.1,29528.6788062,
2023-10-19 16:05:00+00:00,0.05844,0.05854,0.05852,0.05849,215626.8,0.058497,12613.5209196,215626.8,12613.5209196,
2023-10-19 16:10:00+00:00,0.05843,0.0585,0.05848,0.05849,239408.7,0.058475,13999.4237325,239408.7,13999.4237325,
2023-10-19 16:15:00+00:00,0.05849,0.05875,0.05849,0.0587,1931081.6,0.058608,113176.8304128,1931081.6,113176.8304128,
2023-10-19 16:20:00+00:00,0.05862,0.05876,0.05867,0.05876,316887.4,0.058703,18602.2410422,316887.4,18602.2410422,
2023-10-19 16:25:00+00:00,0.05857,0.05876,0.05876,0.05858,237113.9,0.058668,13910.9982852,237113.9,13910.9982852,
2023-10-19 16:30:00+00:00,0.05851,0.05862,0.05859,0.05852,365027.9,0.05856,21376.033824,365027.9,21376.033824,
2023-10-19 16:35:00+00:00,0.05846,0.05853,0.05852,0.05853,767738.1,0.05851,44920.356231,767738.1,44920.356231,
2023-10-19 16:40:00+00:00,0.05852,0.05857,0.05853,0.05854,192834.2,0.05854,11288.514068,192834.2,11288.514068,
2023-10-19 16:45:00+00:00,0.05849,0.05856,0.05855,0.05854,149494.6,0.058535,8750.666411,149494.6,8750.666411,
2023-10-19 16:50:00+00:00,0.05849,0.05857,0.05853,0.05851,203386.8,0.058525,11903.21247,203386.8,11903.21247,
2023-10-19 16:55:00+00:00,0.05842,0.05854,0.0585,0.05846,353352.2,0.05848,20664.036656,353352.2,20664.036656,
2023-10-19 17:00:00+00:00,0.0584,0.05847,0.05845,0.05844,274163.0,0.05844,16022.08572,274163.0,16022.08572,
2023-10-19 17:05:00+00:00,0.05843,0.05851,0.05844,0.0585,139009.5,0.05847,8127.885465,139009.5,8127.885465,
2023-10-19 17:10:00+00:00,0.05849,0.05856,0.05851,0.05854,81210.4,0.058525,4752.83866,81210.4,4752.83866,
2023-10-19 17:15:00+00:00,0.05852,0.05858,0.05855,0.05854,374324.6,0.058548,21915.9566808,374324.6,21915.9566808,
2023-10-19 17:20:00+00:00,0.05853,0.05858,0.05855,0.05855,139862.0,0.058552,8189.199824,139862.0,8189.199824,
2023-10-19 17:25:00+00:00,0.0584,0.05854,0.05854,0.05843,114156.8,0.058478,6675.6613504,114156.8,6675.6613504,
2023-10-19 17:30:00+00:00,0.0584,0.05847,0.05844,0.05841,73766.1,0.05843,4310.153223,73766.1,4310.153223,
2023-10-19 17:35:00+00:00,0.05832,0.05842,0.05842,0.05834,152345.8,0.058375,8893.186075,152345.8,8893.186075,
2023-10-19 17:40:00+00:00,0.05828,0.05835,0.05833,0.05831,490027.7,0.058318,28577.4354086,490027.7,28577.4354086,
2023-10-19 17:45:00+00:00,0.0583,0.05841,0.0583,0.0584,259797.0,0.058352,15159.674544,259797.0,15159.674544,
2023-10-19 17:50:00+00:00,0.05837,0.05843,0.0584,0.05839,200731.5,0.058398,11722.318137,200731.5,11722.318137,
2023-10-19 17:55:00+00:00,0.0584,0.05856,0.0584,0.05855,132040.8,0.058478,7721.4819024,132040.8,7721.4819024,
2023-10-19 18:00:00+00:00,0.0585,0.05855,0.05855,0.05854,114157.1,0.058535,6682.1858485,114157.1,6682.1858485,
2023-10-19 18:05:00+00:00,0.05852,0.05858,0.05855,0.05857,116965.6,0.058555,6848.920708,116965.6,6848.920708,
2023-10-19 18:10:00+00:00,0.05857,0.05864,0.05857,0.05862,211008.5,0.0586,12365.0981,211008.5,12365.0981,
2023-10-19 18:15:00+00:00,0.05863,0.05868,0.05863,0.05867,141808.6,0.058652,8317.3580072,141808.6,8317.3580072,
2023-10-19 18:20:00+00:00,0.05865,0.05869,0.05866,0.05868,151536.6,0.05867,8890.652322,151536.6,8890.652322,
2023-10-19 18:25:00+00:00,0.05864,0.05869,0.05869,0.05864,188668.8,0.058665,11068.255152,188668.8,11068.255152,
2023-10-19 18:30:00+00:00,0.05857,0.05865,0.05862,0.05857,382087.1,0.058602,22391.0682342,382087.1,22391.0682342,
2023-10-19 18:35:00+00:00,0.05852,0.0586,0.05857,0.05859,42905.8,0.05857,2512.992706,42905.8,2512.992706,
2023-10-19 18:40:00+00:00,0.05853,0.05858,0.05858,0.05856,182912.7,0.058562,10711.7335374,182912.7,10711.7335374,
2023-10-19 18:45:00+00:00,0.05855,0.05861,0.05857,0.05857,112149.6,0.058575,6569.16282,112149.6,6569.16282,
2023-10-19 18:50:00+00:00,0.05858,0.05862,0.05858,0.05859,140204.8,0.058592,8214.8796416,140204.8,8214.8796416,
2023-10-19 18:55:00+00:00,0.05853,0.05859,0.05858,0.05853,250953.0,0.058558,14695.305774,250953.0,14695.305774,
2023-10-19 19:00:00+00:00,0.05853,0.05855,0.05853,0.05853,20999.2,0.058535,1229.188172,20999.2,1229.188172,
2023-10-19 19:05:00+00:00,0.05851,0.05855,0.05854,0.05855,67877.5,0.058538,3973.413095,67877.5,3973.413095,
2023-10-19 19:10:00+00:00,0.05854,0.05857,0.05855,0.05856,118087.0,0.058555,6914.584285,118087.0,6914.584285,
2023-10-19 19:15:00+00:00,0.05856,0.05859,0.05856,0.05859,75591.3,0.058575,4427.7603975,75591.3,4427.7603975,
2023-10-19 19:20:00+00:00,0.05858,0.05859,0.05858,0.05859,54535.1,0.058585,3194.9388335,54535.1,3194.9388335,
2023-10-19 19:25:00+00:00,0.05858,0.0586,0.05859,0.0586,152741.5,0.058593,8949.5827095,152741.5,8949.5827095,
2023-10-19 19:30:00+00:00,0.05861,0.05866,0.05861,0.05866,139769.1,0.058635,8195.3611785,139769.1,8195.3611785,
2023-10-19 19:35:00+00:00,0.05868,0.05872,0.05869,0.05872,49543.1,0.058702,2908.2790562,49543.1,2908.2790562,
2023-10-19 19:40:00+00:00,0.05869,0.05872,0.05872,0.05872,40055.8,0.058712,2351.7561296,40055.8,2351.7561296,
2023-10-19 19:45:00+00:00,0.05866,0.05872,0.05871,0.05869,90207.3,0.058695,5294.7174735,90207.3,5294.7174735,
2023-10-19 19:50:00+00:00,0.05869,0.05873,0.05869,0.05871,52553.1,0.058705,3085.1297355,52553.1,3085.1297355,
2023-10-19 19:55:00+00:00,0.05866,0.0587,0.0587,0.05868,91351.5,0.058685,5360.9627775,91351.5,5360.9627775,
2023-10-19 20:00:00+00:00,0.05867,0.05871,0.05869,0.05867,129096.6,0.058685,7576.033971,129096.6,7576.033971,
2023-10-19 20:05:00+00:00,0.05866,0.05872,0.05868,0.05872,589253.4,0.058695,34586.228313,589253.4,34586.228313,
2023-10-19 20:10:00+00:00,0.05864,0.05872,0.05872,0.05864,262756.2,0.05868,15418.533816,262756.2,15418.533816,
2023-10-19 20:15:00+00:00,0.05864,0.05872,0.05864,0.05869,169463.9,0.058672,9942.7859408,169463.9,9942.7859408,
2023-10-19 20:20:00+00:00,0.05861,0.05869,0.05869,0.05861,163059.9,0.05865,9563.463135,163059.9,9563.463135,
2023-10-19 20:25:00+00:00,0.05858,0.05863,0.05861,0.0586,126112.2,0.058605,7390.805481,126112.2,7390.805481,
2023-10-19 20:30:00+00:00,0.05858,0.05862,0.05861,0.05859,145661.7,0.0586,8535.77562,145661.7,8535.77562,
2023-10-19 20:35:00+00:00,0.05858,0.05865,0.0586,0.05865,60806.4,0.05862,3564.471168,60806.4,3564.471168,
2023-10-19 20:40:00+00:00,0.05863,0.05885,0.05865,0.05871,852445.1,0.05871,50047.051821,852445.1,50047.051821,
2023-10-19 20:45:00+00:00,0.05867,0.05879,0.05873,0.05868,1123036.9,0.058718,65942.4806942,1123036.9,65942.4806942,
2023-10-19 20:50:00+00:00,0.05866,0.05894,0.05868,0.05877,2245518.1,0.058762,131951.1345922,2245518.1,131951.1345922,
2023-10-19 20:55:00+00:00,0.05865,0.05879,0.05875,0.05873,522298.7,0.05873,30674.602651,522298.7,30674.602651,
2023-10-19 21:00:00+00:00,0.05867,0.05877,0.05873,0.05872,244394.0,0.058722,14351.304468,244394.0,14351.304468,
2023-10-19 21:05:00+00:00,0.05863,0.05878,0.05877,0.05864,666434.8,0.058705,39123.054934,666434.8,39123.054934,
2023-10-19 21:10:00+00:00,0.05856,0.05867,0.05865,0.05859,417168.0,0.058618,24453.553824,417168.0,24453.553824,
2023-10-19 21:15:00+00:00,0.05857,0.05863,0.05859,0.05862,260832.3,0.058602,15285.2944446,260832.3,15285.2944446,
2023-10-19 21:20:00+00:00,0.05859,0.05865,0.05862,0.05865,99934.0,0.058628,5858.930552,99934.0,5858.930552,
2023-10-19 21:25:00+00:00,0.05861,0.05865,0.05865,0.05861,136326.0,0.05863,7992.79338,136326.0,7992.79338,
2023-10-19 21:30:00+00:00,0.05861,0.05865,0.05863,0.05862,116474.6,0.058628,6828.6728488,116474.6,6828.6728488,
2023-10-19 21:35:00+00:00,0.05858,0.05862,0.05861,0.0586,198026.5,0.058602,11604.748953,198026.5,11604.748953,
2023-10-19 21:40:00+00:00,0.05857,0.0586,0.0586,0.05859,416966.5,0.05859,24430.067235,416966.5,24430.067235,
2023-10-19 21:45:00+00:00,0.05856,0.05859,0.05859,0.05858,138813.7,0.05858,8131.706546,138813.7,8131.706546,
2023-10-19 21:50:00+00:00,0.05856,0.0586,0.05858,0.05858,272097.3,0.05858,15939.459834,272097.3,15939.459834,
2023-10-19 21:55:00+00:00,0.05857,0.05865,0.05858,0.05861,124358.5,0.058602,7287.656817,124358.5,7287.656817,
2023-10-19 22:00:00+00:00,0.05858,0.05865,0.0586,0.05862,101244.7,0.058612,5934.1543564,101244.7,5934.1543564,
2023-10-19 22:05:00+00:00,0.05857,0.05863,0.05863,0.0586,344915.6,0.058607,20214.4685692,344915.6,20214.4685692,
2023-10-19 22:10:00+00:00,0.05856,0.05865,0.05861,0.05865,285743.2,0.058618,16749.6948976,285743.2,16749.6948976,
2023-10-19 22:15:00+00:00,0.05862,0.05869,0.05865,0.05868,713152.3,0.05866,41833.513918,713152.3,41833.513918,
2023-10-19 22:20:00+00:00,0.05867,0.05873,0.05868,0.05873,54325.8,0.058703,3189.0874374,54325.8,3189.0874374,
2023-10-19 22:25:00+00:00,0.05871,0.05876,0.05873,0.05873,67679.9,0.058732,3974.9758868,67679.9,3974.9758868,
2023-10-19 22:30:00+00:00,0.0587,0.05876,0.05871,0.05875,32608.8,0.05873,1915.114824,32608.8,1915.114824,
2023-10-19 22:35:00+00:00,0.05868,0.05875,0.05875,0.05872,107689.9,0.058725,6324.0893775,107689.9,6324.0893775,
2023-10-19 22:40:00+00:00,0.05869,0.05873,0.05872,0.05871,170539.4,0.058712,10012.7092528,170539.4,10012.7092528,
2023-10-19 22:45:00+00:00,0.05866,0.05871,0.0587,0.05869,1140272.3,0.05869,66922.581287,1140272.3,66922.581287,
2023-10-19 22:50:00+00:00,0.05865,0.05869,0.05867,0.05867,49887.1,0.05867,2926.876157,49887.1,2926.876157,
2023-10-19 22:55:00+00:00,0.05865,0.0587,0.05867,0.05865,256130.3,0.058668,15026.6524404,256130.3,15026.6524404,
2023-10-19 23:00:00+00:00,0.05863,0.05869,0.05865,0.05868,121274.0,0.058663,7114.296662,121274.0,7114.296662,
2023-10-19 23:05:00+00:00,0.05868,0.05871,0.05868,0.05871,74362.4,0.058695,4364.701068,74362.4,4364.701068,
2023-10-19 23:10:00+00:00,0.0587,0.05874,0.0587,0.05873,97453.8,0.058718,5722.2922284,97453.8,5722.2922284,
2023-10-19 23:15:00+00:00,0.05873,0.05876,0.05873,0.05874,35690.0,0.05874,2096.4306,35690.0,2096.4306,
2023-10-19 23:20:00+00:00,0.05872,0.05876,0.05874,0.05873,93186.8,0.058738,5473.6062584,93186.8,5473.6062584,
2023-10-19 23:25:00+00:00,0.05873,0.05882,0.05874,0.05877,110110.9,0.058765,6470.6670385,110110.9,6470.6670385,
2023-10-19 23:30:00+00:00,0.05873,0.05881,0.05876,0.05881,122890.1,0.058778,7223.2342978,122890.1,7223.2342978,
2023-10-19 23:35:00+00:00,0.05875,0.05881,0.0588,0.0588,120923.2,0.05879,7109.074928,120923.2,7109.074928,
2023-10-19 23:40:00+00:00,0.05879,0.05886,0.05879,0.05884,173953.1,0.05882,10231.921342,173953.1,10231.921342,
2023-10-19 23:45:00+00:00,0.05883,0.05888,0.05884,0.05888,204356.0,0.058858,12027.985448,204356.0,12027.985448,
2023-10-19 23:50:00+00:00,0.05883,0.05891,0.05887,0.05887,452756.8,0.05887,26653.792816,452756.8,26653.792816,
2023-10-19 23:55:00+00:00,0.05887,0.05892,0.05887,0.05888,136868.2,0.058885,8059.483957,136868.2,8059.483957,
2023-10-20 00:00:00+00:00,0.05883,0.05896,0.05887,0.05896,863993.1,0.058905,50893.5135555,863993.1,50893.5135555,
2023-10-20 00:05:00+00:00,0.05891,0.059,0.05896,0.05898,206540.4,0.058962,12178.0350648,206540.4,12178.0350648,
2023-10-20 00:10:00+00:00,0.05891,0.05898,0.05896,0.05891,148476.5,0.05894,8751.20491,148476.5,8751.20491,
2023-10-20 00:15:00+00:00,0.05883,0.0589,0.0589,0.05885,86437.6,0.05887,5088.581512,86437.6,5088.581512,
2023-10-20 00:20:00+00:00,0.05881,0.05885,0.05885,0.05883,77457.3,0.058835,4557.2002455,77457.3,4557.2002455,
2023-10-20 00:25:00+00:00,0.05881,0.05887,0.05883,0.05885,221898.9,0.05884,13056.531276,221898.9,13056.531276,
2023-10-20 00:30:00+00:00,0.0588,0.05888,0.05885,0.05885,177175.9,0.058845,10425.9158355,177175.9,10425.9158355,
2023-10-20 00:35:00+00:00,0.05884,0.05891,0.05885,0.05886,54166.1,0.058865,3188.4874765,54166.1,3188.4874765,
2023-10-20 00:40:00+00:00,0.05883,0.05888,0.05886,0.05883,56706.9,0.05885,3337.201065,56706.9,3337.201065,
2023-10-20 00:45:00+00:00,0.05875,0.05883,0.05883,0.05878,190600.4,0.058798,11206.9223192,190600.4,11206.9223192,
2023-10-20 00:50:00+00:00,0.0588,0.05888,0.0588,0.05884,68958.2,0.05883,4056.810906,68958.2,4056.810906,
2023-10-20 00:55:00+00:00,0.05879,0.05885,0.05884,0.05879,48846.3,0.058818,2873.0416734,48846.3,2873.0416734,
2023-10-20 01:00:00+00:00,0.05874,0.05881,0.05881,0.05876,204199.2,0.05878,12002.828976,204199.2,12002.828976,
2023-10-20 01:05:00+00:00,0.05869,0.05877,0.05876,0.05871,151047.6,0.058732,8871.3276432,151047.6,8871.3276432,
2023-10-20 01:10:00+00:00,0.05867,0.05871,0.0587,0.05869,103116.2,0.058692,6052.0960104,103116.2,6052.0960104,
2023-10-20 01:15:00+00:00,0.05867,0.05878,0.05868,0.05878,146590.1,0.058728,8608.9433928,146590.1,8608.9433928,
2023-10-20 01:20:00+00:00,0.05873,0.05878,0.05876,0.05878,77884.8,0.058762,4576.6666176,77884.8,4576.6666176,
2023-10-20 01:25:00+00:00,0.05878,0.05881,0.05878,0.05879,28998.1,0.05879,1704.798299,28998.1,1704.798299,
2023-10-20 01:30:00+00:00,0.05878,0.05882,0.05879,0.05881,59627.9,0.0588,3506.12052,59627.9,3506.12052,
2023-10-20 01:35:00+00:00,0.0588,0.05883,0.05881,0.05881,129302.1,0.058812,7604.5151052,129302.1,7604.5151052,
2023-10-20 01:40:00+00:00,0.05873,0.05883,0.05881,0.05873,248631.7,0.058775,14613.3281675,248631.7,14613.3281675,
2023-10-20 01:45:00+00:00,0.05873,0.05878,0.05875,0.05877,242407.7,0.058758,14243.3916366,242407.7,14243.3916366,
2023-10-20 01:50:00+00:00,0.05876,0.05879,0.05877,0.05879,95271.9,0.058778,5599.8917382,95271.9,5599.8917382,
2023-10-20 01:55:00+00:00,0.05878,0.05884,0.05878,0.05882,50815.4,0.058805,2988.199597,50815.4,2988.199597,
2023-10-20 02:00:00+00:00,0.05881,0.05884,0.05883,0.05883,42232.9,0.058828,2484.4770412,42232.9,2484.4770412,
2023-10-20 02:05:00+00:00,0.05881,0.05888,0.05883,0.05888,80149.3,0.05885,4716.786305,80149.3,4716.786305,
2023-10-20 02:10:00+00:00,0.05888,0.05898,0.05888,0.05896,390998.2,0.058925,23039.568935,390998.2,23039.568935,
2023-10-20 02:15:00+00:00,0.05897,0.05909,0.05897,0.05909,168854.4,0.05903,9967.475232,168854.4,9967.475232,
2023-10-20 02:20:00+00:00,0.05907,0.05918,0.05909,0.0591,924595.6,0.05911,54652.845916,924595.6,54652.845916,
2023-10-20 02:25:00+00:00,0.05902,0.05911,0.0591,0.05905,91427.7,0.05907,5400.634239,91427.7,5400.634239,
2023-10-20 02:30:00+00:00,0.05901,0.05921,0.05905,0.05916,743223.5,0.059108,43930.454638,743223.5,43930.454638,
2023-10-20 02:35:00+00:00,0.05912,0.0592,0.05914,0.05919,245135.5,0.059162,14502.706451,245135.5,14502.706451,
2023-10-20 02:40:00+00:00,0.0591,0.0592,0.0592,0.05918,268748.8,0.05917,15901.866496,268748.8,15901.866496,
2023-10-20 02:45:00+00:00,0.05918,0.05937,0.05919,0.05924,1476110.2,0.059245,87452.148799,1476110.2,87452.148799,
2023-10-20 02:50:00+00:00,0.05923,0.05936,0.05924,0.05928,701841.4,0.059278,41603.7545092,701841.4,41603.7545092,
2023-10-20 02:55:00+00:00,0.0592,0.05928,0.05928,0.05921,401619.0,0.059242,23792.712798,401619.0,23792.712798,
2023-10-20 03:00:00+00:00,0.05922,0.0593,0.05922,0.05922,214347.7,0.05924,12697.957748,214347.7,12697.957748,
2023-10-20 03:05:00+00:00,0.05915,0.05922,0.05922,0.05917,381617.5,0.05919,22587.939825,381617.5,22587.939825,
2023-10-20 03:10:00+00:00,0.05917,0.05926,0.05918,0.05924,147325.2,0.059212,8723.4197424,147325.2,8723.4197424,
2023-10-20 03:15:00+00:00,0.05924,0.05947,0.05924,0.05944,2512975.8,0.059348,149140.0877784,2512975.8,149140.0877784,
2023-10-20 03:20:00+00:00,0.05939,0.05962,0.05946,0.05955,2435347.1,0.059505,144915.3291855,2435347.1,144915.3291855,
2023-10-20 03:25:00+00:00,0.05954,0.05966,0.05955,0.05958,1030661.9,0.059582,61408.8973258,1030661.9,61408.8973258,
2023-10-20 03:30:00+00:00,0.0595,0.05962,0.05957,0.05955,590950.3,0.05956,35196.999868,590950.3,35196.999868,
2023-10-20 03:35:00+00:00,0.05956,0.05961,0.05956,0.0596,407001.6,0.059582,24249.9693312,407001.6,24249.9693312,
2023-10-20 03:40:00+00:00,0.0596,0.05965,0.05961,0.05961,511121.4,0.059618,30472.0356252,511121.4,30472.0356252,
2023-10-20 03:45:00+00:00,0.05952,0.05963,0.05961,0.05954,581532.0,0.059575,34644.7689,581532.0,34644.7689,
2023-10-20 03:50:00+00:00,0.05947,0.05955,0.05954,0.05947,191099.2,0.059508,11371.9311936,191099.2,11371.9311936,
2023-10-20 03:55:00+00:00,0.05947,0.05951,0.05948,0.0595,123302.8,0.05949,7335.283572,123302.8,7335.283572,
2023-10-20 04:00:00+00:00,0.05947,0.05955,0.05951,0.05953,354521.3,0.059515,21099.3351695,354521.3,21099.3351695,
2023-10-20 04:05:00+00:00,0.0594,0.05954,0.05954,0.05941,165226.6,0.059472,9826.3563552,165226.6,9826.3563552,
2023-10-20 04:10:00+00:00,0.05937,0.05943,0.05943,0.05941,237915.2,0.05941,14134.542032,237915.2,14134.542032,
2023-10-20 04:15:00+00:00,0.05938,0.05949,0.05941,0.05948,134364.9,0.05944,7986.649656,134364.9,7986.649656,
2023-10-20 04:20:00+00:00,0.05944,0.05948,0.05946,0.05944,96055.3,0.059455,5710.9678615,96055.3,5710.9678615,
2023-10-20 04:25:00+00:00,0.05944,0.05951,0.05945,0.05948,444600.7,0.05947,26440.403629,444600.7,26440.403629,
2023-10-20 04:30:00+00:00,0.05939,0.05949,0.05948,0.0594,252358.8,0.05944,15000.207072,252358.8,15000.207072,
2023-10-20 04:35:00+00:00,0.05935,0.05943,0.05939,0.05941,291477.4,0.059395,17312.300173,291477.4,17312.300173,
2023-10-20 04:40:00+00:00,0.05939,0.05946,0.05941,0.05943,644555.1,0.059422,38300.7531522,644555.1,38300.7531522,
2023-10-20 04:45:00+00:00,0.0594,0.05945,0.05944,0.0594,141184.3,0.059422,8389.4534746,141184.3,8389.4534746,
2023-10-20 04:50:00+00:00,0.05939,0.05943,0.0594,0.05942,162694.2,0.05941,9665.662422,162694.2,9665.662422,
2023-10-20 04:55:00+00:00,0.0594,0.05945,0.05942,0.05943,195804.8,0.059425,11635.70024,195804.8,11635.70024,
2023-10-20 05:00:00+00:00,0.05937,0.05945,0.05943,0.0594,164452.0,0.059412,9770.422224,164452.0,9770.422224,
2023-10-20 05:05:00+00:00,0.05935,0.0594,0.0594,0.05938,139397.6,0.059383,8277.8476808,139397.6,8277.8476808,
2023-10-20 05:10:00+00:00,0.05938,0.05942,0.05938,0.0594,51634.3,0.059395,3066.8192485,51634.3,3066.8192485,
2023-10-20 05:15:00+00:00,0.05937,0.05941,0.0594,0.05941,45818.8,0.059398,2721.5450824,45818.8,2721.5450824,
2023-10-20 05:20:00+00:00,0.05927,0.05939,0.05939,0.05927,1265050.9,0.05933,75055.469897,1265050.9,75055.469897,
2023-10-20 05:25:00+00:00,0.05921,0.05931,0.05931,0.05923,1526869.4,0.059265,90489.914991,1526869.4,90489.914991,
2023-10-20 05:30:00+00:00,0.05924,0.0593,0.05925,0.0593,159250.1,0.059272,9439.0719272,159250.1,9439.0719272,
2023-10-20 05:35:00+00:00,0.05929,0.05936,0.05931,0.05935,126286.3,0.059328,7492.3136064,126286.3,7492.3136064,
2023-10-20 05:40:00+00:00,0.05936,0.05939,0.05936,0.05938,49255.0,0.059372,2924.36786,49255.0,2924.36786,
2023-10-20 05:45:00+00:00,0.05937,0.05941,0.05938,0.0594,110094.9,0.05939,6538.536111,110094.9,6538.536111,
2023-10-20 05:50:00+00:00,0.05938,0.05941,0.0594,0.0594,81129.7,0.059398,4818.9419206,81129.7,4818.9419206,
2023-10-20 05:55:00+00:00,0.05938,0.05944,0.05939,0.05944,50892.0,0.059412,3023.595504,50892.0,3023.595504,
2023-10-20 06:00:00+00:00,0.05941,0.05947,0.05944,0.05946,93083.9,0.059445,5533.3724355,93083.9,5533.3724355,
2023-10-20 06:05:00+00:00,0.05945,0.05949,0.05946,0.05949,164815.5,0.059472,9801.907416,164815.5,9801.907416,
2023-10-20 06:10:00+00:00,0.05948,0.05953,0.05948,0.0595,49853.2,0.059498,2966.1656936,49853.2,2966.1656936,
2023-10-20 06:15:00+00:00,0.05929,0.05951,0.05951,0.05935,1286849.7,0.059415,76458.1749255,1286849.7,76458.1749255,
2023-10-20 06:20:00+00:00,0.05933,0.05943,0.05937,0.05941,271646.9,0.059385,16131.7511565,271646.9,16131.7511565,
2023-10-20 06:25:00+00:00,0.0594,0.05943,0.0594,0.0594,62860.3,0.059408,3734.4047024,62860.3,3734.4047024,
2023-10-20 06:30:00+00:00,0.05939,0.05949,0.05941,0.05948,155218.2,0.059442,9226.4802444,155218.2,9226.4802444,
2023-10-20 06:35:00+00:00,0.05945,0.05949,0.05947,0.05949,132598.4,0.059475,7886.28984,132598.4,7886.28984,
2023-10-20 06:40:00+00:00,0.05947,0.05948,0.05948,0.05948,159965.4,0.059478,9514.4220612,159965.4,9514.4220612,
2023-10-20 06:45:00+00:00,0.05948,0.05951,0.05948,0.05951,271546.1,0.059495,16155.6352195,271546.1,16155.6352195,
2023-10-20 06:50:00+00:00,0.05943,0.05951,0.05951,0.05944,150534.9,0.059472,8952.6115728,150534.9,8952.6115728,
2023-10-20 06:55:00+00:00,0.05946,0.0595,0.05946,0.0595,181834.1,0.05948,10815.492268,181834.1,10815.492268,
2023-10-20 07:00:00+00:00,0.05946,0.05952,0.0595,0.05948,342469.9,0.05949,20373.534351,342469.9,20373.534351,
2023-10-20 07:05:00+00:00,0.05948,0.05951,0.05948,0.05951,59306.3,0.059495,3528.4283185,59306.3,3528.4283185,
2023-10-20 07:10:00+00:00,0.0595,0.05954,0.05951,0.0595,156904.7,0.059512,9337.7125064,156904.7,9337.7125064,
2023-10-20 07:15:00+00:00,0.05948,0.05951,0.05951,0.05949,122091.7,0.059497,7264.0898749,122091.7,7264.0898749,
2023-10-20 07:20:00+00:00,0.05946,0.05949,0.05947,0.05946,21417.0,0.05947,1273.66899,21417.0,1273.66899,
2023-10-20 07:25:00+00:00,0.05945,0.05949,0.05946,0.05947,64551.7,0.059468,3838.7604956,64551.7,3838.7604956,
2023-10-20 07:30:00+00:00,0.05946,0.0595,0.05947,0.0595,107372.2,0.059482,6386.7132004,107372.2,6386.7132004,
2023-10-20 07:35:00+00:00,0.0595,0.05955,0.0595,0.05955,82685.4,0.059525,4921.848435,82685.4,4921.848435,
2023-10-20 07:40:00+00:00,0.05951,0.05959,0.05956,0.05952,179617.8,0.059545,10695.341901,179617.8,10695.341901,
2023-10-20 07:45:00+00:00,0.05948,0.05955,0.05952,0.05949,139846.5,0.05951,8322.265215,139846.5,8322.265215,
2023-10-20 07:50:00+00:00,0.0594,0.05949,0.05947,0.05943,31231.0,0.059448,1856.620488,31231.0,1856.620488,
2023-10-20 07:55:00+00:00,0.05941,0.05943,0.05943,0.05942,13269.7,0.059422,788.5121134,13269.7,788.5121134,
2023-10-20 08:00:00+00:00,0.05941,0.05947,0.05942,0.05947,56783.8,0.059442,3375.3426396,56783.8,3375.3426396,
2023-10-20 08:05:00+00:00,0.05947,0.05951,0.05947,0.05949,42363.5,0.059485,2519.9927975,42363.5,2519.9927975,
2023-10-20 08:10:00+00:00,0.05948,0.05954,0.05948,0.05954,216060.5,0.05951,12857.760355,216060.5,12857.760355,
2023-10-20 08:15:00+00:00,0.05951,0.05965,0.05955,0.0596,763116.5,0.059578,45464.954837,763116.5,45464.954837,
2023-10-20 08:20:00+00:00,0.0596,0.05967,0.0596,0.05966,69888.2,0.059632,4167.5731424,69888.2,4167.5731424,
2023-10-20 08:25:00+00:00,0.05966,0.05982,0.05967,0.05979,1205398.8,0.059735,72004.497318,1205398.8,72004.497318,
2023-10-20 08:30:00+00:00,0.05973,0.0599,0.0598,0.05989,548141.3,0.05983,32795.293979,548141.3,32795.293979,
2023-10-20 08:35:00+00:00,0.05987,0.05999,0.05988,0.05996,195911.2,0.059925,11739.97866,195911.2,11739.97866,
2023-10-20 08:40:00+00:00,0.05997,0.06019,0.05997,0.06016,757554.8,0.060072,45507.8319456,757554.8,45507.8319456,
2023-10-20 08:45:00+00:00,0.06003,0.06017,0.06013,0.06009,444363.4,0.060105,26708.462157,444363.4,26708.462157,
2023-10-20 08:50:00+00:00,0.06005,0.06016,0.06009,0.06012,256009.0,0.060105,15387.420945,256009.0,15387.420945,
2023-10-20 08:55:00+00:00,0.06008,0.06023,0.06011,0.06009,477856.9,0.060128,28732.5796832,477856.9,28732.5796832,
2023-10-20 09:00:00+00:00,0.06,0.06017,0.06008,0.06016,352968.0,0.060102,21214.082736,352968.0,21214.082736,
2023-10-20 09:05:00+00:00,0.06014,0.06029,0.06014,0.06028,169829.6,0.060212,10225.7798752,169829.6,10225.7798752,
2023-10-20 09:10:00+00:00,0.06012,0.06029,0.06029,0.06016,564226.5,0.060215,33974.8986975,564226.5,33974.8986975,
2023-10-20 09:15:00+00:00,0.06011,0.06017,0.06016,0.06013,66621.6,0.060142,4006.7562672,66621.6,4006.7562672,
2023-10-20 09:20:00+00:00,0.06012,0.06027,0.06014,0.06026,584481.6,0.060198,35184.6233568,584481.6,35184.6233568,
2023-10-20 09:25:00+00:00,0.06019,0.06028,0.06026,0.0602,239496.5,0.060232,14425.353188,239496.5,14425.353188,
2023-10-20 09:30:00+00:00,0.0601,0.0602,0.06019,0.06012,222773.6,0.060152,13400.2775872,222773.6,13400.2775872,
2023-10-20 09:35:00+00:00,0.06012,0.06021,0.06012,0.06019,162040.1,0.06016,9748.332416,162040.1,9748.332416,
2023-10-20 09:40:00+00:00,0.06011,0.06018,0.06018,0.06012,232755.6,0.060148,13999.7838288,232755.6,13999.7838288,
2023-10-20 09:45:00+00:00,0.06007,0.06017,0.06013,0.06016,220341.1,0.060132,13249.5510252,220341.1,13249.5510252,
2023-10-20 09:50:00+00:00,0.06015,0.06024,0.06017,0.06021,407477.7,0.060192,24526.8977184,407477.7,24526.8977184,
2023-10-20 09:55:00+00:00,0.0602,0.06026,0.0602,0.06024,125347.1,0.060225,7549.0290975,125347.1,7549.0290975,
2023-10-20 10:00:00+00:00,0.06023,0.06028,0.06025,0.06026,141930.5,0.060255,8552.0222775,141930.5,8552.0222775,
2023-10-20 10:05:00+00:00,0.06022,0.06032,0.06026,0.06024,923669.2,0.06026,55660.305992,923669.2,55660.305992,
2023-10-20 10:10:00+00:00,0.06018,0.06026,0.06024,0.06026,211407.4,0.060235,12734.124739,211407.4,12734.124739,
2023-10-20 10:15:00+00:00,0.06021,0.06035,0.06026,0.06033,399017.8,0.060287,24055.5861086,399017.8,24055.5861086,
2023-10-20 10:20:00+00:00,0.06028,0.06036,0.06033,0.06029,932332.1,0.060315,56233.6106115,932332.1,56233.6106115,
2023-10-20 10:25:00+00:00,0.06009,0.06028,0.06028,0.06012,418543.3,0.060192,25192.9583136,418543.3,25192.9583136,
2023-10-20 10:30:00+00:00,0.0601,0.06025,0.06011,0.06025,296221.7,0.060178,17826.0294626,296221.7,17826.0294626,
2023-10-20 10:35:00+00:00,0.06022,0.06032,0.06024,0.06032,76801.4,0.060275,4629.204385,76801.4,4629.204385,
2023-10-20 10:40:00+00:00,0.06021,0.06052,0.06031,0.06023,1216520.0,0.060317,73376.83684,1216520.0,73376.83684,
2023-10-20 10:45:00+00:00,0.06008,0.06025,0.06023,0.06014,337560.0,0.060175,20312.673,337560.0,20312.673,
2023-10-20 10:50:00+00:00,0.06001,0.06018,0.06013,0.06003,294881.3,0.060088,17718.8275544,294881.3,17718.8275544,
2023-10-20 10:55:00+00:00,0.05992,0.06006,0.06004,0.06,1216306.2,0.060005,72984.453531,1216306.2,72984.453531,
2023-10-20 11:00:00+00:00,0.0599,0.06003,0.06,0.05999,177180.4,0.05998,10627.280392,177180.4,10627.280392,
2023-10-20 11:05:00+00:00,0.05995,0.06004,0.05999,0.06003,60309.0,0.060002,3618.660618,60309.0,3618.660618,
2023-10-20 11:10:00+00:00,0.06002,0.06006,0.06002,0.06005,140916.0,0.060037,8460.173892,140916.0,8460.173892,
2023-10-20 11:15:00+00:00,0.06004,0.0601,0.06005,0.06005,196389.9,0.06006,11795.177394,196389.9,11795.177394,
2023-10-20 11:20:00+00:00,0.05991,0.06005,0.06005,0.05992,864650.9,0.059982,51863.4902838,864650.9,51863.4902838,
2023-10-20 11:25:00+00:00,0.05993,0.05999,0.05993,0.05996,119705.8,0.059953,7176.7218274,119705.8,7176.7218274,
2023-10-20 11:30:00+00:00,0.05995,0.06003,0.05996,0.06002,544266.8,0.05999,32650.565332,544266.8,32650.565332,
2023-10-20 11:35:00+00:00,0.05984,0.06003,0.06003,0.05986,324793.3,0.05994,19468.110402,324793.3,19468.110402,
2023-10-20 11:40:00+00:00,0.05979,0.0599,0.05986,0.05988,126615.5,0.059858,7578.950599,126615.5,7578.950599,
2023-10-20 11:45:00+00:00,0.05985,0.05991,0.05987,0.05988,170641.8,0.059878,10217.6897004,170641.8,10217.6897004,
2023-10-20 11:50:00+00:00,0.05982,0.05988,0.05987,0.05985,31526.9,0.059855,1887.0425995,31526.9,1887.0425995,
2023-10-20 11:55:00+00:00,0.05976,0.05985,0.05985,0.05983,1161913.4,0.059822,69507.9834148,1161913.4,69507.9834148,
2023-10-20 12:00:00+00:00,0.05981,0.05989,0.05983,0.05989,194601.8,0.059855,11647.890739,194601.8,11647.890739,
2023-10-20 12:05:00+00:00,0.05985,0.05994,0.05989,0.05985,246065.7,0.059883,14735.1523131,246065.7,14735.1523131,
2023-10-20 12:10:00+00:00,0.05982,0.05988,0.05986,0.05984,200771.5,0.05985,12016.174275,200771.5,12016.174275,
2023-10-20 12:15:00+00:00,0.05981,0.05986,0.05983,0.05985,118310.1,0.059838,7079.4397638,118310.1,7079.4397638,
2023-10-20 12:20:00+00:00,0.05973,0.05986,0.05985,0.05974,430010.0,0.059795,25712.44795,430010.0,25712.44795,
2023-10-20 12:25:00+00:00,0.05963,0.05979,0.05974,0.05968,1033592.9,0.05971,61715.832059,1033592.9,61715.832059,
2023-10-20 12:30:00+00:00,0.05963,0.05977,0.05969,0.05971,421404.0,0.0597,25157.8188,421404.0,25157.8188,
2023-10-20 12:35:00+00:00,0.0597,0.05983,0.0597,0.05983,127079.6,0.059765,7594.912294,127079.6,7594.912294,
2023-10-20 12:40:00+00:00,0.05977,0.05985,0.05983,0.05983,386180.4,0.05982,23101.311528,386180.4,23101.311528,
2023-10-20 12:45:00+00:00,0.05967,0.05984,0.05983,0.05968,450237.1,0.059755,26903.9179105,450237.1,26903.9179105,
2023-10-20 12:50:00+00:00,0.05958,0.05969,0.05968,0.05969,218851.5,0.05966,13056.68049,218851.5,13056.68049,
2023-10-20 12:55:00+00:00,0.05968,0.05973,0.0597,0.0597,143324.6,0.059702,8556.7652692,143324.6,8556.7652692,
2023-10-20 13:00:00+00:00,0.05971,0.05978,0.05971,0.05978,159007.8,0.059745,9499.921011,159007.8,9499.921011,
2023-10-20 13:05:00+00:00,0.05972,0.05978,0.05978,0.05974,157969.6,0.059755,9439.473448,157969.6,9439.473448,
2023-10-20 13:10:00+00:00,0.05968,0.05974,0.05974,0.0597,260365.6,0.059715,15547.731804,260365.6,15547.731804,
2023-10-20 13:15:00+00:00,0.05967,0.05971,0.05971,0.05971,266859.6,0.0597,15931.51812,266859.6,15931.51812,
2023-10-20 13:20:00+00:00,0.05972,0.05975,0.05972,0.05974,84643.6,0.059732,5055.9315152,84643.6,5055.9315152,
2023-10-20 13:25:00+00:00,0.05965,0.05975,0.05974,0.05966,165369.0,0.0597,9872.5293,165369.0,9872.5293,
2023-10-20 13:30:00+00:00,0.05957,0.0597,0.05967,0.05969,273751.9,0.059657,16331.2170983,273751.9,16331.2170983,
2023-10-20 13:35:00+00:00,0.05969,0.05981,0.05969,0.05974,1186880.2,0.059732,70894.7281064,1186880.2,70894.7281064,
2023-10-20 13:40:00+00:00,0.05973,0.05983,0.05973,0.05976,329112.6,0.059762,19668.4272012,329112.6,19668.4272012,
2023-10-20 13:45:00+00:00,0.05975,0.05986,0.05977,0.05984,261759.6,0.059805,15654.532878,261759.6,15654.532878,
2023-10-20 13:50:00+00:00,0.05982,0.0599,0.05984,0.05987,344287.6,0.059858,20608.3671608,344287.6,20608.3671608,
2023-10-20 13:55:00+00:00,0.05987,0.05991,0.05987,0.0599,63462.7,0.059888,3800.6541776,63462.7,3800.6541776,
2023-10-20 14:00:00+00:00,0.05989,0.06011,0.05991,0.06008,286536.7,0.059997,17191.3423899,286536.7,17191.3423899,
2023-10-20 14:05:00+00:00,0.05994,0.06009,0.06007,0.05998,337024.1,0.06002,20228.186482,337024.1,20228.186482,
2023-10-20 14:10:00+00:00,0.05977,0.05997,0.05997,0.0598,465231.0,0.059878,27857.101818,465231.0,27857.101818,
2023-10-20 14:15:00+00:00,0.0598,0.05996,0.0598,0.05996,256347.3,0.05988,15350.076324,256347.3,15350.076324,
2023-10-20 14:20:00+00:00,0.05991,0.06003,0.05996,0.05994,164514.1,0.05996,9864.265436,164514.1,9864.265436,
2023-10-20 14:25:00+00:00,0.0599,0.05997,0.05993,0.05991,88763.0,0.059928,5319.389064,88763.0,5319.389064,
2023-10-20 14:30:00+00:00,0.05979,0.05991,0.05991,0.05987,1680208.5,0.05987,100594.082895,1680208.5,100594.082895,
2023-10-20 14:35:00+00:00,0.05985,0.05995,0.05987,0.05994,285071.1,0.059902,17076.3290322,285071.1,17076.3290322,
2023-10-20 14:40:00+00:00,0.05993,0.05998,0.05993,0.05997,526822.6,0.059952,31584.0685152,526822.6,31584.0685152,
2023-10-20 14:45:00+00:00,0.05996,0.06002,0.05996,0.05998,285039.1,0.05998,17096.645218,285039.1,17096.645218,
2023-10-20 14:50:00+00:00,0.05991,0.05999,0.05999,0.05993,345364.1,0.059955,20706.3046155,345364.1,20706.3046155,
2023-10-20 14:55:00+00:00,0.05988,0.05994,0.05994,0.05989,127558.7,0.059912,7642.2968344,127558.7,7642.2968344,
2023-10-20 15:00:00+00:00,0.05986,0.05994,0.05989,0.05994,220806.3,0.059907,13227.8430141,220806.3,13227.8430141,
2023-10-20 15:05:00+00:00,0.05989,0.05996,0.05995,0.05996,1143496.4,0.05994,68541.174216,1143496.4,68541.174216,
2023-10-20 15:10:00+00:00,0.05992,0.05997,0.05997,0.05995,324655.3,0.059953,19464.0592009,324655.3,19464.0592009,
2023-10-20 15:15:00+00:00,0.05987,0.05997,0.05995,0.05987,370899.8,0.059915,22222.461517,370899.8,22222.461517,
2023-10-20 15:20:00+00:00,0.05988,0.06002,0.05988,0.06,111366.0,0.059945,6675.83487,111366.0,6675.83487,
2023-10-20 15:25:00+00:00,0.05999,0.06006,0.06001,0.05999,2164115.1,0.060012,129872.8753812,2164115.1,129872.8753812,
2023-10-20 15:30:00+00:00,0.05986,0.06001,0.05999,0.0599,652074.7,0.05994,39085.357518,652074.7,39085.357518,
2023-10-20 15:35:00+00:00,0.05983,0.05991,0.05989,0.05983,305897.3,0.059865,18312.5418645,305897.3,18312.5418645,
2023-10-20 15:40:00+00:00,0.05976,0.05984,0.05982,0.05976,170239.2,0.059795,10179.452964,170239.2,10179.452964,
2023-10-20 15:45:00+00:00,0.05976,0.05987,0.05976,0.05987,190187.5,0.059815,11376.0653125,190187.5,11376.0653125,
2023-10-20 15:50:00+00:00,0.05983,0.05992,0.05987,0.0599,418278.9,0.05988,25046.540532,418278.9,25046.540532,
2023-10-20 15:55:00+00:00,0.05989,0.05993,0.05991,0.05991,106585.8,0.05991,6385.555278,106585.8,6385.555278,
2023-10-20 16:00:00+00:00,0.05984,0.05993,0.05991,0.05992,330014.0,0.0599,19767.8386,330014.0,19767.8386,
2023-10-20 16:05:00+00:00,0.05986,0.05994,0.05993,0.05989,151277.9,0.059905,9062.3025995,151277.9,9062.3025995,
2023-10-20 16:10:00+00:00,0.05979,0.05989,0.05989,0.05983,338187.1,0.05985,20240.497935,338187.1,20240.497935,
2023-10-20 16:15:00+00:00,0.05978,0.05984,0.05983,0.05984,314683.0,0.059822,18824.966426,314683.0,18824.966426,
2023-10-20 16:20:00+00:00,0.05982,0.05994,0.05984,0.05994,112789.9,0.059885,6754.4231615,112789.9,6754.4231615,
2023-10-20 16:25:00+00:00,0.05994,0.06002,0.05994,0.05998,261974.3,0.05997,15710.598771,261974.3,15710.598771,
2023-10-20 16:30:00+00:00,0.05995,0.06001,0.05997,0.05999,171976.6,0.05998,10315.156468,171976.6,10315.156468,
2023-10-20 16:35:00+00:00,0.05992,0.06,0.05999,0.05995,203859.2,0.059965,12224.416928,203859.2,12224.416928,
2023-10-20 16:40:00+00:00,0.05991,0.05997,0.05994,0.05993,238288.4,0.059938,14282.5301192,238288.4,14282.5301192,
2023-10-20 16:45:00+00:00,0.05988,0.05995,0.05995,0.0599,88819.8,0.05992,5322.082416,88819.8,5322.082416,
2023-10-20 16:50:00+00:00,0.05985,0.05991,0.05989,0.05987,172235.0,0.05988,10313.4318,172235.0,10313.4318,
2023-10-20 16:55:00+00:00,0.05988,0.05995,0.05989,0.05991,436066.3,0.059907,26123.4238341,436066.3,26123.4238341,
2023-10-20 17:00:00+00:00,0.05984,0.05994,0.05993,0.05985,248951.7,0.05989,14909.717313,248951.7,14909.717313,
2023-10-20 17:05:00+00:00,0.0597,0.05985,0.05985,0.05977,278944.0,0.059792,16678.619648,278944.0,16678.619648,
2023-10-20 17:10:00+00:00,0.05976,0.05988,0.05976,0.05986,200466.6,0.059815,11990.909679,200466.6,11990.909679,
2023-10-20 17:15:00+00:00,0.05984,0.05989,0.05985,0.05987,678919.5,0.059862,40641.479109,678919.5,40641.479109,
2023-10-20 17:20:00+00:00,0.05984,0.05992,0.05986,0.05991,559973.4,0.059882,33532.3271388,559973.4,33532.3271388,
2023-10-20 17:25:00+00:00,0.05988,0.05992,0.0599,0.05992,301943.3,0.059905,18087.9133865,301943.3,18087.9133865,
2023-10-20 17:30:00+00:00,0.05991,0.06,0.05992,0.05995,566374.3,0.059945,33951.3074135,566374.3,33951.3074135,
2023-10-20 17:35:00+00:00,0.05994,0.06,0.05995,0.05998,133790.7,0.059968,8023.1606976,133790.7,8023.1606976,
2023-10-20 17:40:00+00:00,0.05997,0.06003,0.05998,0.06003,310283.4,0.060002,18617.6245668,310283.4,18617.6245668,
2023-10-20 17:45:00+00:00,0.06001,0.06008,0.06002,0.06006,1949337.1,0.060042,117042.0981582,1949337.1,117042.0981582,
2023-10-20 17:50:00+00:00,0.06002,0.06006,0.06005,0.06004,315900.4,0.060042,18967.2918168,315900.4,18967.2918168,
2023-10-20 17:55:00+00:00,0.06004,0.06008,0.06005,0.06008,50141.8,0.060062,3011.6167916,50141.8,3011.6167916,
2023-10-20 18:00:00+00:00,0.06006,0.06014,0.06008,0.06012,250213.4,0.0601,15037.82534,250213.4,15037.82534,
2023-10-20 18:05:00+00:00,0.06007,0.06013,0.06011,0.06008,568970.7,0.060098,34194.0011286,568970.7,34194.0011286,
2023-10-20 18:10:00+00:00,0.06,0.06009,0.06009,0.06005,82403.3,0.060058,4948.9773914,82403.3,4948.9773914,
2023-10-20 18:15:00+00:00,0.06001,0.06006,0.06004,0.06003,36391.4,0.060035,2184.757699,36391.4,2184.757699,
2023-10-20 18:20:00+00:00,0.06002,0.06009,0.06002,0.06007,96596.4,0.06005,5800.61382,96596.4,5800.61382,
2023-10-20 18:25:00+00:00,0.06006,0.06015,0.06008,0.06014,929562.4,0.060108,55874.1367392,929562.4,55874.1367392,
2023-10-20 18:30:00+00:00,0.06014,0.0603,0.06014,0.06024,4006283.8,0.060205,241198.316179,4006283.8,241198.316179,
2023-10-20 18:35:00+00:00,0.06019,0.06034,0.06025,0.06021,1853345.4,0.060247,111658.5003138,1853345.4,111658.5003138,
2023-10-20 18:40:00+00:00,0.06019,0.06022,0.06021,0.06022,51554.4,0.06021,3104.090424,51554.4,3104.090424,
2023-10-20 18:45:00+00:00,0.06019,0.06021,0.0602,0.06021,22734.7,0.060202,1368.6744094,22734.7,1368.6744094,
2023-10-20 18:50:00+00:00,0.06019,0.06021,0.06021,0.06019,49824.3,0.0602,2999.42286,49824.3,2999.42286,
2023-10-20 18:55:00+00:00,0.06011,0.06019,0.06019,0.06012,569225.4,0.060152,34240.0462608,569225.4,34240.0462608,
2023-10-20 19:00:00+00:00,0.06011,0.06018,0.06012,0.06016,84944.7,0.060142,5108.7441474,84944.7,5108.7441474,
2023-10-20 19:05:00+00:00,0.06017,0.0602,0.06018,0.06018,15343.0,0.060182,923.372426,15343.0,923.372426,
2023-10-20 19:10:00+00:00,0.06014,0.0602,0.06018,0.06016,173198.5,0.06017,10421.353745,173198.5,10421.353745,
2023-10-20 19:15:00+00:00,0.06011,0.06016,0.06015,0.06016,608438.6,0.060145,36594.539597,608438.6,36594.539597,
2023-10-20 19:20:00+00:00,0.06006,0.06016,0.06016,0.06006,122098.1,0.06011,7339.316791,122098.1,7339.316791,
2023-10-20 19:25:00+00:00,0.06005,0.06012,0.06007,0.06011,297545.7,0.060087,17878.6284759,297545.7,17878.6284759,
2023-10-20 19:30:00+00:00,0.0601,0.06016,0.06012,0.06014,70937.4,0.06013,4265.465862,70937.4,4265.465862,
2023-10-20 19:35:00+00:00,0.06013,0.06016,0.06014,0.06015,67537.5,0.060145,4062.0429375,67537.5,4062.0429375,
2023-10-20 19:40:00+00:00,0.06007,0.06014,0.06014,0.06008,109175.1,0.060108,6562.2969108,109175.1,6562.2969108,
2023-10-20 19:45:00+00:00,0.06001,0.0601,0.06007,0.0601,228228.0,0.06007,13709.65596,228228.0,13709.65596,
2023-10-20 19:50:00+00:00,0.06009,0.06021,0.0601,0.0602,432098.9,0.06015,25990.748835,432098.9,25990.748835,
2023-10-20 19:55:00+00:00,0.06019,0.06025,0.0602,0.06023,179015.6,0.060218,10779.9614008,179015.6,10779.9614008,
2023-10-20 20:00:00+00:00,0.06017,0.06026,0.06022,0.06025,1164392.8,0.060225,70125.55638,1164392.8,70125.55638,
2023-10-20 20:05:00+00:00,0.06024,0.06027,0.06025,0.06026,127645.5,0.060255,7691.2796025,127645.5,7691.2796025,
2023-10-20 20:10:00+00:00,0.06021,0.06026,0.06026,0.06023,755083.6,0.06024,45486.236064,755083.6,45486.236064,
2023-10-20 20:15:00+00:00,0.0602,0.06024,0.06023,0.06022,71114.4,0.060222,4282.6513968,71114.4,4282.6513968,
2023-10-20 20:20:00+00:00,0.06019,0.06028,0.06021,0.06025,278827.0,0.060232,16794.307864,278827.0,16794.307864,
2023-10-20 20:25:00+00:00,0.06018,0.06025,0.06025,0.06022,327032.5,0.060225,19695.5323125,327032.5,19695.5323125,
2023-10-20 20:30:00+00:00,0.0602,0.06024,0.06022,0.06024,43626.8,0.060225,2627.42403,43626.8,2627.42403,
2023-10-20 20:35:00+00:00,0.06021,0.06026,0.06022,0.06025,33605.1,0.060235,2024.2031985,33605.1,2024.2031985,
2023-10-20 20:40:00+00:00,0.06025,0.06029,0.06026,0.06029,54282.4,0.060273,3271.7630952,54282.4,3271.7630952,
2023-10-20 20:45:00+00:00,0.06022,0.06028,0.06028,0.06022,80801.0,0.06025,4868.26025,80801.0,4868.26025,
2023-10-20 20:50:00+00:00,0.06018,0.06024,0.06023,0.06018,151450.7,0.060208,9118.5437456,151450.7,9118.5437456,
2023-10-20 20:55:00+00:00,0.06008,0.06019,0.06018,0.06008,310126.1,0.060132,18648.5026452,310126.1,18648.5026452,
2023-10-20 21:00:00+00:00,0.06007,0.06014,0.06007,0.06013,589783.1,0.060102,35447.1438762,589783.1,35447.1438762,
2023-10-20 21:05:00+00:00,0.06013,0.06017,0.06014,0.06016,80811.1,0.06015,4860.787665,80811.1,4860.787665,
2023-10-20 21:10:00+00:00,0.06012,0.06017,0.06017,0.06013,231626.3,0.060148,13931.8586924,231626.3,13931.8586924,
2023-10-20 21:15:00+00:00,0.06012,0.0602,0.06012,0.06015,181365.2,0.060148,10908.7540496,181365.2,10908.7540496,
2023-10-20 21:20:00+00:00,0.06011,0.06019,0.06017,0.06011,72166.1,0.060145,4340.4300845,72166.1,4340.4300845,
2023-10-20 21:25:00+00:00,0.06007,0.06011,0.0601,0.06008,24387.0,0.06009,1465.41483,24387.0,1465.41483,
2023-10-20 21:30:00+00:00,0.06006,0.06009,0.06008,0.06007,8379.3,0.060075,503.3864475,8379.3,503.3864475,
2023-10-20 21:35:00+00:00,0.06008,0.06013,0.06008,0.0601,272010.5,0.060098,16347.287029,272010.5,16347.287029,
2023-10-20 21:40:00+00:00,0.06008,0.06012,0.0601,0.0601,184497.6,0.0601,11088.30576,184497.6,11088.30576,
2023-10-20 21:45:00+00:00,0.0601,0.06012,0.06011,0.06011,12485.8,0.06011,750.521438,12485.8,750.521438,
2023-10-20 21:50:00+00:00,0.0601,0.06012,0.06011,0.06011,40971.5,0.06011,2462.796865,40971.5,2462.796865,
2023-10-20 21:55:00+00:00,0.06009,0.06012,0.06011,0.06011,72981.2,0.060108,4386.7539696,72981.2,4386.7539696,
2023-10-20 22:00:00+00:00,0.0601,0.06015,0.06011,0.06015,44008.8,0.060128,2646.1611264,44008.8,2646.1611264,
2023-10-20 22:05:00+00:00,0.06014,0.06015,0.06015,0.06015,18862.3,0.060148,1134.5296204,18862.3,1134.5296204,
2023-10-20 22:10:00+00:00,0.06011,0.06015,0.06014,0.06013,66497.9,0.060133,3998.7182207,66497.9,3998.7182207,
2023-10-20 22:15:00+00:00,0.06006,0.06013,0.06013,0.06006,545934.2,0.060095,32807.915749,545934.2,32807.915749,
2023-10-20 22:20:00+00:00,0.06005,0.06009,0.06007,0.06008,150448.6,0.060072,9037.7482992,150448.6,9037.7482992,
2023-10-20 22:25:00+00:00,0.06008,0.06014,0.06008,0.06014,171830.9,0.06011,10328.755399,171830.9,10328.755399,
2023-10-20 22:30:00+00:00,0.06008,0.06014,0.06014,0.06008,84863.4,0.06011,5101.138974,84863.4,5101.138974,
2023-10-20 22:35:00+00:00,0.06005,0.0601,0.06009,0.06005,257174.9,0.060072,15449.0105928,257174.9,15449.0105928,
2023-10-20 22:40:00+00:00,0.06005,0.06009,0.06006,0.06009,331274.0,0.060072,19900.291728,331274.0,19900.291728,
2023-10-20 22:45:00+00:00,0.06006,0.0601,0.06009,0.06007,69207.0,0.06008,4157.95656,69207.0,4157.95656,
2023-10-20 22:50:00+00:00,0.06004,0.06011,0.06007,0.06008,250079.6,0.060075,15023.53197,250079.6,15023.53197,
2023-10-20 22:55:00+00:00,0.06005,0.0601,0.06008,0.06009,139815.0,0.06008,8400.0852,139815.0,8400.0852,
2023-10-20 23:00:00+00:00,0.06007,0.06015,0.0601,0.06007,186396.3,0.060098,11202.0448374,186396.3,11202.0448374,
2023-10-20 23:05:00+00:00,0.06006,0.06014,0.06008,0.06006,187736.5,0.060085,11280.1476025,187736.5,11280.1476025,
2023-10-20 23:10:00+00:00,0.06002,0.06007,0.06006,0.06006,148062.2,0.060052,8891.4312344,148062.2,8891.4312344,
2023-10-20 23:15:00+00:00,0.06002,0.06008,0.06005,0.06004,109915.4,0.060048,6600.1999392,109915.4,6600.1999392,
2023-10-20 23:20:00+00:00,0.06001,0.06004,0.06003,0.06004,117736.1,0.06003,7067.698083,117736.1,7067.698083,
2023-10-20 23:25:00+00:00,0.06003,0.06006,0.06004,0.06005,109846.8,0.060045,6595.751106,109846.8,6595.751106,
2023-10-20 23:30:00+00:00,0.06,0.06005,0.06004,0.06,34741.4,0.060022,2085.2483108,34741.4,2085.2483108,
2023-10-20 23:35:00+00:00,0.05996,0.06006,0.06001,0.05996,558953.7,0.059998,33536.1040926,558953.7,33536.1040926,
2023-10-20 23:40:00+00:00,0.05996,0.06,0.05996,0.05998,52140.9,0.059975,3127.1504775,52140.9,3127.1504775,
2023-10-20 23:45:00+00:00,0.05994,0.05999,0.05997,0.05998,54549.5,0.05997,3271.333515,54549.5,3271.333515,
2023-10-20 23:50:00+00:00,0.05993,0.05998,0.05998,0.05993,76154.7,0.059955,4565.8550385,76154.7,4565.8550385,
2023-10-20 23:55:00+00:00,0.05991,0.05994,0.05994,0.05993,27706.0,0.05993,1660.42058,27706.0,1660.42058,
2023-10-21 00:00:00+00:00,0.05993,0.06003,0.05993,0.06003,51647.4,0.05998,3097.811052,51647.4,3097.811052,
2023-10-21 00:05:00+00:00,0.05996,0.06004,0.06003,0.05996,41462.7,0.059998,2487.6790746,41462.7,2487.6790746,
2023-10-21 00:10:00+00:00,0.05992,0.05996,0.05996,0.05994,54646.0,0.059945,3275.75447,54646.0,3275.75447,
2023-10-21 00:15:00+00:00,0.05992,0.05999,0.05994,0.05994,101035.7,0.059948,6056.8881436,101035.7,6056.8881436,
2023-10-21 00:20:00+00:00,0.05994,0.05997,0.05994,0.05997,72707.4,0.059955,4359.172167,72707.4,4359.172167,
2023-10-21 00:25:00+00:00,0.05997,0.05999,0.05997,0.05997,939145.4,0.059975,56325.245365,939145.4,56325.245365,
2023-10-21 00:30:00+00:00,0.05992,0.05995,0.05995,0.05994,24228.1,0.05994,1452.232314,24228.1,1452.232314,
2023-10-21 00:35:00+00:00,0.05989,0.05994,0.05994,0.05989,147318.3,0.059915,8826.5759445,147318.3,8826.5759445,
2023-10-21 00:40:00+00:00,0.05985,0.0599,0.05989,0.05986,151177.7,0.059875,9051.7647875,151177.7,9051.7647875,
2023-10-21 00:45:00+00:00,0.05985,0.05993,0.05986,0.05993,51192.5,0.059892,3066.02121,51192.5,3066.02121,
2023-10-21 00:50:00+00:00,0.05989,0.05994,0.05994,0.05991,71356.2,0.05992,4275.663504,71356.2,4275.663504,
2023-10-21 00:55:00+00:00,0.0599,0.05993,0.0599,0.0599,64123.8,0.059908,3841.5286104,64123.8,3841.5286104,
2023-10-21 01:00:00+00:00,0.05988,0.05992,0.05989,0.05989,11300.9,0.059895,676.8674055,11300.9,676.8674055,
2023-10-21 01:05:00+00:00,0.05987,0.05991,0.05989,0.05989,189604.0,0.05989,11355.38356,189604.0,11355.38356,
2023-10-21 01:10:00+00:00,0.05986,0.05989,0.05988,0.05987,26656.2,0.059875,1596.039975,26656.2,1596.039975,
2023-10-21 01:15:00+00:00,0.05985,0.05988,0.05986,0.05987,49295.7,0.059865,2951.0870805,49295.7,2951.0870805,
2023-10-21 01:20:00+00:00,0.05986,0.0599,0.05987,0.05988,33426.9,0.059878,2001.5359182,33426.9,2001.5359182,
2023-10-21 01:25:00+00:00,0.05984,0.05988,0.05988,0.05988,118658.8,0.05987,7104.102356,118658.8,7104.102356,
2023-10-21 01:30:00+00:00,0.05985,0.05989,0.05987,0.05988,93414.8,0.059872,5592.9309056,93414.8,5592.9309056,
2023-10-21 01:35:00+00:00,0.05981,0.05988,0.05988,0.05981,134655.4,0.059845,8058.452413,134655.4,8058.452413,
2023-10-21 01:40:00+00:00,0.05981,0.05984,0.05981,0.05982,235812.9,0.05982,14106.327678,235812.9,14106.327678,
2023-10-21 01:45:00+00:00,0.05982,0.05986,0.05984,0.05983,62120.7,0.059838,3717.1784466,62120.7,3717.1784466,
2023-10-21 01:50:00+00:00,0.0598,0.05985,0.05985,0.0598,66578.7,0.059825,3983.0707275,66578.7,3983.0707275,
2023-10-21 01:55:00+00:00,0.05977,0.05982,0.05981,0.05979,126997.1,0.059798,7594.1725858,126997.1,7594.1725858,
2023-10-21 02:00:00+00:00,0.05974,0.0598,0.05979,0.05975,250924.4,0.05977,14997.751388,250924.4,14997.751388,
2023-10-21 02:05:00+00:00,0.05973,0.05979,0.05976,0.05975,217891.2,0.059758,13020.7423296,217891.2,13020.7423296,
2023-10-21 02:10:00+00:00,0.05975,0.05978,0.05976,0.05978,20700.0,0.059768,1237.1976,20700.0,1237.1976,
2023-10-21 02:15:00+00:00,0.05974,0.05977,0.05976,0.05975,89378.3,0.059755,5340.8003165,89378.3,5340.8003165,
2023-10-21 02:20:00+00:00,0.05974,0.05977,0.05975,0.05976,52087.7,0.059755,3112.5005135,52087.7,3112.5005135,
2023-10-21 02:25:00+00:00,0.05976,0.05979,0.05976,0.05978,12087.3,0.059772,722.4820956,12087.3,722.4820956,
2023-10-21 02:30:00+00:00,0.0597,0.05978,0.05978,0.05972,528509.9,0.059745,31575.8239755,528509.9,31575.8239755,
2023-10-21 02:35:00+00:00,0.05966,0.05972,0.05971,0.05969,63929.5,0.059695,3816.2715025,63929.5,3816.2715025,
2023-10-21 02:40:00+00:00,0.05961,0.05969,0.05968,0.05965,125187.8,0.059658,7468.4537724,125187.8,7468.4537724,
2023-10-21 02:45:00+00:00,0.05959,0.05965,0.05964,0.05963,24404.5,0.059628,1455.191526,24404.5,1455.191526,
2023-10-21 02:50:00+00:00,0.05962,0.05966,0.05962,0.05966,21761.4,0.05964,1297.849896,21761.4,1297.849896,
2023-10-21 02:55:00+00:00,0.05963,0.05967,0.05966,0.05967,44733.6,0.059658,2668.7171088,44733.6,2668.7171088,
2023-10-21 03:00:00+00:00,0.05964,0.05968,0.05968,0.05966,281958.8,0.059665,16823.071802,281958.8,16823.071802,
2023-10-21 03:05:00+00:00,0.0596,0.05966,0.05965,0.0596,169199.6,0.059628,10089.0337488,169199.6,10089.0337488,
2023-10-21 03:10:00+00:00,0.05945,0.05961,0.0596,0.05954,828061.5,0.05955,49311.062325,828061.5,49311.062325,
2023-10-21 03:15:00+00:00,0.05954,0.0597,0.05955,0.05969,337419.8,0.05962,20116.968476,337419.8,20116.968476,
2023-10-21 03:20:00+00:00,0.05967,0.05975,0.05969,0.05971,143939.3,0.059705,8593.8959065,143939.3,8593.8959065,
2023-10-21 03:25:00+00:00,0.05968,0.05972,0.0597,0.0597,46622.9,0.0597,2783.38713,46622.9,2783.38713,
2023-10-21 03:30:00+00:00,0.0597,0.05977,0.0597,0.05977,188736.6,0.059735,11274.180801,188736.6,11274.180801,
2023-10-21 03:35:00+00:00,0.05974,0.05978,0.05976,0.05975,93595.1,0.059758,5593.0559858,93595.1,5593.0559858,
2023-10-21 03:40:00+00:00,0.05974,0.05979,0.05974,0.05978,291440.6,0.059762,17417.0731372,291440.6,17417.0731372,
2023-10-21 03:45:00+00:00,0.05977,0.05981,0.05977,0.0598,62130.5,0.059787,3714.5962035,62130.5,3714.5962035,
2023-10-21 03:50:00+00:00,0.05979,0.05983,0.0598,0.0598,34276.0,0.059805,2049.87618,34276.0,2049.87618,
2023-10-21 03:55:00+00:00,0.05977,0.05981,0.05981,0.05978,30729.9,0.059792,1837.4021808,30729.9,1837.4021808,
2023-10-21 04:00:00+00:00,0.05978,0.05983,0.05979,0.05983,38439.3,0.059808,2298.9776544,38439.3,2298.9776544,
2023-10-21 04:05:00+00:00,0.05983,0.05986,0.05983,0.05984,60128.0,0.05984,3598.05952,60128.0,3598.05952,
2023-10-21 04:10:00+00:00,0.05984,0.05989,0.05984,0.05989,143182.4,0.059865,8571.614376,143182.4,8571.614376,
2023-10-21 04:15:00+00:00,0.05984,0.05988,0.05988,0.05985,69933.2,0.059862,4186.3412184,69933.2,4186.3412184,
2023-10-21 04:20:00+00:00,0.05983,0.05987,0.05985,0.05984,44815.5,0.059848,2682.118044,44815.5,2682.118044,
2023-10-21 04:25:00+00:00,0.05984,0.05987,0.05984,0.05986,45438.2,0.059852,2719.5671464,45438.2,2719.5671464,
2023-10-21 04:30:00+00:00,0.05986,0.05989,0.05986,0.05986,238190.6,0.059868,14259.9948408,238190.6,14259.9948408,
2023-10-21 04:35:00+00:00,0.05986,0.05988,0.05987,0.05986,34734.1,0.059868,2079.4610988,34734.1,2079.4610988,
2023-10-21 04:40:00+00:00,0.05982,0.05986,0.05986,0.05986,45971.9,0.05985,2751.418215,45971.9,2751.418215,
2023-10-21 04:45:00+00:00,0.05985,0.0599,0.05986,0.0599,77236.4,0.059878,4624.7611592,77236.4,4624.7611592,
2023-10-21 04:50:00+00:00,0.05987,0.0599,0.0599,0.05987,55316.4,0.059885,3312.622614,55316.4,3312.622614,
2023-10-21 04:55:00+00:00,0.05987,0.05989,0.05988,0.05989,15683.7,0.059882,939.1713234,15683.7,939.1713234,
2023-10-21 05:00:00+00:00,0.05987,0.05989,0.05988,0.05989,20356.1,0.059882,1218.9639802,20356.1,1218.9639802,
2023-10-21 05:05:00+00:00,0.05988,0.05994,0.05988,0.05993,47728.3,0.059908,2859.3069964,47728.3,2859.3069964,
2023-10-21 05:10:00+00:00,0.05992,0.05995,0.05992,0.05992,44350.0,0.059928,2657.8068,44350.0,2657.8068,
2023-10-21 05:15:00+00:00,0.05992,0.05996,0.05993,0.05994,88429.3,0.059938,5300.2753834,88429.3,5300.2753834,
2023-10-21 05:20:00+00:00,0.05992,0.05994,0.05994,0.05992,104635.1,0.05993,6270.781543,104635.1,6270.781543,
2023-10-21 05:25:00+00:00,0.05992,0.05994,0.05992,0.05994,19434.0,0.05993,1164.67962,19434.0,1164.67962,
2023-10-21 05:30:00+00:00,0.05993,0.05994,0.05994,0.05994,5895.5,0.059938,353.364479,5895.5,353.364479,
2023-10-21 05:35:00+00:00,0.05991,0.05995,0.05994,0.05993,143392.2,0.059932,8593.7813304,143392.2,8593.7813304,
2023-10-21 05:40:00+00:00,0.05993,0.05997,0.05994,0.05994,98175.5,0.059945,5885.1303475,98175.5,5885.1303475,
2023-10-21 05:45:00+00:00,0.05994,0.05997,0.05994,0.05996,19687.4,0.059953,1180.3186922,19687.4,1180.3186922,
2023-10-21 05:50:00+00:00,0.05993,0.05996,0.05995,0.05994,20494.2,0.059945,1228.524819,20494.2,1228.524819,
2023-10-21 05:55:00+00:00,0.05994,0.05997,0.05994,0.05996,25026.5,0.059953,1500.4137545,25026.5,1500.4137545,
2023-10-21 06:00:00+00:00,0.05997,0.06,0.05997,0.06,24783.6,0.059985,1486.644246,24783.6,1486.644246,
2023-10-21 06:05:00+00:00,0.05998,0.06,0.06,0.05998,12457.0,0.05999,747.29543,12457.0,747.29543,
2023-10-21 06:10:00+00:00,0.05999,0.06004,0.05999,0.06004,4825.1,0.060015,289.5783765,4825.1,289.5783765,
2023-10-21 06:15:00+00:00,0.06003,0.06009,0.06004,0.06008,132890.6,0.06006,7981.409436,132890.6,7981.409436,
2023-10-21 06:20:00+00:00,0.06006,0.06009,0.06006,0.06008,86039.2,0.060072,5168.5468224,86039.2,5168.5468224,
2023-10-21 06:25:00+00:00,0.06008,0.06014,0.06008,0.06013,144680.2,0.060107,8696.2927814,144680.2,8696.2927814,
2023-10-21 06:30:00+00:00,0.06012,0.06032,0.06012,0.06021,3099397.0,0.060192,186558.904224,3099397.0,186558.904224,
2023-10-21 06:35:00+00:00,0.06019,0.06025,0.0602,0.06025,35533.5,0.060222,2139.898437,35533.5,2139.898437,
2023-10-21 06:40:00+00:00,0.06019,0.06025,0.06025,0.06021,491561.2,0.060225,29604.27327,491561.2,29604.27327,
2023-10-21 06:45:00+00:00,0.0602,0.06033,0.06021,0.0603,180532.9,0.06026,10878.912554,180532.9,10878.912554,
2023-10-21 06:50:00+00:00,0.06028,0.06034,0.06029,0.06032,226262.8,0.060308,13645.4569424,226262.8,13645.4569424,
2023-10-21 06:55:00+00:00,0.0603,0.06034,0.06033,0.06032,261111.2,0.060322,15750.7498064,261111.2,15750.7498064,
2023-10-21 07:00:00+00:00,0.06021,0.06035,0.06032,0.06024,73820.4,0.06028,4449.893712,73820.4,4449.893712,
2023-10-21 07:05:00+00:00,0.0602,0.06027,0.06025,0.0602,665174.4,0.06023,40063.454112,665174.4,40063.454112,
2023-10-21 07:10:00+00:00,0.0602,0.06023,0.0602,0.06021,276869.7,0.06021,16670.324637,276869.7,16670.324637,
2023-10-21 07:15:00+00:00,0.0602,0.06027,0.0602,0.06026,159258.3,0.060232,9592.4459256,159258.3,9592.4459256,
2023-10-21 07:20:00+00:00,0.06026,0.06029,0.06026,0.06027,16125.3,0.06027,971.871831,16125.3,971.871831,
2023-10-21 07:25:00+00:00,0.06025,0.06031,0.06027,0.06031,63876.9,0.060285,3850.8189165,63876.9,3850.8189165,
2023-10-21 07:30:00+00:00,0.06027,0.06032,0.06031,0.06028,35244.0,0.060295,2125.03698,35244.0,2125.03698,
2023-10-21 07:35:00+00:00,0.06026,0.06032,0.06027,0.06032,33960.4,0.060292,2047.5404368,33960.4,2047.5404368,
2023-10-21 07:40:00+00:00,0.06031,0.06036,0.06031,0.06036,32205.3,0.060335,1943.1067755,32205.3,1943.1067755,
2023-10-21 07:45:00+00:00,0.06034,0.0604,0.06036,0.0604,480091.9,0.060375,28985.5484625,480091.9,28985.5484625,
2023-10-21 07:50:00+00:00,0.0604,0.06045,0.06043,0.0604,197800.7,0.06042,11951.118294,197800.7,11951.118294,
2023-10-21 07:55:00+00:00,0.06039,0.06049,0.0604,0.06046,43529.4,0.060435,2630.699289,43529.4,2630.699289,
2023-10-21 08:00:00+00:00,0.0604,0.06049,0.06045,0.0604,295871.1,0.060435,17880.9699285,295871.1,17880.9699285,
2023-10-21 08:05:00+00:00,0.06034,0.06041,0.06041,0.06034,90668.6,0.060375,5474.116725,90668.6,5474.116725,
2023-10-21 08:10:00+00:00,0.06032,0.06038,0.06034,0.06034,234168.0,0.060345,14130.86796,234168.0,14130.86796,
2023-10-21 08:15:00+00:00,0.06033,0.06041,0.06034,0.0604,19841.3,0.06037,1197.819281,19841.3,1197.819281,
2023-10-21 08:20:00+00:00,0.06039,0.06043,0.06042,0.06041,13438.2,0.060412,811.8285384,13438.2,811.8285384,
2023-10-21 08:25:00+00:00,0.0604,0.06041,0.06041,0.06041,28066.4,0.060407,1695.4070248,28066.4,1695.4070248,
2023-10-21 08:30:00+00:00,0.06035,0.0604,0.0604,0.06036,126654.7,0.060378,7647.1574766,126654.7,7647.1574766,
2023-10-21 08:35:00+00:00,0.06033,0.06036,0.06035,0.06033,59501.5,0.060342,3590.439513,59501.5,3590.439513,
2023-10-21 08:40:00+00:00,0.06028,0.06033,0.06033,0.06029,30714.8,0.060308,1852.3481584,30714.8,1852.3481584,
2023-10-21 08:45:00+00:00,0.06028,0.06029,0.06029,0.06028,51607.7,0.060285,3111.1701945,51607.7,3111.1701945,
2023-10-21 08:50:00+00:00,0.06018,0.06026,0.06026,0.06022,154098.5,0.06023,9281.352655,154098.5,9281.352655,
2023-10-21 08:55:00+00:00,0.06021,0.06024,0.06021,0.06022,58361.1,0.06022,3514.505442,58361.1,3514.505442,
2023-10-21 09:00:00+00:00,0.06021,0.06025,0.06022,0.06022,44859.6,0.060225,2701.66941,44859.6,2701.66941,
2023-10-21 09:05:00+00:00,0.0602,0.06024,0.06022,0.06021,79457.4,0.060218,4784.7657132,79457.4,4784.7657132,
2023-10-21 09:10:00+00:00,0.0602,0.06022,0.0602,0.0602,258176.5,0.060205,15543.5161825,258176.5,15543.5161825,
2023-10-21 09:15:00+00:00,0.06019,0.06022,0.06019,0.06019,43097.9,0.060198,2594.4073842,43097.9,2594.4073842,
2023-10-21 09:20:00+00:00,0.0602,0.06022,0.0602,0.06022,25154.2,0.06021,1514.534382,25154.2,1514.534382,
2023-10-21 09:25:00+00:00,0.06019,0.06023,0.06022,0.06023,255134.3,0.060218,15363.6772774,255134.3,15363.6772774,
2023-10-21 09:30:00+00:00,0.06022,0.06028,0.06022,0.06027,105713.8,0.060247,6368.9393086,105713.8,6368.9393086,
2023-10-21 09:35:00+00:00,0.06023,0.06027,0.06026,0.06025,105696.2,0.060252,6368.4074424,105696.2,6368.4074424,
2023-10-21 09:40:00+00:00,0.06025,0.06029,0.06025,0.06029,77223.7,0.06027,4654.272399,77223.7,4654.272399,
2023-10-21 09:45:00+00:00,0.0603,0.06036,0.06031,0.06033,65129.0,0.060325,3928.906925,65129.0,3928.906925,
2023-10-21 09:50:00+00:00,0.06033,0.06037,0.06033,0.06034,109818.7,0.060342,6626.6799954,109818.7,6626.6799954,
2023-10-21 09:55:00+00:00,0.06033,0.06038,0.06035,0.06035,15758.9,0.060352,951.0811328,15758.9,951.0811328,
2023-10-21 10:00:00+00:00,0.06029,0.06038,0.06038,0.06034,43870.9,0.060348,2647.5210732,43870.9,2647.5210732,
2023-10-21 10:05:00+00:00,0.06031,0.06037,0.06036,0.06031,117084.3,0.060338,7064.6324934,117084.3,7064.6324934,
2023-10-21 10:10:00+00:00,0.06028,0.06042,0.06029,0.06041,1177067.1,0.06035,71035.999485,1177067.1,71035.999485,
2023-10-21 10:15:00+00:00,0.06038,0.06044,0.0604,0.06044,131164.8,0.060415,7924.321392,131164.8,7924.321392,
2023-10-21 10:20:00+00:00,0.0604,0.06044,0.06043,0.0604,27280.9,0.060418,1648.2574162,27280.9,1648.2574162,
2023-10-21 10:25:00+00:00,0.06035,0.06041,0.06041,0.06036,5714.9,0.060382,345.0770918,5714.9,345.0770918,
2023-10-21 10:30:00+00:00,0.06034,0.06042,0.06036,0.06034,125198.2,0.060365,7557.589343,125198.2,7557.589343,
2023-10-21 10:35:00+00:00,0.06027,0.06033,0.06033,0.06029,138813.9,0.060305,8371.1722395,138813.9,8371.1722395,
2023-10-21 10:40:00+00:00,0.0603,0.0604,0.0603,0.0604,61123.1,0.06035,3688.779085,61123.1,3688.779085,
2023-10-21 10:45:00+00:00,0.06038,0.06043,0.06039,0.0604,17172.2,0.0604,1037.20088,17172.2,1037.20088,
2023-10-21 10:50:00+00:00,0.06039,0.06043,0.06039,0.06039,32799.8,0.0604,1981.10792,32799.8,1981.10792,
2023-10-21 10:55:00+00:00,0.06033,0.06039,0.06038,0.06037,142341.8,0.060368,8592.8897824,142341.8,8592.8897824,
2023-10-21 11:00:00+00:00,0.06036,0.06041,0.06041,0.06039,76939.7,0.060392,4646.5423624,76939.7,4646.5423624,
2023-10-21 11:05:00+00:00,0.06036,0.06042,0.06039,0.06036,147222.1,0.060382,8889.5648422,147222.1,8889.5648422,
2023-10-21 11:10:00+00:00,0.06037,0.06048,0.06037,0.06047,327761.4,0.060422,19803.9993108,327761.4,19803.9993108,
2023-10-21 11:15:00+00:00,0.06041,0.06047,0.06045,0.06042,132767.6,0.060438,8024.2082088,132767.6,8024.2082088,
2023-10-21 11:20:00+00:00,0.06039,0.06044,0.06043,0.06044,33452.1,0.060425,2021.3431425,33452.1,2021.3431425,
2023-10-21 11:25:00+00:00,0.06038,0.06052,0.06043,0.06052,361580.7,0.060462,21861.8922834,361580.7,21861.8922834,
2023-10-21 11:30:00+00:00,0.06044,0.06069,0.06053,0.06052,1452666.0,0.060545,87951.66297,1452666.0,87951.66297,
2023-10-21 11:35:00+00:00,0.06048,0.06056,0.06052,0.06051,385426.2,0.060518,23325.2227716,385426.2,23325.2227716,
2023-10-21 11:40:00+00:00,0.06048,0.06055,0.06049,0.06053,291407.9,0.060513,17633.9662527,291407.9,17633.9662527,
2023-10-21 11:45:00+00:00,0.06052,0.06064,0.06052,0.06052,1011759.8,0.06055,61262.05589,1011759.8,61262.05589,
2023-10-21 11:50:00+00:00,0.06043,0.06055,0.06054,0.06044,1081432.8,0.06049,65415.870072,1081432.8,65415.870072,
2023-10-21 11:55:00+00:00,0.0604,0.06045,0.06044,0.06044,387639.8,0.060432,23425.8483936,387639.8,23425.8483936,
2023-10-21 12:00:00+00:00,0.06042,0.06048,0.06045,0.06042,297511.3,0.060442,17982.1779946,297511.3,17982.1779946,
2023-10-21 12:05:00+00:00,0.06037,0.06042,0.06042,0.0604,206688.2,0.060403,12484.5873446,206688.2,12484.5873446,
2023-10-21 12:10:00+00:00,0.06033,0.0604,0.06039,0.06038,248549.8,0.060375,15006.194175,248549.8,15006.194175,
2023-10-21 12:15:00+00:00,0.06037,0.06043,0.06038,0.06043,101214.5,0.060402,6113.558229,101214.5,6113.558229,
2023-10-21 12:20:00+00:00,0.06042,0.06049,0.06043,0.06049,436607.3,0.060458,26396.4041434,436607.3,26396.4041434,
2023-10-21 12:25:00+00:00,0.06049,0.06054,0.06049,0.06052,276483.7,0.06051,16730.028687,276483.7,16730.028687,
2023-10-21 12:30:00+00:00,0.06052,0.06062,0.06053,0.0606,847793.2,0.060567,51348.2907444,847793.2,51348.2907444,
2023-10-21 12:35:00+00:00,0.06059,0.06063,0.06059,0.0606,975696.4,0.060602,59129.1532328,975696.4,59129.1532328,
2023-10-21 12:40:00+00:00,0.0606,0.06065,0.06061,0.06064,226378.5,0.060625,13724.1965625,226378.5,13724.1965625,
2023-10-21 12:45:00+00:00,0.06061,0.06067,0.06064,0.06064,452366.2,0.06064,27431.486368,452366.2,27431.486368,
2023-10-21 12:50:00+00:00,0.06058,0.06062,0.06061,0.06059,204931.4,0.0606,12418.84284,204931.4,12418.84284,
2023-10-21 12:55:00+00:00,0.06052,0.06061,0.06059,0.06053,631228.9,0.060562,38228.4846418,631228.9,38228.4846418,
2023-10-21 13:00:00+00:00,0.06051,0.06056,0.06053,0.06054,223341.3,0.060535,13519.9655955,223341.3,13519.9655955,
2023-10-21 13:05:00+00:00,0.06052,0.06068,0.06054,0.06053,1174743.5,0.060567,71150.6895645,1174743.5,71150.6895645,
2023-10-21 13:10:00+00:00,0.06045,0.06059,0.06053,0.06046,465723.4,0.060508,28179.9914872,465723.4,28179.9914872,
2023-10-21 13:15:00+00:00,0.06047,0.06057,0.06048,0.06054,354525.4,0.060515,21454.104581,354525.4,21454.104581,
2023-10-21 13:20:00+00:00,0.06053,0.0607,0.06054,0.0607,242778.0,0.060618,14716.716804,242778.0,14716.716804,
2023-10-21 13:25:00+00:00,0.0607,0.06083,0.0607,0.06082,297447.9,0.060762,18073.5292998,297447.9,18073.5292998,
2023-10-21 13:30:00+00:00,0.06077,0.06091,0.06082,0.06085,418999.9,0.060838,25491.1159162,418999.9,25491.1159162,
2023-10-21 13:35:00+00:00,0.0608,0.06089,0.06084,0.06087,566687.2,0.06085,34482.91612,566687.2,34482.91612,
2023-10-21 13:40:00+00:00,0.06082,0.0609,0.06086,0.06083,78128.7,0.060853,4754.3657811,78128.7,4754.3657811,
2023-10-21 13:45:00+00:00,0.06071,0.06083,0.06083,0.06078,681125.3,0.060788,41404.2447364,681125.3,41404.2447364,
2023-10-21 13:50:00+00:00,0.06078,0.06094,0.06078,0.0609,300548.4,0.06085,18288.37014,300548.4,18288.37014,
2023-10-21 13:55:00+00:00,0.06089,0.06098,0.06093,0.06091,135889.2,0.060927,8279.3212884,135889.2,8279.3212884,
2023-10-21 14:00:00+00:00,0.06081,0.06094,0.06092,0.06087,1107626.5,0.060885,67437.8394525,1107626.5,67437.8394525,
2023-10-21 14:05:00+00:00,0.06084,0.06093,0.06093,0.06084,294097.5,0.060885,17906.1262875,294097.5,17906.1262875,
2023-10-21 14:10:00+00:00,0.06084,0.06092,0.06084,0.0609,780350.0,0.060875,47503.80625,780350.0,47503.80625,
2023-10-21 14:15:00+00:00,0.06084,0.06091,0.06089,0.06085,597396.7,0.060872,36364.7319224,597396.7,36364.7319224,
2023-10-21 14:20:00+00:00,0.06079,0.06086,0.06086,0.06083,141535.2,0.060835,8610.293892,141535.2,8610.293892,
2023-10-21 14:25:00+00:00,0.06082,0.06092,0.06082,0.0609,110562.1,0.060865,6729.3622165,110562.1,6729.3622165,
2023-10-21 14:30:00+00:00,0.06078,0.06093,0.06092,0.0608,1100307.1,0.060858,66962.4894918,1100307.1,66962.4894918,
2023-10-21 14:35:00+00:00,0.06081,0.06092,0.06081,0.06089,645663.8,0.060858,39293.8075404,645663.8,39293.8075404,
2023-10-21 14:40:00+00:00,0.06089,0.06108,0.06089,0.06106,381194.0,0.06098,23245.21012,381194.0,23245.21012,
2023-10-21 14:45:00+00:00,0.06103,0.06118,0.06108,0.06105,715012.8,0.061085,43676.556888,715012.8,43676.556888,
2023-10-21 14:50:00+00:00,0.06107,0.06115,0.06107,0.06115,392712.1,0.06111,23998.636431,392712.1,23998.636431,
2023-10-21 14:55:00+00:00,0.06112,0.0612,0.06115,0.06114,425642.8,0.061152,26028.9085056,425642.8,26028.9085056,
2023-10-21 15:00:00+00:00,0.06112,0.0612,0.06114,0.06113,662995.5,0.061148,40540.848834,662995.5,40540.848834,
2023-10-21 15:05:00+00:00,0.06097,0.06113,0.06113,0.06098,477411.9,0.061052,29146.9513188,477411.9,29146.9513188,
2023-10-21 15:10:00+00:00,0.06086,0.06103,0.06099,0.06093,827226.5,0.060952,50421.109628,827226.5,50421.109628,
2023-10-21 15:15:00+00:00,0.06085,0.06108,0.06094,0.06104,417764.5,0.060978,25474.443681,417764.5,25474.443681,
2023-10-21 15:20:00+00:00,0.06105,0.06115,0.06105,0.06108,362268.2,0.061082,22128.0661924,362268.2,22128.0661924,
2023-10-21 15:25:00+00:00,0.06105,0.06112,0.06108,0.06105,293692.5,0.061075,17937.2694375,293692.5,17937.2694375,
2023-10-21 15:30:00+00:00,0.06101,0.06113,0.06106,0.06104,67570.5,0.06106,4125.85473,67570.5,4125.85473,
2023-10-21 15:35:00+00:00,0.06101,0.06111,0.06104,0.0611,537083.7,0.061065,32797.0161405,537083.7,32797.0161405,
2023-10-21 15:40:00+00:00,0.06105,0.06113,0.0611,0.06112,629988.1,0.0611,38492.27291,629988.1,38492.27291,
2023-10-21 15:45:00+00:00,0.06109,0.06116,0.06113,0.06113,163023.2,0.061127,9965.1191464,163023.2,9965.1191464,
2023-10-21 15:50:00+00:00,0.06113,0.06122,0.06113,0.06119,316268.3,0.061167,19345.1831061,316268.3,19345.1831061,
2023-10-21 15:55:00+00:00,0.06119,0.06126,0.0612,0.06123,301043.2,0.06122,18429.864704,301043.2,18429.864704,
2023-10-21 16:00:00+00:00,0.0611,0.06123,0.06123,0.06117,918921.9,0.061182,56221.4796858,918921.9,56221.4796858,
2023-10-21 16:05:00+00:00,0.06115,0.06128,0.06117,0.06117,584961.8,0.061193,35795.5674274,584961.8,35795.5674274,
2023-10-21 16:10:00+00:00,0.06106,0.06121,0.06116,0.0612,675397.6,0.061158,41305.9664208,675397.6,41305.9664208,
2023-10-21 16:15:00+00:00,0.06106,0.06122,0.0612,0.06116,1090364.4,0.06116,66686.686704,1090364.4,66686.686704,
2023-10-21 16:20:00+00:00,0.06115,0.06136,0.06115,0.06132,1453861.1,0.061245,89041.7230695,1453861.1,89041.7230695,
2023-10-21 16:25:00+00:00,0.06127,0.06137,0.06133,0.06131,717859.5,0.06132,44019.14454,717859.5,44019.14454,
2023-10-21 16:30:00+00:00,0.06121,0.06132,0.0613,0.06125,529794.9,0.06127,32460.533523,529794.9,32460.533523,
2023-10-21 16:35:00+00:00,0.06124,0.06137,0.06126,0.06136,541235.3,0.061308,33182.0537724,541235.3,33182.0537724,
2023-10-21 16:40:00+00:00,0.06127,0.06137,0.06136,0.06134,346734.6,0.061335,21266.966691,346734.6,21266.966691,
2023-10-21 16:45:00+00:00,0.06117,0.06134,0.06133,0.06121,1064776.8,0.061262,65230.3563216,1064776.8,65230.3563216,
2023-10-21 16:50:00+00:00,0.06111,0.0612,0.06119,0.06114,120095.6,0.06116,7345.046896,120095.6,7345.046896,
2023-10-21 16:55:00+00:00,0.06103,0.06117,0.06114,0.06112,3090766.7,0.061115,188892.2068705,3090766.7,188892.2068705,
2023-10-21 17:00:00+00:00,0.06109,0.06117,0.0611,0.06115,421173.3,0.061128,25745.4814824,421173.3,25745.4814824,
2023-10-21 17:05:00+00:00,0.06111,0.06119,0.06114,0.06119,431567.0,0.061158,26393.774586,431567.0,26393.774586,
2023-10-21 17:10:00+00:00,0.06114,0.06119,0.06119,0.06116,269604.7,0.06117,16491.719499,269604.7,16491.719499,
2023-10-21 17:15:00+00:00,0.06104,0.06114,0.06114,0.06109,192821.1,0.061102,11781.7548522,192821.1,11781.7548522,
2023-10-21 17:20:00+00:00,0.06108,0.06112,0.0611,0.06112,496640.6,0.061105,30347.223863,496640.6,30347.223863,
2023-10-21 17:25:00+00:00,0.06112,0.06125,0.06112,0.0612,676731.0,0.061173,41397.665463,676731.0,41397.665463,
2023-10-21 17:30:00+00:00,0.06119,0.06125,0.0612,0.06123,529552.7,0.061218,32418.1571886,529552.7,32418.1571886,
2023-10-21 17:35:00+00:00,0.06118,0.06131,0.06124,0.06128,2515074.0,0.061252,154053.312648,2515074.0,154053.312648,
2023-10-21 17:40:00+00:00,0.06127,0.06141,0.06127,0.06137,1779671.6,0.06133,109147.259228,1779671.6,109147.259228,
2023-10-21 17:45:00+00:00,0.06127,0.06141,0.06136,0.06136,784554.9,0.06135,48132.443115,784554.9,48132.443115,
2023-10-21 17:50:00+00:00,0.0613,0.06141,0.06137,0.06138,252190.2,0.061365,15475.651623,252190.2,15475.651623,
2023-10-21 17:55:00+00:00,0.06128,0.06143,0.06136,0.06131,835146.9,0.061345,51232.0865805,835146.9,51232.0865805,
2023-10-21 18:00:00+00:00,0.06123,0.06147,0.06131,0.06123,1555801.5,0.06131,95386.189965,1555801.5,95386.189965,
2023-10-21 18:05:00+00:00,0.06111,0.06128,0.06122,0.06119,1696533.6,0.0612,103827.85632,1696533.6,103827.85632,
2023-10-21 18:10:00+00:00,0.06102,0.06124,0.06119,0.06113,864665.9,0.061145,52869.9964555,864665.9,52869.9964555,
2023-10-21 18:15:00+00:00,0.06108,0.06122,0.06111,0.06121,903882.5,0.061155,55276.9342875,903882.5,55276.9342875,
2023-10-21 18:20:00+00:00,0.06118,0.06125,0.06121,0.06118,318827.2,0.061205,19513.818776,318827.2,19513.818776,
2023-10-21 18:25:00+00:00,0.06116,0.06123,0.06117,0.0612,88445.9,0.06119,5412.004621,88445.9,5412.004621,
2023-10-21 18:30:00+00:00,0.06111,0.06122,0.0612,0.06117,415697.3,0.061175,25430.2823275,415697.3,25430.2823275,
2023-10-21 18:35:00+00:00,0.06113,0.06122,0.06117,0.0612,483161.3,0.06118,29559.808334,483161.3,29559.808334,
2023-10-21 18:40:00+00:00,0.06116,0.06121,0.0612,0.06117,371254.3,0.061185,22715.1943455,371254.3,22715.1943455,
2023-10-21 18:45:00+00:00,0.06115,0.0612,0.06116,0.06119,281456.4,0.061175,17218.09527,281456.4,17218.09527,
2023-10-21 18:50:00+00:00,0.06118,0.06125,0.06119,0.06118,573057.9,0.0612,35071.14348,573057.9,35071.14348,
2023-10-21 18:55:00+00:00,0.06118,0.06126,0.06119,0.06124,411429.7,0.061218,25186.9033746,411429.7,25186.9033746,
2023-10-21 19:00:00+00:00,0.06117,0.06128,0.06124,0.06119,236488.6,0.06122,14477.832092,236488.6,14477.832092,
2023-10-21 19:05:00+00:00,0.06116,0.06122,0.06121,0.06117,422069.1,0.06119,25826.408229,422069.1,25826.408229,
2023-10-21 19:10:00+00:00,0.061,0.06119,0.06116,0.06101,433102.7,0.06109,26458.243943,433102.7,26458.243943,
2023-10-21 19:15:00+00:00,0.06096,0.06105,0.06101,0.06101,203339.4,0.061008,12405.3301152,203339.4,12405.3301152,
2023-10-21 19:20:00+00:00,0.06083,0.06101,0.061,0.06084,331295.7,0.06092,20182.534044,331295.7,20182.534044,
2023-10-21 19:25:00+00:00,0.06081,0.06092,0.06084,0.06092,308343.3,0.060872,18769.4733576,308343.3,18769.4733576,
2023-10-21 19:30:00+00:00,0.06091,0.06095,0.06092,0.06095,184330.6,0.060932,11231.6321192,184330.6,11231.6321192,
2023-10-21 19:35:00+00:00,0.06095,0.06104,0.06095,0.06104,174214.1,0.060995,10626.1890295,174214.1,10626.1890295,
2023-10-21 19:40:00+00:00,0.06099,0.06106,0.06101,0.06104,107210.6,0.061025,6542.526865,107210.6,6542.526865,
2023-10-21 19:45:00+00:00,0.06098,0.06107,0.06105,0.06103,1359224.9,0.061032,82956.2140968,1359224.9,82956.2140968,
2023-10-21 19:50:00+00:00,0.06103,0.06108,0.06104,0.06104,132601.9,0.061048,8095.0807912,132601.9,8095.0807912,
2023-10-21 19:55:00+00:00,0.06103,0.06106,0.06105,0.06103,486486.3,0.061042,29696.0967246,486486.3,29696.0967246,
2023-10-21 20:00:00+00:00,0.06103,0.06114,0.06104,0.06109,481354.9,0.061075,29398.7505175,481354.9,29398.7505175,
2023-10-21 20:05:00+00:00,0.06106,0.06112,0.06109,0.06112,106923.0,0.061098,6532.781454,106923.0,6532.781454,
2023-10-21 20:10:00+00:00,0.06104,0.06112,0.06112,0.06107,257988.7,0.061088,15760.0137056,257988.7,15760.0137056,
2023-10-21 20:15:00+00:00,0.06102,0.06106,0.06106,0.06105,191200.0,0.061048,11672.3776,191200.0,11672.3776,
2023-10-21 20:20:00+00:00,0.06084,0.06105,0.06105,0.06086,396082.1,0.06095,24141.203995,396082.1,24141.203995,
2023-10-21 20:25:00+00:00,0.06087,0.06099,0.06087,0.06095,583801.0,0.06092,35565.15692,583801.0,35565.15692,
2023-10-21 20:30:00+00:00,0.06096,0.06105,0.06097,0.06102,167650.4,0.061,10226.6744,167650.4,10226.6744,
2023-10-21 20:35:00+00:00,0.06098,0.0611,0.061,0.06107,247302.0,0.061037,15094.572174,247302.0,15094.572174,
2023-10-21 20:40:00+00:00,0.06095,0.06108,0.06106,0.06104,659189.0,0.061032,40231.623048,659189.0,40231.623048,
2023-10-21 20:45:00+00:00,0.06105,0.06112,0.06107,0.06108,96117.6,0.06108,5870.863008,96117.6,5870.863008,
2023-10-21 20:50:00+00:00,0.06105,0.06111,0.06108,0.06108,95729.8,0.06108,5847.176184,95729.8,5847.176184,
2023-10-21 20:55:00+00:00,0.06109,0.06117,0.06109,0.06114,102692.0,0.061122,6276.740424,102692.0,6276.740424,
2023-10-21 21:00:00+00:00,0.0611,0.06123,0.06116,0.06119,119621.4,0.06117,7317.241038,119621.4,7317.241038,
2023-10-21 21:05:00+00:00,0.06111,0.0612,0.06118,0.06119,246775.0,0.06117,15095.22675,246775.0,15095.22675,
2023-10-21 21:10:00+00:00,0.06119,0.06128,0.06119,0.06128,198816.7,0.061235,12174.5406245,198816.7,12174.5406245,
2023-10-21 21:15:00+00:00,0.06128,0.06133,0.06129,0.06133,171036.2,0.061308,10485.8873496,171036.2,10485.8873496,
2023-10-21 21:20:00+00:00,0.06132,0.06134,0.06133,0.06132,54924.2,0.061327,3368.3364134,54924.2,3368.3364134,
2023-10-21 21:25:00+00:00,0.06131,0.06135,0.06133,0.06135,184949.0,0.061335,11343.846915,184949.0,11343.846915,
2023-10-21 21:30:00+00:00,0.06121,0.06134,0.06134,0.06123,471247.3,0.06128,28878.034544,471247.3,28878.034544,
2023-10-21 21:35:00+00:00,0.0612,0.06123,0.06123,0.0612,309635.2,0.061215,18954.318768,309635.2,18954.318768,
2023-10-21 21:40:00+00:00,0.06118,0.06126,0.06121,0.06118,448074.3,0.061208,27425.7317544,448074.3,27425.7317544,
2023-10-21 21:45:00+00:00,0.06117,0.06123,0.06117,0.06123,372367.6,0.0612,22788.89712,372367.6,22788.89712,
2023-10-21 21:50:00+00:00,0.06123,0.06129,0.06123,0.06128,84675.3,0.061258,5187.0395274,84675.3,5187.0395274,
2023-10-21 21:55:00+00:00,0.06128,0.06132,0.0613,0.0613,74917.3,0.0613,4592.43049,74917.3,4592.43049,
2023-10-21 22:00:00+00:00,0.06129,0.06141,0.0613,0.0614,280996.9,0.06135,17239.159815,280996.9,17239.159815,
2023-10-21 22:05:00+00:00,0.06131,0.06143,0.0614,0.06132,420900.2,0.061365,25828.540773,420900.2,25828.540773,
2023-10-21 22:10:00+00:00,0.06124,0.06133,0.06131,0.06128,402530.3,0.06129,24671.082087,402530.3,24671.082087,
2023-10-21 22:15:00+00:00,0.06128,0.06131,0.06129,0.0613,99706.6,0.061295,6111.516047,99706.6,6111.516047,
2023-10-21 22:20:00+00:00,0.06119,0.0613,0.06129,0.06123,403542.4,0.061252,24717.7790848,403542.4,24717.7790848,
2023-10-21 22:25:00+00:00,0.0612,0.06124,0.06123,0.06121,137421.6,0.06122,8412.950352,137421.6,8412.950352,
2023-10-21 22:30:00+00:00,0.06116,0.06123,0.0612,0.06118,118762.4,0.061192,7267.3087808,118762.4,7267.3087808,
2023-10-21 22:35:00+00:00,0.0611,0.06123,0.06117,0.06123,195366.1,0.061182,11952.8887302,195366.1,11952.8887302,
2023-10-21 22:40:00+00:00,0.06123,0.06131,0.06123,0.0613,175533.2,0.061268,10754.5680976,175533.2,10754.5680976,
2023-10-21 22:45:00+00:00,0.06128,0.06135,0.06131,0.06128,117017.1,0.061305,7173.7333155,117017.1,7173.7333155,
2023-10-21 22:50:00+00:00,0.06125,0.06131,0.06128,0.06128,80076.0,0.06128,4907.05728,80076.0,4907.05728,
2023-10-21 22:55:00+00:00,0.06126,0.0613,0.06126,0.06129,25936.7,0.061278,1589.3491026,25936.7,1589.3491026,
2023-10-21 23:00:00+00:00,0.06119,0.06131,0.06128,0.06119,190600.0,0.061242,11672.7252,190600.0,11672.7252,
2023-10-21 23:05:00+00:00,0.06113,0.06124,0.06119,0.06113,197948.8,0.061172,12108.9239936,197948.8,12108.9239936,
2023-10-21 23:10:00+00:00,0.06106,0.06115,0.06112,0.06114,679526.0,0.061118,41531.270068,679526.0,41531.270068,
2023-10-21 23:15:00+00:00,0.06108,0.06122,0.06113,0.06122,207000.1,0.061162,12660.5401162,207000.1,12660.5401162,
2023-10-21 23:20:00+00:00,0.06114,0.06121,0.06121,0.06118,212353.6,0.061185,12992.855016,212353.6,12992.855016,
2023-10-21 23:25:00+00:00,0.06117,0.06124,0.06118,0.06122,92920.2,0.061202,5686.9020804,92920.2,5686.9020804,
2023-10-21 23:30:00+00:00,0.06107,0.06124,0.06122,0.06114,394183.4,0.061168,24111.4102112,394183.4,24111.4102112,
2023-10-21 23:35:00+00:00,0.06103,0.06113,0.06112,0.0611,349105.0,0.061095,21328.569975,349105.0,21328.569975,
2023-10-21 23:40:00+00:00,0.06109,0.06115,0.0611,0.06112,103022.7,0.061115,6296.2323105,103022.7,6296.2323105,
2023-10-21 23:45:00+00:00,0.06112,0.0612,0.06112,0.06116,474383.3,0.06115,29008.538795,474383.3,29008.538795,
2023-10-21 23:50:00+00:00,0.06116,0.0612,0.06116,0.06117,52324.6,0.061172,3200.8004312,52324.6,3200.8004312,
2023-10-21 23:55:00+00:00,0.06117,0.06122,0.06117,0.06121,49637.2,0.061192,3037.3995424,49637.2,3037.3995424,
2023-10-22 00:00:00+00:00,0.06108,0.0612,0.0612,0.06108,147955.6,0.06114,9046.005384,147955.6,9046.005384,
2023-10-22 00:05:00+00:00,0.06105,0.0612,0.06107,0.06117,183267.7,0.061122,11201.6883594,183267.7,11201.6883594,
2023-10-22 00:10:00+00:00,0.06117,0.06128,0.06119,0.06128,141101.4,0.06123,8639.638722,141101.4,8639.638722,
2023-10-22 00:15:00+00:00,0.06126,0.06133,0.06129,0.06132,91735.0,0.0613,5623.3555,91735.0,5623.3555,
2023-10-22 00:20:00+00:00,0.06126,0.06134,0.06131,0.06128,119956.6,0.061298,7353.0996668,119956.6,7353.0996668,
2023-10-22 00:25:00+00:00,0.06125,0.06142,0.06128,0.06139,95104.8,0.061335,5833.252908,95104.8,5833.252908,
2023-10-22 00:30:00+00:00,0.06128,0.06147,0.06139,0.06128,180435.4,0.061355,11070.613967,180435.4,11070.613967,
2023-10-22 00:35:00+00:00,0.0613,0.06145,0.0613,0.06138,124241.1,0.061357,7623.0611727,124241.1,7623.0611727,
2023-10-22 00:40:00+00:00,0.06138,0.06145,0.06138,0.06143,45003.3,0.06141,2763.652653,45003.3,2763.652653,
2023-10-22 00:45:00+00:00,0.06138,0.06149,0.06143,0.06149,359119.3,0.061448,22067.1627464,359119.3,22067.1627464,
2023-10-22 00:50:00+00:00,0.06149,0.06163,0.0615,0.06149,637007.6,0.061528,39193.8036128,637007.6,39193.8036128,
2023-10-22 00:55:00+00:00,0.06143,0.06153,0.06149,0.06153,423911.1,0.061495,26068.4130945,423911.1,26068.4130945,
2023-10-22 01:00:00+00:00,0.06152,0.06173,0.06153,0.06169,1146548.4,0.061618,70648.0193112,1146548.4,70648.0193112,
2023-10-22 01:05:00+00:00,0.06161,0.06172,0.06168,0.06166,159641.6,0.061668,9844.7781888,159641.6,9844.7781888,
2023-10-22 01:10:00+00:00,0.06162,0.06174,0.06166,0.06171,710921.5,0.061682,43851.059963,710921.5,43851.059963,
2023-10-22 01:15:00+00:00,0.06148,0.06172,0.06168,0.06155,365296.0,0.061607,22504.790672,365296.0,22504.790672,
2023-10-22 01:20:00+00:00,0.06145,0.06159,0.06156,0.06148,143358.5,0.06152,8819.41492,143358.5,8819.41492,
2023-10-22 01:25:00+00:00,0.06134,0.06148,0.06148,0.06135,429740.0,0.061412,26391.19288,429740.0,26391.19288,
2023-10-22 01:30:00+00:00,0.06138,0.06148,0.06138,0.06139,254770.2,0.061408,15644.9284416,254770.2,15644.9284416,
2023-10-22 01:35:00+00:00,0.06128,0.06146,0.06137,0.06146,333871.4,0.061392,20497.0329888,333871.4,20497.0329888,
2023-10-22 01:40:00+00:00,0.06142,0.06148,0.06145,0.06146,105190.3,0.061453,6464.2595059,105190.3,6464.2595059,
2023-10-22 01:45:00+00:00,0.06143,0.06148,0.06144,0.06148,36224.1,0.061458,2226.2607378,36224.1,2226.2607378,
2023-10-22 01:50:00+00:00,0.06135,0.06149,0.06147,0.06137,53336.9,0.06142,3275.952398,53336.9,3275.952398,
2023-10-22 01:55:00+00:00,0.06137,0.06143,0.06137,0.06143,27730.9,0.0614,1702.67726,27730.9,1702.67726,
2023-10-22 02:00:00+00:00,0.06139,0.06148,0.06143,0.06139,75726.4,0.061422,4651.2669408,75726.4,4651.2669408,
2023-10-22 02:05:00+00:00,0.06137,0.0614,0.0614,0.06137,57006.9,0.061385,3499.3685565,57006.9,3499.3685565,
2023-10-22 02:10:00+00:00,0.06133,0.06139,0.06137,0.06138,113462.7,0.061368,6962.9789736,113462.7,6962.9789736,
2023-10-22 02:15:00+00:00,0.06128,0.06138,0.06138,0.06128,65136.1,0.06133,3994.797013,65136.1,3994.797013,
2023-10-22 02:20:00+00:00,0.0612,0.0613,0.0613,0.06122,338345.8,0.061255,20725.371979,338345.8,20725.371979,
2023-10-22 02:25:00+00:00,0.0612,0.06126,0.06122,0.06122,85791.1,0.061225,5252.5600975,85791.1,5252.5600975,
2023-10-22 02:30:00+00:00,0.06123,0.0613,0.06123,0.06129,583276.3,0.061262,35732.6726906,583276.3,35732.6726906,
2023-10-22 02:35:00+00:00,0.06116,0.06129,0.06128,0.06119,319149.6,0.06123,19541.530008,319149.6,19541.530008,
2023-10-22 02:40:00+00:00,0.06118,0.06125,0.06118,0.06122,265682.4,0.061208,16261.8883392,265682.4,16261.8883392,
2023-10-22 02:45:00+00:00,0.06116,0.06124,0.06121,0.06117,163235.0,0.061195,9989.165825,163235.0,9989.165825,
2023-10-22 02:50:00+00:00,0.06116,0.06123,0.06118,0.06119,104423.9,0.06119,6389.698441,104423.9,6389.698441,
2023-10-22 02:55:00+00:00,0.06118,0.06122,0.0612,0.06118,51861.7,0.061195,3173.6767315,51861.7,3173.6767315,
2023-10-22 03:00:00+00:00,0.06114,0.06121,0.06119,0.06116,81462.6,0.061175,4983.474555,81462.6,4983.474555,
2023-10-22 03:05:00+00:00,0.06114,0.06118,0.06116,0.06116,40798.0,0.06116,2495.20568,40798.0,2495.20568,
2023-10-22 03:10:00+00:00,0.06113,0.06119,0.06114,0.06119,99883.9,0.061162,6109.0990918,99883.9,6109.0990918,
2023-10-22 03:15:00+00:00,0.06119,0.06128,0.0612,0.06128,591300.1,0.061238,36210.0355238,591300.1,36210.0355238,
2023-10-22 03:20:00+00:00,0.06115,0.06127,0.06127,0.0612,304187.3,0.061222,18622.9548806,304187.3,18622.9548806,
2023-10-22 03:25:00+00:00,0.0612,0.06128,0.06121,0.06124,296821.2,0.061232,18174.9557184,296821.2,18174.9557184,
2023-10-22 03:30:00+00:00,0.06121,0.06127,0.06124,0.06123,140003.5,0.061238,8573.534333,140003.5,8573.534333,
2023-10-22 03:35:00+00:00,0.06118,0.06125,0.06124,0.0612,205266.0,0.061218,12565.973988,205266.0,12565.973988,
2023-10-22 03:40:00+00:00,0.0612,0.06128,0.0612,0.06127,315248.8,0.061238,19305.2060144,315248.8,19305.2060144,
2023-10-22 03:45:00+00:00,0.06118,0.06126,0.06126,0.06122,110329.8,0.06123,6755.493654,110329.8,6755.493654,
2023-10-22 03:50:00+00:00,0.06119,0.06126,0.06123,0.06126,110762.3,0.061235,6782.5294405,110762.3,6782.5294405,
2023-10-22 03:55:00+00:00,0.06126,0.0613,0.06126,0.06128,156613.0,0.061275,9596.461575,156613.0,9596.461575,
2023-10-22 04:00:00+00:00,0.06124,0.06129,0.06127,0.06127,61045.2,0.061268,3740.1173136,61045.2,3740.1173136,
2023-10-22 04:05:00+00:00,0.06125,0.0613,0.06128,0.06126,215153.1,0.061272,13182.8607432,215153.1,13182.8607432,
2023-10-22 04:10:00+00:00,0.06126,0.06131,0.06127,0.06129,41602.8,0.061282,2549.5027896,41602.8,2549.5027896,
2023-10-22 04:15:00+00:00,0.06129,0.06136,0.06131,0.06132,82550.6,0.06132,5062.002792,82550.6,5062.002792,
2023-10-22 04:20:00+00:00,0.0613,0.06138,0.06131,0.06135,96599.2,0.061335,5924.911932,96599.2,5924.911932,
2023-10-22 04:25:00+00:00,0.06133,0.06139,0.06135,0.06139,193543.6,0.061365,11876.803014,193543.6,11876.803014,
2023-10-22 04:30:00+00:00,0.06133,0.06138,0.06138,0.06134,237900.7,0.061358,14597.1111506,237900.7,14597.1111506,
2023-10-22 04:35:00+00:00,0.0613,0.06136,0.06135,0.06133,1094532.2,0.061335,67133.132487,1094532.2,67133.132487,
2023-10-22 04:40:00+00:00,0.06133,0.06135,0.06133,0.06135,30912.5,0.06134,1896.17275,30912.5,1896.17275,
2023-10-22 04:45:00+00:00,0.06134,0.0614,0.06134,0.0614,68358.2,0.06137,4195.142734,68358.2,4195.142734,
2023-10-22 04:50:00+00:00,0.0613,0.06139,0.06139,0.06132,157879.8,0.06135,9685.92573,157879.8,9685.92573,
2023-10-22 04:55:00+00:00,0.06124,0.06132,0.06132,0.06125,190205.5,0.061282,11656.173451,190205.5,11656.173451,
2023-10-22 05:00:00+00:00,0.06126,0.06136,0.06127,0.06136,198563.7,0.061312,12174.3375744,198563.7,12174.3375744,
2023-10-22 05:05:00+00:00,0.06125,0.06142,0.06137,0.06128,1168888.4,0.06133,71687.925572,1168888.4,71687.925572,
2023-10-22 05:10:00+00:00,0.06128,0.06139,0.06129,0.06135,699498.5,0.061328,42898.844008,699498.5,42898.844008,
2023-10-22 05:15:00+00:00,0.06135,0.06142,0.06136,0.06142,40862.2,0.061388,2508.4487336,40862.2,2508.4487336,
2023-10-22 05:20:00+00:00,0.0614,0.06147,0.06142,0.06146,115231.3,0.061438,7079.5806094,115231.3,7079.5806094,
2023-10-22 05:25:00+00:00,0.06143,0.06148,0.06146,0.06143,117794.9,0.06145,7238.496605,117794.9,7238.496605,
2023-10-22 05:30:00+00:00,0.06142,0.0615,0.06143,0.06148,39397.0,0.061458,2421.260826,39397.0,2421.260826,
2023-10-22 05:35:00+00:00,0.06146,0.0615,0.06147,0.0615,148510.4,0.061482,9130.7164128,148510.4,9130.7164128,
2023-10-22 05:40:00+00:00,0.06142,0.06149,0.06149,0.06143,72731.5,0.061458,4469.932527,72731.5,4469.932527,
2023-10-22 05:45:00+00:00,0.06138,0.06144,0.0614,0.06141,213282.6,0.061408,13097.2579008,213282.6,13097.2579008,
2023-10-22 05:50:00+00:00,0.06144,0.06153,0.06144,0.06153,100836.2,0.061485,6199.913757,100836.2,6199.913757,
2023-10-22 05:55:00+00:00,0.06153,0.06171,0.06153,0.06156,1012626.1,0.061582,62359.5404902,1012626.1,62359.5404902,
2023-10-22 06:00:00+00:00,0.06154,0.06169,0.06159,0.06165,113209.4,0.061618,6975.7368092,113209.4,6975.7368092,
2023-10-22 06:05:00+00:00,0.06161,0.06167,0.06166,0.06165,114082.4,0.061648,7032.9517952,114082.4,7032.9517952,
2023-10-22 06:10:00+00:00,0.06163,0.0617,0.06163,0.06165,109796.8,0.061652,6769.1923136,109796.8,6769.1923136,
2023-10-22 06:15:00+00:00,0.06159,0.06168,0.06165,0.06161,170147.1,0.061632,10486.5060672,170147.1,10486.5060672,
2023-10-22 06:20:00+00:00,0.06148,0.06162,0.06162,0.06153,497262.8,0.061562,30612.4924936,497262.8,30612.4924936,
2023-10-22 06:25:00+00:00,0.06152,0.06158,0.06152,0.06153,73692.3,0.061538,4534.8767574,73692.3,4534.8767574,
2023-10-22 06:30:00+00:00,0.06154,0.06157,0.06154,0.06156,263681.5,0.061552,16230.123688,263681.5,16230.123688,
2023-10-22 06:35:00+00:00,0.06156,0.06165,0.06156,0.06164,65149.7,0.061602,4013.3518194,65149.7,4013.3518194,
2023-10-22 06:40:00+00:00,0.06162,0.06165,0.06165,0.06163,80949.2,0.061638,4989.5467896,80949.2,4989.5467896,
2023-10-22 06:45:00+00:00,0.06148,0.06163,0.06161,0.06149,190328.5,0.061552,11715.099832,190328.5,11715.099832,
2023-10-22 06:50:00+00:00,0.06149,0.06157,0.0615,0.06152,106091.2,0.06152,6526.730624,106091.2,6526.730624,
2023-10-22 06:55:00+00:00,0.06147,0.06152,0.06151,0.0615,127639.4,0.0615,7849.8231,127639.4,7849.8231,
2023-10-22 07:00:00+00:00,0.06135,0.06151,0.06151,0.06136,237560.2,0.061432,14593.7982064,237560.2,14593.7982064,
2023-10-22 07:05:00+00:00,0.06123,0.06137,0.06137,0.06129,480347.3,0.061315,29452.4946995,480347.3,29452.4946995,
2023-10-22 07:10:00+00:00,0.06115,0.06131,0.06129,0.0612,368556.3,0.061238,22569.6506994,368556.3,22569.6506994,
2023-10-22 07:15:00+00:00,0.06114,0.0612,0.06118,0.06116,79531.5,0.06117,4864.941855,79531.5,4864.941855,
2023-10-22 07:20:00+00:00,0.06111,0.06121,0.06116,0.06116,342011.4,0.06116,20917.417224,342011.4,20917.417224,
2023-10-22 07:25:00+00:00,0.06107,0.06115,0.06115,0.0611,66850.2,0.061118,4085.7505236,66850.2,4085.7505236,
2023-10-22 07:30:00+00:00,0.06091,0.0611,0.06109,0.06098,508080.0,0.06102,31003.0416,508080.0,31003.0416,
2023-10-22 07:35:00+00:00,0.06078,0.06098,0.06098,0.06084,343511.6,0.060895,20918.138882,343511.6,20918.138882,
2023-10-22 07:40:00+00:00,0.05982,0.06084,0.06084,0.06046,10498610.6,0.06049,635060.955194,10498610.6,635060.955194,
2023-10-22 07:45:00+00:00,0.06042,0.06073,0.06042,0.06069,286396.9,0.060565,17345.6282485,286396.9,17345.6282485,
2023-10-22 07:50:00+00:00,0.06066,0.06078,0.06067,0.06074,256935.4,0.060712,15599.0620048,256935.4,15599.0620048,
2023-10-22 07:55:00+00:00,0.06071,0.06079,0.06073,0.06076,110646.1,0.060748,6721.5292828,110646.1,6721.5292828,
2023-10-22 08:00:00+00:00,0.06067,0.06087,0.06075,0.06087,278638.6,0.06079,16938.440494,278638.6,16938.440494,
2023-10-22 08:05:00+00:00,0.06081,0.06091,0.06086,0.06088,75764.5,0.060865,4611.4062925,75764.5,4611.4062925,
2023-10-22 08:10:00+00:00,0.06087,0.06093,0.06087,0.06089,48928.3,0.06089,2979.244187,48928.3,2979.244187,
2023-10-22 08:15:00+00:00,0.0608,0.06093,0.06089,0.0608,137338.8,0.060855,8357.752674,137338.8,8357.752674,
2023-10-22 08:20:00+00:00,0.0607,0.06083,0.06078,0.0607,179054.2,0.060752,10877.9007584,179054.2,10877.9007584,
2023-10-22 08:25:00+00:00,0.06062,0.06075,0.0607,0.06068,171114.1,0.060688,10384.5725008,171114.1,10384.5725008,
2023-10-22 08:30:00+00:00,0.0606,0.06074,0.06063,0.06074,147058.8,0.060678,8923.2338664,147058.8,8923.2338664,
2023-10-22 08:35:00+00:00,0.06073,0.0608,0.06074,0.06078,76817.4,0.060763,4667.6556762,76817.4,4667.6556762,
2023-10-22 08:40:00+00:00,0.06077,0.0608,0.06079,0.06078,15597.5,0.060785,948.0940375,15597.5,948.0940375,
2023-10-22 08:45:00+00:00,0.06077,0.06084,0.06082,0.0608,69945.7,0.060807,4253.1881799,69945.7,4253.1881799,
2023-10-22 08:50:00+00:00,0.06071,0.06079,0.06079,0.06071,166405.3,0.06075,10109.121975,166405.3,10109.121975,
2023-10-22 08:55:00+00:00,0.0607,0.06077,0.06073,0.06071,15926.7,0.060728,967.1966376,15926.7,967.1966376,
2023-10-22 09:00:00+00:00,0.06071,0.06078,0.06074,0.06078,65656.0,0.060752,3988.733312,65656.0,3988.733312,
2023-10-22 09:05:00+00:00,0.06077,0.06087,0.06077,0.06083,210693.2,0.06081,12812.253492,210693.2,12812.253492,
2023-10-22 09:10:00+00:00,0.06084,0.06089,0.06084,0.06089,13983.6,0.060865,851.111814,13983.6,851.111814,
2023-10-22 09:15:00+00:00,0.06088,0.06094,0.06089,0.06092,103952.9,0.060908,6331.5632332,103952.9,6331.5632332,
2023-10-22 09:20:00+00:00,0.0609,0.061,0.06092,0.06098,45830.2,0.06095,2793.35069,45830.2,2793.35069,
2023-10-22 09:25:00+00:00,0.06092,0.06101,0.06099,0.06092,85212.8,0.06096,5194.572288,85212.8,5194.572288,
2023-10-22 09:30:00+00:00,0.06086,0.06096,0.06093,0.06087,230176.7,0.060905,14018.9119135,230176.7,14018.9119135,
2023-10-22 09:35:00+00:00,0.06081,0.06087,0.06084,0.06083,124030.8,0.060838,7545.7858104,124030.8,7545.7858104,
2023-10-22 09:40:00+00:00,0.06083,0.06087,0.06086,0.06085,33875.7,0.060853,2061.4379721,33875.7,2061.4379721,
2023-10-22 09:45:00+00:00,0.06074,0.06087,0.06087,0.06076,100231.9,0.06081,6095.101839,100231.9,6095.101839,
2023-10-22 09:50:00+00:00,0.06075,0.06079,0.06077,0.06076,113561.8,0.060768,6900.9234624,113561.8,6900.9234624,
2023-10-22 09:55:00+00:00,0.06071,0.06078,0.06076,0.06073,62213.1,0.060745,3779.1347595,62213.1,3779.1347595,
2023-10-22 10:00:00+00:00,0.06072,0.06078,0.06072,0.06075,10514.5,0.060742,638.671759,10514.5,638.671759,
2023-10-22 10:05:00+00:00,0.06074,0.06079,0.06075,0.06079,54582.8,0.060768,3316.8875904,54582.8,3316.8875904,
2023-10-22 10:10:00+00:00,0.06077,0.06081,0.06081,0.06078,5181.8,0.060792,315.0119856,5181.8,315.0119856,
2023-10-22 10:15:00+00:00,0.06078,0.06081,0.06078,0.0608,7106.5,0.060792,432.018348,7106.5,432.018348,
2023-10-22 10:20:00+00:00,0.06071,0.06082,0.06081,0.06073,66869.0,0.060768,4063.495392,66869.0,4063.495392,
2023-10-22 10:25:00+00:00,0.06073,0.06078,0.06074,0.06073,163310.3,0.060745,9920.2841735,163310.3,9920.2841735,
2023-10-22 10:30:00+00:00,0.06071,0.0608,0.06074,0.0608,243125.1,0.060763,14773.0104513,243125.1,14773.0104513,
2023-10-22 10:35:00+00:00,0.0608,0.06085,0.06083,0.0608,43336.5,0.06082,2635.72593,43336.5,2635.72593,
2023-10-22 10:40:00+00:00,0.0608,0.06087,0.0608,0.06087,24920.8,0.060835,1516.056868,24920.8,1516.056868,
2023-10-22 10:45:00+00:00,0.06077,0.06087,0.06087,0.06078,123367.0,0.060822,7503.427674,123367.0,7503.427674,
2023-10-22 10:50:00+00:00,0.06074,0.06079,0.06079,0.06078,45395.4,0.060775,2758.905435,45395.4,2758.905435,
2023-10-22 10:55:00+00:00,0.06079,0.06084,0.06079,0.06081,62046.4,0.060807,3772.8554448,62046.4,3772.8554448,
2023-10-22 11:00:00+00:00,0.06077,0.0608,0.0608,0.06079,27066.0,0.06079,1645.34214,27066.0,1645.34214,
2023-10-22 11:05:00+00:00,0.06072,0.0608,0.06079,0.06074,7482.3,0.060762,454.6395126,7482.3,454.6395126,
2023-10-22 11:10:00+00:00,0.0607,0.06074,0.06073,0.0607,21661.0,0.060718,1315.212598,21661.0,1315.212598,
2023-10-22 11:15:00+00:00,0.06069,0.06074,0.06071,0.06071,62983.0,0.060712,3823.823896,62983.0,3823.823896,
2023-10-22 11:20:00+00:00,0.06069,0.06078,0.06071,0.06076,40447.1,0.060735,2456.5546185,40447.1,2456.5546185,
2023-10-22 11:25:00+00:00,0.06069,0.06078,0.06076,0.06071,6255.9,0.060735,379.9520865,6255.9,379.9520865,
2023-10-22 11:30:00+00:00,0.06059,0.06071,0.06071,0.06062,186736.0,0.060658,11327.032288,186736.0,11327.032288,
2023-10-22 11:35:00+00:00,0.06058,0.06067,0.06061,0.06066,67458.1,0.06063,4089.984603,67458.1,4089.984603,
2023-10-22 11:40:00+00:00,0.06061,0.06071,0.06065,0.06071,38993.2,0.06067,2365.717444,38993.2,2365.717444,
2023-10-22 11:45:00+00:00,0.06054,0.06071,0.06069,0.06055,136225.3,0.060622,8258.2501366,136225.3,8258.2501366,
2023-10-22 11:50:00+00:00,0.06047,0.06059,0.06053,0.06059,162369.7,0.060545,9830.6734865,162369.7,9830.6734865,
2023-10-22 11:55:00+00:00,0.06057,0.06072,0.06058,0.06067,228814.3,0.060635,13874.1550805,228814.3,13874.1550805,
2023-10-22 12:00:00+00:00,0.06063,0.06084,0.06066,0.06081,826200.9,0.060735,50179.3116615,826200.9,50179.3116615,
2023-10-22 12:05:00+00:00,0.0608,0.06085,0.06082,0.06081,406021.6,0.06082,24694.233712,406021.6,24694.233712,
2023-10-22 12:10:00+00:00,0.06081,0.06084,0.06082,0.06082,104778.0,0.060822,6372.807516,104778.0,6372.807516,
2023-10-22 12:15:00+00:00,0.06082,0.06085,0.06082,0.06084,51969.5,0.060832,3161.408624,51969.5,3161.408624,
2023-10-22 12:20:00+00:00,0.06085,0.06088,0.06085,0.06088,33412.3,0.060865,2033.6396395,33412.3,2033.6396395,
2023-10-22 12:25:00+00:00,0.06088,0.06091,0.06088,0.0609,118264.9,0.060892,7201.3862908,118264.9,7201.3862908,
2023-10-22 12:30:00+00:00,0.06084,0.06091,0.06091,0.06084,114616.9,0.060875,6977.3037875,114616.9,6977.3037875,
2023-10-22 12:35:00+00:00,0.06082,0.06087,0.06085,0.06085,18371.7,0.060848,1117.8812016,18371.7,1117.8812016,
2023-10-22 12:40:00+00:00,0.06077,0.06084,0.06084,0.06078,62197.5,0.060808,3782.10558,62197.5,3782.10558,
2023-10-22 12:45:00+00:00,0.06077,0.06087,0.06078,0.06086,53992.0,0.06082,3283.79344,53992.0,3283.79344,
2023-10-22 12:50:00+00:00,0.06083,0.06087,0.06087,0.06083,15228.3,0.06085,926.642055,15228.3,926.642055,
2023-10-22 12:55:00+00:00,0.06078,0.06081,0.06081,0.06081,24677.2,0.060802,1500.4231144,24677.2,1500.4231144,
2023-10-22 13:00:00+00:00,0.06081,0.06085,0.06081,0.06085,64431.0,0.06083,3919.33773,64431.0,3919.33773,
2023-10-22 13:05:00+00:00,0.06087,0.0609,0.06088,0.06089,65672.5,0.060885,3998.4701625,65672.5,3998.4701625,
2023-10-22 13:10:00+00:00,0.06086,0.06091,0.0609,0.06087,71751.6,0.060885,4368.596166,71751.6,4368.596166,
2023-10-22 13:15:00+00:00,0.06085,0.0609,0.06088,0.06089,52231.7,0.06088,3179.865896,52231.7,3179.865896,
2023-10-22 13:20:00+00:00,0.06088,0.06094,0.06091,0.06089,589918.4,0.060905,35928.980152,589918.4,35928.980152,
2023-10-22 13:25:00+00:00,0.06091,0.06097,0.06091,0.06093,264790.7,0.06093,16133.697351,264790.7,16133.697351,
2023-10-22 13:30:00+00:00,0.06085,0.06094,0.06092,0.06091,466326.7,0.060905,28401.6276635,466326.7,28401.6276635,
2023-10-22 13:35:00+00:00,0.06092,0.06098,0.06092,0.06093,67974.7,0.060938,4142.2422686,67974.7,4142.2422686,
2023-10-22 13:40:00+00:00,0.0609,0.06094,0.0609,0.06091,85994.0,0.060912,5238.066528,85994.0,5238.066528,
2023-10-22 13:45:00+00:00,0.06089,0.06091,0.0609,0.0609,10968.1,0.0609,667.95729,10968.1,667.95729,
2023-10-22 13:50:00+00:00,0.06089,0.06098,0.06089,0.06093,285290.8,0.060923,17380.7714084,285290.8,17380.7714084,
2023-10-22 13:55:00+00:00,0.06093,0.06097,0.06093,0.06095,15851.4,0.060945,966.063573,15851.4,966.063573,
2023-10-22 14:00:00+00:00,0.06087,0.06098,0.06097,0.06089,121945.9,0.060928,7429.9197952,121945.9,7429.9197952,
2023-10-22 14:05:00+00:00,0.06089,0.06097,0.06089,0.06097,106667.8,0.06093,6499.269054,106667.8,6499.269054,
2023-10-22 14:10:00+00:00,0.0609,0.06098,0.06097,0.06093,295667.6,0.060945,18019.461882,295667.6,18019.461882,
2023-10-22 14:15:00+00:00,0.06089,0.06094,0.06091,0.0609,49202.7,0.06091,2996.936457,49202.7,2996.936457,
2023-10-22 14:20:00+00:00,0.06079,0.06091,0.0609,0.06084,247269.8,0.06086,15048.840028,247269.8,15048.840028,
2023-10-22 14:25:00+00:00,0.06069,0.06082,0.06081,0.06072,77219.7,0.06076,4691.868972,77219.7,4691.868972,
2023-10-22 14:30:00+00:00,0.0607,0.06081,0.0607,0.06079,117294.5,0.06075,7125.640875,117294.5,7125.640875,
2023-10-22 14:35:00+00:00,0.06076,0.06081,0.0608,0.06076,114601.0,0.060782,6965.677982,114601.0,6965.677982,
2023-10-22 14:40:00+00:00,0.06073,0.06079,0.06076,0.06079,174185.3,0.060768,10584.8923104,174185.3,10584.8923104,
2023-10-22 14:45:00+00:00,0.06064,0.0608,0.0608,0.06064,702532.3,0.06072,42657.761256,702532.3,42657.761256,
2023-10-22 14:50:00+00:00,0.0606,0.06075,0.06063,0.06075,311938.9,0.060682,18929.0763298,311938.9,18929.0763298,
2023-10-22 14:55:00+00:00,0.0607,0.06076,0.06075,0.06073,66069.9,0.060735,4012.7553765,66069.9,4012.7553765,
2023-10-22 15:00:00+00:00,0.06062,0.06075,0.06075,0.0607,153114.1,0.060705,9294.7914405,153114.1,9294.7914405,
2023-10-22 15:05:00+00:00,0.06053,0.06071,0.06068,0.06069,463658.3,0.060652,28121.8032116,463658.3,28121.8032116,
2023-10-22 15:10:00+00:00,0.06064,0.06072,0.06069,0.06067,261903.5,0.06068,15892.30438,261903.5,15892.30438,
2023-10-22 15:15:00+00:00,0.06066,0.06079,0.06067,0.06078,195044.8,0.060725,11844.09548,195044.8,11844.09548,
2023-10-22 15:20:00+00:00,0.06075,0.06079,0.06077,0.06077,54350.6,0.06077,3302.885962,54350.6,3302.885962,
2023-10-22 15:25:00+00:00,0.06071,0.06079,0.06076,0.06077,560763.9,0.060757,34070.3322723,560763.9,34070.3322723,
2023-10-22 15:30:00+00:00,0.0607,0.06078,0.06077,0.06071,81116.3,0.06074,4927.004062,81116.3,4927.004062,
2023-10-22 15:35:00+00:00,0.06067,0.06075,0.0607,0.0607,521585.4,0.060705,31662.841707,521585.4,31662.841707,
2023-10-22 15:40:00+00:00,0.06066,0.06076,0.06069,0.06075,631590.0,0.060715,38346.98685,631590.0,38346.98685,
2023-10-22 15:45:00+00:00,0.0607,0.06077,0.06073,0.0607,137019.6,0.060725,8320.51521,137019.6,8320.51521,
2023-10-22 15:50:00+00:00,0.06067,0.06078,0.06069,0.06077,297434.3,0.060728,18062.5901704,297434.3,18062.5901704,
2023-10-22 15:55:00+00:00,0.06075,0.0608,0.06078,0.06077,63973.3,0.060775,3887.9773075,63973.3,3887.9773075,
2023-10-22 16:00:00+00:00,0.06074,0.06081,0.06077,0.06081,269793.6,0.060782,16398.5945952,269793.6,16398.5945952,
2023-10-22 16:05:00+00:00,0.06072,0.0608,0.0608,0.06076,1595148.7,0.06077,96937.186499,1595148.7,96937.186499,
2023-10-22 16:10:00+00:00,0.06078,0.06085,0.06078,0.06083,334293.3,0.06081,20328.375573,334293.3,20328.375573,
2023-10-22 16:15:00+00:00,0.06082,0.06092,0.06083,0.06092,385845.2,0.060872,23487.1690144,385845.2,23487.1690144,
2023-10-22 16:20:00+00:00,0.06091,0.06096,0.06091,0.06094,451338.3,0.06093,27500.042619,451338.3,27500.042619,
2023-10-22 16:25:00+00:00,0.06093,0.06097,0.06094,0.06095,193859.0,0.060948,11815.318332,193859.0,11815.318332,
2023-10-22 16:30:00+00:00,0.06093,0.06099,0.06095,0.06098,564954.9,0.060962,34440.7806138,564954.9,34440.7806138,
2023-10-22 16:35:00+00:00,0.06089,0.06101,0.06098,0.0609,758514.2,0.060945,46227.647919,758514.2,46227.647919,
2023-10-22 16:40:00+00:00,0.06087,0.06091,0.06091,0.06091,268361.4,0.0609,16343.20926,268361.4,16343.20926,
2023-10-22 16:45:00+00:00,0.06083,0.06093,0.06091,0.06084,282211.4,0.060878,17180.4656092,282211.4,17180.4656092,
2023-10-22 16:50:00+00:00,0.06079,0.06087,0.06085,0.06084,1832895.0,0.060838,111509.66601,1832895.0,111509.66601,
2023-10-22 16:55:00+00:00,0.06085,0.06091,0.06085,0.06091,71573.0,0.06088,4357.36424,71573.0,4357.36424,
2023-10-22 17:00:00+00:00,0.06085,0.06093,0.0609,0.06092,201626.5,0.0609,12279.05385,201626.5,12279.05385,
2023-10-22 17:05:00+00:00,0.0609,0.06098,0.06093,0.06098,66624.7,0.060948,4060.6422156,66624.7,4060.6422156,
2023-10-22 17:10:00+00:00,0.06098,0.06104,0.06099,0.061,106289.5,0.061002,6483.872079,106289.5,6483.872079,
2023-10-22 17:15:00+00:00,0.06094,0.06102,0.061,0.06097,134105.7,0.060982,8178.0337974,134105.7,8178.0337974,
2023-10-22 17:20:00+00:00,0.06095,0.06098,0.06098,0.06097,37859.3,0.06097,2308.281521,37859.3,2308.281521,
2023-10-22 17:25:00+00:00,0.06097,0.06102,0.06097,0.06102,390495.8,0.060995,23818.291321,390495.8,23818.291321,
2023-10-22 17:30:00+00:00,0.061,0.06105,0.06101,0.06103,230860.3,0.061022,14087.5572266,230860.3,14087.5572266,
2023-10-22 17:35:00+00:00,0.06103,0.06111,0.06104,0.06111,345120.7,0.061072,21077.2113904,345120.7,21077.2113904,
2023-10-22 17:40:00+00:00,0.06106,0.06113,0.0611,0.06113,428946.1,0.061105,26210.7514405,428946.1,26210.7514405,
2023-10-22 17:45:00+00:00,0.06106,0.06111,0.0611,0.06106,41502.1,0.061082,2535.0312722,41502.1,2535.0312722,
2023-10-22 17:50:00+00:00,0.061,0.06109,0.06105,0.06108,215374.6,0.061055,13149.696203,215374.6,13149.696203,
2023-10-22 17:55:00+00:00,0.06107,0.06113,0.06109,0.06113,118524.4,0.061105,7242.433462,118524.4,7242.433462,
2023-10-22 18:00:00+00:00,0.06107,0.06119,0.06114,0.06109,176135.1,0.061122,10765.7295822,176135.1,10765.7295822,
2023-10-22 18:05:00+00:00,0.06106,0.06114,0.06109,0.06112,935645.0,0.061103,57170.716435,935645.0,57170.716435,
2023-10-22 18:10:00+00:00,0.06107,0.06115,0.06113,0.06111,128498.8,0.061115,7853.204162,128498.8,7853.204162,
2023-10-22 18:15:00+00:00,0.061,0.06114,0.06111,0.06103,274226.1,0.06107,16746.987927,274226.1,16746.987927,
2023-10-22 18:20:00+00:00,0.06097,0.0611,0.06103,0.06109,799324.6,0.061048,48797.1681808,799324.6,48797.1681808,
2023-10-22 18:25:00+00:00,0.06103,0.0611,0.0611,0.06104,21599.3,0.061068,1319.0260524,21599.3,1319.0260524,
2023-10-22 18:30:00+00:00,0.06098,0.06106,0.06104,0.06099,21480.8,0.061018,1310.7154544,21480.8,1310.7154544,
2023-10-22 18:35:00+00:00,0.06098,0.06108,0.06099,0.06103,55175.5,0.06102,3366.80901,55175.5,3366.80901,
2023-10-22 18:40:00+00:00,0.06097,0.06104,0.06104,0.06099,73260.9,0.06101,4469.647509,73260.9,4469.647509,
2023-10-22 18:45:00+00:00,0.06096,0.06103,0.061,0.06103,224688.9,0.061005,13707.1463445,224688.9,13707.1463445,
2023-10-22 18:50:00+00:00,0.061,0.06104,0.06103,0.061,23966.4,0.061018,1462.3817952,23966.4,1462.3817952,
2023-10-22 18:55:00+00:00,0.06096,0.061,0.06099,0.06097,182612.8,0.06098,11135.728544,182612.8,11135.728544,
2023-10-22 19:00:00+00:00,0.06097,0.06102,0.06097,0.061,189550.6,0.06099,11560.691094,189550.6,11560.691094,
2023-10-22 19:05:00+00:00,0.06096,0.06102,0.06102,0.06096,92595.1,0.06099,5647.375149,92595.1,5647.375149,
2023-10-22 19:10:00+00:00,0.06088,0.06096,0.06095,0.06091,105346.7,0.060925,6418.2476975,105346.7,6418.2476975,
2023-10-22 19:15:00+00:00,0.06092,0.06098,0.06092,0.06095,182449.9,0.060942,11118.8618058,182449.9,11118.8618058,
2023-10-22 19:20:00+00:00,0.06094,0.06105,0.06095,0.06105,252566.6,0.060997,15405.8049002,252566.6,15405.8049002,
2023-10-22 19:25:00+00:00,0.06098,0.06104,0.06104,0.06102,280650.8,0.06102,17125.311816,280650.8,17125.311816,
2023-10-22 19:30:00+00:00,0.06095,0.06103,0.06102,0.06095,215952.3,0.060988,13170.4988724,215952.3,13170.4988724,
2023-10-22 19:35:00+00:00,0.06088,0.06097,0.06095,0.0609,107113.1,0.060925,6525.8656175,107113.1,6525.8656175,
2023-10-22 19:40:00+00:00,0.0609,0.06095,0.06091,0.06094,84970.2,0.060925,5176.809435,84970.2,5176.809435,
2023-10-22 19:45:00+00:00,0.06084,0.06093,0.06093,0.06085,393634.0,0.060888,23967.586992,393634.0,23967.586992,
2023-10-22 19:50:00+00:00,0.06082,0.06087,0.06085,0.06084,124288.7,0.060845,7562.3459515,124288.7,7562.3459515,
2023-10-22 19:55:00+00:00,0.06083,0.06088,0.06084,0.06088,159210.0,0.060857,9689.04297,159210.0,9689.04297,
2023-10-22 20:00:00+00:00,0.06088,0.06092,0.06088,0.06089,818711.8,0.060892,49852.9989256,818711.8,49852.9989256,
2023-10-22 20:05:00+00:00,0.06084,0.06089,0.06089,0.06088,75975.2,0.060875,4624.9903,75975.2,4624.9903,
2023-10-22 20:10:00+00:00,0.06088,0.06096,0.06088,0.06093,138473.2,0.060912,8434.6795584,138473.2,8434.6795584,
2023-10-22 20:15:00+00:00,0.06087,0.06096,0.06093,0.06088,169159.7,0.06091,10303.517327,169159.7,10303.517327,
2023-10-22 20:20:00+00:00,0.06082,0.06088,0.06088,0.06086,804382.8,0.06086,48954.737208,804382.8,48954.737208,
2023-10-22 20:25:00+00:00,0.06081,0.06087,0.06086,0.06083,27589.8,0.060842,1678.6186116,27589.8,1678.6186116,
2023-10-22 20:30:00+00:00,0.06082,0.06087,0.06083,0.06085,9053.1,0.060843,550.8177633,9053.1,550.8177633,
2023-10-22 20:35:00+00:00,0.06082,0.06086,0.06086,0.06083,223416.6,0.060842,13593.1127772,223416.6,13593.1127772,
2023-10-22 20:40:00+00:00,0.06085,0.0609,0.06085,0.06089,507182.2,0.060872,30873.1948784,507182.2,30873.1948784,
2023-10-22 20:45:00+00:00,0.06089,0.06097,0.06089,0.06095,283757.0,0.060925,17287.895225,283757.0,17287.895225,
2023-10-22 20:50:00+00:00,0.06094,0.06097,0.06095,0.06095,83278.1,0.060952,5075.9667512,83278.1,5075.9667512,
2023-10-22 20:55:00+00:00,0.06091,0.06096,0.06094,0.06096,61336.0,0.060942,3737.938512,61336.0,3737.938512,
2023-10-22 21:00:00+00:00,0.06091,0.06096,0.06095,0.06095,120676.2,0.060942,7354.2489804,120676.2,7354.2489804,
2023-10-22 21:05:00+00:00,0.06092,0.06095,0.06094,0.06092,60127.9,0.060932,3663.7132028,60127.9,3663.7132028,
2023-10-22 21:10:00+00:00,0.0608,0.06093,0.06092,0.0608,108442.8,0.060862,6600.0456936,108442.8,6600.0456936,
2023-10-22 21:15:00+00:00,0.06073,0.06081,0.0608,0.06075,427952.8,0.060772,26007.5475616,427952.8,26007.5475616,
2023-10-22 21:20:00+00:00,0.06074,0.06079,0.06075,0.06079,232633.3,0.060768,14136.6603744,232633.3,14136.6603744,
2023-10-22 21:25:00+00:00,0.06076,0.06081,0.06078,0.06081,414031.5,0.06079,25168.974885,414031.5,25168.974885,
2023-10-22 21:30:00+00:00,0.06081,0.0609,0.06081,0.0609,31615.0,0.060855,1923.930825,31615.0,1923.930825,
2023-10-22 21:35:00+00:00,0.06086,0.06091,0.0609,0.06086,39907.8,0.060882,2429.6666796,39907.8,2429.6666796,
2023-10-22 21:40:00+00:00,0.06085,0.06088,0.06088,0.06087,157069.5,0.06087,9560.820465,157069.5,9560.820465,
2023-10-22 21:45:00+00:00,0.06084,0.06087,0.06086,0.06085,52899.6,0.060855,3219.205158,52899.6,3219.205158,
2023-10-22 21:50:00+00:00,0.06083,0.06086,0.06085,0.06083,115179.4,0.060842,7007.7450548,115179.4,7007.7450548,
2023-10-22 21:55:00+00:00,0.06077,0.06085,0.06085,0.06079,853261.3,0.060815,51891.0859595,853261.3,51891.0859595,
2023-10-22 22:00:00+00:00,0.06069,0.06081,0.06079,0.06073,573246.0,0.060755,34827.56073,573246.0,34827.56073,
2023-10-22 22:05:00+00:00,0.06072,0.0608,0.06072,0.06079,145401.3,0.060758,8834.2921854,145401.3,8834.2921854,
2023-10-22 22:10:00+00:00,0.0608,0.06084,0.0608,0.06083,34518.6,0.060818,2099.3522148,34518.6,2099.3522148,
2023-10-22 22:15:00+00:00,0.06083,0.06085,0.06084,0.06084,27329.9,0.06084,1662.751116,27329.9,1662.751116,
2023-10-22 22:20:00+00:00,0.06083,0.06088,0.06085,0.06088,647635.9,0.06086,39415.120874,647635.9,39415.120874,
2023-10-22 22:25:00+00:00,0.06087,0.06091,0.06088,0.06091,206284.3,0.060892,12561.0635956,206284.3,12561.0635956,
2023-10-22 22:30:00+00:00,0.06087,0.06094,0.0609,0.06094,124640.2,0.060912,7592.0838624,124640.2,7592.0838624,
2023-10-22 22:35:00+00:00,0.06093,0.06099,0.06094,0.06098,52746.7,0.06096,3215.438832,52746.7,3215.438832,
2023-10-22 22:40:00+00:00,0.06096,0.06135,0.061,0.06118,1207535.6,0.061122,73806.9909432,1207535.6,73806.9909432,
2023-10-22 22:45:00+00:00,0.06114,0.06128,0.06122,0.06124,217571.1,0.06122,13319.702742,217571.1,13319.702742,
2023-10-22 22:50:00+00:00,0.0612,0.0614,0.06123,0.06138,866077.8,0.061302,53092.3012956,866077.8,53092.3012956,
2023-10-22 22:55:00+00:00,0.06135,0.06145,0.06137,0.06144,191111.0,0.061402,11734.597622,191111.0,11734.597622,
2023-10-22 23:00:00+00:00,0.06136,0.06147,0.06144,0.06141,1347192.1,0.06142,82744.538782,1347192.1,82744.538782,
2023-10-22 23:05:00+00:00,0.06131,0.06147,0.06143,0.06146,447949.6,0.061418,27512.1685328,447949.6,27512.1685328,
2023-10-22 23:10:00+00:00,0.06146,0.06169,0.06146,0.06161,610852.0,0.061555,37600.99486,610852.0,37600.99486,
2023-10-22 23:15:00+00:00,0.0614,0.06162,0.06161,0.06145,643089.1,0.06152,39562.841432,643089.1,39562.841432,
2023-10-22 23:20:00+00:00,0.06137,0.06152,0.06144,0.06149,447967.9,0.061455,27529.8672945,447967.9,27529.8672945,
2023-10-22 23:25:00+00:00,0.06143,0.06155,0.06149,0.06151,583844.7,0.061495,35903.5298265,583844.7,35903.5298265,
2023-10-22 23:30:00+00:00,0.06151,0.06161,0.06151,0.06159,355335.2,0.061555,21872.658236,355335.2,21872.658236,
2023-10-22 23:35:00+00:00,0.06161,0.0617,0.06161,0.06162,663759.0,0.061635,40910.785965,663759.0,40910.785965,
2023-10-22 23:40:00+00:00,0.06161,0.06171,0.06161,0.06171,273320.1,0.06166,16852.917366,273320.1,16852.917366,
2023-10-22 23:45:00+00:00,0.06161,0.06174,0.06173,0.06169,457000.4,0.061692,28193.2686768,457000.4,28193.2686768,
2023-10-22 23:50:00+00:00,0.06156,0.06173,0.06168,0.06159,561231.5,0.06164,34594.30966,561231.5,34594.30966,
2023-10-22 23:55:00+00:00,0.06157,0.06172,0.06158,0.06171,908675.9,0.061645,56015.3258555,908675.9,56015.3258555,
2023-10-23 00:00:00+00:00,0.06159,0.06177,0.06171,0.06171,1392659.9,0.061695,85920.1525305,1392659.9,85920.1525305,
2023-10-23 00:05:00+00:00,0.06161,0.06176,0.06171,0.06169,504776.1,0.061692,31140.6471612,504776.1,31140.6471612,
2023-10-23 00:10:00+00:00,0.06165,0.06177,0.0617,0.06171,524854.2,0.061708,32387.7029736,524854.2,32387.7029736,
2023-10-23 00:15:00+00:00,0.06155,0.06171,0.06171,0.06163,519273.6,0.06165,32013.21744,519273.6,32013.21744,
2023-10-23 00:20:00+00:00,0.06134,0.06164,0.06162,0.06136,419667.1,0.06149,25805.329979,419667.1,25805.329979,
2023-10-23 00:25:00+00:00,0.06131,0.06151,0.06134,0.0615,309361.1,0.061415,18999.4119565,309361.1,18999.4119565,
2023-10-23 00:30:00+00:00,0.06146,0.06157,0.06151,0.06151,844419.2,0.061512,51941.9138304,844419.2,51941.9138304,
2023-10-23 00:35:00+00:00,0.06145,0.06152,0.06151,0.06151,171288.1,0.061498,10533.8755738,171288.1,10533.8755738,
2023-10-23 00:40:00+00:00,0.06145,0.06154,0.0615,0.06152,312633.4,0.061502,19227.5793668,312633.4,19227.5793668,
2023-10-23 00:45:00+00:00,0.06151,0.06172,0.06153,0.0617,788188.2,0.061615,48564.215943,788188.2,48564.215943,
2023-10-23 00:50:00+00:00,0.06164,0.06175,0.06171,0.06173,861664.1,0.061708,53171.5682828,861664.1,53171.5682828,
2023-10-23 00:55:00+00:00,0.06172,0.06192,0.06174,0.0618,1343794.7,0.061795,83039.7934865,1343794.7,83039.7934865,
2023-10-23 01:00:00+00:00,0.06173,0.06188,0.0618,0.06178,1224175.8,0.061798,75651.6160884,1224175.8,75651.6160884,
2023-10-23 01:05:00+00:00,0.06178,0.062,0.06178,0.06193,1957893.9,0.061872,121138.8113808,1957893.9,121138.8113808,
2023-10-23 01:10:00+00:00,0.06182,0.06199,0.06193,0.06196,1778561.7,0.061925,110137.4332725,1778561.7,110137.4332725,
2023-10-23 01:15:00+00:00,0.06191,0.0621,0.06196,0.06208,3071169.9,0.062012,190449.3878388,3071169.9,190449.3878388,
2023-10-23 01:20:00+00:00,0.06205,0.06231,0.06206,0.06215,3509905.6,0.062142,218112.5537952,3509905.6,218112.5537952,
2023-10-23 01:25:00+00:00,0.06207,0.06238,0.06216,0.06224,3149706.7,0.062212,195949.5532204,3149706.7,195949.5532204,
2023-10-23 01:30:00+00:00,0.06209,0.06237,0.06223,0.06211,2912056.9,0.0622,181129.93918,2912056.9,181129.93918,
2023-10-23 01:35:00+00:00,0.06202,0.06216,0.0621,0.0621,969059.1,0.062095,60173.7248145,969059.1,60173.7248145,
2023-10-23 01:40:00+00:00,0.06196,0.06214,0.06208,0.06207,2835643.9,0.062063,175988.5673657,2835643.9,175988.5673657,
2023-10-23 01:45:00+00:00,0.06189,0.06208,0.06207,0.06194,3966617.6,0.061995,245910.458112,3966617.6,245910.458112,
2023-10-23 01:50:00+00:00,0.06186,0.06197,0.06195,0.06195,1175602.3,0.061932,72807.4016436,1175602.3,72807.4016436,
2023-10-23 01:55:00+00:00,0.06184,0.06198,0.06196,0.06192,648706.2,0.061925,40171.131435,648706.2,40171.131435,
2023-10-23 02:00:00+00:00,0.06185,0.06198,0.06193,0.06185,367357.2,0.061902,22740.1453944,367357.2,22740.1453944,
2023-10-23 02:05:00+00:00,0.0617,0.06183,0.06183,0.06181,1198114.9,0.061792,74033.9159008,1198114.9,74033.9159008,
2023-10-23 02:10:00+00:00,0.06176,0.06181,0.06181,0.06181,453641.2,0.061798,28034.1188776,453641.2,28034.1188776,
2023-10-23 02:15:00+00:00,0.06182,0.06192,0.06182,0.06191,387688.4,0.061868,23985.5059312,387688.4,23985.5059312,
2023-10-23 02:20:00+00:00,0.0619,0.06197,0.06192,0.06193,246736.7,0.06193,15280.403831,246736.7,15280.403831,
2023-10-23 02:25:00+00:00,0.06191,0.06197,0.06194,0.06194,192413.5,0.06194,11918.09219,192413.5,11918.09219,
2023-10-23 02:30:00+00:00,0.06191,0.06202,0.06194,0.06201,692820.6,0.06197,42934.092582,692820.6,42934.092582,
2023-10-23 02:35:00+00:00,0.062,0.06213,0.06201,0.06209,715817.8,0.062058,44422.2210324,715817.8,44422.2210324,
2023-10-23 02:40:00+00:00,0.06195,0.0621,0.06209,0.06196,352111.2,0.062025,21839.69718,352111.2,21839.69718,
2023-10-23 02:45:00+00:00,0.06185,0.06201,0.06196,0.06201,2243040.8,0.061958,138974.3218864,2243040.8,138974.3218864,
2023-10-23 02:50:00+00:00,0.06196,0.06207,0.06201,0.06207,570397.7,0.062028,35380.6285356,570397.7,35380.6285356,
2023-10-23 02:55:00+00:00,0.06205,0.06246,0.06206,0.06225,2818652.1,0.062205,175334.2538805,2818652.1,175334.2538805,
2023-10-23 03:00:00+00:00,0.06217,0.0624,0.06226,0.06221,1539524.7,0.06226,95850.807822,1539524.7,95850.807822,
2023-10-23 03:05:00+00:00,0.06216,0.0623,0.06222,0.0622,1806716.7,0.06222,112413.913074,1806716.7,112413.913074,
2023-10-23 03:10:00+00:00,0.06204,0.0622,0.0622,0.06209,804598.9,0.062132,49991.3388548,804598.9,49991.3388548,
2023-10-23 03:15:00+00:00,0.06205,0.06231,0.06207,0.06231,1219642.3,0.062185,75843.4564255,1219642.3,75843.4564255,
2023-10-23 03:20:00+00:00,0.06225,0.06246,0.0623,0.06235,561118.2,0.06234,34980.108588,561118.2,34980.108588,
2023-10-23 03:25:00+00:00,0.06234,0.06256,0.06236,0.06252,763477.5,0.062445,47675.3524875,763477.5,47675.3524875,
2023-10-23 03:30:00+00:00,0.06236,0.0626,0.06252,0.06256,3541331.1,0.06251,221368.607061,3541331.1,221368.607061,
2023-10-23 03:35:00+00:00,0.06253,0.0627,0.06259,0.0627,1342658.2,0.06263,84090.683066,1342658.2,84090.683066,
2023-10-23 03:40:00+00:00,0.06251,0.06268,0.06268,0.06261,1597863.7,0.06262,100058.224894,1597863.7,100058.224894,
2023-10-23 03:45:00+00:00,0.06244,0.06285,0.0626,0.06263,3634812.5,0.06263,227648.306875,3634812.5,227648.306875,
2023-10-23 03:50:00+00:00,0.06256,0.06273,0.06261,0.06268,1613776.8,0.062645,101095.047636,1613776.8,101095.047636,
2023-10-23 03:55:00+00:00,0.06261,0.06269,0.06267,0.06265,881227.3,0.062655,55213.2964815,881227.3,55213.2964815,
2023-10-23 04:00:00+00:00,0.06253,0.06283,0.06264,0.0628,845646.1,0.0627,53022.01047,845646.1,53022.01047,
2023-10-23 04:05:00+00:00,0.06254,0.0628,0.06278,0.0626,1622930.7,0.06268,101725.296276,1622930.7,101725.296276,
2023-10-23 04:10:00+00:00,0.06254,0.06263,0.06259,0.06256,274219.6,0.06258,17160.662568,274219.6,17160.662568,
2023-10-23 04:15:00+00:00,0.06254,0.06265,0.06256,0.06265,374799.2,0.0626,23462.42992,374799.2,23462.42992,
2023-10-23 04:20:00+00:00,0.06257,0.06268,0.06265,0.06261,624883.9,0.062628,39135.2288892,624883.9,39135.2288892,
2023-10-23 04:25:00+00:00,0.0626,0.06269,0.06264,0.06268,557520.2,0.062652,34929.7555704,557520.2,34929.7555704,
2023-10-23 04:30:00+00:00,0.0626,0.06269,0.06268,0.06266,329964.0,0.062657,20674.554348,329964.0,20674.554348,
2023-10-23 04:35:00+00:00,0.06265,0.06278,0.06267,0.06278,323911.2,0.06272,20315.710464,323911.2,20315.710464,
2023-10-23 04:40:00+00:00,0.06274,0.06283,0.06277,0.06277,92529.0,0.062778,5808.785562,92529.0,5808.785562,
2023-10-23 04:45:00+00:00,0.06278,0.06296,0.06279,0.06296,561720.1,0.062872,35316.4661272,561720.1,35316.4661272,
2023-10-23 04:50:00+00:00,0.0629,0.06311,0.06296,0.06293,337006.8,0.062975,21223.00323,337006.8,21223.00323,
2023-10-23 04:55:00+00:00,0.06293,0.0631,0.06293,0.06303,339690.9,0.062998,21399.8473182,339690.9,21399.8473182,
2023-10-23 05:00:00+00:00,0.06288,0.06302,0.06301,0.0629,291584.2,0.062953,18356.1001426,291584.2,18356.1001426,
2023-10-23 05:05:00+00:00,0.06287,0.06313,0.06288,0.06312,309837.5,0.063,19519.7625,309837.5,19519.7625,
2023-10-23 05:10:00+00:00,0.06305,0.06316,0.06313,0.06312,455725.8,0.063115,28763.133867,455725.8,28763.133867,
2023-10-23 05:15:00+00:00,0.06304,0.06313,0.06313,0.06306,1936179.6,0.06309,122153.570964,1936179.6,122153.570964,
2023-10-23 05:20:00+00:00,0.06291,0.0631,0.06306,0.06294,1842453.9,0.063002,116078.2806078,1842453.9,116078.2806078,
2023-10-23 05:25:00+00:00,0.06288,0.06305,0.06294,0.06301,1106214.0,0.06297,69658.29558,1106214.0,69658.29558,
2023-10-23 05:30:00+00:00,0.06295,0.0631,0.06303,0.06307,2696527.7,0.063038,169983.7131526,2696527.7,169983.7131526,
2023-10-23 05:35:00+00:00,0.06289,0.06311,0.06306,0.06293,1496550.2,0.062998,94279.6694996,1496550.2,94279.6694996,
2023-10-23 05:40:00+00:00,0.06286,0.06297,0.06293,0.06287,335464.4,0.062908,21103.3944752,335464.4,21103.3944752,
2023-10-23 05:45:00+00:00,0.06281,0.063,0.06285,0.06295,644069.8,0.062902,40513.2785596,644069.8,40513.2785596,
2023-10-23 05:50:00+00:00,0.06289,0.063,0.06297,0.0629,255995.5,0.06294,16112.35677,255995.5,16112.35677,
2023-10-23 05:55:00+00:00,0.06279,0.06289,0.06289,0.06281,366009.2,0.062845,23001.848174,366009.2,23001.848174,
2023-10-23 06:00:00+00:00,0.06281,0.06291,0.06281,0.06286,362482.5,0.062848,22781.30016,362482.5,22781.30016,
2023-10-23 06:05:00+00:00,0.06284,0.06296,0.06287,0.06295,249007.9,0.062905,15663.8419495,249007.9,15663.8419495,
2023-10-23 06:10:00+00:00,0.06288,0.06308,0.06295,0.06288,1494474.8,0.062948,94074.1997104,1494474.8,94074.1997104,
2023-10-23 06:15:00+00:00,0.0627,0.0629,0.06289,0.06274,706021.2,0.062808,44343.7795296,706021.2,44343.7795296,
2023-10-23 06:20:00+00:00,0.06256,0.06273,0.0627,0.06269,1491705.0,0.06267,93485.15235,1491705.0,93485.15235,
2023-10-23 06:25:00+00:00,0.06268,0.06276,0.06272,0.06274,996747.7,0.062725,62520.9994825,996747.7,62520.9994825,
2023-10-23 06:30:00+00:00,0.06256,0.06275,0.06275,0.06261,1383479.5,0.062668,86699.893306,1383479.5,86699.893306,
2023-10-23 06:35:00+00:00,0.06258,0.06266,0.06261,0.06259,287746.8,0.06261,18015.827148,287746.8,18015.827148,
2023-10-23 06:40:00+00:00,0.06254,0.06263,0.06258,0.06263,848212.2,0.062595,53093.842659,848212.2,53093.842659,
2023-10-23 06:45:00+00:00,0.06257,0.06267,0.06262,0.06258,566382.4,0.06261,35461.202064,566382.4,35461.202064,
2023-10-23 06:50:00+00:00,0.06251,0.0626,0.06258,0.0626,486431.0,0.062572,30436.960532,486431.0,30436.960532,
2023-10-23 06:55:00+00:00,0.06247,0.0626,0.0626,0.06247,180804.8,0.062535,11306.628168,180804.8,11306.628168,
2023-10-23 07:00:00+00:00,0.06246,0.06256,0.06246,0.0625,429478.7,0.062495,26840.2713565,429478.7,26840.2713565,
2023-10-23 07:05:00+00:00,0.06243,0.06252,0.0625,0.06243,331582.8,0.06247,20713.977516,331582.8,20713.977516,
2023-10-23 07:10:00+00:00,0.06241,0.06249,0.06244,0.06248,293189.5,0.062455,18311.1502225,293189.5,18311.1502225,
2023-10-23 07:15:00+00:00,0.06247,0.06257,0.06248,0.06254,357194.0,0.062515,22329.98291,357194.0,22329.98291,
2023-10-23 07:20:00+00:00,0.06252,0.06256,0.06253,0.06256,79946.7,0.062542,5000.0265114,79946.7,5000.0265114,
2023-10-23 07:25:00+00:00,0.06254,0.06259,0.06256,0.06255,173688.7,0.06256,10865.965072,173688.7,10865.965072,
2023-10-23 07:30:00+00:00,0.06255,0.06264,0.06255,0.06263,213406.3,0.062592,13357.5271296,213406.3,13357.5271296,
2023-10-23 07:35:00+00:00,0.06265,0.06277,0.06265,0.06269,1046129.8,0.06269,65581.877162,1046129.8,65581.877162,
2023-10-23 07:40:00+00:00,0.06267,0.06277,0.06267,0.06277,754751.3,0.06272,47338.001536,754751.3,47338.001536,
2023-10-23 07:45:00+00:00,0.06269,0.06279,0.06277,0.06271,318327.8,0.06274,19971.886172,318327.8,19971.886172,
2023-10-23 07:50:00+00:00,0.06234,0.06271,0.06271,0.06238,555397.5,0.062535,34731.7826625,555397.5,34731.7826625,
2023-10-23 07:55:00+00:00,0.06232,0.06254,0.06238,0.06254,901216.4,0.062445,56276.458098,901216.4,56276.458098,
2023-10-23 08:00:00+00:00,0.06243,0.0626,0.06254,0.06251,347840.4,0.06252,21746.981808,347840.4,21746.981808,
2023-10-23 08:05:00+00:00,0.06253,0.06265,0.06253,0.06265,115419.1,0.06259,7224.081469,115419.1,7224.081469,
2023-10-23 08:10:00+00:00,0.06261,0.06267,0.06265,0.06265,235561.6,0.062645,14756.756432,235561.6,14756.756432,
2023-10-23 08:15:00+00:00,0.06258,0.06267,0.06266,0.0626,73824.0,0.062628,4623.449472,73824.0,4623.449472,
2023-10-23 08:20:00+00:00,0.06251,0.06267,0.06259,0.06265,480457.2,0.062605,30079.023006,480457.2,30079.023006,
2023-10-23 08:25:00+00:00,0.06266,0.06282,0.06266,0.06282,150150.3,0.06274,9420.429822,150150.3,9420.429822,
2023-10-23 08:30:00+00:00,0.06279,0.06288,0.06282,0.06284,625891.7,0.062832,39326.0272944,625891.7,39326.0272944,
2023-10-23 08:35:00+00:00,0.06283,0.063,0.06284,0.063,117267.1,0.062918,7378.2113978,117267.1,7378.2113978,
2023-10-23 08:40:00+00:00,0.063,0.06351,0.063,0.06348,5372540.8,0.063248,339802.4605184,5372540.8,339802.4605184,
2023-10-23 08:45:00+00:00,0.06348,0.06487,0.0635,0.0647,14020288.8,0.064137,899219.2627656,14020288.8,899219.2627656,
2023-10-23 08:50:00+00:00,0.06452,0.06524,0.06469,0.06503,5091642.5,0.06487,330294.848975,5091642.5,330294.848975,
2023-10-23 08:55:00+00:00,0.06429,0.06502,0.06502,0.06429,2080317.0,0.064655,134502.895635,2080317.0,134502.895635,
2023-10-23 09:00:00+00:00,0.0638,0.06432,0.06432,0.06384,3472280.9,0.06407,222469.037263,3472280.9,222469.037263,
2023-10-23 09:05:00+00:00,0.06377,0.06414,0.06381,0.06405,4029353.9,0.063942,257644.9470738,4029353.9,257644.9470738,
2023-10-23 09:10:00+00:00,0.06368,0.0642,0.06406,0.06385,1828441.7,0.063948,116925.1898316,1828441.7,116925.1898316,
2023-10-23 09:15:00+00:00,0.06356,0.06383,0.06383,0.06359,1563907.3,0.063702,99624.0228246,1563907.3,99624.0228246,
2023-10-23 09:20:00+00:00,0.0634,0.06376,0.0636,0.06376,1910649.5,0.06363,121574.627685,1910649.5,121574.627685,
2023-10-23 09:25:00+00:00,0.06336,0.06382,0.06377,0.06344,1788817.3,0.063598,113765.2026454,1788817.3,113765.2026454,
2023-10-23 09:30:00+00:00,0.06306,0.06348,0.06344,0.06323,4747651.9,0.063302,300535.8605738,4747651.9,300535.8605738,
2023-10-23 09:35:00+00:00,0.06314,0.06344,0.06328,0.0634,983414.3,0.063315,62264.8764045,983414.3,62264.8764045,
2023-10-23 09:40:00+00:00,0.06322,0.06349,0.06344,0.06324,1374686.7,0.063348,87083.6530716,1374686.7,87083.6530716,
2023-10-23 09:45:00+00:00,0.06286,0.06322,0.06321,0.06313,2238392.8,0.063105,141253.777644,2238392.8,141253.777644,
2023-10-23 09:50:00+00:00,0.06314,0.06335,0.06314,0.06335,688650.6,0.063245,43553.707197,688650.6,43553.707197,
2023-10-23 09:55:00+00:00,0.0633,0.06343,0.06335,0.06342,350426.9,0.063375,22208.3047875,350426.9,22208.3047875,
2023-10-23 10:00:00+00:00,0.0634,0.06355,0.06342,0.06353,1200472.3,0.063475,76199.9792425,1200472.3,76199.9792425,
2023-10-23 10:05:00+00:00,0.06351,0.06366,0.06353,0.06364,397285.9,0.063585,25261.4239515,397285.9,25261.4239515,
2023-10-23 10:10:00+00:00,0.06362,0.06374,0.06362,0.06369,382945.1,0.063667,24380.9656817,382945.1,24380.9656817,
2023-10-23 10:15:00+00:00,0.06368,0.06432,0.06368,0.0643,821135.4,0.063995,52548.559923,821135.4,52548.559923,
2023-10-23 10:20:00+00:00,0.06396,0.06436,0.06429,0.06396,768912.4,0.064143,49320.3480732,768912.4,49320.3480732,
2023-10-23 10:25:00+00:00,0.06387,0.06406,0.06399,0.06389,402288.1,0.063952,25727.1285712,402288.1,25727.1285712,
2023-10-23 10:30:00+00:00,0.06389,0.06415,0.06389,0.06404,1407802.2,0.063992,90088.0783824,1407802.2,90088.0783824,
2023-10-23 10:35:00+00:00,0.06386,0.06398,0.06398,0.06398,440120.2,0.06395,28145.68679,440120.2,28145.68679,
2023-10-23 10:40:00+00:00,0.06396,0.0641,0.06396,0.06401,696553.7,0.064008,44585.0092296,696553.7,44585.0092296,
2023-10-23 10:45:00+00:00,0.06401,0.06422,0.06402,0.06421,390975.1,0.064115,25067.3685365,390975.1,25067.3685365,
2023-10-23 10:50:00+00:00,0.06419,0.06438,0.06419,0.06428,1293823.8,0.06426,83141.117388,1293823.8,83141.117388,
2023-10-23 10:55:00+00:00,0.06416,0.06433,0.06426,0.06418,711713.5,0.064232,45714.781532,711713.5,45714.781532,
2023-10-23 11:00:00+00:00,0.06419,0.06459,0.06419,0.06453,1142450.5,0.064375,73545.2509375,1142450.5,73545.2509375,
2023-10-23 11:05:00+00:00,0.06435,0.06476,0.06457,0.06436,2925770.8,0.06451,188741.474308,2925770.8,188741.474308,
2023-10-23 11:10:00+00:00,0.06394,0.06437,0.06437,0.06403,4091227.9,0.064178,262566.8241662,4091227.9,262566.8241662,
2023-10-23 11:15:00+00:00,0.06401,0.06426,0.06401,0.06425,1281535.2,0.064133,82188.6969816,1281535.2,82188.6969816,
2023-10-23 11:20:00+00:00,0.06421,0.06459,0.06424,0.06441,3154471.5,0.064362,203028.094683,3154471.5,203028.094683,
2023-10-23 11:25:00+00:00,0.06439,0.06482,0.06439,0.06441,2279128.5,0.064502,147008.346507,2279128.5,147008.346507,
2023-10-23 11:30:00+00:00,0.06435,0.06456,0.0644,0.06456,1221369.2,0.064468,78739.2295856,1221369.2,78739.2295856,
2023-10-23 11:35:00+00:00,0.06455,0.0648,0.06455,0.06472,2457632.3,0.064655,158898.2163565,2457632.3,158898.2163565,
2023-10-23 11:40:00+00:00,0.06469,0.06505,0.06472,0.06501,9818943.1,0.064867,636925.3820677,9818943.1,636925.3820677,
2023-10-23 11:45:00+00:00,0.06477,0.06531,0.06501,0.06516,14910655.5,0.065062,970117.068141,14910655.5,970117.068141,
2023-10-23 11:50:00+00:00,0.06511,0.06547,0.06517,0.06514,6096184.1,0.065222,397605.3193702,6096184.1,397605.3193702,
2023-10-23 11:55:00+00:00,0.06491,0.06523,0.06513,0.06491,2721379.4,0.065045,177012.123073,2721379.4,177012.123073,
2023-10-23 12:00:00+00:00,0.06481,0.06506,0.06487,0.06497,1965174.3,0.064928,127594.8369504,1965174.3,127594.8369504,
2023-10-23 12:05:00+00:00,0.06489,0.06522,0.06495,0.06522,11213436.3,0.06507,729658.300041,11213436.3,729658.300041,
2023-10-23 12:10:00+00:00,0.06503,0.06533,0.06521,0.06514,2420975.9,0.065178,157794.3672102,2420975.9,157794.3672102,
2023-10-23 12:15:00+00:00,0.06506,0.06557,0.0651,0.06539,9841700.6,0.06528,642466.215168,9841700.6,642466.215168,
2023-10-23 12:20:00+00:00,0.06533,0.06559,0.06541,0.06536,8590087.7,0.065422,561980.7175094,8590087.7,561980.7175094,
2023-10-23 12:25:00+00:00,0.06458,0.06536,0.06535,0.06477,5030944.2,0.065015,327086.837163,5030944.2,327086.837163,
2023-10-23 12:30:00+00:00,0.06458,0.06491,0.06477,0.06486,1066897.8,0.06478,69113.639484,1066897.8,69113.639484,
2023-10-23 12:35:00+00:00,0.06484,0.06493,0.06485,0.06485,2192040.6,0.064868,142193.2896408,2192040.6,142193.2896408,
2023-10-23 12:40:00+00:00,0.06461,0.06487,0.06485,0.06468,1006148.5,0.064753,65151.1338205,1006148.5,65151.1338205,
2023-10-23 12:45:00+00:00,0.06436,0.06467,0.06467,0.06459,1651245.4,0.064573,106625.8692142,1651245.4,106625.8692142,
2023-10-23 12:50:00+00:00,0.06448,0.06463,0.06459,0.06451,204358.8,0.064552,13191.7692576,204358.8,13191.7692576,
2023-10-23 12:55:00+00:00,0.0643,0.06452,0.06452,0.06446,568313.6,0.06445,36627.81152,568313.6,36627.81152,
2023-10-23 13:00:00+00:00,0.06424,0.06445,0.06445,0.06434,460131.0,0.06437,29618.63247,460131.0,29618.63247,
2023-10-23 13:05:00+00:00,0.06424,0.06436,0.06434,0.06424,652241.8,0.064295,41935.886531,652241.8,41935.886531,
2023-10-23 13:10:00+00:00,0.06416,0.06427,0.06426,0.06417,1632367.3,0.064215,104822.4661695,1632367.3,104822.4661695,
2023-10-23 13:15:00+00:00,0.06403,0.06431,0.06418,0.06408,1498642.2,0.06415,96137.89713,1498642.2,96137.89713,
2023-10-23 13:20:00+00:00,0.06382,0.06411,0.06409,0.06396,1951769.0,0.063995,124903.457155,1951769.0,124903.457155,
2023-10-23 13:25:00+00:00,0.06379,0.06398,0.06397,0.06379,2777972.6,0.063883,177465.2236058,2777972.6,177465.2236058,
2023-10-23 13:30:00+00:00,0.06342,0.06388,0.06381,0.06364,4823818.0,0.063688,307219.320784,4823818.0,307219.320784,
2023-10-23 13:35:00+00:00,0.06337,0.06371,0.06361,0.06368,4187729.7,0.063592,266306.1070824,4187729.7,266306.1070824,
2023-10-23 13:40:00+00:00,0.06364,0.06382,0.06369,0.06368,3659644.2,0.063708,233148.6126936,3659644.2,233148.6126936,
2023-10-23 13:45:00+00:00,0.06366,0.06385,0.06367,0.06383,1444349.1,0.063752,92080.1438232,1444349.1,92080.1438232,
2023-10-23 13:50:00+00:00,0.0637,0.06392,0.06383,0.06386,1348361.4,0.063828,86063.2114392,1348361.4,86063.2114392,
2023-10-23 13:55:00+00:00,0.0638,0.06394,0.06384,0.06384,750396.7,0.063855,47916.5812785,750396.7,47916.5812785,
2023-10-23 14:00:00+00:00,0.0637,0.06388,0.06384,0.06384,680213.8,0.063815,43407.843647,680213.8,43407.843647,
2023-10-23 14:05:00+00:00,0.06386,0.06419,0.06386,0.06406,1422927.2,0.063993,91057.3803096,1422927.2,91057.3803096,
2023-10-23 14:10:00+00:00,0.06395,0.06411,0.06411,0.06407,979035.8,0.06406,62717.033348,979035.8,62717.033348,
2023-10-23 14:15:00+00:00,0.06399,0.06434,0.06405,0.06423,2685840.0,0.064152,172302.00768,2685840.0,172302.00768,
2023-10-23 14:20:00+00:00,0.06409,0.06421,0.06419,0.06421,345529.6,0.064175,22174.36208,345529.6,22174.36208,
2023-10-23 14:25:00+00:00,0.06419,0.06434,0.06419,0.06434,294310.9,0.064265,18913.8899885,294310.9,18913.8899885,
2023-10-23 14:30:00+00:00,0.06426,0.06434,0.06431,0.0643,216899.6,0.064302,13947.0780792,216899.6,13947.0780792,
2023-10-23 14:35:00+00:00,0.06425,0.06446,0.06428,0.06446,441798.6,0.064362,28435.0414932,441798.6,28435.0414932,
2023-10-23 14:40:00+00:00,0.06446,0.06458,0.06446,0.06449,347245.2,0.064498,22396.6209096,347245.2,22396.6209096,
2023-10-23 14:45:00+00:00,0.06421,0.06467,0.06447,0.06421,1929697.5,0.06439,124253.222025,1929697.5,124253.222025,
2023-10-23 14:50:00+00:00,0.06422,0.0646,0.06422,0.06457,809164.0,0.064402,52111.779928,809164.0,52111.779928,
2023-10-23 14:55:00+00:00,0.06454,0.06465,0.06457,0.06464,488748.6,0.0646,31573.15956,488748.6,31573.15956,
2023-10-23 15:00:00+00:00,0.06443,0.06468,0.06465,0.06443,545694.6,0.064547,35222.9493462,545694.6,35222.9493462,
2023-10-23 15:05:00+00:00,0.06418,0.06448,0.06446,0.06437,764336.9,0.064372,49201.8949268,764336.9,49201.8949268,
2023-10-23 15:10:00+00:00,0.06436,0.06458,0.06437,0.06455,474949.0,0.064465,30617.587285,474949.0,30617.587285,
2023-10-23 15:15:00+00:00,0.06416,0.06457,0.06455,0.06433,1860581.0,0.064402,119825.137562,1860581.0,119825.137562,
2023-10-23 15:20:00+00:00,0.06427,0.06468,0.06433,0.06454,1885115.6,0.064455,121505.125998,1885115.6,121505.125998,
2023-10-23 15:25:00+00:00,0.06439,0.06462,0.06455,0.06454,1949259.8,0.064525,125775.988595,1949259.8,125775.988595,
2023-10-23 15:30:00+00:00,0.06441,0.06457,0.06451,0.06457,439579.1,0.064515,28359.4456365,439579.1,28359.4456365,
2023-10-23 15:35:00+00:00,0.06421,0.06455,0.06455,0.06422,655472.0,0.064382,42200.598304,655472.0,42200.598304,
2023-10-23 15:40:00+00:00,0.06418,0.06432,0.06422,0.06419,780934.3,0.064227,50157.0672861,780934.3,50157.0672861,
2023-10-23 15:45:00+00:00,0.06415,0.06446,0.06421,0.06441,2058324.5,0.064307,132364.6736215,2058324.5,132364.6736215,
2023-10-23 15:50:00+00:00,0.06429,0.06452,0.06441,0.06429,433314.4,0.064378,27895.9144432,433314.4,27895.9144432,
2023-10-23 15:55:00+00:00,0.06417,0.06432,0.06431,0.06422,305218.3,0.064255,19611.8018665,305218.3,19611.8018665,
2023-10-23 16:00:00+00:00,0.06407,0.06435,0.06419,0.0641,537234.3,0.064178,34478.6229054,537234.3,34478.6229054,
2023-10-23 16:05:00+00:00,0.06412,0.06425,0.06413,0.06414,1054325.5,0.06416,67645.52408,1054325.5,67645.52408,
2023-10-23 16:10:00+00:00,0.06395,0.06419,0.06417,0.06402,2421496.4,0.064082,155174.3323048,2421496.4,155174.3323048,
2023-10-23 16:15:00+00:00,0.06402,0.06416,0.06404,0.06414,1906279.2,0.06409,122173.433928,1906279.2,122173.433928,
2023-10-23 16:20:00+00:00,0.06396,0.06417,0.06414,0.064,407779.0,0.064068,26125.584972,407779.0,26125.584972,
2023-10-23 16:25:00+00:00,0.06377,0.06404,0.064,0.06377,2632732.3,0.063895,168218.4303085,2632732.3,168218.4303085,
2023-10-23 16:30:00+00:00,0.06368,0.06392,0.06377,0.06382,2313259.0,0.063797,147578.984423,2313259.0,147578.984423,
2023-10-23 16:35:00+00:00,0.06382,0.06417,0.06382,0.06413,1492641.0,0.063985,95506.634385,1492641.0,95506.634385,
2023-10-23 16:40:00+00:00,0.06387,0.06423,0.06417,0.06397,3062611.8,0.06406,196190.911908,3062611.8,196190.911908,
2023-10-23 16:45:00+00:00,0.06388,0.06408,0.064,0.06408,1404484.9,0.06401,89901.078449,1404484.9,89901.078449,
2023-10-23 16:50:00+00:00,0.06394,0.06419,0.06407,0.06414,1238588.8,0.064085,79374.963248,1238588.8,79374.963248,
2023-10-23 16:55:00+00:00,0.06404,0.06419,0.06418,0.06405,972497.2,0.064115,62351.657978,972497.2,62351.657978,
2023-10-23 17:00:00+00:00,0.06377,0.06408,0.06406,0.06398,700952.2,0.063972,44841.3141384,700952.2,44841.3141384,
2023-10-23 17:05:00+00:00,0.064,0.06423,0.064,0.06417,861097.4,0.0641,55196.34334,861097.4,55196.34334,
2023-10-23 17:10:00+00:00,0.06413,0.06444,0.06416,0.06444,3771390.8,0.064292,242470.2573136,3771390.8,242470.2573136,
2023-10-23 17:15:00+00:00,0.06413,0.0645,0.06447,0.06433,1511969.6,0.064358,97307.3395168,1511969.6,97307.3395168,
2023-10-23 17:20:00+00:00,0.06416,0.06438,0.06434,0.06418,1654715.9,0.064265,106340.3173135,1654715.9,106340.3173135,
2023-10-23 17:25:00+00:00,0.06323,0.06418,0.06418,0.06357,4149458.0,0.06379,264693.92582,4149458.0,264693.92582,
2023-10-23 17:30:00+00:00,0.06344,0.06369,0.06361,0.06358,2130319.8,0.06358,135445.732884,2130319.8,135445.732884,
2023-10-23 17:35:00+00:00,0.06362,0.06381,0.06362,0.0638,1210268.7,0.063713,77109.8496831,1210268.7,77109.8496831,
2023-10-23 17:40:00+00:00,0.06376,0.06389,0.06381,0.06384,533413.3,0.063825,34045.1038725,533413.3,34045.1038725,
2023-10-23 17:45:00+00:00,0.06382,0.06394,0.06383,0.06394,270908.8,0.063882,17306.1959616,270908.8,17306.1959616,
2023-10-23 17:50:00+00:00,0.06385,0.06401,0.06395,0.064,535867.2,0.063953,34270.3150416,535867.2,34270.3150416,
2023-10-23 17:55:00+00:00,0.06396,0.06412,0.06401,0.06398,319453.7,0.064017,20450.4675129,319453.7,20450.4675129,
2023-10-23 18:00:00+00:00,0.06398,0.06413,0.06399,0.06413,1710005.0,0.064058,109539.50029,1710005.0,109539.50029,
2023-10-23 18:05:00+00:00,0.06396,0.0641,0.0641,0.06402,263989.6,0.064045,16907.213932,263989.6,16907.213932,
2023-10-23 18:10:00+00:00,0.064,0.06422,0.06402,0.0642,636658.2,0.06411,40816.157202,636658.2,40816.157202,
2023-10-23 18:15:00+00:00,0.06396,0.06422,0.06422,0.06403,304909.5,0.064108,19547.138226,304909.5,19547.138226,
2023-10-23 18:20:00+00:00,0.06395,0.06408,0.06404,0.06398,558879.4,0.064012,35774.9881528,558879.4,35774.9881528,
2023-10-23 18:25:00+00:00,0.06385,0.06395,0.06395,0.06392,1566929.4,0.063918,100154.9933892,1566929.4,100154.9933892,
2023-10-23 18:30:00+00:00,0.06394,0.06408,0.06394,0.06404,993657.7,0.064,63594.0928,993657.7,63594.0928,
2023-10-23 18:35:00+00:00,0.06397,0.06408,0.06401,0.06405,415375.1,0.064027,26595.2215277,415375.1,26595.2215277,
2023-10-23 18:40:00+00:00,0.06351,0.06404,0.06404,0.06381,3453438.9,0.06385,220502.073765,3453438.9,220502.073765,
2023-10-23 18:45:00+00:00,0.06365,0.0639,0.0638,0.06374,3360570.3,0.063772,214310.2891716,3360570.3,214310.2891716,
2023-10-23 18:50:00+00:00,0.06372,0.06401,0.06373,0.06399,1824098.4,0.063862,116490.5720208,1824098.4,116490.5720208,
2023-10-23 18:55:00+00:00,0.064,0.0641,0.064,0.06404,806258.4,0.064035,51628.756644,806258.4,51628.756644,
2023-10-23 19:00:00+00:00,0.06403,0.06429,0.06404,0.06421,1611935.7,0.064143,103394.3916051,1611935.7,103394.3916051,
2023-10-23 19:05:00+00:00,0.06408,0.06426,0.06423,0.06412,614515.0,0.064172,39434.65658,614515.0,39434.65658,
2023-10-23 19:10:00+00:00,0.06412,0.06436,0.06412,0.06435,667229.6,0.064238,42861.4950448,667229.6,42861.4950448,
2023-10-23 19:15:00+00:00,0.06411,0.06438,0.06436,0.06414,1322056.9,0.064248,84939.5117112,1322056.9,84939.5117112,
2023-10-23 19:20:00+00:00,0.06411,0.06427,0.06412,0.06413,570158.9,0.064158,36580.2547062,570158.9,36580.2547062,
2023-10-23 19:25:00+00:00,0.06413,0.06432,0.06413,0.06427,296926.5,0.064213,19066.5413445,296926.5,19066.5413445,
2023-10-23 19:30:00+00:00,0.06407,0.06426,0.06424,0.06411,843188.5,0.06417,54107.406045,843188.5,54107.406045,
2023-10-23 19:35:00+00:00,0.06411,0.06424,0.06412,0.06422,321491.9,0.064172,20630.7782068,321491.9,20630.7782068,
2023-10-23 19:40:00+00:00,0.06422,0.06439,0.06422,0.06436,810014.9,0.064298,52082.3380402,810014.9,52082.3380402,
2023-10-23 19:45:00+00:00,0.06433,0.06448,0.06435,0.06433,702555.2,0.064372,45224.8833344,702555.2,45224.8833344,
2023-10-23 19:50:00+00:00,0.06423,0.0644,0.06436,0.06438,439931.1,0.064342,28306.0468362,439931.1,28306.0468362,
2023-10-23 19:55:00+00:00,0.06437,0.06449,0.06438,0.06445,593189.7,0.064423,38215.0600431,593189.7,38215.0600431,
2023-10-23 20:00:00+00:00,0.06426,0.06445,0.06445,0.06435,784602.3,0.064378,50511.1268694,784602.3,50511.1268694,
2023-10-23 20:05:00+00:00,0.06429,0.06443,0.06432,0.06433,988831.2,0.064342,63623.3770704,988831.2,63623.3770704,
2023-10-23 20:10:00+00:00,0.06434,0.06449,0.06435,0.06437,1664966.0,0.064388,107203.830808,1664966.0,107203.830808,
2023-10-23 20:15:00+00:00,0.06435,0.06457,0.06436,0.06449,1706536.3,0.064442,109972.6122446,1706536.3,109972.6122446,
2023-10-23 20:20:00+00:00,0.06442,0.06458,0.06449,0.06448,1352819.3,0.064493,87247.3751149,1352819.3,87247.3751149,
2023-10-23 20:25:00+00:00,0.06432,0.06454,0.06449,0.06436,2509313.2,0.064428,161670.0308496,2509313.2,161670.0308496,
2023-10-23 20:30:00+00:00,0.06434,0.06456,0.06434,0.06453,2407510.9,0.064443,155147.2249287,2407510.9,155147.2249287,
2023-10-23 20:35:00+00:00,0.0645,0.06467,0.06451,0.06457,1624041.5,0.064563,104852.9913645,1624041.5,104852.9913645,
2023-10-23 20:40:00+00:00,0.06449,0.06474,0.06459,0.06449,998820.7,0.064577,64500.8443439,998820.7,64500.8443439,
2023-10-23 20:45:00+00:00,0.06437,0.06454,0.06449,0.06441,411911.5,0.064452,26548.519998,411911.5,26548.519998,
2023-10-23 20:50:00+00:00,0.06424,0.06443,0.06442,0.0644,1797100.1,0.064373,115684.7247373,1797100.1,115684.7247373,
2023-10-23 20:55:00+00:00,0.06439,0.0647,0.0644,0.06469,1271906.7,0.064545,82095.2179515,1271906.7,82095.2179515,
2023-10-23 21:00:00+00:00,0.06464,0.06506,0.06472,0.06485,979823.1,0.064818,63510.1736958,979823.1,63510.1736958,
2023-10-23 21:05:00+00:00,0.06467,0.06488,0.06483,0.06467,1011172.0,0.064762,65485.521064,1011172.0,65485.521064,
2023-10-23 21:10:00+00:00,0.06461,0.06474,0.06467,0.0647,691380.7,0.06468,44718.503676,691380.7,44718.503676,
2023-10-23 21:15:00+00:00,0.0646,0.06474,0.06471,0.06472,525474.1,0.064692,33993.9704772,525474.1,33993.9704772,
2023-10-23 21:20:00+00:00,0.06471,0.06493,0.06473,0.06489,718238.8,0.064815,46552.647822,718238.8,46552.647822,
2023-10-23 21:25:00+00:00,0.06486,0.06525,0.06489,0.06525,1709510.0,0.065062,111224.13962,1709510.0,111224.13962,
2023-10-23 21:30:00+00:00,0.065,0.06529,0.06526,0.06504,4944746.6,0.065148,322140.3514968,4944746.6,322140.3514968,
2023-10-23 21:35:00+00:00,0.06494,0.06522,0.06502,0.06513,972882.6,0.065078,63313.2538428,972882.6,63313.2538428,
2023-10-23 21:40:00+00:00,0.0651,0.06545,0.06512,0.06543,1698705.9,0.065275,110883.0276225,1698705.9,110883.0276225,
2023-10-23 21:45:00+00:00,0.06542,0.06555,0.06543,0.06555,2203437.5,0.065488,144298.715,2203437.5,144298.715,
2023-10-23 21:50:00+00:00,0.06537,0.06571,0.06555,0.06539,2774815.1,0.065505,181764.2631255,2774815.1,181764.2631255,
2023-10-23 21:55:00+00:00,0.06537,0.0656,0.06538,0.06553,966413.8,0.06547,63271.111486,966413.8,63271.111486,
2023-10-23 22:00:00+00:00,0.06545,0.06568,0.06553,0.0656,1216974.6,0.065565,79790.939649,1216974.6,79790.939649,
2023-10-23 22:05:00+00:00,0.06557,0.06577,0.06562,0.06571,1398327.1,0.065668,91825.3440028,1398327.1,91825.3440028,
2023-10-23 22:10:00+00:00,0.0656,0.06587,0.06573,0.06563,1767173.1,0.065708,116117.4100548,1767173.1,116117.4100548,
2023-10-23 22:15:00+00:00,0.06548,0.06568,0.06558,0.06553,1105207.4,0.065568,72466.2388032,1105207.4,72466.2388032,
2023-10-23 22:20:00+00:00,0.06541,0.06556,0.06552,0.06556,747852.1,0.065512,48993.2867752,747852.1,48993.2867752,
2023-10-23 22:25:00+00:00,0.06554,0.06591,0.06556,0.06574,2759677.2,0.065688,181277.6759136,2759677.2,181277.6759136,
2023-10-23 22:30:00+00:00,0.06567,0.06585,0.06575,0.06575,1564579.5,0.065755,102878.9250225,1564579.5,102878.9250225,
2023-10-23 22:35:00+00:00,0.06567,0.06606,0.06569,0.06602,2434312.2,0.06586,160323.801492,2434312.2,160323.801492,
2023-10-23 22:40:00+00:00,0.06598,0.0677,0.066,0.06688,31439763.4,0.06664,2095145.832976,31439763.4,2095145.832976,
2023-10-23 22:45:00+00:00,0.06603,0.06703,0.0669,0.06666,8281694.9,0.066655,552016.3735595,8281694.9,552016.3735595,
2023-10-23 22:50:00+00:00,0.06653,0.06721,0.06664,0.06721,5841106.5,0.066898,390758.342637,5841106.5,390758.342637,
2023-10-23 22:55:00+00:00,0.06684,0.06731,0.06722,0.067,5258666.4,0.067092,352814.4461088,5258666.4,352814.4461088,
2023-10-23 23:00:00+00:00,0.06669,0.06745,0.06701,0.06677,4832626.5,0.06698,323689.32297,4832626.5,323689.32297,
2023-10-23 23:05:00+00:00,0.06654,0.0668,0.0668,0.06673,2032209.4,0.066718,135584.9467492,2032209.4,135584.9467492,
2023-10-23 23:10:00+00:00,0.06611,0.06672,0.06669,0.06617,3854725.5,0.066422,256038.577161,3854725.5,256038.577161,
2023-10-23 23:15:00+00:00,0.06609,0.06665,0.06614,0.06654,1800636.9,0.066355,119481.2614995,1800636.9,119481.2614995,
2023-10-23 23:20:00+00:00,0.0665,0.06683,0.06656,0.06673,2113796.3,0.066655,140895.0923765,2113796.3,140895.0923765,
2023-10-23 23:25:00+00:00,0.06666,0.0675,0.0667,0.06748,16328910.0,0.067085,1095424.92735,16328910.0,1095424.92735,
2023-10-23 23:30:00+00:00,0.06709,0.06793,0.06749,0.06732,8285656.5,0.067457,558925.5305205,8285656.5,558925.5305205,
2023-10-23 23:35:00+00:00,0.0667,0.06723,0.06722,0.0667,4214165.6,0.066962,282188.9569072,4214165.6,282188.9569072,
2023-10-23 23:40:00+00:00,0.06662,0.06697,0.06667,0.06685,2154671.1,0.066778,143884.6267158,2154671.1,143884.6267158,
2023-10-23 23:45:00+00:00,0.06674,0.06696,0.06685,0.06693,1256184.8,0.06687,84001.077576,1256184.8,84001.077576,
2023-10-23 23:50:00+00:00,0.06688,0.06702,0.06693,0.06696,1054420.0,0.066948,70591.31016,1054420.0,70591.31016,
2023-10-23 23:55:00+00:00,0.06694,0.06765,0.06696,0.06744,3551087.8,0.067248,238803.5523744,3551087.8,238803.5523744,
2023-10-24 00:00:00+00:00,0.06736,0.06833,0.06746,0.06786,5931966.5,0.067752,401902.594308,5931966.5,401902.594308,
2023-10-24 00:05:00+00:00,0.06685,0.06806,0.06787,0.06687,4382340.7,0.067412,295422.3512684,4382340.7,295422.3512684,
2023-10-24 00:10:00+00:00,0.06672,0.06702,0.06683,0.06672,2662425.9,0.066822,177908.6234898,2662425.9,177908.6234898,
2023-10-24 00:15:00+00:00,0.06656,0.06683,0.06675,0.06678,1413407.0,0.06673,94316.64911,1413407.0,94316.64911,
2023-10-24 00:20:00+00:00,0.06672,0.06724,0.0668,0.06724,1012271.0,0.067,67822.157,1012271.0,67822.157,
2023-10-24 00:25:00+00:00,0.06712,0.06768,0.06725,0.06767,1493498.6,0.06743,100706.610598,1493498.6,100706.610598,
2023-10-24 00:30:00+00:00,0.06753,0.06791,0.06762,0.06785,1798861.9,0.067728,121833.3187632,1798861.9,121833.3187632,
2023-10-24 00:35:00+00:00,0.06757,0.06808,0.06788,0.06757,3452900.3,0.067775,234020.3178325,3452900.3,234020.3178325,
2023-10-24 00:40:00+00:00,0.06746,0.06796,0.06762,0.06793,1259190.3,0.067742,85300.0693026,1259190.3,85300.0693026,
2023-10-24 00:45:00+00:00,0.06773,0.06823,0.06792,0.06811,2180469.4,0.067998,148267.5582612,2180469.4,148267.5582612,
2023-10-24 00:50:00+00:00,0.06809,0.06835,0.06811,0.06819,1891793.6,0.068185,128991.946616,1891793.6,128991.946616,
2023-10-24 00:55:00+00:00,0.06757,0.06823,0.06823,0.06764,3989293.1,0.067917,270940.8194727,3989293.1,270940.8194727,
2023-10-24 01:00:00+00:00,0.06734,0.06769,0.06762,0.06756,1160544.6,0.067552,78397.1088192,1160544.6,78397.1088192,
2023-10-24 01:05:00+00:00,0.06753,0.06776,0.06757,0.06763,2048113.7,0.067622,138497.5446214,2048113.7,138497.5446214,
2023-10-24 01:10:00+00:00,0.06736,0.06774,0.06763,0.06739,1988305.2,0.06753,134270.250156,1988305.2,134270.250156,
2023-10-24 01:15:00+00:00,0.0673,0.06751,0.06739,0.06751,1185591.3,0.067428,79942.0501764,1185591.3,79942.0501764,
2023-10-24 01:20:00+00:00,0.06717,0.06756,0.06753,0.06719,1328262.6,0.067362,89474.4252612,1328262.6,89474.4252612,
2023-10-24 01:25:00+00:00,0.06677,0.06723,0.06719,0.06682,1602983.6,0.067002,107403.1071672,1602983.6,107403.1071672,
2023-10-24 01:30:00+00:00,0.06661,0.06684,0.06683,0.06665,497292.7,0.066732,33185.3364564,497292.7,33185.3364564,
2023-10-24 01:35:00+00:00,0.06632,0.06674,0.06665,0.06668,4841908.0,0.066598,322461.388984,4841908.0,322461.388984,
2023-10-24 01:40:00+00:00,0.06657,0.06706,0.06665,0.06693,6462148.1,0.066802,431684.4173762,6462148.1,431684.4173762,
2023-10-24 01:45:00+00:00,0.06687,0.06707,0.06689,0.06697,1728709.2,0.06695,115737.08094,1728709.2,115737.08094,
2023-10-24 01:50:00+00:00,0.06685,0.06704,0.06699,0.0669,961732.1,0.066945,64383.1554345,961732.1,64383.1554345,
2023-10-24 01:55:00+00:00,0.06684,0.06714,0.0669,0.06714,772935.0,0.067005,51790.509675,772935.0,51790.509675,
2023-10-24 02:00:00+00:00,0.06707,0.06751,0.06713,0.06746,883682.1,0.067292,59464.7358732,883682.1,59464.7358732,
2023-10-24 02:05:00+00:00,0.06722,0.06751,0.06747,0.06738,870041.9,0.067395,58636.4738505,870041.9,58636.4738505,
2023-10-24 02:10:00+00:00,0.06732,0.06753,0.06738,0.06738,1364805.1,0.067402,91990.5933502,1364805.1,91990.5933502,
2023-10-24 02:15:00+00:00,0.06742,0.06785,0.06742,0.06774,2033454.3,0.067607,137475.7448601,2033454.3,137475.7448601,
2023-10-24 02:20:00+00:00,0.0677,0.06823,0.06773,0.06814,6245131.4,0.06795,424356.67863,6245131.4,424356.67863,
2023-10-24 02:25:00+00:00,0.06779,0.06841,0.06816,0.06795,6263792.6,0.068078,426426.4726228,6263792.6,426426.4726228,
2023-10-24 02:30:00+00:00,0.06778,0.06831,0.06791,0.06818,3980894.9,0.068045,270879.9934705,3980894.9,270879.9934705,
2023-10-24 02:35:00+00:00,0.06793,0.06836,0.06819,0.06817,4961758.8,0.068162,338203.4033256,4961758.8,338203.4033256,
2023-10-24 02:40:00+00:00,0.06815,0.06899,0.06816,0.06893,15854182.1,0.068558,1086931.0164118,15854182.1,1086931.0164118,
2023-10-24 02:45:00+00:00,0.06881,0.06928,0.06891,0.06904,12514322.7,0.06901,863613.409527,12514322.7,863613.409527,
2023-10-24 02:50:00+00:00,0.06868,0.06948,0.06904,0.06929,29854783.7,0.069122,2063622.3589114,29854783.7,2063622.3589114,
2023-10-24 02:55:00+00:00,0.06888,0.06933,0.06929,0.06888,11841789.0,0.069095,818208.410955,11841789.0,818208.410955,
2023-10-24 03:00:00+00:00,0.06867,0.06905,0.06886,0.06895,8679001.6,0.068882,597826.9882112,8679001.6,597826.9882112,
2023-10-24 03:05:00+00:00,0.06879,0.06913,0.06892,0.06883,9226286.9,0.068918,635857.2405742,9226286.9,635857.2405742,
2023-10-24 03:10:00+00:00,0.06859,0.06891,0.06881,0.06887,3659575.7,0.068795,251760.5102815,3659575.7,251760.5102815,
2023-10-24 03:15:00+00:00,0.06849,0.06889,0.06888,0.06851,1380718.2,0.068692,94844.2945944,1380718.2,94844.2945944,
2023-10-24 03:20:00+00:00,0.06831,0.06857,0.06849,0.06837,2279116.9,0.068435,155971.3650515,2279116.9,155971.3650515,
2023-10-24 03:25:00+00:00,0.06829,0.06851,0.06837,0.0685,2007861.6,0.068418,137373.8749488,2007861.6,137373.8749488,
2023-10-24 03:30:00+00:00,0.06848,0.06904,0.06848,0.0686,3605486.0,0.06865,247516.6139,3605486.0,247516.6139,
2023-10-24 03:35:00+00:00,0.0682,0.0687,0.06863,0.06868,4160124.1,0.068552,285184.8273032,4160124.1,285184.8273032,
2023-10-24 03:40:00+00:00,0.06849,0.06883,0.06876,0.06854,2494650.9,0.068655,171270.2575395,2494650.9,171270.2575395,
2023-10-24 03:45:00+00:00,0.06816,0.06859,0.06856,0.06821,4846077.1,0.06838,331374.752098,4846077.1,331374.752098,
2023-10-24 03:50:00+00:00,0.06795,0.0683,0.06821,0.068,3244800.9,0.068115,221019.6133035,3244800.9,221019.6133035,
2023-10-24 03:55:00+00:00,0.06757,0.06822,0.06798,0.06759,6934123.4,0.06784,470410.931456,6934123.4,470410.931456,
2023-10-24 04:00:00+00:00,0.06759,0.06805,0.06759,0.06796,1010476.7,0.067798,68508.2993066,1010476.7,68508.2993066,
2023-10-24 04:05:00+00:00,0.06789,0.06803,0.06798,0.06801,404730.4,0.067978,27512.7631312,404730.4,27512.7631312,
2023-10-24 04:10:00+00:00,0.06795,0.06804,0.068,0.06802,948596.8,0.068002,64506.4795936,948596.8,64506.4795936,
2023-10-24 04:15:00+00:00,0.06802,0.06844,0.06802,0.06844,14843481.5,0.06823,1012770.742745,14843481.5,1012770.742745,
2023-10-24 04:20:00+00:00,0.06843,0.06864,0.06844,0.06856,11761859.1,0.068518,805899.0618138,11761859.1,805899.0618138,
2023-10-24 04:25:00+00:00,0.06856,0.06869,0.06856,0.06868,4744278.6,0.068622,325561.8860892,4744278.6,325561.8860892,
2023-10-24 04:30:00+00:00,0.06835,0.06867,0.06867,0.06835,7565273.0,0.06851,518296.85323,7565273.0,518296.85323,
2023-10-24 04:35:00+00:00,0.06811,0.06847,0.06835,0.06813,10972770.8,0.068265,749056.198662,10972770.8,749056.198662,
2023-10-24 04:40:00+00:00,0.06801,0.06816,0.06813,0.06802,384981.3,0.06808,26209.526904,384981.3,26209.526904,
2023-10-24 04:45:00+00:00,0.06789,0.06818,0.06804,0.06789,1845453.7,0.068,125490.8516,1845453.7,125490.8516,
2023-10-24 04:50:00+00:00,0.06768,0.068,0.06788,0.068,1682403.5,0.06789,114218.373615,1682403.5,114218.373615,
2023-10-24 04:55:00+00:00,0.06795,0.06808,0.06803,0.06804,1138457.0,0.068025,77443.537425,1138457.0,77443.537425,
2023-10-24 05:00:00+00:00,0.06795,0.06816,0.06803,0.06813,1087101.3,0.068068,73996.8112884,1087101.3,73996.8112884,
2023-10-24 05:05:00+00:00,0.06801,0.06812,0.06808,0.06802,952194.3,0.068058,64804.4396694,952194.3,64804.4396694,
2023-10-24 05:10:00+00:00,0.06773,0.06804,0.06803,0.06774,4754954.0,0.067885,322790.05229,4754954.0,322790.05229,
2023-10-24 05:15:00+00:00,0.0677,0.0679,0.06775,0.06786,5236801.9,0.067802,355065.6424238,5236801.9,355065.6424238,
2023-10-24 05:20:00+00:00,0.06787,0.0681,0.06787,0.06807,6891494.1,0.067978,468469.9859298,6891494.1,468469.9859298,
2023-10-24 05:25:00+00:00,0.06806,0.06818,0.06808,0.06818,6278344.6,0.068125,427712.225875,6278344.6,427712.225875,
2023-10-24 05:30:00+00:00,0.06807,0.0682,0.06818,0.06812,5679724.9,0.068143,387033.4938607,5679724.9,387033.4938607,
2023-10-24 05:35:00+00:00,0.06801,0.06814,0.06812,0.06807,5402470.8,0.068085,367827.224418,5402470.8,367827.224418,
2023-10-24 05:40:00+00:00,0.06785,0.06807,0.06806,0.0679,2105086.5,0.06797,143082.729405,2105086.5,143082.729405,
2023-10-24 05:45:00+00:00,0.06716,0.06793,0.0679,0.06716,4976005.2,0.067538,336069.4391976,4976005.2,336069.4391976,
2023-10-24 05:50:00+00:00,0.06713,0.06743,0.06716,0.06724,2720689.4,0.06724,182939.155256,2720689.4,182939.155256,
2023-10-24 05:55:00+00:00,0.06679,0.06728,0.06723,0.0671,5431695.1,0.0671,364466.74121,5431695.1,364466.74121,
2023-10-24 06:00:00+00:00,0.06695,0.06716,0.06711,0.06708,5912470.9,0.067075,396578.9856175,5912470.9,396578.9856175,
2023-10-24 06:05:00+00:00,0.06705,0.0672,0.06708,0.06715,1595846.6,0.06712,107113.223792,1595846.6,107113.223792,
2023-10-24 06:10:00+00:00,0.06702,0.0672,0.06716,0.06711,729363.7,0.067122,48956.3502714,729363.7,48956.3502714,
2023-10-24 06:15:00+00:00,0.06682,0.06716,0.06712,0.06696,789820.4,0.067015,52929.814106,789820.4,52929.814106,
2023-10-24 06:20:00+00:00,0.06673,0.06702,0.06696,0.06675,1279759.1,0.066865,85571.0922215,1279759.1,85571.0922215,
2023-10-24 06:25:00+00:00,0.06637,0.06687,0.06674,0.06656,2167503.1,0.066635,144431.5690685,2167503.1,144431.5690685,
2023-10-24 06:30:00+00:00,0.06643,0.06676,0.0666,0.06672,1107846.2,0.066628,73813.5766136,1107846.2,73813.5766136,
2023-10-24 06:35:00+00:00,0.06669,0.06686,0.06675,0.0668,404549.4,0.066775,27013.786185,404549.4,27013.786185,
2023-10-24 06:40:00+00:00,0.0667,0.06684,0.06675,0.06681,539820.1,0.066775,36046.4871775,539820.1,36046.4871775,
2023-10-24 06:45:00+00:00,0.06669,0.06687,0.0668,0.06673,1883217.7,0.066772,125746.2122644,1883217.7,125746.2122644,
2023-10-24 06:50:00+00:00,0.06659,0.06676,0.06673,0.06662,931206.9,0.066675,62088.2200575,931206.9,62088.2200575,
2023-10-24 06:55:00+00:00,0.06653,0.06672,0.06661,0.0667,910705.7,0.06664,60689.427848,910705.7,60689.427848,
2023-10-24 07:00:00+00:00,0.0665,0.06679,0.0667,0.06657,1003082.2,0.06664,66845.397808,1003082.2,66845.397808,
2023-10-24 07:05:00+00:00,0.06644,0.06661,0.06656,0.06648,1780724.1,0.066522,118457.3285802,1780724.1,118457.3285802,
2023-10-24 07:10:00+00:00,0.06621,0.06645,0.06645,0.06627,1749370.6,0.066345,116061.992457,1749370.6,116061.992457,
2023-10-24 07:15:00+00:00,0.06624,0.06654,0.06627,0.06654,1101558.7,0.066398,73141.2945626,1101558.7,73141.2945626,
2023-10-24 07:20:00+00:00,0.06631,0.06659,0.06656,0.06636,676009.0,0.066455,44924.178095,676009.0,44924.178095,
2023-10-24 07:25:00+00:00,0.06596,0.06635,0.06635,0.06597,1063985.5,0.066158,70391.152709,1063985.5,70391.152709,
2023-10-24 07:30:00+00:00,0.06588,0.06616,0.06598,0.06604,2345183.9,0.066015,154817.3151585,2345183.9,154817.3151585,
2023-10-24 07:35:00+00:00,0.06598,0.06614,0.06603,0.06611,954882.5,0.066065,63084.3123625,954882.5,63084.3123625,
2023-10-24 07:40:00+00:00,0.06604,0.06626,0.06612,0.06624,908469.3,0.066165,60108.8712345,908469.3,60108.8712345,
2023-10-24 07:45:00+00:00,0.06621,0.06632,0.06625,0.0663,597337.5,0.06627,39585.556125,597337.5,39585.556125,
2023-10-24 07:50:00+00:00,0.0663,0.06646,0.0663,0.06645,549409.3,0.066377,36468.1411061,549409.3,36468.1411061,
2023-10-24 07:55:00+00:00,0.06643,0.06653,0.06645,0.06652,820659.3,0.066482,54559.0715826,820659.3,54559.0715826,
2023-10-24 08:00:00+00:00,0.06643,0.06659,0.06652,0.06649,508196.3,0.066508,33799.1195204,508196.3,33799.1195204,
2023-10-24 08:05:00+00:00,0.06649,0.06668,0.06649,0.06668,655019.9,0.066585,43614.5000415,655019.9,43614.5000415,
2023-10-24 08:10:00+00:00,0.06665,0.06676,0.06669,0.06674,613577.9,0.06671,40931.781709,613577.9,40931.781709,
2023-10-24 08:15:00+00:00,0.06657,0.06676,0.06675,0.06658,247199.3,0.066665,16479.5413345,247199.3,16479.5413345,
2023-10-24 08:20:00+00:00,0.06654,0.06672,0.06658,0.06668,122448.2,0.06663,8158.723566,122448.2,8158.723566,
2023-10-24 08:25:00+00:00,0.06667,0.06679,0.06669,0.06675,1012613.4,0.066725,67566.629115,1012613.4,67566.629115,
2023-10-24 08:30:00+00:00,0.06662,0.06675,0.06675,0.06667,1313561.2,0.066698,87611.9049176,1313561.2,87611.9049176,
2023-10-24 08:35:00+00:00,0.0666,0.06671,0.06665,0.06668,445446.4,0.06666,29693.457024,445446.4,29693.457024,
2023-10-24 08:40:00+00:00,0.06664,0.06679,0.06671,0.06679,926452.0,0.066732,61823.994864,926452.0,61823.994864,
2023-10-24 08:45:00+00:00,0.06665,0.06678,0.06678,0.0667,1087262.1,0.066728,72550.8254088,1087262.1,72550.8254088,
2023-10-24 08:50:00+00:00,0.06666,0.06679,0.0667,0.06673,275793.1,0.06672,18400.915632,275793.1,18400.915632,
2023-10-24 08:55:00+00:00,0.06674,0.06683,0.06675,0.06677,286437.1,0.066772,19125.9780412,286437.1,19125.9780412,
2023-10-24 09:00:00+00:00,0.06658,0.06681,0.0668,0.06662,225952.9,0.066702,15071.5103358,225952.9,15071.5103358,
2023-10-24 09:05:00+00:00,0.06663,0.06678,0.06664,0.06672,677232.7,0.066692,45166.0032284,677232.7,45166.0032284,
2023-10-24 09:10:00+00:00,0.06669,0.06697,0.06673,0.06691,934955.0,0.066825,62478.367875,934955.0,62478.367875,
2023-10-24 09:15:00+00:00,0.06678,0.06695,0.0669,0.06683,169313.4,0.066865,11321.140491,169313.4,11321.140491,
2023-10-24 09:20:00+00:00,0.06684,0.06699,0.06684,0.0669,1153826.9,0.066893,77182.9428217,1153826.9,77182.9428217,
2023-10-24 09:25:00+00:00,0.06688,0.06701,0.06689,0.06699,743252.3,0.066942,49754.7954666,743252.3,49754.7954666,
2023-10-24 09:30:00+00:00,0.06691,0.06705,0.06698,0.06699,263188.1,0.066982,17628.8653142,263188.1,17628.8653142,
2023-10-24 09:35:00+00:00,0.06694,0.06713,0.06698,0.06709,508778.5,0.067035,34105.9667475,508778.5,34105.9667475,
2023-10-24 09:40:00+00:00,0.06707,0.0674,0.06709,0.06729,3023144.1,0.067213,203194.5843933,3023144.1,203194.5843933,
2023-10-24 09:45:00+00:00,0.06722,0.06741,0.06728,0.0674,1849087.7,0.067328,124495.3766656,1849087.7,124495.3766656,
2023-10-24 09:50:00+00:00,0.06733,0.06749,0.06742,0.06737,400595.5,0.067402,27000.937891,400595.5,27000.937891,
2023-10-24 09:55:00+00:00,0.06711,0.06738,0.06737,0.06719,305499.1,0.067262,20548.4804642,305499.1,20548.4804642,
2023-10-24 10:00:00+00:00,0.06718,0.06758,0.06719,0.06757,354530.7,0.06738,23888.278566,354530.7,23888.278566,
2023-10-24 10:05:00+00:00,0.06754,0.06783,0.06755,0.06771,316242.6,0.067658,21396.3418308,316242.6,21396.3418308,
2023-10-24 10:10:00+00:00,0.06726,0.06763,0.06763,0.06734,1400192.3,0.067465,94463.9735195,1400192.3,94463.9735195,
2023-10-24 10:15:00+00:00,0.06722,0.06739,0.06733,0.06726,208535.8,0.0673,14034.45934,208535.8,14034.45934,
2023-10-24 10:20:00+00:00,0.06717,0.06731,0.06725,0.0673,306950.7,0.067258,20644.8901806,306950.7,20644.8901806,
2023-10-24 10:25:00+00:00,0.0673,0.06749,0.06732,0.06748,407478.9,0.067398,27463.2629022,407478.9,27463.2629022,
2023-10-24 10:30:00+00:00,0.0675,0.06762,0.0675,0.06762,291388.6,0.06756,19686.213816,291388.6,19686.213816,
2023-10-24 10:35:00+00:00,0.06741,0.06759,0.06759,0.06757,1102783.3,0.06754,74481.984082,1102783.3,74481.984082,
2023-10-24 10:40:00+00:00,0.06742,0.06757,0.06757,0.06753,209246.0,0.067523,14128.917658,209246.0,14128.917658,
2023-10-24 10:45:00+00:00,0.06751,0.06759,0.06751,0.06756,275108.8,0.067542,18581.3985696,275108.8,18581.3985696,
2023-10-24 10:50:00+00:00,0.06737,0.06756,0.06754,0.06744,769426.1,0.067478,51919.3343758,769426.1,51919.3343758,
2023-10-24 10:55:00+00:00,0.06734,0.0675,0.06744,0.06746,715030.3,0.067435,48218.0682805,715030.3,48218.0682805,
2023-10-24 11:00:00+00:00,0.06727,0.06744,0.06744,0.0673,1735619.8,0.067362,116914.8209676,1735619.8,116914.8209676,
2023-10-24 11:05:00+00:00,0.06725,0.0674,0.06732,0.06729,1541321.9,0.067315,103754.0836985,1541321.9,103754.0836985,
2023-10-24 11:10:00+00:00,0.06725,0.06752,0.06729,0.06741,2810695.7,0.067368,189350.9479176,2810695.7,189350.9479176,
2023-10-24 11:15:00+00:00,0.06737,0.06765,0.0674,0.06765,1110431.6,0.067518,74974.1207688,1110431.6,74974.1207688,
2023-10-24 11:20:00+00:00,0.06735,0.06763,0.06762,0.06742,448795.6,0.067505,30295.946978,448795.6,30295.946978,
2023-10-24 11:25:00+00:00,0.06735,0.06753,0.06742,0.06746,872782.4,0.06744,58860.445056,872782.4,58860.445056,
2023-10-24 11:30:00+00:00,0.06749,0.0678,0.06749,0.06766,808411.6,0.06761,54656.708276,808411.6,54656.708276,
2023-10-24 11:35:00+00:00,0.0674,0.06768,0.06767,0.06745,540696.1,0.06755,36524.021555,540696.1,36524.021555,
2023-10-24 11:40:00+00:00,0.06744,0.06762,0.06746,0.06745,700063.9,0.067492,47248.7127388,700063.9,47248.7127388,
2023-10-24 11:45:00+00:00,0.06738,0.0676,0.06745,0.06759,746564.8,0.067505,50396.856824,746564.8,50396.856824,
2023-10-24 11:50:00+00:00,0.06757,0.06783,0.06758,0.06772,1047654.7,0.067675,70900.0318225,1047654.7,70900.0318225,
2023-10-24 11:55:00+00:00,0.0677,0.06792,0.06772,0.0679,812602.4,0.06781,55102.568744,812602.4,55102.568744,
2023-10-24 12:00:00+00:00,0.06775,0.06805,0.0679,0.06803,1870304.7,0.067932,127053.5388804,1870304.7,127053.5388804,
2023-10-24 12:05:00+00:00,0.06794,0.06828,0.06803,0.06825,1819776.1,0.068125,123972.2468125,1819776.1,123972.2468125,
2023-10-24 12:10:00+00:00,0.06802,0.0683,0.06825,0.06814,924158.1,0.068178,63007.2509418,924158.1,63007.2509418,
2023-10-24 12:15:00+00:00,0.06799,0.06826,0.06813,0.06803,514571.5,0.068102,35043.348293,514571.5,35043.348293,
2023-10-24 12:20:00+00:00,0.0681,0.06848,0.0681,0.06842,1667874.9,0.068275,113874.1587975,1667874.9,113874.1587975,
2023-10-24 12:25:00+00:00,0.06833,0.06866,0.06843,0.06836,1672241.3,0.068445,114456.5557785,1672241.3,114456.5557785,
2023-10-24 12:30:00+00:00,0.0683,0.06893,0.06834,0.06881,901502.5,0.068595,61838.5639875,901502.5,61838.5639875,
2023-10-24 12:35:00+00:00,0.06873,0.06894,0.06879,0.06877,909986.7,0.068808,62614.3648536,909986.7,62614.3648536,
2023-10-24 12:40:00+00:00,0.06876,0.06989,0.06876,0.06981,7167528.0,0.069305,496745.52804,7167528.0,496745.52804,
2023-10-24 12:45:00+00:00,0.06945,0.07007,0.0698,0.06971,6008229.9,0.069758,419122.1013642,6008229.9,419122.1013642,
2023-10-24 12:50:00+00:00,0.06898,0.0697,0.06965,0.06898,1557218.4,0.069328,107958.8372352,1557218.4,107958.8372352,
2023-10-24 12:55:00+00:00,0.06877,0.06914,0.06898,0.0689,4279762.9,0.068948,295081.0924292,4279762.9,295081.0924292,
2023-10-24 13:00:00+00:00,0.06831,0.06891,0.06891,0.06832,3066036.0,0.068612,210366.862032,3066036.0,210366.862032,
2023-10-24 13:05:00+00:00,0.06808,0.06846,0.06832,0.06827,2432925.2,0.068282,166124.9985064,2432925.2,166124.9985064,
2023-10-24 13:10:00+00:00,0.06741,0.06832,0.06825,0.06802,6847212.1,0.068,465610.4228,6847212.1,465610.4228,
2023-10-24 13:15:00+00:00,0.06779,0.06808,0.06801,0.06795,1548399.4,0.067958,105226.1264252,1548399.4,105226.1264252,
2023-10-24 13:20:00+00:00,0.06783,0.06803,0.06796,0.06803,1447640.0,0.067962,98384.50968,1447640.0,98384.50968,
2023-10-24 13:25:00+00:00,0.06798,0.06818,0.06802,0.06798,1056982.9,0.06804,71917.116516,1056982.9,71917.116516,
2023-10-24 13:30:00+00:00,0.06794,0.06821,0.06796,0.06809,3181082.5,0.06805,216472.664125,3181082.5,216472.664125,
2023-10-24 13:35:00+00:00,0.06779,0.0681,0.0681,0.06794,1720390.8,0.067982,116955.6073656,1720390.8,116955.6073656,
2023-10-24 13:40:00+00:00,0.06791,0.06812,0.06793,0.06812,1258463.9,0.06802,85600.714478,1258463.9,85600.714478,
2023-10-24 13:45:00+00:00,0.06772,0.0681,0.0681,0.06791,1793401.0,0.067958,121875.945158,1793401.0,121875.945158,
2023-10-24 13:50:00+00:00,0.06753,0.06799,0.0679,0.06799,3082557.1,0.067853,209160.7469063,3082557.1,209160.7469063,
2023-10-24 13:55:00+00:00,0.06795,0.06825,0.06796,0.0682,1077084.8,0.06809,73338.704032,1077084.8,73338.704032,
2023-10-24 14:00:00+00:00,0.06801,0.06824,0.06821,0.06802,1037474.4,0.06812,70672.756128,1037474.4,70672.756128,
2023-10-24 14:05:00+00:00,0.06794,0.06813,0.06803,0.06799,675280.7,0.068022,45933.9437754,675280.7,45933.9437754,
2023-10-24 14:10:00+00:00,0.06766,0.06802,0.06801,0.06771,1553711.8,0.06785,105419.34563,1553711.8,105419.34563,
2023-10-24 14:15:00+00:00,0.0674,0.06786,0.06768,0.06749,1013268.7,0.067608,68505.0702696,1013268.7,68505.0702696,
2023-10-24 14:20:00+00:00,0.06707,0.06751,0.06749,0.06717,3015183.7,0.06731,202952.014847,3015183.7,202952.014847,
2023-10-24 14:25:00+00:00,0.06713,0.06744,0.06718,0.06744,785565.8,0.067298,52867.0072084,785565.8,52867.0072084,
2023-10-24 14:30:00+00:00,0.06721,0.06747,0.06741,0.06728,1215026.9,0.067342,81822.3414998,1215026.9,81822.3414998,
2023-10-24 14:35:00+00:00,0.06727,0.06757,0.06729,0.06752,1214491.5,0.067412,81871.300998,1214491.5,81871.300998,
2023-10-24 14:40:00+00:00,0.06738,0.06755,0.06752,0.06754,1708272.0,0.067498,115304.943456,1708272.0,115304.943456,
2023-10-24 14:45:00+00:00,0.06753,0.06778,0.06754,0.06772,1330255.6,0.067642,89981.1492952,1330255.6,89981.1492952,
2023-10-24 14:50:00+00:00,0.06769,0.0679,0.06772,0.0679,337427.4,0.067802,22878.2525748,337427.4,22878.2525748,
2023-10-24 14:55:00+00:00,0.06771,0.0679,0.0679,0.06777,1053421.8,0.06782,71443.066476,1053421.8,71443.066476,
2023-10-24 15:00:00+00:00,0.06767,0.06789,0.06776,0.06789,1529997.9,0.067802,103736.9176158,1529997.9,103736.9176158,
2023-10-24 15:05:00+00:00,0.06789,0.06811,0.06789,0.06806,1549952.9,0.067988,105378.1977652,1549952.9,105378.1977652,
2023-10-24 15:10:00+00:00,0.06781,0.06813,0.06806,0.06787,1392233.9,0.067967,94625.9614813,1392233.9,94625.9614813,
2023-10-24 15:15:00+00:00,0.06713,0.06795,0.0679,0.06713,4817813.7,0.067527,325332.5057199,4817813.7,325332.5057199,
2023-10-24 15:20:00+00:00,0.06678,0.06731,0.06725,0.06681,4459988.6,0.067038,298988.7157668,4459988.6,298988.7157668,
2023-10-24 15:25:00+00:00,0.06608,0.06693,0.0668,0.06609,5399192.2,0.066475,358911.301495,5399192.2,358911.301495,
2023-10-24 15:30:00+00:00,0.06432,0.06609,0.06607,0.06586,26411919.9,0.065585,1732225.7666415,26411919.9,1732225.7666415,
2023-10-24 15:35:00+00:00,0.06413,0.06587,0.06582,0.06428,10180124.0,0.065025,661962.5631,10180124.0,661962.5631,
2023-10-24 15:40:00+00:00,0.06423,0.06536,0.06426,0.06521,9375523.1,0.064765,607205.7535715,9375523.1,607205.7535715,
2023-10-24 15:45:00+00:00,0.06507,0.06574,0.06517,0.06574,2447483.4,0.06543,160138.838862,2447483.4,160138.838862,
2023-10-24 15:50:00+00:00,0.06543,0.06582,0.06571,0.06549,1281498.6,0.065612,84081.6861432,1281498.6,84081.6861432,
2023-10-24 15:55:00+00:00,0.06537,0.0657,0.06546,0.0657,2548863.4,0.065557,167095.8379138,2548863.4,167095.8379138,
2023-10-24 16:00:00+00:00,0.06535,0.0658,0.06569,0.06535,3034182.1,0.065548,198884.5682908,3034182.1,198884.5682908,
2023-10-24 16:05:00+00:00,0.06507,0.06562,0.06539,0.06558,1655123.4,0.065415,108269.897211,1655123.4,108269.897211,
2023-10-24 16:10:00+00:00,0.06556,0.066,0.06556,0.06587,2209494.9,0.065748,145269.8706852,2209494.9,145269.8706852,
2023-10-24 16:15:00+00:00,0.06571,0.06601,0.06586,0.06593,1110288.5,0.065877,73142.4755145,1110288.5,73142.4755145,
2023-10-24 16:20:00+00:00,0.06592,0.06654,0.06594,0.0661,1991686.7,0.066125,131700.2830375,1991686.7,131700.2830375,
2023-10-24 16:25:00+00:00,0.06577,0.06607,0.06607,0.06582,914284.0,0.065932,60280.572688,914284.0,60280.572688,
2023-10-24 16:30:00+00:00,0.06583,0.06652,0.06583,0.0665,2452933.7,0.06617,162310.622929,2452933.7,162310.622929,
2023-10-24 16:35:00+00:00,0.06622,0.06656,0.06648,0.06625,1592073.5,0.066378,105678.654783,1592073.5,105678.654783,
2023-10-24 16:40:00+00:00,0.06617,0.06633,0.06627,0.06626,1298244.9,0.066258,86019.1105842,1298244.9,86019.1105842,
2023-10-24 16:45:00+00:00,0.06602,0.0663,0.06628,0.06605,857887.5,0.066162,56759.552775,857887.5,56759.552775,
2023-10-24 16:50:00+00:00,0.06604,0.06627,0.06605,0.0662,789889.3,0.06614,52243.278302,789889.3,52243.278302,
2023-10-24 16:55:00+00:00,0.06596,0.06619,0.06618,0.06596,1772467.8,0.066072,117110.4924816,1772467.8,117110.4924816,
2023-10-24 17:00:00+00:00,0.06593,0.06621,0.06596,0.06621,836085.7,0.066078,55246.8708846,836085.7,55246.8708846,
2023-10-24 17:05:00+00:00,0.06621,0.06633,0.06621,0.06629,600875.8,0.06626,39814.030508,600875.8,39814.030508,
2023-10-24 17:10:00+00:00,0.06596,0.06629,0.06628,0.06601,1030475.2,0.066135,68150.477352,1030475.2,68150.477352,
2023-10-24 17:15:00+00:00,0.06596,0.06621,0.066,0.06617,447639.7,0.066085,29582.2695745,447639.7,29582.2695745,
2023-10-24 17:20:00+00:00,0.06609,0.06628,0.0662,0.06616,1001049.0,0.066182,66251.424918,1001049.0,66251.424918,
2023-10-24 17:25:00+00:00,0.06617,0.06634,0.06621,0.06632,641988.2,0.06626,42538.138132,641988.2,42538.138132,
2023-10-24 17:30:00+00:00,0.06593,0.06632,0.06632,0.06601,1419335.1,0.066145,93881.9201895,1419335.1,93881.9201895,
2023-10-24 17:35:00+00:00,0.06598,0.06611,0.06601,0.06604,490564.1,0.066035,32394.4003435,490564.1,32394.4003435,
2023-10-24 17:40:00+00:00,0.06594,0.06608,0.06604,0.06597,762596.4,0.066008,50337.4631712,762596.4,50337.4631712,
2023-10-24 17:45:00+00:00,0.06583,0.06602,0.06596,0.06596,531195.9,0.065942,35028.1200378,531195.9,35028.1200378,
2023-10-24 17:50:00+00:00,0.06585,0.06599,0.06593,0.0659,261741.8,0.065918,17253.4959724,261741.8,17253.4959724,
2023-10-24 17:55:00+00:00,0.06586,0.06597,0.06592,0.06589,326017.7,0.06591,21487.826607,326017.7,21487.826607,
2023-10-24 18:00:00+00:00,0.06578,0.06592,0.06587,0.06578,1293530.2,0.065838,85163.4413076,1293530.2,85163.4413076,
2023-10-24 18:05:00+00:00,0.06554,0.0658,0.06579,0.06556,1882573.2,0.065672,123632.3471904,1882573.2,123632.3471904,
2023-10-24 18:10:00+00:00,0.06544,0.06568,0.06553,0.06558,1850544.7,0.065557,121316.1588979,1850544.7,121316.1588979,
2023-10-24 18:15:00+00:00,0.06537,0.06562,0.06557,0.06541,1259555.5,0.065493,82492.0683615,1259555.5,82492.0683615,
2023-10-24 18:20:00+00:00,0.06503,0.06541,0.06539,0.06528,2505428.8,0.065278,163549.3812064,2505428.8,163549.3812064,
2023-10-24 18:25:00+00:00,0.06511,0.06534,0.06527,0.06533,969225.6,0.065262,63253.6011072,969225.6,63253.6011072,
2023-10-24 18:30:00+00:00,0.06526,0.06565,0.06531,0.06565,1089633.5,0.065468,71336.125978,1089633.5,71336.125978,
2023-10-24 18:35:00+00:00,0.06553,0.0657,0.06566,0.06567,1267150.7,0.06564,83175.771948,1267150.7,83175.771948,
2023-10-24 18:40:00+00:00,0.06568,0.06592,0.06568,0.06592,995421.8,0.0658,65498.75444,995421.8,65498.75444,
2023-10-24 18:45:00+00:00,0.06589,0.06607,0.06591,0.06597,721131.1,0.06596,47565.807356,721131.1,47565.807356,
2023-10-24 18:50:00+00:00,0.06599,0.06612,0.06603,0.06611,695025.6,0.066062,45914.7811872,695025.6,45914.7811872,
2023-10-24 18:55:00+00:00,0.06604,0.06617,0.06611,0.06613,376345.3,0.066112,24880.9404736,376345.3,24880.9404736,
2023-10-24 19:00:00+00:00,0.06608,0.0662,0.06614,0.06618,955309.5,0.06615,63193.723425,955309.5,63193.723425,
2023-10-24 19:05:00+00:00,0.06594,0.06618,0.06618,0.06605,1399248.9,0.066088,92473.5613032,1399248.9,92473.5613032,
2023-10-24 19:10:00+00:00,0.06601,0.06621,0.06604,0.06611,584085.4,0.066092,38603.3722568,584085.4,38603.3722568,
2023-10-24 19:15:00+00:00,0.06604,0.06631,0.0661,0.06613,1907367.1,0.066145,126162.7968295,1907367.1,126162.7968295,
2023-10-24 19:20:00+00:00,0.06615,0.06675,0.06615,0.06657,3790611.0,0.066405,251715.523455,3790611.0,251715.523455,
2023-10-24 19:25:00+00:00,0.06644,0.06658,0.06656,0.06654,1973509.5,0.06653,131297.587035,1973509.5,131297.587035,
2023-10-24 19:30:00+00:00,0.06652,0.0668,0.06653,0.06658,805558.4,0.066608,53656.6339072,805558.4,53656.6339072,
2023-10-24 19:35:00+00:00,0.06655,0.06675,0.06658,0.06675,551999.7,0.066658,36795.1960026,551999.7,36795.1960026,
2023-10-24 19:40:00+00:00,0.06674,0.06681,0.06676,0.06677,915139.8,0.06677,61103.884446,915139.8,61103.884446,
2023-10-24 19:45:00+00:00,0.0667,0.06681,0.06675,0.06674,736601.9,0.06675,49168.176825,736601.9,49168.176825,
2023-10-24 19:50:00+00:00,0.0666,0.0669,0.06674,0.06666,1429716.9,0.066725,95397.8601525,1429716.9,95397.8601525,
2023-10-24 19:55:00+00:00,0.06658,0.06668,0.06663,0.06661,1214313.2,0.066625,80903.61695,1214313.2,80903.61695,
2023-10-24 20:00:00+00:00,0.06637,0.06671,0.0666,0.06647,1766608.5,0.066538,117546.596373,1766608.5,117546.596373,
2023-10-24 20:05:00+00:00,0.06638,0.06659,0.06649,0.06659,677550.1,0.066512,45065.2122512,677550.1,45065.2122512,
2023-10-24 20:10:00+00:00,0.06657,0.06687,0.0666,0.06672,1179480.1,0.06669,78659.527869,1179480.1,78659.527869,
2023-10-24 20:15:00+00:00,0.06652,0.06675,0.0667,0.06657,1684914.5,0.066635,112274.2777075,1684914.5,112274.2777075,
2023-10-24 20:20:00+00:00,0.06657,0.06681,0.06658,0.06662,823688.9,0.066645,54894.7467405,823688.9,54894.7467405,
2023-10-24 20:25:00+00:00,0.06655,0.06669,0.06662,0.0666,1074283.7,0.066615,71563.4086755,1074283.7,71563.4086755,
2023-10-24 20:30:00+00:00,0.06649,0.06661,0.06661,0.06652,419345.7,0.066557,27910.3917549,419345.7,27910.3917549,
2023-10-24 20:35:00+00:00,0.06645,0.06658,0.0665,0.06648,726514.4,0.066502,48314.6606288,726514.4,48314.6606288,
2023-10-24 20:40:00+00:00,0.06628,0.06648,0.06647,0.06628,456836.9,0.066378,30323.9197482,456836.9,30323.9197482,
2023-10-24 20:45:00+00:00,0.06627,0.06637,0.06627,0.06636,405294.9,0.066318,26878.3471782,405294.9,26878.3471782,
2023-10-24 20:50:00+00:00,0.06613,0.0664,0.06635,0.06616,744870.7,0.06626,49355.132582,744870.7,49355.132582,
2023-10-24 20:55:00+00:00,0.06594,0.06615,0.06614,0.06604,3033625.9,0.066068,200425.5959612,3033625.9,200425.5959612,
2023-10-24 21:00:00+00:00,0.06583,0.06609,0.06603,0.06588,4007227.4,0.065958,264308.7048492,4007227.4,264308.7048492,
2023-10-24 21:05:00+00:00,0.06557,0.06593,0.0659,0.06565,1206825.7,0.065762,79363.2716834,1206825.7,79363.2716834,
2023-10-24 21:10:00+00:00,0.0656,0.06586,0.06565,0.06584,517798.3,0.065738,34039.0246454,517798.3,34039.0246454,
2023-10-24 21:15:00+00:00,0.06584,0.06606,0.06585,0.06598,1317202.8,0.065932,86845.8150096,1317202.8,86845.8150096,
2023-10-24 21:20:00+00:00,0.06597,0.06614,0.06598,0.06609,606637.5,0.066045,40065.3736875,606637.5,40065.3736875,
2023-10-24 21:25:00+00:00,0.06604,0.06613,0.06608,0.06607,573266.4,0.06608,37881.443712,573266.4,37881.443712,
2023-10-24 21:30:00+00:00,0.06598,0.06609,0.06608,0.06605,996804.7,0.06605,65838.950435,996804.7,65838.950435,
2023-10-24 21:35:00+00:00,0.06577,0.06605,0.06604,0.06578,1084897.3,0.06591,71505.581043,1084897.3,71505.581043,
2023-10-24 21:40:00+00:00,0.06565,0.06583,0.06577,0.06583,759603.2,0.06577,49959.102464,759603.2,49959.102464,
2023-10-24 21:45:00+00:00,0.06574,0.06583,0.06582,0.06575,478402.5,0.065785,31471.7084625,478402.5,31471.7084625,
2023-10-24 21:50:00+00:00,0.06574,0.06637,0.06575,0.0663,4471439.5,0.06604,295293.86458,4471439.5,295293.86458,
2023-10-24 21:55:00+00:00,0.06631,0.06661,0.06631,0.06646,2779641.5,0.066422,184629.347713,2779641.5,184629.347713,
2023-10-24 22:00:00+00:00,0.06617,0.06649,0.06644,0.06643,1216501.0,0.066382,80753.769382,1216501.0,80753.769382,
2023-10-24 22:05:00+00:00,0.06633,0.06671,0.06644,0.06656,1526888.7,0.06651,101553.367437,1526888.7,101553.367437,
2023-10-24 22:10:00+00:00,0.06653,0.06667,0.06661,0.06667,713984.4,0.06662,47565.640728,713984.4,47565.640728,
2023-10-24 22:15:00+00:00,0.06647,0.06667,0.06664,0.06667,947345.2,0.066612,63104.5584624,947345.2,63104.5584624,
2023-10-24 22:20:00+00:00,0.06662,0.06689,0.06664,0.06688,866456.1,0.066758,57842.8763238,866456.1,57842.8763238,
2023-10-24 22:25:00+00:00,0.06682,0.06697,0.06689,0.06688,1118067.4,0.06689,74787.528386,1118067.4,74787.528386,
2023-10-24 22:30:00+00:00,0.06671,0.06694,0.06687,0.06684,413520.5,0.06684,27639.71022,413520.5,27639.71022,
2023-10-24 22:35:00+00:00,0.06684,0.06699,0.06687,0.06697,865565.1,0.066917,57921.0197967,865565.1,57921.0197967,
2023-10-24 22:40:00+00:00,0.06695,0.067,0.067,0.06696,1445310.4,0.066978,96803.9999712,1445310.4,96803.9999712,
2023-10-24 22:45:00+00:00,0.06696,0.06712,0.06696,0.067,1566230.3,0.06701,104953.092403,1566230.3,104953.092403,
2023-10-24 22:50:00+00:00,0.06688,0.06704,0.06699,0.06698,442766.4,0.066972,29652.9513408,442766.4,29652.9513408,
2023-10-24 22:55:00+00:00,0.06695,0.06708,0.06698,0.06708,384260.5,0.067023,25754.2914915,384260.5,25754.2914915,
2023-10-24 23:00:00+00:00,0.06694,0.06706,0.06705,0.067,756981.0,0.067012,50726.810772,756981.0,50726.810772,
2023-10-24 23:05:00+00:00,0.06684,0.06699,0.06699,0.06687,600216.4,0.066922,40167.6819208,600216.4,40167.6819208,
2023-10-24 23:10:00+00:00,0.06689,0.06698,0.06689,0.06695,875320.6,0.066928,58583.4571168,875320.6,58583.4571168,
2023-10-24 23:15:00+00:00,0.06671,0.06695,0.06695,0.06681,1353673.2,0.066855,90499.821786,1353673.2,90499.821786,
2023-10-24 23:20:00+00:00,0.06665,0.06683,0.06682,0.06671,5135042.1,0.066752,342774.3302592,5135042.1,342774.3302592,
2023-10-24 23:25:00+00:00,0.06654,0.06669,0.06669,0.06657,1195890.7,0.066622,79672.6302154,1195890.7,79672.6302154,
2023-10-24 23:30:00+00:00,0.06649,0.0666,0.0666,0.06651,522929.5,0.06655,34800.958225,522929.5,34800.958225,
2023-10-24 23:35:00+00:00,0.06634,0.06651,0.06651,0.0664,3244176.6,0.06644,215543.093304,3244176.6,215543.093304,
2023-10-24 23:40:00+00:00,0.06628,0.06645,0.06639,0.06642,2925783.7,0.066385,194228.1509245,2925783.7,194228.1509245,
2023-10-24 23:45:00+00:00,0.06636,0.06652,0.06637,0.06652,2550128.2,0.066442,169435.6178644,2550128.2,169435.6178644,
2023-10-24 23:50:00+00:00,0.06641,0.06655,0.06651,0.06647,3299905.7,0.066485,219394.2304645,3299905.7,219394.2304645,
2023-10-24 23:55:00+00:00,0.06647,0.06658,0.06647,0.06657,572772.1,0.066522,38101.9456362,572772.1,38101.9456362,
2023-10-25 00:00:00+00:00,0.06638,0.06659,0.06659,0.0664,2657928.7,0.06649,176725.679263,2657928.7,176725.679263,
2023-10-25 00:05:00+00:00,0.06629,0.06642,0.06639,0.0663,3623659.8,0.06635,240429.82773,3623659.8,240429.82773,
2023-10-25 00:10:00+00:00,0.06625,0.06644,0.06629,0.06625,1657379.2,0.066308,109897.4999936,1657379.2,109897.4999936,
2023-10-25 00:15:00+00:00,0.06625,0.06648,0.06625,0.06643,6215653.0,0.066353,412427.223509,6215653.0,412427.223509,
2023-10-25 00:20:00+00:00,0.06628,0.06646,0.06643,0.0664,1120837.7,0.066392,74414.6565784,1120837.7,74414.6565784,
2023-10-25 00:25:00+00:00,0.06613,0.06641,0.06639,0.06616,1490488.3,0.066272,98777.6406176,1490488.3,98777.6406176,
2023-10-25 00:30:00+00:00,0.06607,0.06623,0.06617,0.06616,702777.8,0.066158,46494.3736924,702777.8,46494.3736924,
2023-10-25 00:35:00+00:00,0.06604,0.06632,0.06613,0.06628,725861.0,0.066192,48046.191312,725861.0,48046.191312,
2023-10-25 00:40:00+00:00,0.06616,0.06633,0.06626,0.06625,8822091.6,0.06625,584463.5685,8822091.6,584463.5685,
2023-10-25 00:45:00+00:00,0.0661,0.06657,0.06626,0.06657,9691683.6,0.066375,643285.49895,9691683.6,643285.49895,
2023-10-25 00:50:00+00:00,0.06648,0.06661,0.06657,0.06661,2949441.9,0.066568,196338.4483992,2949441.9,196338.4483992,
2023-10-25 00:55:00+00:00,0.0666,0.06671,0.0666,0.06662,2321262.3,0.066633,154672.6708359,2321262.3,154672.6708359,
2023-10-25 01:00:00+00:00,0.06652,0.06672,0.06659,0.06671,3227164.9,0.066635,215042.1331115,3227164.9,215042.1331115,
2023-10-25 01:05:00+00:00,0.0667,0.06703,0.0667,0.06699,1843330.9,0.066855,123235.8873195,1843330.9,123235.8873195,
2023-10-25 01:10:00+00:00,0.06696,0.06719,0.06697,0.06718,826725.8,0.067075,55452.633035,826725.8,55452.633035,
2023-10-25 01:15:00+00:00,0.06679,0.06718,0.06715,0.06682,4978881.8,0.066985,333510.397373,4978881.8,333510.397373,
2023-10-25 01:20:00+00:00,0.06677,0.0669,0.06682,0.0668,3290469.9,0.066822,219875.7796578,3290469.9,219875.7796578,
2023-10-25 01:25:00+00:00,0.06673,0.06696,0.06678,0.06692,6516366.1,0.066848,435606.0410528,6516366.1,435606.0410528,
2023-10-25 01:30:00+00:00,0.0666,0.06695,0.06692,0.06675,29156951.9,0.066805,1947830.1716795,29156951.9,1947830.1716795,
2023-10-25 01:35:00+00:00,0.06669,0.06679,0.06673,0.06672,4321461.5,0.066732,288379.768818,4321461.5,288379.768818,
2023-10-25 01:40:00+00:00,0.06664,0.0668,0.06673,0.0668,2917916.7,0.066742,194747.5963914,2917916.7,194747.5963914,
2023-10-25 01:45:00+00:00,0.0666,0.06677,0.06677,0.06663,1363377.6,0.066692,90926.3788992,1363377.6,90926.3788992,
2023-10-25 01:50:00+00:00,0.06645,0.06665,0.06662,0.06647,4388212.6,0.066548,292026.7721048,4388212.6,292026.7721048,
2023-10-25 01:55:00+00:00,0.06646,0.06662,0.06647,0.06656,4172027.2,0.066528,277556.6255616,4172027.2,277556.6255616,
2023-10-25 02:00:00+00:00,0.06639,0.0666,0.06656,0.06641,1290363.2,0.06649,85796.249168,1290363.2,85796.249168,
2023-10-25 02:05:00+00:00,0.06634,0.06646,0.06641,0.06637,1151305.9,0.066395,76440.9552305,1151305.9,76440.9552305,
2023-10-25 02:10:00+00:00,0.06634,0.06641,0.06637,0.06639,1553699.3,0.066378,103131.4521354,1553699.3,103131.4521354,
2023-10-25 02:15:00+00:00,0.06633,0.06642,0.06639,0.06634,1434517.6,0.06637,95208.933112,1434517.6,95208.933112,
2023-10-25 02:20:00+00:00,0.06612,0.06635,0.06634,0.06615,1431951.0,0.06624,94852.43424,1431951.0,94852.43424,
2023-10-25 02:25:00+00:00,0.06596,0.06618,0.06614,0.06604,1407053.1,0.06608,92978.068848,1407053.1,92978.068848,
2023-10-25 02:30:00+00:00,0.06604,0.06627,0.06605,0.06617,2858923.5,0.066132,189066.328902,2858923.5,189066.328902,
2023-10-25 02:35:00+00:00,0.06604,0.06622,0.06618,0.06615,1498559.1,0.066148,99126.6873468,1498559.1,99126.6873468,
2023-10-25 02:40:00+00:00,0.06605,0.06622,0.06616,0.06609,432213.2,0.06613,28582.258916,432213.2,28582.258916,
2023-10-25 02:45:00+00:00,0.06607,0.06625,0.06608,0.06625,405501.2,0.066163,26829.1758956,405501.2,26829.1758956,
2023-10-25 02:50:00+00:00,0.06618,0.06627,0.06624,0.06624,312612.9,0.066232,20704.9775928,312612.9,20704.9775928,
2023-10-25 02:55:00+00:00,0.06618,0.06626,0.06625,0.06622,333366.8,0.066228,22078.2164304,333366.8,22078.2164304,
2023-10-25 03:00:00+00:00,0.06592,0.06623,0.06622,0.06594,2385513.6,0.066078,157629.9676608,2385513.6,157629.9676608,
2023-10-25 03:05:00+00:00,0.0658,0.06611,0.06596,0.06603,1695671.1,0.065975,111871.9008225,1695671.1,111871.9008225,
2023-10-25 03:10:00+00:00,0.06598,0.06609,0.06602,0.06609,639363.9,0.066045,42226.7887755,639363.9,42226.7887755,
2023-10-25 03:15:00+00:00,0.06595,0.06613,0.06609,0.06599,585506.3,0.06604,38666.836052,585506.3,38666.836052,
2023-10-25 03:20:00+00:00,0.06584,0.06607,0.06599,0.06587,1164545.1,0.065942,76792.4329842,1164545.1,76792.4329842,
2023-10-25 03:25:00+00:00,0.06572,0.0659,0.06586,0.06586,921087.5,0.065835,60639.7955625,921087.5,60639.7955625,
2023-10-25 03:30:00+00:00,0.06578,0.06609,0.06587,0.06609,1365588.4,0.065958,90071.4796872,1365588.4,90071.4796872,
2023-10-25 03:35:00+00:00,0.06599,0.0661,0.06608,0.06599,646761.1,0.06604,42712.103044,646761.1,42712.103044,
2023-10-25 03:40:00+00:00,0.06595,0.06603,0.06601,0.06603,40505.6,0.066005,2673.572128,40505.6,2673.572128,
2023-10-25 03:45:00+00:00,0.06594,0.06612,0.06606,0.06598,181532.7,0.066025,11985.6965175,181532.7,11985.6965175,
2023-10-25 03:50:00+00:00,0.0658,0.06602,0.06601,0.06589,379822.0,0.06593,25041.66446,379822.0,25041.66446,
2023-10-25 03:55:00+00:00,0.06585,0.06596,0.06589,0.06592,288714.6,0.065905,19027.735713,288714.6,19027.735713,
2023-10-25 04:00:00+00:00,0.06592,0.06607,0.06595,0.06594,1463636.7,0.06597,96556.113099,1463636.7,96556.113099,
2023-10-25 04:05:00+00:00,0.06585,0.06602,0.06591,0.06602,350369.2,0.06595,23106.84874,350369.2,23106.84874,
2023-10-25 04:10:00+00:00,0.06587,0.06601,0.06598,0.06587,456195.6,0.065932,30077.8882992,456195.6,30077.8882992,
2023-10-25 04:15:00+00:00,0.06575,0.06588,0.06586,0.06581,901799.7,0.065825,59360.9652525,901799.7,59360.9652525,
2023-10-25 04:20:00+00:00,0.0658,0.066,0.0658,0.066,72407.3,0.0659,4771.64107,72407.3,4771.64107,
2023-10-25 04:25:00+00:00,0.06595,0.0661,0.066,0.0661,194105.3,0.066038,12818.3258014,194105.3,12818.3258014,
2023-10-25 04:30:00+00:00,0.066,0.06612,0.0661,0.06608,1000583.3,0.066075,66113.5415475,1000583.3,66113.5415475,
2023-10-25 04:35:00+00:00,0.06603,0.06616,0.06607,0.0661,1177966.5,0.06609,77851.805985,1177966.5,77851.805985,
2023-10-25 04:40:00+00:00,0.06597,0.06609,0.06609,0.06599,807791.3,0.066035,53342.4984955,807791.3,53342.4984955,
2023-10-25 04:45:00+00:00,0.066,0.06614,0.066,0.06613,1569135.8,0.066068,103669.6640344,1569135.8,103669.6640344,
2023-10-25 04:50:00+00:00,0.06612,0.06619,0.06613,0.06618,301752.5,0.066155,19962.4366375,301752.5,19962.4366375,
2023-10-25 04:55:00+00:00,0.06617,0.06624,0.06619,0.06624,562281.2,0.06621,37228.638252,562281.2,37228.638252,
2023-10-25 05:00:00+00:00,0.06607,0.06626,0.06624,0.06607,1104397.4,0.06616,73066.931984,1104397.4,73066.931984,
2023-10-25 05:05:00+00:00,0.06602,0.06617,0.0661,0.06613,733309.6,0.066105,48475.431108,733309.6,48475.431108,
2023-10-25 05:10:00+00:00,0.06614,0.06626,0.06614,0.06623,842160.0,0.066192,55744.25472,842160.0,55744.25472,
2023-10-25 05:15:00+00:00,0.06597,0.06624,0.06624,0.066,1732000.7,0.066112,114506.0302784,1732000.7,114506.0302784,
2023-10-25 05:20:00+00:00,0.06586,0.06607,0.06598,0.06592,1562545.2,0.065958,103062.3563016,1562545.2,103062.3563016,
2023-10-25 05:25:00+00:00,0.06584,0.066,0.06594,0.06592,584414.1,0.065925,38527.4995425,584414.1,38527.4995425,
2023-10-25 05:30:00+00:00,0.0658,0.06596,0.06595,0.06596,541056.0,0.065918,35665.329408,541056.0,35665.329408,
2023-10-25 05:35:00+00:00,0.06591,0.06596,0.06594,0.06592,300469.7,0.065932,19810.5682604,300469.7,19810.5682604,
2023-10-25 05:40:00+00:00,0.06571,0.06591,0.0659,0.06577,1783963.6,0.065822,117424.0520792,1783963.6,117424.0520792,
2023-10-25 05:45:00+00:00,0.06563,0.06581,0.06575,0.06573,722108.1,0.06573,47464.165413,722108.1,47464.165413,
2023-10-25 05:50:00+00:00,0.06568,0.06573,0.06571,0.06572,692438.8,0.06571,45500.153548,692438.8,45500.153548,
2023-10-25 05:55:00+00:00,0.06569,0.06577,0.06575,0.0657,264064.9,0.065728,17356.4577472,264064.9,17356.4577472,
2023-10-25 06:00:00+00:00,0.0657,0.06584,0.0657,0.06582,315355.8,0.065765,20739.374187,315355.8,20739.374187,
2023-10-25 06:05:00+00:00,0.0658,0.06589,0.06581,0.06587,610661.8,0.065842,40207.1942356,610661.8,40207.1942356,
2023-10-25 06:10:00+00:00,0.06587,0.06601,0.06587,0.06599,404706.4,0.065935,26684.316484,404706.4,26684.316484,
2023-10-25 06:15:00+00:00,0.06599,0.06611,0.066,0.06601,503575.9,0.066028,33250.1095252,503575.9,33250.1095252,
2023-10-25 06:20:00+00:00,0.06592,0.06604,0.06602,0.06602,575397.8,0.066,37976.2548,575397.8,37976.2548,
2023-10-25 06:25:00+00:00,0.06604,0.06613,0.06604,0.06611,535827.1,0.06608,35407.454768,535827.1,35407.454768,
2023-10-25 06:30:00+00:00,0.06612,0.06632,0.06613,0.06629,932609.8,0.066215,61752.757907,932609.8,61752.757907,
2023-10-25 06:35:00+00:00,0.06628,0.06648,0.0663,0.06646,1332414.2,0.06638,88445.654596,1332414.2,88445.654596,
2023-10-25 06:40:00+00:00,0.06627,0.06648,0.06647,0.06633,707529.7,0.066388,46971.4817236,707529.7,46971.4817236,
2023-10-25 06:45:00+00:00,0.06622,0.06638,0.06634,0.06634,419083.6,0.06632,27793.624352,419083.6,27793.624352,
2023-10-25 06:50:00+00:00,0.06614,0.06636,0.06636,0.06616,229048.1,0.066255,15175.5818655,229048.1,15175.5818655,
2023-10-25 06:55:00+00:00,0.06614,0.06623,0.06618,0.0662,522358.1,0.066188,34573.8379228,522358.1,34573.8379228,
2023-10-25 07:00:00+00:00,0.06612,0.06626,0.0662,0.06614,345655.3,0.06618,22875.467754,345655.3,22875.467754,
2023-10-25 07:05:00+00:00,0.06604,0.06622,0.06612,0.06613,658287.4,0.066128,43531.2291872,658287.4,43531.2291872,
2023-10-25 07:10:00+00:00,0.066,0.06617,0.06613,0.06604,712071.9,0.066085,47057.2715115,712071.9,47057.2715115,
2023-10-25 07:15:00+00:00,0.06595,0.06611,0.06603,0.06599,696367.4,0.06602,45974.175748,696367.4,45974.175748,
2023-10-25 07:20:00+00:00,0.06556,0.06602,0.06599,0.06577,1733605.4,0.065835,114131.911509,1733605.4,114131.911509,
2023-10-25 07:25:00+00:00,0.06535,0.06582,0.0658,0.06539,1405031.0,0.06559,92155.98329,1405031.0,92155.98329,
2023-10-25 07:30:00+00:00,0.06537,0.06559,0.06542,0.0654,787712.1,0.065445,51551.8183845,787712.1,51551.8183845,
2023-10-25 07:35:00+00:00,0.06533,0.06551,0.06539,0.06542,311947.9,0.065413,20405.4479827,311947.9,20405.4479827,
2023-10-25 07:40:00+00:00,0.06516,0.06549,0.06544,0.06528,1712631.4,0.065342,111906.7609388,1712631.4,111906.7609388,
2023-10-25 07:45:00+00:00,0.06463,0.06526,0.06525,0.06499,5823400.0,0.065033,378713.1722,5823400.0,378713.1722,
2023-10-25 07:50:00+00:00,0.06491,0.06525,0.06501,0.06521,1436603.9,0.065095,93515.7308705,1436603.9,93515.7308705,
2023-10-25 07:55:00+00:00,0.06513,0.06533,0.06518,0.06526,353745.8,0.065225,23073.069805,353745.8,23073.069805,
2023-10-25 08:00:00+00:00,0.06518,0.06544,0.06525,0.06524,1158790.2,0.065278,75643.5066756,1158790.2,75643.5066756,
2023-10-25 08:05:00+00:00,0.065,0.06528,0.06522,0.06507,669768.9,0.065143,43630.7554527,669768.9,43630.7554527,
2023-10-25 08:10:00+00:00,0.06485,0.06511,0.06506,0.06495,658137.8,0.064993,42774.3500354,658137.8,42774.3500354,
2023-10-25 08:15:00+00:00,0.06491,0.06524,0.06497,0.06521,294126.4,0.065082,19142.3343648,294126.4,19142.3343648,
2023-10-25 08:20:00+00:00,0.06519,0.06533,0.06525,0.06529,587689.9,0.065265,38355.5813235,587689.9,38355.5813235,
2023-10-25 08:25:00+00:00,0.06523,0.06535,0.06529,0.06525,781084.2,0.06528,50989.176576,781084.2,50989.176576,
2023-10-25 08:30:00+00:00,0.06524,0.06542,0.06526,0.06537,489121.7,0.065323,31950.8968091,489121.7,31950.8968091,
2023-10-25 08:35:00+00:00,0.06533,0.0655,0.06539,0.06545,869041.6,0.065418,56850.9633888,869041.6,56850.9633888,
2023-10-25 08:40:00+00:00,0.06533,0.06554,0.06546,0.06533,248471.0,0.065415,16253.730465,248471.0,16253.730465,
2023-10-25 08:45:00+00:00,0.06529,0.06543,0.06532,0.06537,1480777.7,0.065352,96771.7842504,1480777.7,96771.7842504,
2023-10-25 08:50:00+00:00,0.06529,0.06542,0.06538,0.0653,227261.1,0.065348,14851.0583628,227261.1,14851.0583628,
2023-10-25 08:55:00+00:00,0.06522,0.06537,0.06529,0.06535,1798422.5,0.065308,117451.37663,1798422.5,117451.37663,
2023-10-25 09:00:00+00:00,0.06525,0.06541,0.06533,0.0654,316882.9,0.065348,20707.6637492,316882.9,20707.6637492,
2023-10-25 09:05:00+00:00,0.06537,0.06555,0.0654,0.06555,280320.7,0.065468,18352.0355876,280320.7,18352.0355876,
2023-10-25 09:10:00+00:00,0.06551,0.06564,0.06554,0.06563,159303.2,0.06558,10447.103856,159303.2,10447.103856,
2023-10-25 09:15:00+00:00,0.06558,0.06569,0.06562,0.06562,231038.1,0.065627,15162.3373887,231038.1,15162.3373887,
2023-10-25 09:20:00+00:00,0.06555,0.06565,0.06564,0.06556,162789.3,0.0656,10678.97808,162789.3,10678.97808,
2023-10-25 09:25:00+00:00,0.06557,0.06585,0.06557,0.06582,1273425.4,0.065702,83666.5956308,1273425.4,83666.5956308,
2023-10-25 09:30:00+00:00,0.06572,0.06586,0.06579,0.06576,1055105.6,0.065782,69406.9565792,1055105.6,69406.9565792,
2023-10-25 09:35:00+00:00,0.06573,0.06588,0.06576,0.06574,885109.5,0.065778,58220.732691,885109.5,58220.732691,
2023-10-25 09:40:00+00:00,0.06564,0.06578,0.06573,0.06571,677064.9,0.065715,44493.3199035,677064.9,44493.3199035,
2023-10-25 09:45:00+00:00,0.06559,0.06572,0.0657,0.0656,1122145.4,0.065652,73671.0898008,1122145.4,73671.0898008,
2023-10-25 09:50:00+00:00,0.06554,0.0656,0.0656,0.06555,4463179.1,0.065572,292659.5799452,4463179.1,292659.5799452,
2023-10-25 09:55:00+00:00,0.0655,0.06559,0.06555,0.06555,1454143.1,0.065548,95316.1719188,1454143.1,95316.1719188,
2023-10-25 10:00:00+00:00,0.06543,0.06556,0.06556,0.06549,1180822.9,0.06551,77355.708179,1180822.9,77355.708179,
2023-10-25 10:05:00+00:00,0.06533,0.06553,0.06549,0.0654,6771725.8,0.065438,443128.1929004,6771725.8,443128.1929004,
2023-10-25 10:10:00+00:00,0.0654,0.06554,0.0654,0.06551,2598648.3,0.065463,170115.3136629,2598648.3,170115.3136629,
2023-10-25 10:15:00+00:00,0.06547,0.06562,0.06551,0.06556,1468138.5,0.06554,96221.79729,1468138.5,96221.79729,
2023-10-25 10:20:00+00:00,0.0655,0.06568,0.06557,0.06557,1785030.7,0.06558,117062.313306,1785030.7,117062.313306,
2023-10-25 10:25:00+00:00,0.06557,0.0657,0.0656,0.06569,1680726.8,0.06564,110322.907152,1680726.8,110322.907152,
2023-10-25 10:30:00+00:00,0.06563,0.06579,0.06568,0.06569,983144.5,0.065697,64589.6442165,983144.5,64589.6442165,
2023-10-25 10:35:00+00:00,0.06564,0.0657,0.06565,0.06569,132212.1,0.06567,8682.368607,132212.1,8682.368607,
2023-10-25 10:40:00+00:00,0.06568,0.06578,0.06568,0.06573,366741.2,0.065718,24101.4981816,366741.2,24101.4981816,
2023-10-25 10:45:00+00:00,0.06568,0.06578,0.06575,0.06576,242358.1,0.065742,15933.1062102,242358.1,15933.1062102,
2023-10-25 10:50:00+00:00,0.06571,0.06581,0.06575,0.06572,485960.3,0.065748,31950.9178044,485960.3,31950.9178044,
2023-10-25 10:55:00+00:00,0.06572,0.06585,0.06573,0.06584,836255.6,0.065785,55013.074646,836255.6,55013.074646,
2023-10-25 11:00:00+00:00,0.06569,0.06586,0.06585,0.06578,398805.8,0.065795,26239.427611,398805.8,26239.427611,
2023-10-25 11:05:00+00:00,0.06575,0.0659,0.06577,0.0659,304295.9,0.06583,20031.799097,304295.9,20031.799097,
2023-10-25 11:10:00+00:00,0.06579,0.06589,0.06589,0.06586,542049.9,0.065858,35698.3223142,542049.9,35698.3223142,
2023-10-25 11:15:00+00:00,0.0657,0.06598,0.06586,0.0657,2584668.5,0.06581,170097.033985,2584668.5,170097.033985,
2023-10-25 11:20:00+00:00,0.06562,0.06583,0.06574,0.06571,1798712.2,0.065725,118220.359345,1798712.2,118220.359345,
2023-10-25 11:25:00+00:00,0.06571,0.06583,0.06571,0.06579,462428.3,0.06576,30409.285008,462428.3,30409.285008,
2023-10-25 11:30:00+00:00,0.06574,0.06583,0.06579,0.06577,397621.0,0.065783,26156.702243,397621.0,26156.702243,
2023-10-25 11:35:00+00:00,0.06578,0.06592,0.06578,0.0659,887535.6,0.065845,58439.781582,887535.6,58439.781582,
2023-10-25 11:40:00+00:00,0.06531,0.06592,0.06592,0.06556,42422634.6,0.065678,2786233.7952588,42422634.6,2786233.7952588,
2023-10-25 11:45:00+00:00,0.06547,0.06562,0.06556,0.06558,4809143.0,0.065557,315272.987651,4809143.0,315272.987651,
2023-10-25 11:50:00+00:00,0.0654,0.06559,0.06557,0.0654,5372937.4,0.06549,351873.670326,5372937.4,351873.670326,
2023-10-25 11:55:00+00:00,0.06541,0.06551,0.06542,0.06549,3072936.4,0.065458,201148.2708712,3072936.4,201148.2708712,
2023-10-25 12:00:00+00:00,0.06548,0.06562,0.06548,0.06558,2069711.8,0.06554,135648.911372,2069711.8,135648.911372,
2023-10-25 12:05:00+00:00,0.06555,0.06571,0.06559,0.06565,1008504.6,0.065625,66183.114375,1008504.6,66183.114375,
2023-10-25 12:10:00+00:00,0.0656,0.06583,0.06566,0.06579,2209335.7,0.06572,145197.542204,2209335.7,145197.542204,
2023-10-25 12:15:00+00:00,0.06568,0.06589,0.06581,0.06582,2337440.1,0.0658,153803.55858,2337440.1,153803.55858,
2023-10-25 12:20:00+00:00,0.06571,0.06584,0.06582,0.06584,715162.5,0.065802,47059.122825,715162.5,47059.122825,
2023-10-25 12:25:00+00:00,0.06581,0.06594,0.06585,0.06585,1552012.8,0.065862,102218.6670336,1552012.8,102218.6670336,
2023-10-25 12:30:00+00:00,0.06583,0.06595,0.06586,0.06585,798224.6,0.065872,52580.6508512,798224.6,52580.6508512,
2023-10-25 12:35:00+00:00,0.06569,0.06587,0.06586,0.06574,1041907.5,0.06579,68547.094425,1041907.5,68547.094425,
2023-10-25 12:40:00+00:00,0.06572,0.06586,0.06573,0.06585,1203012.5,0.06579,79146.192375,1203012.5,79146.192375,
2023-10-25 12:45:00+00:00,0.0658,0.06588,0.06584,0.06588,490485.5,0.06585,32298.470175,490485.5,32298.470175,
2023-10-25 12:50:00+00:00,0.06583,0.06596,0.06588,0.06595,657145.0,0.065905,43309.141225,657145.0,43309.141225,
2023-10-25 12:55:00+00:00,0.06592,0.06616,0.06594,0.06606,3487817.7,0.06602,230265.724554,3487817.7,230265.724554,
2023-10-25 13:00:00+00:00,0.06596,0.06607,0.06607,0.06596,1418634.4,0.066015,93651.149916,1418634.4,93651.149916,
2023-10-25 13:05:00+00:00,0.06595,0.06619,0.06595,0.06607,1762063.0,0.06604,116366.64052,1762063.0,116366.64052,
2023-10-25 13:10:00+00:00,0.06597,0.06617,0.06607,0.06612,1750453.7,0.066082,115673.4814034,1750453.7,115673.4814034,
2023-10-25 13:15:00+00:00,0.06608,0.06643,0.06617,0.06641,3532842.1,0.066272,234128.5116512,3532842.1,234128.5116512,
2023-10-25 13:20:00+00:00,0.06634,0.06664,0.06641,0.06653,1249683.4,0.06648,83078.952432,1249683.4,83078.952432,
2023-10-25 13:25:00+00:00,0.06624,0.06655,0.06653,0.0663,1065922.2,0.066405,70782.563691,1065922.2,70782.563691,
2023-10-25 13:30:00+00:00,0.06609,0.06638,0.0663,0.06611,995434.7,0.06622,65917.685834,995434.7,65917.685834,
2023-10-25 13:35:00+00:00,0.06606,0.06618,0.06614,0.06617,508602.3,0.066138,33637.9389174,508602.3,33637.9389174,
2023-10-25 13:40:00+00:00,0.06575,0.06613,0.06613,0.0659,2716755.0,0.065978,179246.06139,2716755.0,179246.06139,
2023-10-25 13:45:00+00:00,0.06587,0.06604,0.06588,0.06597,396598.2,0.06594,26151.685308,396598.2,26151.685308,
2023-10-25 13:50:00+00:00,0.06596,0.06624,0.06599,0.06624,774723.8,0.066107,51214.6662466,774723.8,51214.6662466,
2023-10-25 13:55:00+00:00,0.06621,0.06634,0.06624,0.06633,447671.7,0.06628,29671.680276,447671.7,29671.680276,
2023-10-25 14:00:00+00:00,0.06618,0.06636,0.06632,0.06626,1124262.1,0.06628,74516.091988,1124262.1,74516.091988,
2023-10-25 14:05:00+00:00,0.0663,0.06645,0.0663,0.06637,1876987.1,0.066355,124547.4790205,1876987.1,124547.4790205,
2023-10-25 14:10:00+00:00,0.06624,0.06647,0.06637,0.06647,598787.7,0.066388,39752.3178276,598787.7,39752.3178276,
2023-10-25 14:15:00+00:00,0.06619,0.0665,0.06643,0.06621,700120.6,0.066332,46440.3996392,700120.6,46440.3996392,
2023-10-25 14:20:00+00:00,0.0662,0.06655,0.0662,0.06647,1047116.7,0.066355,69481.4286285,1047116.7,69481.4286285,
2023-10-25 14:25:00+00:00,0.06642,0.06651,0.06647,0.06651,1141627.9,0.066478,75893.1395362,1141627.9,75893.1395362,
2023-10-25 14:30:00+00:00,0.06642,0.06663,0.0665,0.0666,2181732.7,0.066538,145168.1303926,2181732.7,145168.1303926,
2023-10-25 14:35:00+00:00,0.06641,0.06675,0.06664,0.06663,6966057.0,0.066608,463995.124656,6966057.0,463995.124656,
2023-10-25 14:40:00+00:00,0.06646,0.06671,0.06663,0.06666,2399969.5,0.066615,159873.9682425,2399969.5,159873.9682425,
2023-10-25 14:45:00+00:00,0.06663,0.06694,0.06665,0.06684,3152753.1,0.066765,210493.5607215,3152753.1,210493.5607215,
2023-10-25 14:50:00+00:00,0.06662,0.06686,0.06685,0.06681,1892061.9,0.066785,126361.3539915,1892061.9,126361.3539915,
2023-10-25 14:55:00+00:00,0.0668,0.06702,0.06681,0.06694,2360750.2,0.066892,157915.3023784,2360750.2,157915.3023784,
2023-10-25 15:00:00+00:00,0.06694,0.06733,0.06698,0.06714,7202106.0,0.067098,483246.908388,7202106.0,483246.908388,
2023-10-25 15:05:00+00:00,0.06707,0.069,0.06717,0.06861,21216647.4,0.067963,1441947.0072462,21216647.4,1441947.0072462,
2023-10-25 15:10:00+00:00,0.06793,0.06909,0.0686,0.06824,10268252.9,0.068465,703015.9347985,10268252.9,703015.9347985,
2023-10-25 15:15:00+00:00,0.06729,0.06827,0.06823,0.06771,5380439.6,0.067875,365197.33785,5380439.6,365197.33785,
2023-10-25 15:20:00+00:00,0.06751,0.06786,0.0677,0.06774,2170425.9,0.067702,146942.1742818,2170425.9,146942.1742818,
2023-10-25 15:25:00+00:00,0.06766,0.068,0.06774,0.0679,2657095.1,0.067825,180217.4751575,2657095.1,180217.4751575,
2023-10-25 15:30:00+00:00,0.06787,0.06815,0.06791,0.06801,3725800.4,0.067985,253298.540194,3725800.4,253298.540194,
2023-10-25 15:35:00+00:00,0.06745,0.06808,0.06802,0.06752,3216806.9,0.067768,217996.5699992,3216806.9,217996.5699992,
2023-10-25 15:40:00+00:00,0.06734,0.06759,0.06749,0.06759,2080313.6,0.067502,140425.3286272,2080313.6,140425.3286272,
2023-10-25 15:45:00+00:00,0.06752,0.06774,0.06754,0.06772,2822514.0,0.06763,190886.62182,2822514.0,190886.62182,
2023-10-25 15:50:00+00:00,0.06756,0.0679,0.06771,0.06768,3012736.7,0.067713,204001.4401671,3012736.7,204001.4401671,
2023-10-25 15:55:00+00:00,0.0676,0.06806,0.06766,0.06782,1653391.4,0.067785,112075.136049,1653391.4,112075.136049,
2023-10-25 16:00:00+00:00,0.06762,0.06827,0.06782,0.06804,3798312.3,0.067938,258049.7410374,3798312.3,258049.7410374,
2023-10-25 16:05:00+00:00,0.0678,0.06818,0.06798,0.06792,1899728.6,0.06797,129124.552942,1899728.6,129124.552942,
2023-10-25 16:10:00+00:00,0.06787,0.06809,0.0679,0.068,1637669.7,0.067965,111304.2211605,1637669.7,111304.2211605,
2023-10-25 16:15:00+00:00,0.06766,0.06828,0.068,0.06766,3383063.9,0.0679,229710.03881,3383063.9,229710.03881,
2023-10-25 16:20:00+00:00,0.06742,0.06797,0.06766,0.06756,6358897.9,0.067652,430192.1607308,6358897.9,430192.1607308,
2023-10-25 16:25:00+00:00,0.06705,0.06764,0.06757,0.06707,9034314.3,0.067332,608298.4504476,9034314.3,608298.4504476,
2023-10-25 16:30:00+00:00,0.06706,0.06736,0.06706,0.06728,6095843.3,0.06719,409579.711327,6095843.3,409579.711327,
2023-10-25 16:35:00+00:00,0.06662,0.06729,0.06725,0.06664,2360553.5,0.06695,158039.056825,2360553.5,158039.056825,
2023-10-25 16:40:00+00:00,0.06647,0.06686,0.06666,0.06682,2613266.9,0.066702,174310.1287638,2613266.9,174310.1287638,
2023-10-25 16:45:00+00:00,0.06676,0.06701,0.06683,0.06686,2850719.7,0.066865,190613.3727405,2850719.7,190613.3727405,
2023-10-25 16:50:00+00:00,0.06653,0.06687,0.06687,0.06663,1345746.9,0.066725,89794.9619025,1345746.9,89794.9619025,
2023-10-25 16:55:00+00:00,0.06634,0.06671,0.06666,0.06635,2546147.8,0.066515,169357.020917,2546147.8,169357.020917,
2023-10-25 17:00:00+00:00,0.06608,0.06651,0.06634,0.06651,2243385.6,0.06636,148871.068416,2243385.6,148871.068416,
2023-10-25 17:05:00+00:00,0.06648,0.06675,0.06652,0.06673,1217091.8,0.06662,81082.655716,1217091.8,81082.655716,
2023-10-25 17:10:00+00:00,0.06667,0.06686,0.06675,0.06684,974835.5,0.06678,65099.51469,974835.5,65099.51469,
2023-10-25 17:15:00+00:00,0.06665,0.06689,0.0668,0.0667,1163021.8,0.06676,77643.335368,1163021.8,77643.335368,
2023-10-25 17:20:00+00:00,0.06664,0.06682,0.06668,0.06681,742131.4,0.066738,49528.3653732,742131.4,49528.3653732,
2023-10-25 17:25:00+00:00,0.06675,0.0669,0.06682,0.06689,1736639.7,0.06684,116076.997548,1736639.7,116076.997548,
2023-10-25 17:30:00+00:00,0.06688,0.0671,0.06688,0.0671,471185.8,0.06699,31564.736742,471185.8,31564.736742,
2023-10-25 17:35:00+00:00,0.06694,0.06714,0.0671,0.06698,1194052.1,0.06704,80049.252784,1194052.1,80049.252784,
2023-10-25 17:40:00+00:00,0.06669,0.06699,0.06696,0.06672,1982900.8,0.06684,132537.089472,1982900.8,132537.089472,
2023-10-25 17:45:00+00:00,0.06671,0.06695,0.06673,0.06692,1365094.7,0.066828,91226.5486116,1365094.7,91226.5486116,
2023-10-25 17:50:00+00:00,0.06677,0.06692,0.06692,0.06684,1268338.6,0.066862,84803.6554732,1268338.6,84803.6554732,
2023-10-25 17:55:00+00:00,0.06685,0.06701,0.06685,0.06697,1424468.1,0.06692,95325.405252,1424468.1,95325.405252,
2023-10-25 18:00:00+00:00,0.06693,0.06825,0.06696,0.06824,16823797.7,0.067595,1137204.6055315,16823797.7,1137204.6055315,
2023-10-25 18:05:00+00:00,0.06759,0.06848,0.06824,0.06782,7939579.1,0.068032,540145.4453312,7939579.1,540145.4453312,
2023-10-25 18:10:00+00:00,0.0676,0.0681,0.06781,0.06775,2918555.9,0.067815,197921.8683585,2918555.9,197921.8683585,
2023-10-25 18:15:00+00:00,0.06768,0.0689,0.06772,0.06797,10186397.5,0.068068,693367.70503,10186397.5,693367.70503,
2023-10-25 18:20:00+00:00,0.06784,0.06865,0.06797,0.06793,14724488.9,0.068098,1002708.2451122,14724488.9,1002708.2451122,
2023-10-25 18:25:00+00:00,0.06783,0.06823,0.06795,0.068,3659267.1,0.068002,248837.4813342,3659267.1,248837.4813342,
2023-10-25 18:30:00+00:00,0.06763,0.06822,0.06802,0.06785,3765193.2,0.06793,255769.574076,3765193.2,255769.574076,
2023-10-25 18:35:00+00:00,0.06759,0.06786,0.06785,0.06773,2430524.9,0.067758,164687.5061742,2430524.9,164687.5061742,
2023-10-25 18:40:00+00:00,0.06769,0.06791,0.06772,0.06786,1545598.1,0.067795,104783.8231895,1545598.1,104783.8231895,
2023-10-25 18:45:00+00:00,0.0678,0.0681,0.06786,0.0681,1981916.7,0.067965,134700.9685155,1981916.7,134700.9685155,
2023-10-25 18:50:00+00:00,0.06804,0.06836,0.06811,0.06817,3082322.6,0.06817,210121.931642,3082322.6,210121.931642,
2023-10-25 18:55:00+00:00,0.06804,0.06828,0.06816,0.06815,2426439.4,0.068158,165381.2566252,2426439.4,165381.2566252,
2023-10-25 19:00:00+00:00,0.06792,0.06819,0.06813,0.06792,1211823.5,0.06804,82452.47094,1211823.5,82452.47094,
2023-10-25 19:05:00+00:00,0.06772,0.06803,0.06793,0.06782,1096617.7,0.067875,74432.9263875,1096617.7,74432.9263875,
2023-10-25 19:10:00+00:00,0.06778,0.06787,0.06785,0.0678,614638.7,0.067825,41687.8698275,614638.7,41687.8698275,
2023-10-25 19:15:00+00:00,0.06755,0.06782,0.0678,0.06767,1932529.3,0.06771,130851.558903,1932529.3,130851.558903,
2023-10-25 19:20:00+00:00,0.0675,0.06768,0.06767,0.06753,958267.6,0.067595,64774.098422,958267.6,64774.098422,
2023-10-25 19:25:00+00:00,0.06751,0.06771,0.06751,0.06766,1179918.0,0.067598,79760.096964,1179918.0,79760.096964,
2023-10-25 19:30:00+00:00,0.06763,0.06775,0.06768,0.06774,608592.7,0.0677,41201.72579,608592.7,41201.72579,
2023-10-25 19:35:00+00:00,0.06767,0.0679,0.06775,0.06782,1695595.5,0.067785,114935.9409675,1695595.5,114935.9409675,
2023-10-25 19:40:00+00:00,0.06777,0.06799,0.06783,0.0678,1228933.5,0.067848,83380.680108,1228933.5,83380.680108,
2023-10-25 19:45:00+00:00,0.06779,0.06801,0.06779,0.06798,574009.2,0.067892,38970.6326064,574009.2,38970.6326064,
2023-10-25 19:50:00+00:00,0.06789,0.0681,0.068,0.06809,2563855.9,0.06802,174393.478318,2563855.9,174393.478318,
2023-10-25 19:55:00+00:00,0.06801,0.06819,0.0681,0.06808,2239506.4,0.068095,152499.188308,2239506.4,152499.188308,
2023-10-25 20:00:00+00:00,0.06805,0.06827,0.06808,0.06825,1574060.4,0.068162,107291.1049848,1574060.4,107291.1049848,
2023-10-25 20:05:00+00:00,0.06812,0.06848,0.06826,0.06839,2236010.2,0.068312,152746.3287824,2236010.2,152746.3287824,
2023-10-25 20:10:00+00:00,0.06836,0.06855,0.06839,0.06854,972856.3,0.06846,66601.742298,972856.3,66601.742298,
2023-10-25 20:15:00+00:00,0.06829,0.06873,0.06852,0.06864,3196963.3,0.068545,219135.8493985,3196963.3,219135.8493985,
2023-10-25 20:20:00+00:00,0.06859,0.06884,0.06862,0.06863,3660140.0,0.06867,251341.8138,3660140.0,251341.8138,
2023-10-25 20:25:00+00:00,0.06836,0.06871,0.06862,0.06859,2410044.7,0.06857,165256.765079,2410044.7,165256.765079,
2023-10-25 20:30:00+00:00,0.06849,0.0692,0.06855,0.06871,5079974.3,0.068738,349187.2734334,5079974.3,349187.2734334,
2023-10-25 20:35:00+00:00,0.06851,0.06915,0.06875,0.06908,4492441.1,0.068872,309403.4034392,4492441.1,309403.4034392,
2023-10-25 20:40:00+00:00,0.06881,0.06909,0.06906,0.06891,1167139.3,0.068967,80494.0961031,1167139.3,80494.0961031,
2023-10-25 20:45:00+00:00,0.06854,0.06889,0.06886,0.06854,2297403.3,0.068708,157849.9859364,2297403.3,157849.9859364,
2023-10-25 20:50:00+00:00,0.06817,0.06859,0.06854,0.06829,4071130.1,0.068398,278457.1565798,4071130.1,278457.1565798,
2023-10-25 20:55:00+00:00,0.06808,0.06836,0.06828,0.06819,1344478.1,0.068228,91731.0518068,1344478.1,91731.0518068,
2023-10-25 21:00:00+00:00,0.06803,0.06846,0.06819,0.06845,1395187.3,0.068282,95266.1792186,1395187.3,95266.1792186,
2023-10-25 21:05:00+00:00,0.06838,0.06861,0.06842,0.06861,4129440.4,0.068505,282887.314602,4129440.4,282887.314602,
2023-10-25 21:10:00+00:00,0.06841,0.06862,0.06861,0.06842,597175.8,0.068515,40915.499937,597175.8,40915.499937,
2023-10-25 21:15:00+00:00,0.06834,0.06865,0.06841,0.06859,2622536.4,0.068498,179638.4983272,2622536.4,179638.4983272,
2023-10-25 21:20:00+00:00,0.06859,0.06904,0.06859,0.06903,1948881.7,0.068812,134106.4475404,1948881.7,134106.4475404,
2023-10-25 21:25:00+00:00,0.06887,0.06909,0.06904,0.06893,1539277.1,0.068982,106182.4129122,1539277.1,106182.4129122,
2023-10-25 21:30:00+00:00,0.0685,0.06909,0.06892,0.06854,1786758.4,0.068762,122861.0811008,1786758.4,122861.0811008,
2023-10-25 21:35:00+00:00,0.0682,0.06862,0.06854,0.06826,2905943.7,0.068405,198781.0787985,2905943.7,198781.0787985,
2023-10-25 21:40:00+00:00,0.06805,0.06843,0.06824,0.06843,1840391.1,0.068288,125676.6274368,1840391.1,125676.6274368,
2023-10-25 21:45:00+00:00,0.06815,0.06849,0.06844,0.06827,1030717.9,0.068338,70437.1998502,1030717.9,70437.1998502,
2023-10-25 21:50:00+00:00,0.06819,0.06834,0.06827,0.06834,663840.3,0.068285,45330.3348855,663840.3,45330.3348855,
2023-10-25 21:55:00+00:00,0.06834,0.06879,0.06836,0.06868,1791878.1,0.068542,122818.9087302,1791878.1,122818.9087302,
2023-10-25 22:00:00+00:00,0.06857,0.0688,0.06868,0.06863,3570895.4,0.06867,245213.387118,3570895.4,245213.387118,
2023-10-25 22:05:00+00:00,0.06845,0.06865,0.06864,0.06855,922607.6,0.068573,63265.9709548,922607.6,63265.9709548,
2023-10-25 22:10:00+00:00,0.0685,0.06884,0.06852,0.06883,1242138.6,0.068672,85300.1419392,1242138.6,85300.1419392,
2023-10-25 22:15:00+00:00,0.06884,0.06952,0.06884,0.0692,5485357.4,0.0691,379038.19634,5485357.4,379038.19634,
2023-10-25 22:20:00+00:00,0.06881,0.06923,0.06916,0.06881,2007955.9,0.069002,138552.9730118,2007955.9,138552.9730118,
2023-10-25 22:25:00+00:00,0.0686,0.06887,0.06885,0.06864,929820.3,0.06874,63915.847422,929820.3,63915.847422,
2023-10-25 22:30:00+00:00,0.06852,0.06877,0.06865,0.06872,888220.5,0.068665,60989.6606325,888220.5,60989.6606325,
2023-10-25 22:35:00+00:00,0.06867,0.06903,0.06869,0.06896,1240045.7,0.068838,85362.2658966,1240045.7,85362.2658966,
2023-10-25 22:40:00+00:00,0.06891,0.06969,0.06894,0.06953,2919082.5,0.069268,202199.00661,2919082.5,202199.00661,
2023-10-25 22:45:00+00:00,0.06917,0.0698,0.06952,0.06929,1774805.8,0.069445,123251.388781,1774805.8,123251.388781,
2023-10-25 22:50:00+00:00,0.06902,0.06932,0.06929,0.06924,1109369.6,0.069218,76788.3449728,1109369.6,76788.3449728,
2023-10-25 22:55:00+00:00,0.06888,0.06928,0.06924,0.06891,2340333.1,0.069077,161663.1895487,2340333.1,161663.1895487,
2023-10-25 23:00:00+00:00,0.06843,0.06905,0.0689,0.0687,2835028.1,0.06877,194964.882437,2835028.1,194964.882437,
2023-10-25 23:05:00+00:00,0.06844,0.06882,0.0687,0.06857,1787616.3,0.068632,122687.6819016,1787616.3,122687.6819016,
2023-10-25 23:10:00+00:00,0.06837,0.06867,0.06854,0.06845,2951864.3,0.068508,202226.3194644,2951864.3,202226.3194644,
2023-10-25 23:15:00+00:00,0.06845,0.0687,0.06846,0.06867,1417075.4,0.06857,97168.860178,1417075.4,97168.860178,
2023-10-25 23:20:00+00:00,0.06856,0.0687,0.06867,0.06865,598239.9,0.068645,41066.1779355,598239.9,41066.1779355,
2023-10-25 23:25:00+00:00,0.06851,0.06867,0.06866,0.06851,638462.9,0.068588,43790.8933852,638462.9,43790.8933852,
2023-10-25 23:30:00+00:00,0.0685,0.06867,0.0685,0.06867,334513.1,0.068585,22942.5809635,334513.1,22942.5809635,
2023-10-25 23:35:00+00:00,0.06827,0.06867,0.06866,0.06829,438052.3,0.068472,29994.3170856,438052.3,29994.3170856,
2023-10-25 23:40:00+00:00,0.06822,0.0684,0.06831,0.06838,378824.2,0.068328,25884.2999376,378824.2,25884.2999376,
2023-10-25 23:45:00+00:00,0.06823,0.06839,0.06838,0.06829,482847.1,0.068323,32989.5624133,482847.1,32989.5624133,
2023-10-25 23:50:00+00:00,0.06818,0.06835,0.06831,0.06824,1767274.4,0.06827,120651.823288,1767274.4,120651.823288,
2023-10-25 23:55:00+00:00,0.06821,0.06835,0.06822,0.06835,337798.7,0.068282,23065.5708334,337798.7,23065.5708334,
2023-10-26 00:00:00+00:00,0.0681,0.0684,0.06833,0.06812,1349561.5,0.068238,92091.377637,1349561.5,92091.377637,
2023-10-26 00:05:00+00:00,0.06804,0.06834,0.06813,0.06813,1402448.2,0.06816,95590.869312,1402448.2,95590.869312,
2023-10-26 00:10:00+00:00,0.06805,0.06835,0.0681,0.06833,718846.4,0.068208,49031.0752512,718846.4,49031.0752512,
2023-10-26 00:15:00+00:00,0.06826,0.06839,0.06833,0.06834,499453.7,0.06833,34127.671321,499453.7,34127.671321,
2023-10-26 00:20:00+00:00,0.06831,0.06849,0.06833,0.06848,480664.0,0.068402,32878.378928,480664.0,32878.378928,
2023-10-26 00:25:00+00:00,0.06848,0.0689,0.06848,0.06883,1191243.2,0.068672,81805.0530304,1191243.2,81805.0530304,
2023-10-26 00:30:00+00:00,0.06866,0.06884,0.06884,0.06879,1042320.6,0.068782,71692.8955092,1042320.6,71692.8955092,
2023-10-26 00:35:00+00:00,0.06845,0.06878,0.06878,0.06861,586831.2,0.068655,40288.896036,586831.2,40288.896036,
2023-10-26 00:40:00+00:00,0.06832,0.06859,0.06858,0.06834,466037.5,0.068458,31903.995175,466037.5,31903.995175,
2023-10-26 00:45:00+00:00,0.06783,0.06835,0.06833,0.06802,1184513.4,0.068132,80703.2669688,1184513.4,80703.2669688,
2023-10-26 00:50:00+00:00,0.06789,0.0685,0.068,0.06849,1980671.7,0.06822,135121.423374,1980671.7,135121.423374,
2023-10-26 00:55:00+00:00,0.06839,0.0687,0.06847,0.06863,559930.2,0.068548,38382.0953496,559930.2,38382.0953496,
2023-10-26 01:00:00+00:00,0.06848,0.06871,0.06861,0.06852,704691.4,0.06858,48327.736212,704691.4,48327.736212,
2023-10-26 01:05:00+00:00,0.06843,0.06895,0.06845,0.06881,1027184.0,0.06866,70526.45344,1027184.0,70526.45344,
2023-10-26 01:10:00+00:00,0.06869,0.06955,0.06876,0.06918,2750888.3,0.069045,189935.0826735,2750888.3,189935.0826735,
2023-10-26 01:15:00+00:00,0.06899,0.06939,0.06916,0.06904,820128.5,0.069145,56707.7851325,820128.5,56707.7851325,
2023-10-26 01:20:00+00:00,0.06897,0.06959,0.06908,0.06937,1324360.3,0.069253,91715.9238559,1324360.3,91715.9238559,
2023-10-26 01:25:00+00:00,0.06923,0.06953,0.06938,0.06939,842678.6,0.069382,58466.7266252,842678.6,58466.7266252,
2023-10-26 01:30:00+00:00,0.06932,0.06971,0.06943,0.06942,3463668.7,0.06947,240621.064589,3463668.7,240621.064589,
2023-10-26 01:35:00+00:00,0.06942,0.07071,0.06943,0.07069,11713890.7,0.070062,820698.6102234,11713890.7,820698.6102234,
2023-10-26 01:40:00+00:00,0.07002,0.0707,0.07065,0.07002,4459748.2,0.070348,313734.3663736,4459748.2,313734.3663736,
2023-10-26 01:45:00+00:00,0.06989,0.07048,0.07003,0.07002,2276086.1,0.070105,159565.0160405,2276086.1,159565.0160405,
2023-10-26 01:50:00+00:00,0.06984,0.0703,0.07001,0.07027,1807532.9,0.070105,126717.0939545,1807532.9,126717.0939545,
2023-10-26 01:55:00+00:00,0.07019,0.07093,0.07029,0.07065,2880569.2,0.070515,203123.337138,2880569.2,203123.337138,
2023-10-26 02:00:00+00:00,0.0704,0.071,0.07067,0.07085,3971720.9,0.07073,280919.819257,3971720.9,280919.819257,
2023-10-26 02:05:00+00:00,0.07077,0.0717,0.07091,0.07163,7352041.0,0.071252,523847.625332,7352041.0,523847.625332,
2023-10-26 02:10:00+00:00,0.07086,0.0717,0.07161,0.07087,7655340.4,0.07126,545519.556904,7655340.4,545519.556904,
2023-10-26 02:15:00+00:00,0.07051,0.07093,0.07086,0.07055,2470385.5,0.070713,174688.3698615,2470385.5,174688.3698615,
2023-10-26 02:20:00+00:00,0.07017,0.07066,0.07054,0.07038,2894397.6,0.070438,203875.5781488,2894397.6,203875.5781488,
2023-10-26 02:25:00+00:00,0.07016,0.07044,0.0704,0.07024,4978107.0,0.07031,350010.70317,4978107.0,350010.70317,
2023-10-26 02:30:00+00:00,0.07023,0.07091,0.07023,0.07091,3508130.7,0.07057,247568.783499,3508130.7,247568.783499,
2023-10-26 02:35:00+00:00,0.0707,0.07136,0.07086,0.07127,6350733.3,0.071048,451206.8994984,6350733.3,451206.8994984,
2023-10-26 02:40:00+00:00,0.07107,0.07133,0.07127,0.07122,4582292.3,0.071222,326360.0221906,4582292.3,326360.0221906,
2023-10-26 02:45:00+00:00,0.07111,0.07153,0.07118,0.07121,5373173.8,0.071258,382881.6186404,5373173.8,382881.6186404,
2023-10-26 02:50:00+00:00,0.07118,0.0719,0.07119,0.07188,3797023.7,0.071538,271631.4814506,3797023.7,271631.4814506,
2023-10-26 02:55:00+00:00,0.07185,0.07236,0.07187,0.07232,9636979.8,0.0721,694826.24358,9636979.8,694826.24358,
2023-10-26 03:00:00+00:00,0.0721,0.07299,0.07233,0.07281,10390402.2,0.072558,753906.8028276,10390402.2,753906.8028276,
2023-10-26 03:05:00+00:00,0.07217,0.07287,0.07282,0.07228,5353643.6,0.072535,388326.538526,5353643.6,388326.538526,
2023-10-26 03:10:00+00:00,0.07218,0.07289,0.07223,0.07277,3052907.2,0.072518,221390.7243296,3052907.2,221390.7243296,
2023-10-26 03:15:00+00:00,0.07225,0.07283,0.07282,0.0723,3530505.3,0.07255,256138.159515,3530505.3,256138.159515,
2023-10-26 03:20:00+00:00,0.07228,0.07273,0.0723,0.07248,2251946.1,0.072448,163148.9910528,2251946.1,163148.9910528,
2023-10-26 03:25:00+00:00,0.0718,0.07243,0.07243,0.07185,4436547.6,0.072128,319999.3052928,4436547.6,319999.3052928,
2023-10-26 03:30:00+00:00,0.07177,0.07204,0.07186,0.07192,1142442.1,0.071898,82139.3021058,1142442.1,82139.3021058,
2023-10-26 03:35:00+00:00,0.0718,0.07195,0.07191,0.0718,510217.0,0.071865,36666.744705,510217.0,36666.744705,
2023-10-26 03:40:00+00:00,0.07161,0.07184,0.07178,0.07166,700678.5,0.071722,50254.063377,700678.5,50254.063377,
2023-10-26 03:45:00+00:00,0.07154,0.0717,0.0717,0.07165,1109284.6,0.071648,79478.0230208,1109284.6,79478.0230208,
2023-10-26 03:50:00+00:00,0.07136,0.07168,0.07168,0.07146,2458513.1,0.071545,175894.3197395,2458513.1,175894.3197395,
2023-10-26 03:55:00+00:00,0.07143,0.07158,0.07147,0.07146,1709812.7,0.071485,122225.9608595,1709812.7,122225.9608595,
2023-10-26 04:00:00+00:00,0.0712,0.07167,0.07143,0.07122,1743450.9,0.07138,124447.525242,1743450.9,124447.525242,
2023-10-26 04:05:00+00:00,0.07117,0.07137,0.07124,0.07133,1009082.8,0.071278,71925.4038184,1009082.8,71925.4038184,
2023-10-26 04:10:00+00:00,0.07112,0.07152,0.07133,0.0712,1422880.5,0.071292,101439.996606,1422880.5,101439.996606,
2023-10-26 04:15:00+00:00,0.07117,0.07142,0.0712,0.07142,632179.1,0.071302,45075.6341882,632179.1,45075.6341882,
2023-10-26 04:20:00+00:00,0.0712,0.07147,0.07143,0.07131,704138.4,0.071352,50241.6831168,704138.4,50241.6831168,
2023-10-26 04:25:00+00:00,0.07126,0.07141,0.07132,0.07141,330707.7,0.07135,23595.994395,330707.7,23595.994395,
2023-10-26 04:30:00+00:00,0.07117,0.07142,0.07142,0.0713,1431096.0,0.071327,102075.784392,1431096.0,102075.784392,
2023-10-26 04:35:00+00:00,0.07126,0.07148,0.07129,0.07142,680620.8,0.071362,48570.4615296,680620.8,48570.4615296,
2023-10-26 04:40:00+00:00,0.07129,0.07159,0.07137,0.07152,1009305.2,0.071442,72106.7820984,1009305.2,72106.7820984,
2023-10-26 04:45:00+00:00,0.07122,0.07152,0.07149,0.07124,713257.4,0.071368,50903.7541232,713257.4,50903.7541232,
2023-10-26 04:50:00+00:00,0.07106,0.07126,0.07124,0.07124,1659500.1,0.0712,118156.40712,1659500.1,118156.40712,
2023-10-26 04:55:00+00:00,0.0711,0.07134,0.07124,0.0713,3366740.9,0.071245,239863.4554205,3366740.9,239863.4554205,
2023-10-26 05:00:00+00:00,0.0711,0.07132,0.07128,0.07112,625606.7,0.071205,44546.3250735,625606.7,44546.3250735,
2023-10-26 05:05:00+00:00,0.07096,0.07118,0.07113,0.07102,1100412.0,0.071072,78208.481664,1100412.0,78208.481664,
2023-10-26 05:10:00+00:00,0.07099,0.07131,0.07107,0.07131,867981.2,0.07117,61774.222004,867981.2,61774.222004,
2023-10-26 05:15:00+00:00,0.07109,0.07152,0.07131,0.07109,1322264.7,0.071252,94214.0044044,1322264.7,94214.0044044,
2023-10-26 05:20:00+00:00,0.07106,0.0712,0.07109,0.07115,1927953.8,0.071125,137125.714025,1927953.8,137125.714025,
2023-10-26 05:25:00+00:00,0.07102,0.07121,0.07115,0.07108,970028.3,0.071115,68983.5625545,970028.3,68983.5625545,
2023-10-26 05:30:00+00:00,0.07104,0.07142,0.07109,0.07128,646900.7,0.071208,46064.5050456,646900.7,46064.5050456,
2023-10-26 05:35:00+00:00,0.07112,0.07144,0.07129,0.07131,1415714.1,0.07129,100926.258189,1415714.1,100926.258189,
2023-10-26 05:40:00+00:00,0.07108,0.07138,0.07133,0.07131,827008.1,0.071275,58945.0023275,827008.1,58945.0023275,
2023-10-26 05:45:00+00:00,0.07074,0.07133,0.0713,0.0708,1712583.8,0.071043,121667.0909034,1712583.8,121667.0909034,
2023-10-26 05:50:00+00:00,0.07049,0.07085,0.07082,0.07067,1748991.5,0.070707,123665.9419905,1748991.5,123665.9419905,
2023-10-26 05:55:00+00:00,0.07048,0.0708,0.07067,0.07059,829826.5,0.070635,58614.7948275,829826.5,58614.7948275,
2023-10-26 06:00:00+00:00,0.07019,0.07061,0.07054,0.07019,1738383.6,0.070382,122350.9145352,1738383.6,122350.9145352,
2023-10-26 06:05:00+00:00,0.07001,0.07036,0.0702,0.07017,2069493.7,0.070185,145247.4153345,2069493.7,145247.4153345,
2023-10-26 06:10:00+00:00,0.07009,0.07045,0.07019,0.07045,2832202.4,0.070295,199089.667708,2832202.4,199089.667708,
2023-10-26 06:15:00+00:00,0.07033,0.07061,0.07046,0.0706,2518465.9,0.0705,177551.84595,2518465.9,177551.84595,
2023-10-26 06:20:00+00:00,0.07053,0.07075,0.07061,0.07072,1557141.0,0.070652,110015.125932,1557141.0,110015.125932,
2023-10-26 06:25:00+00:00,0.07054,0.07073,0.07071,0.07057,684136.6,0.070637,48325.3570142,684136.6,48325.3570142,
2023-10-26 06:30:00+00:00,0.07048,0.07081,0.07057,0.07069,1283919.0,0.070637,90692.186403,1283919.0,90692.186403,
2023-10-26 06:35:00+00:00,0.07057,0.07072,0.07068,0.07058,444145.6,0.070638,31373.5568928,444145.6,31373.5568928,
2023-10-26 06:40:00+00:00,0.07056,0.0707,0.07056,0.07068,499060.6,0.070625,35246.154875,499060.6,35246.154875,
2023-10-26 06:45:00+00:00,0.07066,0.07074,0.07069,0.07068,1872492.3,0.070692,132370.2256716,1872492.3,132370.2256716,
2023-10-26 06:50:00+00:00,0.07063,0.07073,0.07068,0.07065,1889005.0,0.070672,133499.76136,1889005.0,133499.76136,
2023-10-26 06:55:00+00:00,0.07066,0.07085,0.07067,0.07072,1239487.5,0.070725,87662.7534375,1239487.5,87662.7534375,
2023-10-26 07:00:00+00:00,0.07051,0.07073,0.07072,0.07057,926800.9,0.070633,65462.7279697,926800.9,65462.7279697,
2023-10-26 07:05:00+00:00,0.0705,0.07066,0.07055,0.0705,2568478.9,0.070552,181211.3233528,2568478.9,181211.3233528,
2023-10-26 07:10:00+00:00,0.07049,0.07094,0.07049,0.07088,1760848.5,0.0707,124491.98895,1760848.5,124491.98895,
2023-10-26 07:15:00+00:00,0.07087,0.07102,0.07089,0.071,3119381.9,0.070945,221304.5488955,3119381.9,221304.5488955,
2023-10-26 07:20:00+00:00,0.07098,0.07114,0.071,0.0711,9320487.6,0.071055,662267.246418,9320487.6,662267.246418,
2023-10-26 07:25:00+00:00,0.0711,0.07156,0.0711,0.07155,8342708.9,0.071328,595068.7404192,8342708.9,595068.7404192,
2023-10-26 07:30:00+00:00,0.07152,0.07165,0.07155,0.07161,4468160.3,0.071582,319839.8505946,4468160.3,319839.8505946,
2023-10-26 07:35:00+00:00,0.07143,0.07164,0.07162,0.07164,658802.9,0.071582,47158.4291878,658802.9,47158.4291878,
2023-10-26 07:40:00+00:00,0.0716,0.07203,0.07164,0.07196,5651441.6,0.071808,405818.7184128,5651441.6,405818.7184128,
2023-10-26 07:45:00+00:00,0.0718,0.07215,0.07194,0.07211,3807174.9,0.072,274116.5928,3807174.9,274116.5928,
2023-10-26 07:50:00+00:00,0.07195,0.07241,0.07214,0.07241,3585584.4,0.072228,258979.5900432,3585584.4,258979.5900432,
2023-10-26 07:55:00+00:00,0.07235,0.07287,0.07241,0.07268,4948916.0,0.072578,359182.425448,4948916.0,359182.425448,
2023-10-26 08:00:00+00:00,0.07215,0.07271,0.07267,0.0724,2203390.8,0.072482,159706.1719656,2203390.8,159706.1719656,
2023-10-26 08:05:00+00:00,0.07213,0.07245,0.07234,0.07213,1958116.4,0.072263,141499.3654132,1958116.4,141499.3654132,
2023-10-26 08:10:00+00:00,0.07166,0.07215,0.07213,0.07178,2512591.0,0.07193,180730.67063,2512591.0,180730.67063,
2023-10-26 08:15:00+00:00,0.07172,0.07246,0.0718,0.07246,4332064.3,0.07211,312385.156673,4332064.3,312385.156673,
2023-10-26 08:20:00+00:00,0.07171,0.07254,0.07247,0.07181,13533758.8,0.072132,976217.0897616,13533758.8,976217.0897616,
2023-10-26 08:25:00+00:00,0.07154,0.07187,0.07182,0.07158,3585632.9,0.071702,257097.0501958,3585632.9,257097.0501958,
2023-10-26 08:30:00+00:00,0.07149,0.07204,0.07158,0.07188,2556745.7,0.071748,183441.3904836,2556745.7,183441.3904836,
2023-10-26 08:35:00+00:00,0.07186,0.07248,0.07186,0.07223,2477246.5,0.072108,178629.290622,2477246.5,178629.290622,
2023-10-26 08:40:00+00:00,0.07219,0.07258,0.0722,0.07233,1142571.0,0.072325,82636.447575,1142571.0,82636.447575,
2023-10-26 08:45:00+00:00,0.07226,0.07253,0.07233,0.07246,1318437.3,0.072395,95448.2683335,1318437.3,95448.2683335,
2023-10-26 08:50:00+00:00,0.07209,0.07264,0.0725,0.07218,2969041.9,0.072352,214816.1195488,2969041.9,214816.1195488,
2023-10-26 08:55:00+00:00,0.0719,0.07218,0.07216,0.07203,1072290.8,0.072067,77276.7810836,1072290.8,77276.7810836,
2023-10-26 09:00:00+00:00,0.0719,0.07214,0.07203,0.07212,1743993.9,0.072048,125651.2725072,1743993.9,125651.2725072,
2023-10-26 09:05:00+00:00,0.07212,0.0729,0.07212,0.07282,1773109.9,0.07249,128532.736651,1773109.9,128532.736651,
2023-10-26 09:10:00+00:00,0.07197,0.073,0.07286,0.07216,3334098.4,0.072497,241712.1317048,3334098.4,241712.1317048,
2023-10-26 09:15:00+00:00,0.07149,0.0721,0.0721,0.07167,5766381.9,0.07184,414256.875696,5766381.9,414256.875696,
2023-10-26 09:20:00+00:00,0.07126,0.0716,0.07155,0.07137,4752738.0,0.071445,339559.36641,4752738.0,339559.36641,
2023-10-26 09:25:00+00:00,0.07089,0.07143,0.07138,0.07089,4210953.6,0.071148,299600.9267328,4210953.6,299600.9267328,
2023-10-26 09:30:00+00:00,0.07096,0.07156,0.07096,0.07152,2446439.9,0.07125,174308.842875,2446439.9,174308.842875,
2023-10-26 09:35:00+00:00,0.07143,0.07166,0.07151,0.07166,523964.2,0.071565,37497.497973,523964.2,37497.497973,
2023-10-26 09:40:00+00:00,0.07159,0.07176,0.07166,0.07171,660559.4,0.07168,47348.897792,660559.4,47348.897792,
2023-10-26 09:45:00+00:00,0.07171,0.07196,0.07171,0.07192,805694.8,0.071825,57869.02901,805694.8,57869.02901,
2023-10-26 09:50:00+00:00,0.07185,0.07205,0.07195,0.07204,996696.4,0.071973,71735.2299972,996696.4,71735.2299972,
2023-10-26 09:55:00+00:00,0.07204,0.07257,0.07205,0.07223,2322216.4,0.072223,167717.4350572,2322216.4,167717.4350572,
2023-10-26 10:00:00+00:00,0.07179,0.07263,0.07223,0.07233,3528925.6,0.072245,254947.229972,3528925.6,254947.229972,
2023-10-26 10:05:00+00:00,0.07212,0.0728,0.0723,0.07266,3636786.4,0.07247,263557.910408,3636786.4,263557.910408,
2023-10-26 10:10:00+00:00,0.0726,0.07337,0.07269,0.07332,7344644.6,0.072995,536122.332577,7344644.6,536122.332577,
2023-10-26 10:15:00+00:00,0.07277,0.07337,0.07331,0.07321,2497003.5,0.073165,182693.2610775,2497003.5,182693.2610775,
2023-10-26 10:20:00+00:00,0.07241,0.07322,0.07322,0.0725,2705866.9,0.072838,197089.9332622,2705866.9,197089.9332622,
2023-10-26 10:25:00+00:00,0.07243,0.07291,0.07246,0.07256,1227501.3,0.07259,89104.319367,1227501.3,89104.319367,
2023-10-26 10:30:00+00:00,0.07242,0.07278,0.07252,0.07261,1255363.9,0.072582,91116.8225898,1255363.9,91116.8225898,
2023-10-26 10:35:00+00:00,0.07227,0.07273,0.07261,0.07238,2826822.8,0.072497,204936.1725316,2826822.8,204936.1725316,
2023-10-26 10:40:00+00:00,0.072,0.0725,0.07235,0.07203,4145899.3,0.07222,299416.847446,4145899.3,299416.847446,
2023-10-26 10:45:00+00:00,0.07152,0.07218,0.07206,0.0719,5512226.4,0.071915,396411.761556,5512226.4,396411.761556,
2023-10-26 10:50:00+00:00,0.07174,0.07206,0.07187,0.07185,1250416.5,0.07188,89879.93802,1250416.5,89879.93802,
2023-10-26 10:55:00+00:00,0.07171,0.07229,0.07186,0.07229,1005654.6,0.072038,72445.3460748,1005654.6,72445.3460748,
2023-10-26 11:00:00+00:00,0.07223,0.07251,0.07226,0.07236,1005650.9,0.07234,72748.786106,1005650.9,72748.786106,
2023-10-26 11:05:00+00:00,0.07223,0.0727,0.07232,0.07267,1210553.6,0.07248,87740.924928,1210553.6,87740.924928,
2023-10-26 11:10:00+00:00,0.07255,0.07321,0.07267,0.07318,3441583.1,0.072903,250901.7327393,3441583.1,250901.7327393,
2023-10-26 11:15:00+00:00,0.07288,0.07337,0.07318,0.07292,5991863.5,0.073088,437933.319488,5991863.5,437933.319488,
2023-10-26 11:20:00+00:00,0.07253,0.07288,0.07288,0.07268,1560557.4,0.072742,113518.0663908,1560557.4,113518.0663908,
2023-10-26 11:25:00+00:00,0.07235,0.07287,0.07277,0.07245,2260588.0,0.07261,164141.29468,2260588.0,164141.29468,
2023-10-26 11:30:00+00:00,0.07206,0.07247,0.07245,0.07227,2333802.6,0.072312,168761.9336112,2333802.6,168761.9336112,
2023-10-26 11:35:00+00:00,0.07194,0.0724,0.07231,0.07194,2771185.6,0.072148,199935.4986688,2771185.6,199935.4986688,
2023-10-26 11:40:00+00:00,0.07192,0.07447,0.07197,0.0741,40766601.6,0.073115,2980650.075984,40766601.6,2980650.075984,
2023-10-26 11:45:00+00:00,0.07298,0.07458,0.07408,0.07318,8889842.5,0.073705,655225.8414625,8889842.5,655225.8414625,
2023-10-26 11:50:00+00:00,0.07294,0.07341,0.07313,0.0731,15189608.7,0.073145,1111043.9283615,15189608.7,1111043.9283615,
2023-10-26 11:55:00+00:00,0.07305,0.07423,0.07306,0.07423,10114060.7,0.073642,744819.6580694,10114060.7,744819.6580694,
2023-10-26 12:00:00+00:00,0.07395,0.07451,0.07417,0.074,4177620.3,0.074158,309803.9662074,4177620.3,309803.9662074,
2023-10-26 12:05:00+00:00,0.07374,0.07449,0.07403,0.0744,3368300.9,0.074165,249810.0362485,3368300.9,249810.0362485,
2023-10-26 12:10:00+00:00,0.07447,0.07515,0.07447,0.07499,8135755.1,0.07477,608310.408827,8135755.1,608310.408827,
2023-10-26 12:15:00+00:00,0.07403,0.07495,0.07495,0.07444,6406495.2,0.074592,477873.2899584,6406495.2,477873.2899584,
2023-10-26 12:20:00+00:00,0.0742,0.0748,0.0745,0.07455,2987799.6,0.074512,222626.9237952,2987799.6,222626.9237952,
2023-10-26 12:25:00+00:00,0.07451,0.07497,0.07455,0.07468,3130140.3,0.074678,233752.6173234,3130140.3,233752.6173234,
2023-10-26 12:30:00+00:00,0.07416,0.0751,0.0747,0.07503,8010317.6,0.074748,598755.2199648,8010317.6,598755.2199648,
2023-10-26 12:35:00+00:00,0.07447,0.07516,0.075,0.07457,5067636.2,0.0748,379059.18776,5067636.2,379059.18776,
2023-10-26 12:40:00+00:00,0.07439,0.07474,0.07458,0.0745,1970925.8,0.074553,146938.4311674,1970925.8,146938.4311674,
2023-10-26 12:45:00+00:00,0.07416,0.07457,0.07449,0.07416,1316278.8,0.074345,97858.747386,1316278.8,97858.747386,
2023-10-26 12:50:00+00:00,0.07392,0.07427,0.07414,0.07409,4123802.4,0.074105,305594.376852,4123802.4,305594.376852,
2023-10-26 12:55:00+00:00,0.07401,0.07424,0.07408,0.07403,1730927.8,0.07409,128244.440702,1730927.8,128244.440702,
2023-10-26 13:00:00+00:00,0.07405,0.07432,0.07405,0.07424,898673.1,0.074165,66650.0904615,898673.1,66650.0904615,
2023-10-26 13:05:00+00:00,0.07408,0.07423,0.07422,0.07417,2079315.6,0.074175,154233.23463,2079315.6,154233.23463,
2023-10-26 13:10:00+00:00,0.07415,0.07439,0.07419,0.07431,3591144.7,0.07426,266678.405422,3591144.7,266678.405422,
2023-10-26 13:15:00+00:00,0.07338,0.07433,0.07431,0.0736,3362373.4,0.073905,248496.206127,3362373.4,248496.206127,
2023-10-26 13:20:00+00:00,0.07335,0.07371,0.07358,0.0735,3169162.3,0.073535,233044.3497305,3169162.3,233044.3497305,
2023-10-26 13:25:00+00:00,0.07321,0.07362,0.07352,0.07322,3584626.6,0.073392,263082.9154272,3584626.6,263082.9154272,
2023-10-26 13:30:00+00:00,0.07316,0.0735,0.07323,0.07326,1351409.3,0.073288,99042.0847784,1351409.3,99042.0847784,
2023-10-26 13:35:00+00:00,0.07262,0.07324,0.07324,0.07284,4736973.3,0.072985,345727.9963005,4736973.3,345727.9963005,
2023-10-26 13:40:00+00:00,0.0728,0.07324,0.07281,0.073,3186342.7,0.072962,232481.9360774,3186342.7,232481.9360774,
2023-10-26 13:45:00+00:00,0.07221,0.07313,0.07299,0.07242,7468770.0,0.072688,542889.95376,7468770.0,542889.95376,
2023-10-26 13:50:00+00:00,0.07207,0.07255,0.07241,0.07209,4132082.9,0.07228,298666.952012,4132082.9,298666.952012,
2023-10-26 13:55:00+00:00,0.07166,0.07221,0.07207,0.07184,6806831.8,0.071945,489717.513851,6806831.8,489717.513851,
2023-10-26 14:00:00+00:00,0.07158,0.07223,0.07184,0.07215,2568252.4,0.07195,184785.76018,2568252.4,184785.76018,
2023-10-26 14:05:00+00:00,0.07173,0.0722,0.07219,0.07173,935213.8,0.071963,67300.7906894,935213.8,67300.7906894,
2023-10-26 14:10:00+00:00,0.07163,0.07219,0.07174,0.07212,2696417.1,0.07192,193926.317832,2696417.1,193926.317832,
2023-10-26 14:15:00+00:00,0.07162,0.07222,0.07213,0.07215,4519507.0,0.07203,325540.08921,4519507.0,325540.08921,
2023-10-26 14:20:00+00:00,0.0713,0.0724,0.07216,0.07175,3574011.1,0.071903,256982.1201233,3574011.1,256982.1201233,
2023-10-26 14:25:00+00:00,0.07168,0.072,0.07175,0.07194,1273369.5,0.071842,91481.411619,1273369.5,91481.411619,
2023-10-26 14:30:00+00:00,0.07066,0.07205,0.07198,0.07097,14160117.0,0.071415,1011244.755555,14160117.0,1011244.755555,
2023-10-26 14:35:00+00:00,0.06936,0.07127,0.07092,0.0705,16096362.8,0.070512,1134986.7337536,16096362.8,1134986.7337536,
2023-10-26 14:40:00+00:00,0.0701,0.0708,0.07047,0.0707,12105910.3,0.070518,853684.5825354,12105910.3,853684.5825354,
2023-10-26 14:45:00+00:00,0.07057,0.0712,0.07068,0.07116,6000639.7,0.070902,425457.3560094,6000639.7,425457.3560094,
2023-10-26 14:50:00+00:00,0.07085,0.07116,0.07114,0.07106,2962800.9,0.071052,210512.9295468,2962800.9,210512.9295468,
2023-10-26 14:55:00+00:00,0.07101,0.07122,0.07105,0.07122,4951905.9,0.071125,352204.3071375,4951905.9,352204.3071375,
2023-10-26 15:00:00+00:00,0.07083,0.07131,0.07121,0.07093,3022052.4,0.07107,214777.264068,3022052.4,214777.264068,
2023-10-26 15:05:00+00:00,0.07064,0.07092,0.07087,0.07075,3924714.0,0.070795,277850.12763,3924714.0,277850.12763,
2023-10-26 15:10:00+00:00,0.07061,0.07095,0.07075,0.07066,3789954.5,0.070742,268108.961239,3789954.5,268108.961239,
2023-10-26 15:15:00+00:00,0.07002,0.0707,0.07065,0.0701,6913706.1,0.070368,486503.6708448,6913706.1,486503.6708448,
2023-10-26 15:20:00+00:00,0.06949,0.07021,0.07008,0.0699,10327473.9,0.06992,722096.975088,10327473.9,722096.975088,
2023-10-26 15:25:00+00:00,0.06953,0.06992,0.06992,0.06986,2322353.3,0.069808,162118.8391664,2322353.3,162118.8391664,
2023-10-26 15:30:00+00:00,0.06951,0.07042,0.06984,0.07042,3308927.8,0.070048,231783.7745344,3308927.8,231783.7745344,
2023-10-26 15:35:00+00:00,0.07006,0.07047,0.07038,0.07039,1368082.8,0.070325,96210.42291,1368082.8,96210.42291,
2023-10-26 15:40:00+00:00,0.06994,0.07041,0.07038,0.07009,1618896.6,0.070205,113654.635803,1618896.6,113654.635803,
2023-10-26 15:45:00+00:00,0.07001,0.07062,0.0701,0.07058,2700499.3,0.070328,189920.7147704,2700499.3,189920.7147704,
2023-10-26 15:50:00+00:00,0.07046,0.07067,0.07056,0.07052,5783174.1,0.070552,408014.4991032,5783174.1,408014.4991032,
2023-10-26 15:55:00+00:00,0.07048,0.07069,0.07053,0.07061,4141126.1,0.070578,292272.3978858,4141126.1,292272.3978858,
2023-10-26 16:00:00+00:00,0.07045,0.07067,0.07062,0.07045,2713939.6,0.070548,191463.0109008,2713939.6,191463.0109008,
2023-10-26 16:05:00+00:00,0.0701,0.07047,0.07046,0.07018,3090565.5,0.070302,217272.935781,3090565.5,217272.935781,
2023-10-26 16:10:00+00:00,0.07015,0.07031,0.07017,0.07031,2331177.2,0.070235,163730.230642,2331177.2,163730.230642,
2023-10-26 16:15:00+00:00,0.07027,0.07073,0.07031,0.07059,1767994.0,0.070475,124599.37715,1767994.0,124599.37715,
2023-10-26 16:20:00+00:00,0.07029,0.07063,0.07055,0.07048,1746477.6,0.070488,123105.7130688,1746477.6,123105.7130688,
2023-10-26 16:25:00+00:00,0.07034,0.07087,0.07047,0.07076,1598460.3,0.07061,112867.281783,1598460.3,112867.281783,
2023-10-26 16:30:00+00:00,0.07036,0.07099,0.07081,0.07055,1674164.8,0.070678,118326.6197344,1674164.8,118326.6197344,
2023-10-26 16:35:00+00:00,0.07046,0.07068,0.07052,0.07059,1625731.7,0.070562,114714.8802154,1625731.7,114714.8802154,
2023-10-26 16:40:00+00:00,0.07021,0.07065,0.07056,0.07021,1327645.5,0.070408,93476.864364,1327645.5,93476.864364,
2023-10-26 16:45:00+00:00,0.06991,0.07031,0.07022,0.07011,2517893.5,0.070137,176597.4964095,2517893.5,176597.4964095,
2023-10-26 16:50:00+00:00,0.06993,0.07065,0.07012,0.07034,4584629.7,0.07026,322116.082722,4584629.7,322116.082722,
2023-10-26 16:55:00+00:00,0.07032,0.07053,0.07034,0.07043,1477339.6,0.070405,104012.094538,1477339.6,104012.094538,
2023-10-26 17:00:00+00:00,0.0703,0.07066,0.07036,0.07061,2728069.9,0.070482,192279.8226918,2728069.9,192279.8226918,
2023-10-26 17:05:00+00:00,0.0706,0.07102,0.07061,0.07096,2310852.7,0.070798,163603.7494546,2310852.7,163603.7494546,
2023-10-26 17:10:00+00:00,0.07088,0.07109,0.07098,0.07097,556507.2,0.07098,39500.881056,556507.2,39500.881056,
2023-10-26 17:15:00+00:00,0.07082,0.07107,0.07098,0.07095,2155715.0,0.070955,152958.757825,2155715.0,152958.757825,
2023-10-26 17:20:00+00:00,0.0708,0.07097,0.07095,0.0708,3839483.1,0.07088,272142.562128,3839483.1,272142.562128,
2023-10-26 17:25:00+00:00,0.07075,0.07096,0.07081,0.07087,1527039.5,0.070848,108187.694496,1527039.5,108187.694496,
2023-10-26 17:30:00+00:00,0.07076,0.07092,0.07087,0.07081,1622304.3,0.07084,114924.036612,1622304.3,114924.036612,
2023-10-26 17:35:00+00:00,0.07053,0.07086,0.07082,0.07074,2391912.7,0.070738,169199.1205726,2391912.7,169199.1205726,
2023-10-26 17:40:00+00:00,0.07064,0.07087,0.07074,0.07074,2658853.1,0.070747,188105.8802657,2658853.1,188105.8802657,
2023-10-26 17:45:00+00:00,0.07068,0.07094,0.07074,0.0709,1553028.3,0.070815,109977.6990645,1553028.3,109977.6990645,
2023-10-26 17:50:00+00:00,0.07085,0.07114,0.0709,0.071,2432852.9,0.070972,172664.4360188,2432852.9,172664.4360188,
2023-10-26 17:55:00+00:00,0.07092,0.07126,0.07099,0.07121,1110016.1,0.071095,78916.5946295,1110016.1,78916.5946295,
2023-10-26 18:00:00+00:00,0.07119,0.07139,0.0712,0.07136,2393053.6,0.071285,170588.825876,2393053.6,170588.825876,
2023-10-26 18:05:00+00:00,0.071,0.07137,0.07137,0.07104,2422044.3,0.071195,172437.4439385,2422044.3,172437.4439385,
2023-10-26 18:10:00+00:00,0.07096,0.07129,0.07104,0.07115,1211635.3,0.07111,86159.386183,1211635.3,86159.386183,
2023-10-26 18:15:00+00:00,0.07103,0.07124,0.07117,0.07108,1018426.2,0.07113,72440.655606,1018426.2,72440.655606,
2023-10-26 18:20:00+00:00,0.07098,0.07119,0.07107,0.07098,1035745.2,0.071055,73594.875186,1035745.2,73594.875186,
2023-10-26 18:25:00+00:00,0.07093,0.07104,0.07097,0.07101,611566.7,0.070988,43413.8968996,611566.7,43413.8968996,
2023-10-26 18:30:00+00:00,0.07097,0.0712,0.071,0.07113,579247.8,0.071075,41170.037385,579247.8,41170.037385,
2023-10-26 18:35:00+00:00,0.07111,0.07123,0.07114,0.07113,835511.3,0.071153,59449.1355289,835511.3,59449.1355289,
2023-10-26 18:40:00+00:00,0.07095,0.07115,0.07115,0.07095,935556.4,0.07105,66471.28222,935556.4,66471.28222,
2023-10-26 18:45:00+00:00,0.07095,0.07113,0.07095,0.071,531970.3,0.071008,37774.1470624,531970.3,37774.1470624,
2023-10-26 18:50:00+00:00,0.07098,0.07115,0.07098,0.071,525226.1,0.071028,37305.7594308,525226.1,37305.7594308,
2023-10-26 18:55:00+00:00,0.07098,0.0711,0.07099,0.07109,757502.0,0.07104,53812.94208,757502.0,53812.94208,
2023-10-26 19:00:00+00:00,0.07103,0.07122,0.07108,0.0712,1067269.8,0.071132,75917.0354136,1067269.8,75917.0354136,
2023-10-26 19:05:00+00:00,0.07117,0.07134,0.0712,0.07132,1752236.0,0.071258,124860.832888,1752236.0,124860.832888,
2023-10-26 19:10:00+00:00,0.0712,0.07134,0.07134,0.07122,1037489.1,0.071275,73947.0356025,1037489.1,73947.0356025,
2023-10-26 19:15:00+00:00,0.0712,0.0714,0.07122,0.07137,1750893.5,0.071298,124835.204763,1750893.5,124835.204763,
2023-10-26 19:20:00+00:00,0.07131,0.07148,0.07136,0.07136,2085560.6,0.071378,148863.1445068,2085560.6,148863.1445068,
2023-10-26 19:25:00+00:00,0.07133,0.07142,0.07136,0.07133,1071150.6,0.07136,76437.306816,1071150.6,76437.306816,
2023-10-26 19:30:00+00:00,0.07119,0.07184,0.07133,0.07147,10012724.9,0.071458,715489.2959042,10012724.9,715489.2959042,
2023-10-26 19:35:00+00:00,0.07147,0.0717,0.07147,0.07156,2853379.8,0.07155,204159.32469,2853379.8,204159.32469,
2023-10-26 19:40:00+00:00,0.07154,0.0717,0.07155,0.07169,1650589.2,0.07162,118215.198504,1650589.2,118215.198504,
2023-10-26 19:45:00+00:00,0.07155,0.07169,0.07167,0.07161,1409724.1,0.07163,100978.537283,1409724.1,100978.537283,
2023-10-26 19:50:00+00:00,0.0715,0.07164,0.07163,0.0716,811067.0,0.071592,58065.908664,811067.0,58065.908664,
2023-10-26 19:55:00+00:00,0.07147,0.07166,0.07159,0.07151,1928086.5,0.071558,137970.013767,1928086.5,137970.013767,
2023-10-26 20:00:00+00:00,0.07124,0.07152,0.07151,0.0715,1454510.5,0.071442,103913.139141,1454510.5,103913.139141,
2023-10-26 20:05:00+00:00,0.07146,0.07213,0.07147,0.07201,7879146.8,0.071768,565470.6075424,7879146.8,565470.6075424,
2023-10-26 20:10:00+00:00,0.0718,0.07205,0.07197,0.0719,1719559.7,0.07193,123687.929221,1719559.7,123687.929221,
2023-10-26 20:15:00+00:00,0.07169,0.07192,0.07191,0.07172,1028995.7,0.07181,73892.181217,1028995.7,73892.181217,
2023-10-26 20:20:00+00:00,0.07158,0.07197,0.07171,0.07177,3654524.3,0.071758,262241.3547194,3654524.3,262241.3547194,
2023-10-26 20:25:00+00:00,0.07175,0.0719,0.07178,0.07184,993460.4,0.071818,71348.3390072,993460.4,71348.3390072,
2023-10-26 20:30:00+00:00,0.07155,0.0719,0.07186,0.07156,1936954.7,0.071718,138914.5171746,1936954.7,138914.5171746,
2023-10-26 20:35:00+00:00,0.07154,0.07168,0.07157,0.07158,2300853.1,0.071592,164722.6751352,2300853.1,164722.6751352,
2023-10-26 20:40:00+00:00,0.07158,0.07181,0.07158,0.07179,914221.1,0.07169,65540.510659,914221.1,65540.510659,
2023-10-26 20:45:00+00:00,0.07167,0.07183,0.07179,0.0718,1338308.8,0.071773,96054.4375024,1338308.8,96054.4375024,
2023-10-26 20:50:00+00:00,0.07175,0.0719,0.07177,0.07181,1002154.9,0.071808,71962.7390592,1002154.9,71962.7390592,
2023-10-26 20:55:00+00:00,0.07182,0.07202,0.07182,0.07199,1088235.9,0.071912,78257.2200408,1088235.9,78257.2200408,
2023-10-26 21:00:00+00:00,0.0719,0.07202,0.07199,0.07202,1740580.1,0.071982,125290.4367582,1740580.1,125290.4367582,
2023-10-26 21:05:00+00:00,0.072,0.07227,0.07202,0.0722,2129035.1,0.072122,153550.2694822,2129035.1,153550.2694822,
2023-10-26 21:10:00+00:00,0.072,0.0722,0.0722,0.07201,1866901.2,0.072102,134607.3103224,1866901.2,134607.3103224,
2023-10-26 21:15:00+00:00,0.07166,0.07202,0.07201,0.07172,1623778.5,0.071852,116671.732782,1623778.5,116671.732782,
2023-10-26 21:20:00+00:00,0.07156,0.07168,0.07165,0.07168,1235011.5,0.071642,88478.693883,1235011.5,88478.693883,
2023-10-26 21:25:00+00:00,0.07167,0.07182,0.07169,0.07169,1385000.5,0.071717,99328.0808585,1385000.5,99328.0808585,
2023-10-26 21:30:00+00:00,0.07133,0.07168,0.07167,0.07137,1341676.6,0.071512,95945.9770192,1341676.6,95945.9770192,
2023-10-26 21:35:00+00:00,0.07131,0.07155,0.07138,0.07152,2360544.4,0.07144,168637.291936,2360544.4,168637.291936,
2023-10-26 21:40:00+00:00,0.0715,0.07155,0.07152,0.07153,718583.1,0.071525,51396.6562275,718583.1,51396.6562275,
2023-10-26 21:45:00+00:00,0.07153,0.07162,0.07153,0.07162,791069.9,0.071575,56620.8280925,791069.9,56620.8280925,
2023-10-26 21:50:00+00:00,0.07157,0.0717,0.07162,0.07157,396117.1,0.071615,28367.9261165,396117.1,28367.9261165,
2023-10-26 21:55:00+00:00,0.07157,0.07158,0.07157,0.07158,116890.2,0.071575,8366.416065,116890.2,8366.416065,
2023-10-26 22:00:00+00:00,0.07158,0.07188,0.07158,0.0718,1896325.7,0.07171,135985.515947,1896325.7,135985.515947,
2023-10-26 22:05:00+00:00,0.07174,0.07193,0.07182,0.07193,832828.8,0.071855,59842.913424,832828.8,59842.913424,
2023-10-26 22:10:00+00:00,0.07182,0.07209,0.07193,0.07198,1130107.9,0.071955,81316.9139445,1130107.9,81316.9139445,
2023-10-26 22:15:00+00:00,0.07181,0.07209,0.07198,0.07186,948564.6,0.071935,68234.994501,948564.6,68234.994501,
2023-10-26 22:20:00+00:00,0.07183,0.07193,0.07185,0.07188,409076.9,0.071872,29401.1749568,409076.9,29401.1749568,
2023-10-26 22:25:00+00:00,0.07187,0.07202,0.07189,0.07197,719800.6,0.071937,51780.2957622,719800.6,51780.2957622,
2023-10-26 22:30:00+00:00,0.07186,0.07201,0.07199,0.0719,1190263.5,0.07194,85627.55619,1190263.5,85627.55619,
2023-10-26 22:35:00+00:00,0.07188,0.07243,0.07188,0.07235,2717078.8,0.072135,195996.479238,2717078.8,195996.479238,
2023-10-26 22:40:00+00:00,0.07213,0.07235,0.07231,0.07216,1485412.9,0.072238,107303.2570702,1485412.9,107303.2570702,
2023-10-26 22:45:00+00:00,0.07211,0.0723,0.07218,0.07211,1107488.3,0.072175,79932.9680525,1107488.3,79932.9680525,
2023-10-26 22:50:00+00:00,0.07208,0.07228,0.0721,0.07226,1225602.0,0.07218,88463.95236,1225602.0,88463.95236,
2023-10-26 22:55:00+00:00,0.07212,0.07231,0.07224,0.07213,636466.4,0.0722,45952.87408,636466.4,45952.87408,
2023-10-26 23:00:00+00:00,0.07192,0.07217,0.07212,0.07199,1178372.2,0.07205,84901.71701,1178372.2,84901.71701,
2023-10-26 23:05:00+00:00,0.07194,0.0721,0.07196,0.07209,338711.0,0.072022,24394.643642,338711.0,24394.643642,
2023-10-26 23:10:00+00:00,0.07194,0.0721,0.07209,0.07196,686882.2,0.072022,49470.6298084,686882.2,49470.6298084,
2023-10-26 23:15:00+00:00,0.07193,0.07206,0.07198,0.07205,494905.8,0.072005,35635.692129,494905.8,35635.692129,
2023-10-26 23:20:00+00:00,0.07185,0.07205,0.07205,0.07186,933397.9,0.071952,67159.8457008,933397.9,67159.8457008,
2023-10-26 23:25:00+00:00,0.07167,0.07186,0.07184,0.07176,1190898.6,0.071782,85485.0833052,1190898.6,85485.0833052,
2023-10-26 23:30:00+00:00,0.07168,0.07181,0.07175,0.07174,694355.9,0.071745,49816.5640455,694355.9,49816.5640455,
2023-10-26 23:35:00+00:00,0.07174,0.07188,0.07174,0.07188,643434.2,0.07181,46205.009902,643434.2,46205.009902,
2023-10-26 23:40:00+00:00,0.0717,0.0719,0.07188,0.07174,157378.0,0.071805,11300.52729,157378.0,11300.52729,
2023-10-26 23:45:00+00:00,0.07167,0.0718,0.07175,0.07177,479951.9,0.071748,34435.5889212,479951.9,34435.5889212,
2023-10-26 23:50:00+00:00,0.07175,0.07186,0.07176,0.07179,209746.3,0.07179,15057.686877,209746.3,15057.686877,
2023-10-26 23:55:00+00:00,0.07179,0.07192,0.0718,0.07186,403963.7,0.071842,29021.5601354,403963.7,29021.5601354,
2023-10-27 00:00:00+00:00,0.07157,0.07188,0.07186,0.07175,1205378.3,0.071765,86503.9736995,1205378.3,86503.9736995,
2023-10-27 00:05:00+00:00,0.07151,0.07175,0.07175,0.07161,1345194.9,0.071655,96389.9405595,1345194.9,96389.9405595,
2023-10-27 00:10:00+00:00,0.07139,0.07162,0.07162,0.0716,2203723.3,0.071558,157694.0319014,2203723.3,157694.0319014,
2023-10-27 00:15:00+00:00,0.07137,0.0716,0.07159,0.07147,964094.6,0.071508,68940.4766568,964094.6,68940.4766568,
2023-10-27 00:20:00+00:00,0.07143,0.0717,0.07147,0.07166,1027588.3,0.071565,73539.3566895,1027588.3,73539.3566895,
2023-10-27 00:25:00+00:00,0.07167,0.07199,0.07167,0.07197,1443551.6,0.071825,103683.09367,1443551.6,103683.09367,
2023-10-27 00:30:00+00:00,0.07188,0.07242,0.07198,0.07242,2127247.9,0.072175,153534.1171825,2127247.9,153534.1171825,
2023-10-27 00:35:00+00:00,0.07195,0.07242,0.07242,0.072,1248781.1,0.072198,90159.4978578,1248781.1,90159.4978578,
2023-10-27 00:40:00+00:00,0.07174,0.0721,0.07207,0.07185,1188630.7,0.07194,85510.092558,1188630.7,85510.092558,
2023-10-27 00:45:00+00:00,0.07147,0.07181,0.07179,0.0716,2271204.3,0.071668,162772.6697724,2271204.3,162772.6697724,
2023-10-27 00:50:00+00:00,0.07141,0.07164,0.07159,0.07156,701313.9,0.07155,50179.009545,701313.9,50179.009545,
2023-10-27 00:55:00+00:00,0.07158,0.07184,0.07158,0.07171,704472.4,0.071678,50495.1726872,704472.4,50495.1726872,
2023-10-27 01:00:00+00:00,0.07123,0.07183,0.07171,0.07127,1929841.1,0.07151,138002.937061,1929841.1,138002.937061,
2023-10-27 01:05:00+00:00,0.07104,0.0713,0.07124,0.07121,1997768.6,0.071198,142237.1287828,1997768.6,142237.1287828,
2023-10-27 01:10:00+00:00,0.07113,0.07155,0.07121,0.07154,1058040.6,0.071358,75499.6611348,1058040.6,75499.6611348,
2023-10-27 01:15:00+00:00,0.07114,0.07154,0.07154,0.07127,1495839.6,0.071372,106761.0639312,1495839.6,106761.0639312,
2023-10-27 01:20:00+00:00,0.07104,0.07133,0.07124,0.07132,1014651.9,0.071232,72275.6841408,1014651.9,72275.6841408,
2023-10-27 01:25:00+00:00,0.07112,0.07137,0.07131,0.07117,380081.5,0.071242,27077.766223,380081.5,27077.766223,
2023-10-27 01:30:00+00:00,0.07113,0.07135,0.07117,0.0712,534534.2,0.071212,38065.2494504,534534.2,38065.2494504,
2023-10-27 01:35:00+00:00,0.07121,0.07139,0.07123,0.07132,373907.8,0.071288,26655.1392464,373907.8,26655.1392464,
2023-10-27 01:40:00+00:00,0.07121,0.07134,0.07131,0.0713,180183.5,0.07129,12845.281715,180183.5,12845.281715,
2023-10-27 01:45:00+00:00,0.07078,0.07128,0.07128,0.07084,2449745.8,0.071045,174042.190361,2449745.8,174042.190361,
2023-10-27 01:50:00+00:00,0.07037,0.07087,0.07083,0.07051,3056147.7,0.070645,215901.5542665,3056147.7,215901.5542665,
2023-10-27 01:55:00+00:00,0.07039,0.07066,0.07044,0.07054,1287722.3,0.070508,90794.7239284,1287722.3,90794.7239284,
2023-10-27 02:00:00+00:00,0.07028,0.07066,0.07056,0.07059,3884370.2,0.070522,273933.5552444,3884370.2,273933.5552444,
2023-10-27 02:05:00+00:00,0.07054,0.07083,0.0706,0.0708,1155617.7,0.070692,81692.9264484,1155617.7,81692.9264484,
2023-10-27 02:10:00+00:00,0.07075,0.07094,0.07077,0.07092,440876.0,0.070845,31233.86022,440876.0,31233.86022,
2023-10-27 02:15:00+00:00,0.0709,0.07119,0.07095,0.07116,307757.5,0.07105,21866.170375,307757.5,21866.170375,
2023-10-27 02:20:00+00:00,0.07111,0.0712,0.07114,0.07111,226183.6,0.07114,16090.701304,226183.6,16090.701304,
2023-10-27 02:25:00+00:00,0.07106,0.07119,0.07111,0.07112,666884.9,0.07112,47428.854088,666884.9,47428.854088,
2023-10-27 02:30:00+00:00,0.07108,0.07122,0.07112,0.0711,664854.9,0.07113,47291.129037,664854.9,47291.129037,
2023-10-27 02:35:00+00:00,0.0709,0.07111,0.07109,0.07108,1500096.5,0.071045,106574.3558425,1500096.5,106574.3558425,
2023-10-27 02:40:00+00:00,0.07094,0.0711,0.07108,0.07098,595279.5,0.071025,42279.7264875,595279.5,42279.7264875,
2023-10-27 02:45:00+00:00,0.07096,0.0711,0.07104,0.07104,487623.6,0.071035,34638.342426,487623.6,34638.342426,
2023-10-27 02:50:00+00:00,0.07092,0.07106,0.07105,0.07094,396395.5,0.070992,28140.909336,396395.5,28140.909336,
2023-10-27 02:55:00+00:00,0.07093,0.07138,0.07094,0.07126,6741329.4,0.071128,479497.2775632,6741329.4,479497.2775632,
2023-10-27 03:00:00+00:00,0.07119,0.07138,0.07122,0.0713,776503.7,0.071272,55342.9717064,776503.7,55342.9717064,
2023-10-27 03:05:00+00:00,0.07128,0.07148,0.07135,0.07136,949920.4,0.071368,67793.9191072,949920.4,67793.9191072,
2023-10-27 03:10:00+00:00,0.07134,0.07144,0.07135,0.07142,1245022.8,0.071387,88878.4426236,1245022.8,88878.4426236,
2023-10-27 03:15:00+00:00,0.07142,0.07155,0.07143,0.07152,1783248.1,0.07148,127466.574188,1783248.1,127466.574188,
2023-10-27 03:20:00+00:00,0.0715,0.07155,0.07152,0.07154,725222.6,0.071528,51873.7221328,725222.6,51873.7221328,
2023-10-27 03:25:00+00:00,0.07138,0.07156,0.07153,0.07138,3710510.0,0.071462,265160.46562,3710510.0,265160.46562,
2023-10-27 03:30:00+00:00,0.07138,0.07156,0.07139,0.07153,2255124.4,0.071465,161162.465246,2255124.4,161162.465246,
2023-10-27 03:35:00+00:00,0.07149,0.0716,0.07154,0.0716,4005818.4,0.071558,286648.3530672,4005818.4,286648.3530672,
2023-10-27 03:40:00+00:00,0.0716,0.07167,0.07161,0.07165,673831.8,0.071632,48267.9194976,673831.8,48267.9194976,
2023-10-27 03:45:00+00:00,0.07148,0.07167,0.07166,0.07152,2556974.9,0.071582,183033.3772918,2556974.9,183033.3772918,
2023-10-27 03:50:00+00:00,0.07153,0.07171,0.07153,0.07164,1827933.0,0.071602,130883.658666,1827933.0,130883.658666,
2023-10-27 03:55:00+00:00,0.07159,0.07167,0.07164,0.07164,2650585.0,0.071635,189874.656475,2650585.0,189874.656475,
2023-10-27 04:00:00+00:00,0.07145,0.07164,0.07164,0.07149,4517033.0,0.071555,323216.296315,4517033.0,323216.296315,
2023-10-27 04:05:00+00:00,0.07144,0.07156,0.07148,0.07154,1225759.4,0.071505,87647.925897,1225759.4,87647.925897,
2023-10-27 04:10:00+00:00,0.0713,0.07152,0.07152,0.07136,272904.5,0.071425,19492.2039125,272904.5,19492.2039125,
2023-10-27 04:15:00+00:00,0.0711,0.07137,0.07135,0.0711,312984.7,0.07123,22293.900181,312984.7,22293.900181,
2023-10-27 04:20:00+00:00,0.07095,0.07118,0.07111,0.07099,464541.7,0.071058,33009.4041186,464541.7,33009.4041186,
2023-10-27 04:25:00+00:00,0.07091,0.07106,0.07101,0.07093,602395.9,0.070978,42756.8561902,602395.9,42756.8561902,
2023-10-27 04:30:00+00:00,0.0708,0.07096,0.07093,0.07083,1106828.0,0.07088,78451.96864,1106828.0,78451.96864,
2023-10-27 04:35:00+00:00,0.07083,0.07104,0.07083,0.07102,523944.2,0.07093,37163.362106,523944.2,37163.362106,
2023-10-27 04:40:00+00:00,0.07095,0.07108,0.07102,0.07108,334932.1,0.071032,23790.8969272,334932.1,23790.8969272,
2023-10-27 04:45:00+00:00,0.07104,0.07129,0.07109,0.07129,619995.6,0.071178,44130.0468168,619995.6,44130.0468168,
2023-10-27 04:50:00+00:00,0.0712,0.07135,0.07128,0.07127,1224255.8,0.071275,87258.832145,1224255.8,87258.832145,
2023-10-27 04:55:00+00:00,0.07115,0.07127,0.07125,0.07123,354056.3,0.071225,25217.6599675,354056.3,25217.6599675,
2023-10-27 05:00:00+00:00,0.07087,0.07124,0.07124,0.07098,1681944.3,0.071082,119555.9647326,1681944.3,119555.9647326,
2023-10-27 05:05:00+00:00,0.07086,0.07108,0.071,0.07093,431712.2,0.070968,30637.7514096,431712.2,30637.7514096,
2023-10-27 05:10:00+00:00,0.0709,0.07099,0.07095,0.07096,124067.6,0.07095,8802.59622,124067.6,8802.59622,
2023-10-27 05:15:00+00:00,0.07062,0.07097,0.07097,0.07063,417707.9,0.070798,29572.8839042,417707.9,29572.8839042,
2023-10-27 05:20:00+00:00,0.07049,0.07066,0.0706,0.07054,632085.5,0.070572,44607.537906,632085.5,44607.537906,
2023-10-27 05:25:00+00:00,0.07056,0.07071,0.07056,0.07067,202343.8,0.070625,14290.530875,202343.8,14290.530875,
2023-10-27 05:30:00+00:00,0.0707,0.07083,0.07071,0.07078,561009.1,0.070755,39694.1988705,561009.1,39694.1988705,
2023-10-27 05:35:00+00:00,0.07069,0.0708,0.07075,0.07078,585295.4,0.070755,41412.576027,585295.4,41412.576027,
2023-10-27 05:40:00+00:00,0.07071,0.07095,0.0708,0.07095,771333.7,0.070852,54650.5353124,771333.7,54650.5353124,
2023-10-27 05:45:00+00:00,0.07062,0.07098,0.07093,0.07078,1272540.5,0.070828,90131.498534,1272540.5,90131.498534,
2023-10-27 05:50:00+00:00,0.07061,0.07078,0.07076,0.07077,729453.6,0.07073,51594.253128,729453.6,51594.253128,
2023-10-27 05:55:00+00:00,0.07066,0.07076,0.07076,0.07069,172096.1,0.070718,12170.2919998,172096.1,12170.2919998,
2023-10-27 06:00:00+00:00,0.07051,0.07074,0.07069,0.07056,714070.5,0.070625,50431.2290625,714070.5,50431.2290625,
2023-10-27 06:05:00+00:00,0.07049,0.07066,0.07054,0.07065,552426.6,0.070585,38993.031561,552426.6,38993.031561,
2023-10-27 06:10:00+00:00,0.07064,0.07097,0.07065,0.07093,376623.4,0.070798,26664.1834732,376623.4,26664.1834732,
2023-10-27 06:15:00+00:00,0.07091,0.07105,0.07094,0.07099,645439.0,0.070972,45808.096708,645439.0,45808.096708,
2023-10-27 06:20:00+00:00,0.07085,0.07098,0.07096,0.07096,132311.4,0.070938,9385.9060932,132311.4,9385.9060932,
2023-10-27 06:25:00+00:00,0.07084,0.07101,0.07099,0.0709,323648.7,0.070935,22958.0205345,323648.7,22958.0205345,
2023-10-27 06:30:00+00:00,0.07073,0.07094,0.07088,0.07074,1055372.0,0.070823,74744.611156,1055372.0,74744.611156,
2023-10-27 06:35:00+00:00,0.07067,0.0708,0.07074,0.07068,182596.0,0.070723,12913.736908,182596.0,12913.736908,
2023-10-27 06:40:00+00:00,0.07063,0.07082,0.07067,0.07068,890176.5,0.0707,62935.47855,890176.5,62935.47855,
2023-10-27 06:45:00+00:00,0.07066,0.07079,0.07069,0.07078,673208.1,0.07073,47616.008913,673208.1,47616.008913,
2023-10-27 06:50:00+00:00,0.07076,0.07093,0.07079,0.07093,542148.8,0.070852,38412.3267776,542148.8,38412.3267776,
2023-10-27 06:55:00+00:00,0.07092,0.07108,0.07093,0.07105,785411.0,0.070995,55760.253945,785411.0,55760.253945,
2023-10-27 07:00:00+00:00,0.07079,0.07104,0.07104,0.07079,481131.6,0.070915,34119.447414,481131.6,34119.447414,
2023-10-27 07:05:00+00:00,0.07068,0.07083,0.07078,0.0708,786346.9,0.070773,55652.1291537,786346.9,55652.1291537,
2023-10-27 07:10:00+00:00,0.07074,0.07091,0.07079,0.07082,393464.2,0.070815,27863.167323,393464.2,27863.167323,
2023-10-27 07:15:00+00:00,0.07076,0.07096,0.07082,0.07088,700746.2,0.070855,49651.372001,700746.2,49651.372001,
2023-10-27 07:20:00+00:00,0.07062,0.07085,0.07083,0.07062,215503.5,0.07073,15242.562555,215503.5,15242.562555,
2023-10-27 07:25:00+00:00,0.07036,0.07061,0.07061,0.07041,2362032.7,0.070498,166518.5812846,2362032.7,166518.5812846,
2023-10-27 07:30:00+00:00,0.07027,0.07051,0.0704,0.07028,1753329.4,0.070365,123373.023231,1753329.4,123373.023231,
2023-10-27 07:35:00+00:00,0.07023,0.07041,0.07028,0.07029,814899.3,0.070302,57289.0505886,814899.3,57289.0505886,
2023-10-27 07:40:00+00:00,0.07022,0.0703,0.0703,0.07029,801982.8,0.070278,56361.7472184,801982.8,56361.7472184,
2023-10-27 07:45:00+00:00,0.07007,0.07031,0.07029,0.0702,1098825.5,0.070218,77157.328959,1098825.5,77157.328959,
2023-10-27 07:50:00+00:00,0.07003,0.07026,0.0702,0.07006,1192515.0,0.070138,83640.61707,1192515.0,83640.61707,
2023-10-27 07:55:00+00:00,0.07004,0.07019,0.07007,0.07008,613855.1,0.070095,43028.1732345,613855.1,43028.1732345,
2023-10-27 08:00:00+00:00,0.07007,0.0703,0.07008,0.07028,828918.8,0.070182,58175.1792216,828918.8,58175.1792216,
2023-10-27 08:05:00+00:00,0.07005,0.07027,0.07027,0.07022,534995.4,0.070202,37557.7470708,534995.4,37557.7470708,
2023-10-27 08:10:00+00:00,0.07017,0.07026,0.07024,0.07019,437811.8,0.070215,30740.955537,437811.8,30740.955537,
2023-10-27 08:15:00+00:00,0.0702,0.0704,0.0702,0.07035,245125.7,0.070288,17229.3952016,245125.7,17229.3952016,
2023-10-27 08:20:00+00:00,0.07026,0.07038,0.07035,0.07026,274015.1,0.070312,19266.5497112,274015.1,19266.5497112,
2023-10-27 08:25:00+00:00,0.07022,0.07037,0.07028,0.07027,384577.4,0.070285,27030.022559,384577.4,27030.022559,
2023-10-27 08:30:00+00:00,0.07013,0.07038,0.07021,0.07037,936654.6,0.070272,65820.5920512,936654.6,65820.5920512,
2023-10-27 08:35:00+00:00,0.07036,0.07045,0.07037,0.07045,704512.1,0.070408,49603.2879368,704512.1,49603.2879368,
2023-10-27 08:40:00+00:00,0.07042,0.07054,0.07042,0.07051,440126.0,0.070473,31016.999598,440126.0,31016.999598,
2023-10-27 08:45:00+00:00,0.0705,0.07061,0.0705,0.0706,555765.5,0.070552,39210.367556,555765.5,39210.367556,
2023-10-27 08:50:00+00:00,0.07053,0.07063,0.07059,0.07053,314005.5,0.07057,22159.368135,314005.5,22159.368135,
2023-10-27 08:55:00+00:00,0.07048,0.07076,0.07049,0.07065,785933.5,0.070595,55482.9754325,785933.5,55482.9754325,
2023-10-27 09:00:00+00:00,0.07063,0.07075,0.07066,0.07074,308574.2,0.070695,21814.653069,308574.2,21814.653069,
2023-10-27 09:05:00+00:00,0.07067,0.07075,0.07073,0.07075,233323.0,0.070725,16501.769175,233323.0,16501.769175,
2023-10-27 09:10:00+00:00,0.07062,0.07073,0.07073,0.07073,629153.8,0.070702,44482.4319676,629153.8,44482.4319676,
2023-10-27 09:15:00+00:00,0.07071,0.07076,0.07076,0.07076,346894.2,0.070748,24542.0708616,346894.2,24542.0708616,
2023-10-27 09:20:00+00:00,0.07076,0.071,0.07078,0.07096,612586.5,0.070875,43417.0681875,612586.5,43417.0681875,
2023-10-27 09:25:00+00:00,0.07096,0.07107,0.07096,0.07104,1329458.7,0.071008,94402.2033696,1329458.7,94402.2033696,
2023-10-27 09:30:00+00:00,0.07099,0.0712,0.07105,0.07114,6837272.6,0.071095,486095.895497,6837272.6,486095.895497,
2023-10-27 09:35:00+00:00,0.07099,0.07118,0.0711,0.07106,3492012.9,0.071082,248219.2609578,3492012.9,248219.2609578,
2023-10-27 09:40:00+00:00,0.07101,0.07114,0.07105,0.07114,4090081.5,0.071085,290743.4434275,4090081.5,290743.4434275,
2023-10-27 09:45:00+00:00,0.07108,0.07125,0.07115,0.07108,2216030.2,0.07114,157648.388428,2216030.2,157648.388428,
2023-10-27 09:50:00+00:00,0.0711,0.07121,0.0711,0.07119,1136041.3,0.07115,80829.338495,1136041.3,80829.338495,
2023-10-27 09:55:00+00:00,0.07119,0.07137,0.07119,0.07136,443577.1,0.071278,31617.2885338,443577.1,31617.2885338,
2023-10-27 10:00:00+00:00,0.07123,0.07135,0.07134,0.07128,1155610.6,0.0713,82395.03578,1155610.6,82395.03578,
2023-10-27 10:05:00+00:00,0.07116,0.07128,0.07127,0.07117,306176.2,0.07122,21805.868964,306176.2,21805.868964,
2023-10-27 10:10:00+00:00,0.07108,0.07119,0.07114,0.07119,373973.1,0.07115,26608.186065,373973.1,26608.186065,
2023-10-27 10:15:00+00:00,0.07119,0.0714,0.07119,0.07132,142663.7,0.071275,10168.3552175,142663.7,10168.3552175,
2023-10-27 10:20:00+00:00,0.07121,0.07133,0.07132,0.0713,267035.9,0.07129,19036.989311,267035.9,19036.989311,
2023-10-27 10:25:00+00:00,0.07121,0.07134,0.0713,0.07123,388451.6,0.07127,27684.945532,388451.6,27684.945532,
2023-10-27 10:30:00+00:00,0.07113,0.07125,0.07123,0.07123,320431.8,0.07121,22817.948478,320431.8,22817.948478,
2023-10-27 10:35:00+00:00,0.07118,0.07126,0.07126,0.07119,142313.6,0.071222,10135.8592192,142313.6,10135.8592192,
2023-10-27 10:40:00+00:00,0.07118,0.07131,0.0712,0.07131,377049.2,0.07125,26864.7555,377049.2,26864.7555,
2023-10-27 10:45:00+00:00,0.07121,0.07132,0.07129,0.07132,1125448.6,0.071285,80227.603451,1125448.6,80227.603451,
2023-10-27 10:50:00+00:00,0.07121,0.07135,0.07133,0.07122,351931.8,0.071278,25084.9948404,351931.8,25084.9948404,
2023-10-27 10:55:00+00:00,0.07119,0.07125,0.07122,0.07123,1425910.1,0.071222,101556.1691422,1425910.1,101556.1691422,
2023-10-27 11:00:00+00:00,0.07116,0.07125,0.07124,0.0712,147230.9,0.071212,10484.6068508,147230.9,10484.6068508,
2023-10-27 11:05:00+00:00,0.07094,0.07123,0.07119,0.07094,813649.1,0.071075,57830.1097825,813649.1,57830.1097825,
2023-10-27 11:10:00+00:00,0.07085,0.07106,0.07095,0.07104,514408.6,0.070975,36510.150385,514408.6,36510.150385,
2023-10-27 11:15:00+00:00,0.07094,0.07108,0.07104,0.07098,200973.4,0.07101,14271.121134,200973.4,14271.121134,
2023-10-27 11:20:00+00:00,0.07067,0.07099,0.07097,0.07077,976715.2,0.07085,69200.27192,976715.2,69200.27192,
2023-10-27 11:25:00+00:00,0.07065,0.07081,0.07077,0.07075,715110.3,0.070745,50590.4781735,715110.3,50590.4781735,
2023-10-27 11:30:00+00:00,0.07055,0.07082,0.07074,0.07075,1489478.5,0.070715,105328.4721275,1489478.5,105328.4721275,
2023-10-27 11:35:00+00:00,0.07067,0.07092,0.07077,0.0707,696464.3,0.070765,49285.2961895,696464.3,49285.2961895,
2023-10-27 11:40:00+00:00,0.07071,0.07082,0.07071,0.07074,1504513.4,0.070745,106436.800483,1504513.4,106436.800483,
2023-10-27 11:45:00+00:00,0.07075,0.07093,0.07075,0.07093,502260.0,0.07084,35580.0984,502260.0,35580.0984,
2023-10-27 11:50:00+00:00,0.07094,0.07145,0.07094,0.07116,1122714.1,0.071122,79849.6722202,1122714.1,79849.6722202,
2023-10-27 11:55:00+00:00,0.07115,0.0716,0.07115,0.07156,1808085.4,0.071365,129034.014571,1808085.4,129034.014571,
2023-10-27 12:00:00+00:00,0.07153,0.07182,0.07153,0.07155,2024578.0,0.071607,144973.956846,2024578.0,144973.956846,
2023-10-27 12:05:00+00:00,0.07125,0.07154,0.07152,0.07146,1212821.4,0.071442,86646.3864588,1212821.4,86646.3864588,
2023-10-27 12:10:00+00:00,0.07128,0.07149,0.07142,0.07129,1582586.9,0.07137,112949.227053,1582586.9,112949.227053,
2023-10-27 12:15:00+00:00,0.07126,0.07153,0.07128,0.07145,942815.1,0.07138,67298.141838,942815.1,67298.141838,
2023-10-27 12:20:00+00:00,0.0713,0.07148,0.07142,0.0713,773373.7,0.071375,55199.5478375,773373.7,55199.5478375,
2023-10-27 12:25:00+00:00,0.07103,0.07132,0.07131,0.07109,1250636.3,0.071187,89029.0462881,1250636.3,89029.0462881,
2023-10-27 12:30:00+00:00,0.07097,0.07134,0.07107,0.07134,754825.7,0.07118,53728.493326,754825.7,53728.493326,
2023-10-27 12:35:00+00:00,0.07125,0.07142,0.07133,0.07138,1235200.6,0.071345,88125.386807,1235200.6,88125.386807,
2023-10-27 12:40:00+00:00,0.07132,0.07145,0.07138,0.07145,818304.5,0.0714,58426.9413,818304.5,58426.9413,
2023-10-27 12:45:00+00:00,0.07139,0.07159,0.07146,0.07158,614380.7,0.071505,43931.2919535,614380.7,43931.2919535,
2023-10-27 12:50:00+00:00,0.07149,0.07169,0.07156,0.07154,1124404.6,0.07157,80473.637222,1124404.6,80473.637222,
2023-10-27 12:55:00+00:00,0.07138,0.07155,0.07151,0.07148,861150.7,0.07148,61555.052036,861150.7,61555.052036,
2023-10-27 13:00:00+00:00,0.07138,0.07186,0.07147,0.07171,1084536.1,0.071605,77658.2074405,1084536.1,77658.2074405,
2023-10-27 13:05:00+00:00,0.07163,0.07177,0.07171,0.07172,1368514.7,0.071708,98133.4521076,1368514.7,98133.4521076,
2023-10-27 13:10:00+00:00,0.07157,0.07172,0.0717,0.0716,1404731.9,0.071648,100646.2311712,1404731.9,100646.2311712,
2023-10-27 13:15:00+00:00,0.0715,0.07168,0.0716,0.0716,836112.7,0.071595,59861.4887565,836112.7,59861.4887565,
2023-10-27 13:20:00+00:00,0.07146,0.07162,0.07158,0.07156,744560.6,0.071555,53277.033733,744560.6,53277.033733,
2023-10-27 13:25:00+00:00,0.07154,0.07167,0.07156,0.07164,634246.4,0.071602,45413.3107328,634246.4,45413.3107328,
2023-10-27 13:30:00+00:00,0.07155,0.07176,0.07165,0.07171,1163303.6,0.071668,83371.6424048,1163303.6,83371.6424048,
2023-10-27 13:35:00+00:00,0.07159,0.07179,0.07169,0.0716,950542.9,0.071668,68123.5085572,950542.9,68123.5085572,
2023-10-27 13:40:00+00:00,0.0713,0.07161,0.0716,0.07143,1417005.1,0.071485,101294.6095735,1417005.1,101294.6095735,
2023-10-27 13:45:00+00:00,0.07124,0.0715,0.07144,0.07124,1346552.9,0.071355,96083.2821795,1346552.9,96083.2821795,
2023-10-27 13:50:00+00:00,0.07122,0.07139,0.07126,0.07132,914104.9,0.071298,65173.8511602,914104.9,65173.8511602,
2023-10-27 13:55:00+00:00,0.07121,0.07134,0.07129,0.07128,488636.4,0.07128,34830.002592,488636.4,34830.002592,
2023-10-27 14:00:00+00:00,0.071,0.07129,0.07127,0.07105,805643.9,0.071153,57323.9804167,805643.9,57323.9804167,
2023-10-27 14:05:00+00:00,0.07092,0.07111,0.07103,0.071,1083656.6,0.071015,76955.873449,1083656.6,76955.873449,
2023-10-27 14:10:00+00:00,0.07079,0.0711,0.07101,0.07084,1437803.5,0.070935,101990.5912725,1437803.5,101990.5912725,
2023-10-27 14:15:00+00:00,0.07064,0.07082,0.07081,0.07065,1099572.9,0.07073,77772.791217,1099572.9,77772.791217,
2023-10-27 14:20:00+00:00,0.07028,0.0707,0.07065,0.07038,2668363.5,0.070502,188124.963477,2668363.5,188124.963477,
2023-10-27 14:25:00+00:00,0.0703,0.07054,0.07038,0.07037,1975390.6,0.070398,139063.5474588,1975390.6,139063.5474588,
2023-10-27 14:30:00+00:00,0.06977,0.07046,0.07035,0.07014,5208515.0,0.07018,365533.5827,5208515.0,365533.5827,
2023-10-27 14:35:00+00:00,0.07012,0.07034,0.07015,0.07021,2971076.3,0.070205,208584.4116415,2971076.3,208584.4116415,
2023-10-27 14:40:00+00:00,0.07014,0.07038,0.0702,0.07035,2112670.5,0.070267,148451.0180235,2112670.5,148451.0180235,
2023-10-27 14:45:00+00:00,0.07009,0.0704,0.07036,0.07017,959223.2,0.070255,67390.225916,959223.2,67390.225916,
2023-10-27 14:50:00+00:00,0.07015,0.07025,0.0702,0.07018,557474.5,0.070195,39131.9225275,557474.5,39131.9225275,
2023-10-27 14:55:00+00:00,0.07011,0.07026,0.0702,0.07022,478382.7,0.070198,33581.5087746,478382.7,33581.5087746,
2023-10-27 15:00:00+00:00,0.06998,0.07021,0.07021,0.07002,1510455.5,0.070105,105890.4828275,1510455.5,105890.4828275,
2023-10-27 15:05:00+00:00,0.06991,0.07018,0.06999,0.07002,785634.9,0.070025,55014.0838725,785634.9,55014.0838725,
2023-10-27 15:10:00+00:00,0.06998,0.07027,0.07004,0.0702,1034438.0,0.070122,72536.861436,1034438.0,72536.861436,
2023-10-27 15:15:00+00:00,0.07018,0.07032,0.07023,0.07023,1058058.2,0.07024,74318.007968,1058058.2,74318.007968,
2023-10-27 15:20:00+00:00,0.07012,0.07028,0.07022,0.07021,1472591.1,0.070208,103387.6759488,1472591.1,103387.6759488,
2023-10-27 15:25:00+00:00,0.07003,0.07027,0.07026,0.07013,1117004.6,0.070172,78382.4467912,1117004.6,78382.4467912,
2023-10-27 15:30:00+00:00,0.07016,0.07052,0.07016,0.07051,387302.4,0.070338,27242.0762112,387302.4,27242.0762112,
2023-10-27 15:35:00+00:00,0.07041,0.07054,0.07051,0.07043,479453.7,0.070473,33788.5406001,479453.7,33788.5406001,
2023-10-27 15:40:00+00:00,0.07044,0.07068,0.07045,0.07065,460333.9,0.070555,32478.8583145,460333.9,32478.8583145,
2023-10-27 15:45:00+00:00,0.07034,0.07063,0.07063,0.07039,2270633.5,0.070498,160075.120483,2270633.5,160075.120483,
2023-10-27 15:50:00+00:00,0.07037,0.07049,0.0704,0.07044,358245.7,0.070425,25229.4534225,358245.7,25229.4534225,
2023-10-27 15:55:00+00:00,0.0704,0.07049,0.07044,0.07044,480074.0,0.070442,33817.372708,480074.0,33817.372708,
2023-10-27 16:00:00+00:00,0.07023,0.07045,0.07044,0.07023,576180.6,0.070338,40527.3910428,576180.6,40527.3910428,
2023-10-27 16:05:00+00:00,0.07021,0.07056,0.07021,0.07039,1128630.7,0.070342,79390.1406994,1128630.7,79390.1406994,
2023-10-27 16:10:00+00:00,0.07027,0.07045,0.07038,0.07031,3086884.5,0.070352,217168.498344,3086884.5,217168.498344,
2023-10-27 16:15:00+00:00,0.07016,0.07038,0.07036,0.07023,400588.7,0.070282,28154.1750134,400588.7,28154.1750134,
2023-10-27 16:20:00+00:00,0.07006,0.07025,0.07023,0.07013,574209.4,0.070168,40291.1251792,574209.4,40291.1251792,
2023-10-27 16:25:00+00:00,0.06993,0.07015,0.07014,0.07007,2362528.3,0.070073,165549.4455659,2362528.3,165549.4455659,
2023-10-27 16:30:00+00:00,0.06973,0.07007,0.07007,0.0699,1021203.6,0.069942,71425.0221912,1021203.6,71425.0221912,
2023-10-27 16:35:00+00:00,0.06982,0.06996,0.0699,0.06985,1860591.8,0.069882,130021.8761676,1860591.8,130021.8761676,
2023-10-27 16:40:00+00:00,0.06957,0.06994,0.06986,0.06963,1458374.0,0.06975,101721.5865,1458374.0,101721.5865,
2023-10-27 16:45:00+00:00,0.0683,0.06974,0.06961,0.06855,18834744.6,0.06905,1300539.11463,18834744.6,1300539.11463,
2023-10-27 16:50:00+00:00,0.06852,0.06903,0.06853,0.06892,5987102.3,0.06875,411613.283125,5987102.3,411613.283125,
2023-10-27 16:55:00+00:00,0.06881,0.06904,0.06892,0.06904,2242531.0,0.068952,154626.997512,2242531.0,154626.997512,
2023-10-27 17:00:00+00:00,0.06891,0.0691,0.06904,0.06906,2082339.2,0.069027,143737.6279584,2082339.2,143737.6279584,
2023-10-27 17:05:00+00:00,0.06724,0.06907,0.06905,0.0684,15648669.1,0.06844,1070994.913204,15648669.1,1070994.913204,
2023-10-27 17:10:00+00:00,0.06839,0.06868,0.06843,0.06858,2116813.2,0.06852,145044.040464,2116813.2,145044.040464,
2023-10-27 17:15:00+00:00,0.06851,0.06874,0.06856,0.06868,2277037.2,0.068622,156254.8467384,2277037.2,156254.8467384,
2023-10-27 17:20:00+00:00,0.0683,0.06875,0.0687,0.06851,1298358.3,0.068565,89021.9368395,1298358.3,89021.9368395,
2023-10-27 17:25:00+00:00,0.06847,0.06865,0.06852,0.06853,2867712.9,0.068542,196558.7775918,2867712.9,196558.7775918,
2023-10-27 17:30:00+00:00,0.06838,0.0686,0.06856,0.0685,3610135.8,0.06851,247330.403658,3610135.8,247330.403658,
2023-10-27 17:35:00+00:00,0.06836,0.06861,0.06851,0.06842,1023782.9,0.068475,70103.5340775,1023782.9,70103.5340775,
2023-10-27 17:40:00+00:00,0.06837,0.06855,0.06842,0.06842,942518.2,0.06844,64505.945608,942518.2,64505.945608,
2023-10-27 17:45:00+00:00,0.06841,0.06857,0.06842,0.06854,525150.9,0.068485,35964.9593865,525150.9,35964.9593865,
2023-10-27 17:50:00+00:00,0.06833,0.06858,0.06855,0.06833,1554809.9,0.068448,106423.6280352,1554809.9,106423.6280352,
2023-10-27 17:55:00+00:00,0.06834,0.06849,0.06834,0.06839,1136133.1,0.06839,77700.142709,1136133.1,77700.142709,
2023-10-27 18:00:00+00:00,0.06837,0.06853,0.0684,0.06852,1059126.2,0.068455,72502.484021,1059126.2,72502.484021,
2023-10-27 18:05:00+00:00,0.06827,0.06853,0.06853,0.06828,1793439.3,0.068402,122674.8349986,1793439.3,122674.8349986,
2023-10-27 18:10:00+00:00,0.06811,0.06829,0.06826,0.06819,2700302.1,0.068213,184195.7071473,2700302.1,184195.7071473,
2023-10-27 18:15:00+00:00,0.06805,0.06826,0.06821,0.06812,2348367.5,0.06816,160064.7288,2348367.5,160064.7288,
2023-10-27 18:20:00+00:00,0.06805,0.06824,0.06812,0.06809,1283993.7,0.068125,87472.0708125,1283993.7,87472.0708125,
2023-10-27 18:25:00+00:00,0.06773,0.06813,0.06808,0.06776,3203953.1,0.067925,217628.5143175,3203953.1,217628.5143175,
2023-10-27 18:30:00+00:00,0.06771,0.06811,0.06776,0.06805,2525038.1,0.067908,171470.2872948,2525038.1,171470.2872948,
2023-10-27 18:35:00+00:00,0.06803,0.0684,0.06806,0.06836,2658765.2,0.068213,181362.3505876,2658765.2,181362.3505876,
2023-10-27 18:40:00+00:00,0.06833,0.06855,0.06834,0.06846,1581372.9,0.06842,108197.533818,1581372.9,108197.533818,
2023-10-27 18:45:00+00:00,0.06828,0.06853,0.0685,0.0684,1128981.5,0.068428,77253.946082,1128981.5,77253.946082,
2023-10-27 18:50:00+00:00,0.06835,0.06848,0.06842,0.06843,512365.3,0.06842,35056.033826,512365.3,35056.033826,
2023-10-27 18:55:00+00:00,0.06833,0.06844,0.06843,0.06838,405045.7,0.068395,27703.1006515,405045.7,27703.1006515,
2023-10-27 19:00:00+00:00,0.06832,0.06848,0.06837,0.06842,352447.0,0.068398,24106.669906,352447.0,24106.669906,
2023-10-27 19:05:00+00:00,0.06838,0.06848,0.0684,0.06846,379247.0,0.06843,25951.87221,379247.0,25951.87221,
2023-10-27 19:10:00+00:00,0.06844,0.06853,0.06848,0.06849,1102803.7,0.068485,75525.5113945,1102803.7,75525.5113945,
2023-10-27 19:15:00+00:00,0.06845,0.06854,0.06848,0.06845,1014244.8,0.06848,69455.483904,1014244.8,69455.483904,
2023-10-27 19:20:00+00:00,0.06836,0.06847,0.06846,0.06837,375145.5,0.068415,25665.5793825,375145.5,25665.5793825,
2023-10-27 19:25:00+00:00,0.06834,0.06846,0.06836,0.06845,652851.8,0.068402,44656.3688236,652851.8,44656.3688236,
2023-10-27 19:30:00+00:00,0.06843,0.06849,0.06844,0.06849,254294.7,0.068462,17409.5237514,254294.7,17409.5237514,
2023-10-27 19:35:00+00:00,0.06834,0.06851,0.06848,0.0684,848716.6,0.068432,58079.3743712,848716.6,58079.3743712,
2023-10-27 19:40:00+00:00,0.06823,0.06876,0.0684,0.06843,6265141.7,0.068455,428880.2750735,6265141.7,428880.2750735,
2023-10-27 19:45:00+00:00,0.06845,0.06859,0.06845,0.06855,413466.7,0.06851,28326.603617,413466.7,28326.603617,
2023-10-27 19:50:00+00:00,0.06818,0.06855,0.06855,0.0683,2866294.6,0.068395,196040.219167,2866294.6,196040.219167,
2023-10-27 19:55:00+00:00,0.06821,0.06836,0.06832,0.06829,333797.8,0.068295,22796.720751,333797.8,22796.720751,
2023-10-27 20:00:00+00:00,0.06826,0.0684,0.06828,0.06839,653425.3,0.068332,44649.8575996,653425.3,44649.8575996,
2023-10-27 20:05:00+00:00,0.0682,0.06841,0.06837,0.06821,688058.2,0.068298,46992.9989436,688058.2,46992.9989436,
2023-10-27 20:10:00+00:00,0.06807,0.06822,0.0682,0.06812,332000.4,0.068152,22626.4912608,332000.4,22626.4912608,
2023-10-27 20:15:00+00:00,0.06778,0.06815,0.0681,0.06792,5106978.1,0.067987,347208.1200847,5106978.1,347208.1200847,
2023-10-27 20:20:00+00:00,0.06784,0.06798,0.06792,0.06798,922868.7,0.06793,62690.470791,922868.7,62690.470791,
2023-10-27 20:25:00+00:00,0.06792,0.06811,0.06798,0.06809,1499691.1,0.068025,102016.4870775,1499691.1,102016.4870775,
2023-10-27 20:30:00+00:00,0.068,0.06807,0.06806,0.06807,243278.5,0.06805,16555.101925,243278.5,16555.101925,
2023-10-27 20:35:00+00:00,0.06809,0.06834,0.06809,0.06825,4857020.4,0.068192,331209.9351168,4857020.4,331209.9351168,
2023-10-27 20:40:00+00:00,0.06802,0.06826,0.06825,0.06803,698418.7,0.06814,47590.250218,698418.7,47590.250218,
2023-10-27 20:45:00+00:00,0.06797,0.06803,0.06802,0.06801,313849.7,0.068008,21344.2903976,313849.7,21344.2903976,
2023-10-27 20:50:00+00:00,0.06764,0.06806,0.06803,0.06785,1896488.2,0.067895,128762.066339,1896488.2,128762.066339,
2023-10-27 20:55:00+00:00,0.06761,0.06794,0.06785,0.06767,5008191.6,0.067768,339395.1283488,5008191.6,339395.1283488,
2023-10-27 21:00:00+00:00,0.06759,0.06773,0.06767,0.06772,1791827.9,0.067678,121267.3286162,1791827.9,121267.3286162,
2023-10-27 21:05:00+00:00,0.06759,0.0678,0.06772,0.06771,1384047.5,0.067705,93706.9359875,1384047.5,93706.9359875,
2023-10-27 21:10:00+00:00,0.06761,0.06773,0.06773,0.06769,487554.4,0.06769,33002.557336,487554.4,33002.557336,
2023-10-27 21:15:00+00:00,0.06741,0.06772,0.06767,0.06752,1047489.1,0.06758,70789.313378,1047489.1,70789.313378,
2023-10-27 21:20:00+00:00,0.06735,0.06755,0.0675,0.06754,778735.2,0.067485,52552.944972,778735.2,52552.944972,
2023-10-27 21:25:00+00:00,0.06756,0.06762,0.06757,0.06762,305397.9,0.067592,20642.4548568,305397.9,20642.4548568,
2023-10-27 21:30:00+00:00,0.06761,0.06778,0.06762,0.06776,489523.2,0.067692,33136.8044544,489523.2,33136.8044544,
2023-10-27 21:35:00+00:00,0.06769,0.06777,0.06769,0.0677,1411039.7,0.067712,95544.3201664,1411039.7,95544.3201664,
2023-10-27 21:40:00+00:00,0.06769,0.06774,0.06769,0.06773,331139.2,0.067712,22422.0975104,331139.2,22422.0975104,
2023-10-27 21:45:00+00:00,0.06772,0.06783,0.06772,0.06783,232807.4,0.067775,15778.521535,232807.4,15778.521535,
2023-10-27 21:50:00+00:00,0.06781,0.06795,0.06783,0.0679,549574.0,0.067872,37300.686528,549574.0,37300.686528,
2023-10-27 21:55:00+00:00,0.06783,0.06791,0.06791,0.06787,93852.4,0.06788,6370.700912,93852.4,6370.700912,
2023-10-27 22:00:00+00:00,0.0678,0.0679,0.06787,0.06788,651723.8,0.067862,44227.2805156,651723.8,44227.2805156,
2023-10-27 22:05:00+00:00,0.06786,0.06791,0.06787,0.06791,589028.1,0.067888,39987.9396528,589028.1,39987.9396528,
2023-10-27 22:10:00+00:00,0.0679,0.06795,0.06793,0.06795,221029.8,0.067932,15014.9963736,221029.8,15014.9963736,
2023-10-27 22:15:00+00:00,0.06773,0.068,0.06793,0.06774,1085455.9,0.06785,73648.182815,1085455.9,73648.182815,
2023-10-27 22:20:00+00:00,0.06763,0.06781,0.06774,0.06765,1114669.3,0.067708,75472.0289644,1114669.3,75472.0289644,
2023-10-27 22:25:00+00:00,0.06761,0.06775,0.06766,0.06772,1442538.9,0.067685,97638.2454465,1442538.9,97638.2454465,
2023-10-27 22:30:00+00:00,0.06759,0.06776,0.06773,0.06771,436282.9,0.067698,29535.4797642,436282.9,29535.4797642,
2023-10-27 22:35:00+00:00,0.06758,0.06776,0.06773,0.06759,261260.4,0.067665,17678.184966,261260.4,17678.184966,
2023-10-27 22:40:00+00:00,0.06741,0.06764,0.06756,0.06745,732354.5,0.067515,49444.9140675,732354.5,49444.9140675,
2023-10-27 22:45:00+00:00,0.0674,0.06762,0.06743,0.06762,519224.5,0.067518,35056.999791,519224.5,35056.999791,
2023-10-27 22:50:00+00:00,0.06757,0.06774,0.06764,0.06759,464960.1,0.067635,31447.5763635,464960.1,31447.5763635,
2023-10-27 22:55:00+00:00,0.06747,0.06765,0.06759,0.06755,546989.0,0.067565,36957.311785,546989.0,36957.311785,
2023-10-27 23:00:00+00:00,0.06743,0.06761,0.06756,0.06755,745767.5,0.067538,50367.645415,745767.5,50367.645415,
2023-10-27 23:05:00+00:00,0.06755,0.06768,0.06756,0.06768,344958.6,0.067618,23325.4106148,344958.6,23325.4106148,
2023-10-27 23:10:00+00:00,0.06763,0.06777,0.06764,0.06774,314111.8,0.067695,21263.798301,314111.8,21263.798301,
2023-10-27 23:15:00+00:00,0.0677,0.06777,0.06772,0.06774,205725.8,0.067732,13934.2198856,205725.8,13934.2198856,
2023-10-27 23:20:00+00:00,0.06772,0.0678,0.06776,0.06775,444946.3,0.067758,30148.6713954,444946.3,30148.6713954,
2023-10-27 23:25:00+00:00,0.06773,0.0678,0.06777,0.06773,281921.6,0.067758,19102.4437728,281921.6,19102.4437728,
2023-10-27 23:30:00+00:00,0.06768,0.06783,0.06773,0.06783,561606.6,0.067768,38058.9560688,561606.6,38058.9560688,
2023-10-27 23:35:00+00:00,0.06777,0.06791,0.06783,0.06779,510678.1,0.067825,34636.7421325,510678.1,34636.7421325,
2023-10-27 23:40:00+00:00,0.06778,0.06791,0.06779,0.06786,294546.3,0.067835,19980.5482605,294546.3,19980.5482605,
2023-10-27 23:45:00+00:00,0.06786,0.06795,0.06787,0.06789,382773.2,0.067892,25987.2380944,382773.2,25987.2380944,
2023-10-27 23:50:00+00:00,0.06778,0.06788,0.06788,0.06786,179215.3,0.06785,12159.758105,179215.3,12159.758105,
2023-10-27 23:55:00+00:00,0.06776,0.06788,0.06783,0.06778,733091.9,0.067812,49712.4279228,733091.9,49712.4279228,
2023-10-28 00:00:00+00:00,0.06766,0.06789,0.06778,0.06786,1026134.4,0.067798,69569.8600512,1026134.4,69569.8600512,
2023-10-28 00:05:00+00:00,0.06782,0.06788,0.06784,0.06782,493073.1,0.06784,33450.079104,493073.1,33450.079104,
2023-10-28 00:10:00+00:00,0.06774,0.06787,0.06784,0.06775,1125870.4,0.0678,76334.01312,1125870.4,76334.01312,
2023-10-28 00:15:00+00:00,0.0677,0.06782,0.06775,0.06771,128049.0,0.067745,8674.679505,128049.0,8674.679505,
2023-10-28 00:20:00+00:00,0.06769,0.06783,0.06771,0.06783,321472.6,0.067765,21784.590739,321472.6,21784.590739,
2023-10-28 00:25:00+00:00,0.06783,0.06789,0.06783,0.06788,249003.1,0.067858,16896.8523598,249003.1,16896.8523598,
2023-10-28 00:30:00+00:00,0.06786,0.06793,0.06789,0.06792,305085.3,0.0679,20715.29187,305085.3,20715.29187,
2023-10-28 00:35:00+00:00,0.06777,0.0679,0.06789,0.06782,305716.9,0.067845,20741.3630805,305716.9,20741.3630805,
2023-10-28 00:40:00+00:00,0.06777,0.06786,0.06781,0.06781,309221.5,0.067812,20968.928358,309221.5,20968.928358,
2023-10-28 00:45:00+00:00,0.06777,0.06786,0.0678,0.06778,630823.0,0.067802,42771.061046,630823.0,42771.061046,
2023-10-28 00:50:00+00:00,0.06779,0.06785,0.06783,0.06783,179170.7,0.067825,12152.2527275,179170.7,12152.2527275,
2023-10-28 00:55:00+00:00,0.06782,0.06786,0.06783,0.06783,284943.3,0.067835,19329.1287555,284943.3,19329.1287555,
2023-10-28 01:00:00+00:00,0.06777,0.06784,0.06784,0.06778,113049.5,0.067808,7665.660496,113049.5,7665.660496,
2023-10-28 01:05:00+00:00,0.06776,0.06787,0.06778,0.06778,661112.6,0.067798,44822.1120548,661112.6,44822.1120548,
2023-10-28 01:10:00+00:00,0.06775,0.06779,0.06779,0.06776,74479.8,0.067772,5047.6450056,74479.8,5047.6450056,
2023-10-28 01:15:00+00:00,0.06775,0.06787,0.06775,0.06784,361903.2,0.067802,24537.7607664,361903.2,24537.7607664,
2023-10-28 01:20:00+00:00,0.06769,0.06786,0.06786,0.06769,247731.1,0.067775,16789.9753025,247731.1,16789.9753025,
2023-10-28 01:25:00+00:00,0.06769,0.06773,0.06771,0.06771,318327.7,0.06771,21553.968567,318327.7,21553.968567,
2023-10-28 01:30:00+00:00,0.06763,0.06774,0.06772,0.06767,139695.9,0.06769,9456.015471,139695.9,9456.015471,
2023-10-28 01:35:00+00:00,0.06752,0.0677,0.0677,0.06755,743567.0,0.067618,50278.513406,743567.0,50278.513406,
2023-10-28 01:40:00+00:00,0.06753,0.06768,0.06754,0.06768,1263876.8,0.067608,85448.1826944,1263876.8,85448.1826944,
2023-10-28 01:45:00+00:00,0.06766,0.068,0.06767,0.06796,1267634.1,0.067823,85974.7475643,1267634.1,85974.7475643,
2023-10-28 01:50:00+00:00,0.06795,0.06816,0.06795,0.06808,955418.6,0.068035,65001.904451,955418.6,65001.904451,
2023-10-28 01:55:00+00:00,0.068,0.06828,0.06806,0.06815,2471358.7,0.068122,168353.8973614,2471358.7,168353.8973614,
2023-10-28 02:00:00+00:00,0.06793,0.06815,0.06814,0.06796,374488.7,0.068045,25482.0835915,374488.7,25482.0835915,
2023-10-28 02:05:00+00:00,0.0678,0.06795,0.06795,0.06793,566146.6,0.067908,38445.8833128,566146.6,38445.8833128,
2023-10-28 02:10:00+00:00,0.06784,0.06794,0.0679,0.06784,391572.9,0.06788,26579.968452,391572.9,26579.968452,
2023-10-28 02:15:00+00:00,0.06772,0.06784,0.06782,0.06778,1232962.4,0.06779,83582.521096,1232962.4,83582.521096,
2023-10-28 02:20:00+00:00,0.06778,0.0679,0.0678,0.06784,405446.6,0.06783,27501.442878,405446.6,27501.442878,
2023-10-28 02:25:00+00:00,0.06786,0.06805,0.06786,0.068,779072.2,0.067942,52931.7234124,779072.2,52931.7234124,
2023-10-28 02:30:00+00:00,0.06784,0.06801,0.06799,0.06789,311129.6,0.067932,21135.6559872,311129.6,21135.6559872,
2023-10-28 02:35:00+00:00,0.06788,0.068,0.06789,0.06799,163665.7,0.06794,11119.447658,163665.7,11119.447658,
2023-10-28 02:40:00+00:00,0.06792,0.06802,0.068,0.06802,248974.8,0.06799,16927.796652,248974.8,16927.796652,
2023-10-28 02:45:00+00:00,0.06796,0.06821,0.06801,0.0682,891486.4,0.068095,60705.766408,891486.4,60705.766408,
2023-10-28 02:50:00+00:00,0.0682,0.06842,0.06821,0.06836,5325255.1,0.068298,363704.2728198,5325255.1,363704.2728198,
2023-10-28 02:55:00+00:00,0.06829,0.06846,0.06834,0.06844,431955.6,0.068382,29537.9878392,431955.6,29537.9878392,
2023-10-28 03:00:00+00:00,0.06819,0.06841,0.0684,0.0682,335171.6,0.0683,22892.22028,335171.6,22892.22028,
2023-10-28 03:05:00+00:00,0.06819,0.06832,0.06819,0.0682,218815.2,0.068225,14928.66702,218815.2,14928.66702,
2023-10-28 03:10:00+00:00,0.06818,0.06828,0.06818,0.06823,653323.9,0.068218,44568.4498102,653323.9,44568.4498102,
2023-10-28 03:15:00+00:00,0.06819,0.0684,0.06823,0.0684,773001.4,0.068305,52799.860627,773001.4,52799.860627,
2023-10-28 03:20:00+00:00,0.06821,0.06839,0.06839,0.06822,160067.2,0.068302,10932.9098944,160067.2,10932.9098944,
2023-10-28 03:25:00+00:00,0.06814,0.06824,0.06822,0.06816,380894.9,0.06819,25973.223231,380894.9,25973.223231,
2023-10-28 03:30:00+00:00,0.06813,0.06833,0.06818,0.06831,231726.7,0.068238,15812.5665546,231726.7,15812.5665546,
2023-10-28 03:35:00+00:00,0.06831,0.06835,0.06832,0.06835,333639.2,0.068332,22798.2338144,333639.2,22798.2338144,
2023-10-28 03:40:00+00:00,0.06831,0.06842,0.06835,0.06836,1361887.1,0.06836,93098.602156,1361887.1,93098.602156,
2023-10-28 03:45:00+00:00,0.06833,0.06843,0.06835,0.06837,496716.2,0.06837,33960.486594,496716.2,33960.486594,
2023-10-28 03:50:00+00:00,0.06838,0.06848,0.06839,0.06847,1008059.2,0.06843,68981.491056,1008059.2,68981.491056,
2023-10-28 03:55:00+00:00,0.06839,0.06851,0.06847,0.06849,1351107.6,0.068465,92503.581834,1351107.6,92503.581834,
2023-10-28 04:00:00+00:00,0.06845,0.06851,0.06851,0.06845,398288.0,0.06848,27274.76224,398288.0,27274.76224,
2023-10-28 04:05:00+00:00,0.06833,0.06845,0.06845,0.06837,500373.8,0.0684,34225.56792,500373.8,34225.56792,
2023-10-28 04:10:00+00:00,0.06839,0.06848,0.06839,0.06847,594078.4,0.068432,40653.9730688,594078.4,40653.9730688,
2023-10-28 04:15:00+00:00,0.06841,0.0685,0.06849,0.06842,414232.8,0.068455,28356.306324,414232.8,28356.306324,
2023-10-28 04:20:00+00:00,0.06838,0.06849,0.06843,0.06845,697325.6,0.068438,47723.5694128,697325.6,47723.5694128,
2023-10-28 04:25:00+00:00,0.06844,0.06852,0.06845,0.06851,177481.9,0.06848,12153.960512,177481.9,12153.960512,
2023-10-28 04:30:00+00:00,0.06851,0.06859,0.06851,0.06857,817650.0,0.068545,56045.81925,817650.0,56045.81925,
2023-10-28 04:35:00+00:00,0.06853,0.06863,0.06857,0.06863,530204.4,0.06859,36366.719796,530204.4,36366.719796,
2023-10-28 04:40:00+00:00,0.06857,0.06865,0.06864,0.06863,287660.4,0.068622,19739.8319688,287660.4,19739.8319688,
2023-10-28 04:45:00+00:00,0.06857,0.06864,0.06864,0.0686,105991.8,0.068612,7272.3093816,105991.8,7272.3093816,
2023-10-28 04:50:00+00:00,0.06858,0.06869,0.0686,0.06869,162637.5,0.06864,11163.438,162637.5,11163.438,
2023-10-28 04:55:00+00:00,0.06868,0.0688,0.0687,0.06877,809767.4,0.068738,55661.7915412,809767.4,55661.7915412,
2023-10-28 05:00:00+00:00,0.06869,0.06881,0.06877,0.06878,305731.6,0.068762,21022.7162792,305731.6,21022.7162792,
2023-10-28 05:05:00+00:00,0.06872,0.06879,0.06876,0.06873,297610.7,0.06875,20460.735625,297610.7,20460.735625,
2023-10-28 05:10:00+00:00,0.06873,0.06882,0.06873,0.06882,211920.7,0.068775,14574.8461425,211920.7,14574.8461425,
2023-10-28 05:15:00+00:00,0.06879,0.06887,0.0688,0.06885,215395.5,0.068828,14825.241474,215395.5,14825.241474,
2023-10-28 05:20:00+00:00,0.06885,0.06898,0.06885,0.06888,997920.0,0.06889,68746.7088,997920.0,68746.7088,
2023-10-28 05:25:00+00:00,0.06876,0.06888,0.06888,0.06879,774898.9,0.068828,53334.7414892,774898.9,53334.7414892,
2023-10-28 05:30:00+00:00,0.06871,0.06886,0.06878,0.06879,677224.7,0.068785,46582.9009895,677224.7,46582.9009895,
2023-10-28 05:35:00+00:00,0.06874,0.06882,0.06877,0.06882,129483.5,0.068788,8906.910998,129483.5,8906.910998,
2023-10-28 05:40:00+00:00,0.06884,0.06896,0.06884,0.06891,258173.3,0.068887,17784.7841171,258173.3,17784.7841171,
2023-10-28 05:45:00+00:00,0.06876,0.06891,0.06891,0.06876,338925.6,0.068835,23329.943676,338925.6,23329.943676,
2023-10-28 05:50:00+00:00,0.0687,0.06876,0.06874,0.06872,253418.3,0.06873,17417.439759,253418.3,17417.439759,
2023-10-28 05:55:00+00:00,0.06869,0.06875,0.06873,0.06869,555667.0,0.068715,38182.657905,555667.0,38182.657905,
2023-10-28 06:00:00+00:00,0.06865,0.06875,0.0687,0.06871,398997.6,0.068702,27411.9331152,398997.6,27411.9331152,
2023-10-28 06:05:00+00:00,0.06869,0.06876,0.06871,0.06873,609525.7,0.068722,41887.8251554,609525.7,41887.8251554,
2023-10-28 06:10:00+00:00,0.06873,0.06885,0.06873,0.06881,633099.7,0.06878,43544.597366,633099.7,43544.597366,
2023-10-28 06:15:00+00:00,0.06877,0.06886,0.06882,0.06879,128733.1,0.06881,8858.124611,128733.1,8858.124611,
2023-10-28 06:20:00+00:00,0.06877,0.06887,0.06878,0.06887,171133.4,0.068822,11777.7428548,171133.4,11777.7428548,
2023-10-28 06:25:00+00:00,0.0688,0.06888,0.06888,0.06882,164383.2,0.068845,11316.961404,164383.2,11316.961404,
2023-10-28 06:30:00+00:00,0.06859,0.06882,0.06882,0.06859,474640.4,0.068705,32610.168682,474640.4,32610.168682,
2023-10-28 06:35:00+00:00,0.06857,0.06863,0.06859,0.06863,54280.0,0.068605,3723.8794,54280.0,3723.8794,
2023-10-28 06:40:00+00:00,0.06856,0.06862,0.06862,0.06856,196517.4,0.06859,13479.128466,196517.4,13479.128466,
2023-10-28 06:45:00+00:00,0.06854,0.0686,0.06858,0.06855,962378.1,0.068568,65988.3415608,962378.1,65988.3415608,
2023-10-28 06:50:00+00:00,0.06846,0.06857,0.06853,0.06856,618205.5,0.06853,42365.622915,618205.5,42365.622915,
2023-10-28 06:55:00+00:00,0.06848,0.06861,0.06855,0.06855,1196592.9,0.068548,82024.0501092,1196592.9,82024.0501092,
2023-10-28 07:00:00+00:00,0.06849,0.06861,0.06858,0.06855,283669.6,0.068558,19447.8204368,283669.6,19447.8204368,
2023-10-28 07:05:00+00:00,0.06852,0.06862,0.06856,0.06861,406490.3,0.068578,27876.2917934,406490.3,27876.2917934,
2023-10-28 07:10:00+00:00,0.06864,0.0687,0.06864,0.06869,314307.0,0.068668,21582.833076,314307.0,21582.833076,
2023-10-28 07:15:00+00:00,0.06863,0.06871,0.06867,0.06867,190576.2,0.06867,13086.867654,190576.2,13086.867654,
2023-10-28 07:20:00+00:00,0.06861,0.0687,0.06867,0.06869,259187.7,0.068667,17797.6417959,259187.7,17797.6417959,
2023-10-28 07:25:00+00:00,0.06863,0.06868,0.06868,0.06865,144190.0,0.06866,9900.0854,144190.0,9900.0854,
2023-10-28 07:30:00+00:00,0.06862,0.06873,0.06863,0.06873,185511.2,0.068678,12740.5381936,185511.2,12740.5381936,
2023-10-28 07:35:00+00:00,0.06869,0.06876,0.06873,0.06871,178310.5,0.068722,12253.854181,178310.5,12253.854181,
2023-10-28 07:40:00+00:00,0.06867,0.06873,0.06873,0.06867,159889.8,0.0687,10984.42926,159889.8,10984.42926,
2023-10-28 07:45:00+00:00,0.06862,0.0687,0.06867,0.06869,366857.1,0.06867,25192.077057,366857.1,25192.077057,
2023-10-28 07:50:00+00:00,0.06867,0.06877,0.06869,0.06877,272949.1,0.068725,18758.4268975,272949.1,18758.4268975,
2023-10-28 07:55:00+00:00,0.0687,0.0688,0.06876,0.06874,182464.8,0.06875,12544.455,182464.8,12544.455,
2023-10-28 08:00:00+00:00,0.06871,0.06878,0.06872,0.06871,189470.3,0.06873,13022.293719,189470.3,13022.293719,
2023-10-28 08:05:00+00:00,0.06849,0.0687,0.0687,0.06856,491994.9,0.068612,33756.7540788,491994.9,33756.7540788,
2023-10-28 08:10:00+00:00,0.06855,0.06877,0.06856,0.06877,213969.3,0.068662,14691.5600766,213969.3,14691.5600766,
2023-10-28 08:15:00+00:00,0.06867,0.06881,0.06875,0.06878,102474.2,0.068753,7045.4086726,102474.2,7045.4086726,
2023-10-28 08:20:00+00:00,0.06866,0.06877,0.06877,0.06868,199534.9,0.06872,13712.038328,199534.9,13712.038328,
2023-10-28 08:25:00+00:00,0.06866,0.06873,0.0687,0.06866,269576.2,0.068688,18516.6500256,269576.2,18516.6500256,
2023-10-28 08:30:00+00:00,0.06864,0.06876,0.06868,0.06876,390743.5,0.06871,26847.985885,390743.5,26847.985885,
2023-10-28 08:35:00+00:00,0.06876,0.06887,0.06877,0.06887,569156.8,0.068817,39167.6635056,569156.8,39167.6635056,
2023-10-28 08:40:00+00:00,0.06884,0.06897,0.06886,0.06897,604773.7,0.06891,41674.955667,604773.7,41674.955667,
2023-10-28 08:45:00+00:00,0.06895,0.06919,0.06898,0.06898,2167714.5,0.069025,149626.4933625,2167714.5,149626.4933625,
2023-10-28 08:50:00+00:00,0.06891,0.06899,0.06899,0.06896,204033.9,0.068962,14070.5858118,204033.9,14070.5858118,
2023-10-28 08:55:00+00:00,0.06893,0.069,0.06895,0.06897,892396.0,0.068963,61542.305348,892396.0,61542.305348,
2023-10-28 09:00:00+00:00,0.06884,0.069,0.06899,0.06892,212034.9,0.068938,14617.2619362,212034.9,14617.2619362,
2023-10-28 09:05:00+00:00,0.06877,0.06898,0.06884,0.06891,185015.5,0.068875,12742.9425625,185015.5,12742.9425625,
2023-10-28 09:10:00+00:00,0.06891,0.06901,0.06894,0.06901,147893.7,0.068968,10199.9327016,147893.7,10199.9327016,
2023-10-28 09:15:00+00:00,0.0689,0.06904,0.069,0.0689,188137.4,0.06896,12973.955104,188137.4,12973.955104,
2023-10-28 09:20:00+00:00,0.06887,0.06976,0.0689,0.06937,12664702.7,0.069225,876714.0444075,12664702.7,876714.0444075,
2023-10-28 09:25:00+00:00,0.06919,0.06938,0.06936,0.0692,846647.9,0.069282,58657.4598078,846647.9,58657.4598078,
2023-10-28 09:30:00+00:00,0.06911,0.0694,0.06916,0.06926,3553866.4,0.069232,246041.2786048,3553866.4,246041.2786048,
2023-10-28 09:35:00+00:00,0.06926,0.06935,0.06926,0.06933,489334.7,0.0693,33910.89471,489334.7,33910.89471,
2023-10-28 09:40:00+00:00,0.06933,0.06942,0.06937,0.06934,247289.5,0.069365,17153.2361675,247289.5,17153.2361675,
2023-10-28 09:45:00+00:00,0.06915,0.06933,0.06932,0.06915,391694.0,0.069238,27120.109172,391694.0,27120.109172,
2023-10-28 09:50:00+00:00,0.069,0.06919,0.06917,0.069,333059.3,0.06909,23011.067037,333059.3,23011.067037,
2023-10-28 09:55:00+00:00,0.06888,0.06901,0.06901,0.0689,229454.8,0.06895,15820.90846,229454.8,15820.90846,
2023-10-28 10:00:00+00:00,0.06886,0.06903,0.06887,0.06902,1325419.4,0.068945,91381.040533,1325419.4,91381.040533,
2023-10-28 10:05:00+00:00,0.069,0.0692,0.069,0.06912,689697.2,0.06908,47644.282576,689697.2,47644.282576,
2023-10-28 10:10:00+00:00,0.06908,0.06917,0.06914,0.06908,103782.1,0.069118,7173.2111878,103782.1,7173.2111878,
2023-10-28 10:15:00+00:00,0.06902,0.06927,0.06908,0.06927,225785.3,0.06916,15615.311348,225785.3,15615.311348,
2023-10-28 10:20:00+00:00,0.06903,0.06934,0.06931,0.0691,1060966.4,0.069195,73413.570048,1060966.4,73413.570048,
2023-10-28 10:25:00+00:00,0.06908,0.06916,0.06912,0.06912,428765.9,0.06912,29636.299008,428765.9,29636.299008,
2023-10-28 10:30:00+00:00,0.06901,0.06912,0.06912,0.06904,76703.6,0.069072,5298.0710592,76703.6,5298.0710592,
2023-10-28 10:35:00+00:00,0.06901,0.06915,0.06907,0.06915,169739.9,0.069095,11728.1783905,169739.9,11728.1783905,
2023-10-28 10:40:00+00:00,0.06902,0.06916,0.06915,0.06906,177833.9,0.069097,12287.7889883,177833.9,12287.7889883,
2023-10-28 10:45:00+00:00,0.06909,0.06922,0.06912,0.06919,625775.8,0.069155,43275.525449,625775.8,43275.525449,
2023-10-28 10:50:00+00:00,0.06915,0.06924,0.06918,0.0692,316533.7,0.069192,21901.5997704,316533.7,21901.5997704,
2023-10-28 10:55:00+00:00,0.06916,0.06931,0.06923,0.06924,474916.5,0.069235,32880.8438775,474916.5,32880.8438775,
2023-10-28 11:00:00+00:00,0.06919,0.06932,0.06923,0.0693,603763.1,0.06926,41816.632306,603763.1,41816.632306,
2023-10-28 11:05:00+00:00,0.06929,0.06948,0.06931,0.06946,2671911.1,0.069385,185390.5516735,2671911.1,185390.5516735,
2023-10-28 11:10:00+00:00,0.06934,0.06944,0.06943,0.06937,201852.8,0.069395,14007.575056,201852.8,14007.575056,
2023-10-28 11:15:00+00:00,0.06933,0.06938,0.06937,0.06935,98023.7,0.069357,6798.6297609,98023.7,6798.6297609,
2023-10-28 11:20:00+00:00,0.06936,0.06982,0.06936,0.06969,3057751.7,0.069558,212691.0927486,3057751.7,212691.0927486,
2023-10-28 11:25:00+00:00,0.06956,0.06971,0.06969,0.06965,728811.4,0.069652,50763.1716328,728811.4,50763.1716328,
2023-10-28 11:30:00+00:00,0.06958,0.06972,0.06963,0.06959,599281.6,0.06963,41727.977808,599281.6,41727.977808,
2023-10-28 11:35:00+00:00,0.06919,0.06959,0.06959,0.06927,668981.8,0.06941,46434.026738,668981.8,46434.026738,
2023-10-28 11:40:00+00:00,0.06921,0.06934,0.06927,0.06926,506247.3,0.06927,35067.750471,506247.3,35067.750471,
2023-10-28 11:45:00+00:00,0.06919,0.06931,0.06924,0.06924,593336.1,0.069245,41085.5582445,593336.1,41085.5582445,
2023-10-28 11:50:00+00:00,0.06919,0.06932,0.06924,0.0692,438602.5,0.069238,30367.959895,438602.5,30367.959895,
2023-10-28 11:55:00+00:00,0.06911,0.06924,0.06919,0.06911,321649.1,0.069162,22245.8950542,321649.1,22245.8950542,
2023-10-28 12:00:00+00:00,0.0691,0.06927,0.06912,0.06926,374812.9,0.069188,25932.5549252,374812.9,25932.5549252,
2023-10-28 12:05:00+00:00,0.0692,0.0693,0.06926,0.06928,253377.3,0.06926,17548.911798,253377.3,17548.911798,
2023-10-28 12:10:00+00:00,0.06908,0.06929,0.06929,0.0691,832992.4,0.06919,57634.744156,832992.4,57634.744156,
2023-10-28 12:15:00+00:00,0.06893,0.06908,0.06907,0.06902,1755550.2,0.069025,121176.852555,1755550.2,121176.852555,
2023-10-28 12:20:00+00:00,0.06903,0.06914,0.06904,0.06909,1929415.9,0.069075,133274.4032925,1929415.9,133274.4032925,
2023-10-28 12:25:00+00:00,0.06897,0.06909,0.06909,0.06901,700914.8,0.06904,48391.157792,700914.8,48391.157792,
2023-10-28 12:30:00+00:00,0.06883,0.06902,0.06901,0.06897,463842.1,0.068958,31985.6235318,463842.1,31985.6235318,
2023-10-28 12:35:00+00:00,0.06893,0.06902,0.06899,0.06896,926687.4,0.068975,63918.263415,926687.4,63918.263415,
2023-10-28 12:40:00+00:00,0.06891,0.06898,0.06893,0.06894,117305.5,0.06894,8087.04117,117305.5,8087.04117,
2023-10-28 12:45:00+00:00,0.06829,0.06889,0.06889,0.06859,3047285.2,0.068665,209241.838258,3047285.2,209241.838258,
2023-10-28 12:50:00+00:00,0.0685,0.06873,0.06861,0.06866,686723.1,0.068625,47126.3727375,686723.1,47126.3727375,
2023-10-28 12:55:00+00:00,0.06849,0.06873,0.06866,0.0685,354717.2,0.068595,24331.826334,354717.2,24331.826334,
2023-10-28 13:00:00+00:00,0.06844,0.06856,0.06852,0.06852,582478.4,0.06851,39905.595184,582478.4,39905.595184,
2023-10-28 13:05:00+00:00,0.06855,0.06874,0.06855,0.06874,207316.3,0.068645,14231.2274135,207316.3,14231.2274135,
2023-10-28 13:10:00+00:00,0.06869,0.06885,0.06874,0.06885,408460.6,0.068782,28094.7369892,408460.6,28094.7369892,
2023-10-28 13:15:00+00:00,0.06881,0.06894,0.06885,0.06893,209319.1,0.068882,14418.3182462,209319.1,14418.3182462,
2023-10-28 13:20:00+00:00,0.06894,0.06904,0.06894,0.06904,49528.8,0.06899,3416.991912,49528.8,3416.991912,
2023-10-28 13:25:00+00:00,0.06894,0.06903,0.06902,0.06903,246684.0,0.069005,17022.42942,246684.0,17022.42942,
2023-10-28 13:30:00+00:00,0.06901,0.06909,0.06901,0.06906,575245.0,0.069042,39716.06529,575245.0,39716.06529,
2023-10-28 13:35:00+00:00,0.06901,0.06906,0.06906,0.06902,69130.9,0.069038,4772.6590742,69130.9,4772.6590742,
2023-10-28 13:40:00+00:00,0.06889,0.06902,0.06901,0.06895,178900.0,0.068968,12338.3752,178900.0,12338.3752,
2023-10-28 13:45:00+00:00,0.06896,0.06904,0.06896,0.06901,169372.8,0.068992,11685.3682176,169372.8,11685.3682176,
2023-10-28 13:50:00+00:00,0.06896,0.06903,0.06899,0.06899,186770.2,0.068992,12885.6496384,186770.2,12885.6496384,
2023-10-28 13:55:00+00:00,0.06895,0.0691,0.06901,0.0691,394288.8,0.06904,27221.698752,394288.8,27221.698752,
2023-10-28 14:00:00+00:00,0.06892,0.06911,0.06911,0.06893,148532.1,0.069018,10251.3884778,148532.1,10251.3884778,
2023-10-28 14:05:00+00:00,0.06888,0.06905,0.06893,0.06902,735715.1,0.06897,50742.270447,735715.1,50742.270447,
2023-10-28 14:10:00+00:00,0.06902,0.06909,0.06905,0.06904,407308.2,0.06905,28124.63121,407308.2,28124.63121,
2023-10-28 14:15:00+00:00,0.06889,0.06901,0.06901,0.06891,647964.3,0.068955,44680.3783065,647964.3,44680.3783065,
2023-10-28 14:20:00+00:00,0.06884,0.06892,0.06892,0.06885,251438.2,0.068882,17319.5660924,251438.2,17319.5660924,
2023-10-28 14:25:00+00:00,0.06869,0.06885,0.06884,0.06876,350575.0,0.068785,24114.301375,350575.0,24114.301375,
2023-10-28 14:30:00+00:00,0.06875,0.06883,0.06876,0.06875,347091.3,0.068772,23870.1628836,347091.3,23870.1628836,
2023-10-28 14:35:00+00:00,0.06867,0.06877,0.06877,0.06873,308531.3,0.068735,21206.8989055,308531.3,21206.8989055,
2023-10-28 14:40:00+00:00,0.0687,0.06882,0.06874,0.06872,745339.4,0.068745,51238.357053,745339.4,51238.357053,
2023-10-28 14:45:00+00:00,0.06864,0.06873,0.06873,0.06873,1157301.6,0.068708,79515.8783328,1157301.6,79515.8783328,
2023-10-28 14:50:00+00:00,0.06871,0.06881,0.06873,0.06881,867738.9,0.068765,59670.0654585,867738.9,59670.0654585,
2023-10-28 14:55:00+00:00,0.06877,0.06886,0.06882,0.06886,337304.3,0.068828,23215.9803604,337304.3,23215.9803604,
2023-10-28 15:00:00+00:00,0.06884,0.06891,0.06886,0.06891,485965.0,0.06888,33473.2692,485965.0,33473.2692,
2023-10-28 15:05:00+00:00,0.06893,0.06908,0.06893,0.06897,1867497.6,0.068978,128816.2494528,1867497.6,128816.2494528,
2023-10-28 15:10:00+00:00,0.06896,0.06899,0.06899,0.06896,88564.7,0.068975,6108.7501825,88564.7,6108.7501825,
2023-10-28 15:15:00+00:00,0.06892,0.06898,0.06896,0.06896,141589.1,0.068955,9763.2763905,141589.1,9763.2763905,
2023-10-28 15:20:00+00:00,0.06894,0.069,0.06897,0.06898,211829.6,0.068972,14610.3111712,211829.6,14610.3111712,
2023-10-28 15:25:00+00:00,0.06896,0.069,0.069,0.069,467301.5,0.06899,32239.130485,467301.5,32239.130485,
2023-10-28 15:30:00+00:00,0.06895,0.06907,0.069,0.06895,662070.6,0.068993,45678.2369058,662070.6,45678.2369058,
2023-10-28 15:35:00+00:00,0.06896,0.06901,0.06896,0.06899,417643.6,0.06898,28809.055528,417643.6,28809.055528,
2023-10-28 15:40:00+00:00,0.06889,0.06898,0.06898,0.06894,1909357.4,0.068948,131646.3740152,1909357.4,131646.3740152,
2023-10-28 15:45:00+00:00,0.0689,0.06896,0.06894,0.0689,77584.3,0.068925,5347.4978775,77584.3,5347.4978775,
2023-10-28 15:50:00+00:00,0.06891,0.06897,0.06891,0.06897,296473.2,0.06894,20438.862408,296473.2,20438.862408,
2023-10-28 15:55:00+00:00,0.06891,0.06898,0.06897,0.06898,212225.1,0.06896,14635.042896,212225.1,14635.042896,
2023-10-28 16:00:00+00:00,0.06882,0.06899,0.06898,0.06885,1333561.5,0.06891,91895.722965,1333561.5,91895.722965,
2023-10-28 16:05:00+00:00,0.06876,0.06885,0.06884,0.06881,307874.5,0.068815,21186.3837175,307874.5,21186.3837175,
2023-10-28 16:10:00+00:00,0.06872,0.06882,0.06882,0.06876,125402.4,0.06878,8625.177072,125402.4,8625.177072,
2023-10-28 16:15:00+00:00,0.06863,0.06879,0.06879,0.06872,279954.8,0.068732,19241.8533136,279954.8,19241.8533136,
2023-10-28 16:20:00+00:00,0.06872,0.06882,0.06873,0.06882,179206.8,0.068772,12324.4100496,179206.8,12324.4100496,
2023-10-28 16:25:00+00:00,0.06881,0.06886,0.06882,0.06884,490739.9,0.068832,33778.6087968,490739.9,33778.6087968,
2023-10-28 16:30:00+00:00,0.06879,0.06886,0.06886,0.06879,178299.4,0.068825,12271.456205,178299.4,12271.456205,
2023-10-28 16:35:00+00:00,0.06874,0.06882,0.06877,0.06877,158361.7,0.068775,10891.3259175,158361.7,10891.3259175,
2023-10-28 16:40:00+00:00,0.06875,0.06884,0.06877,0.06884,202244.3,0.0688,13914.40784,202244.3,13914.40784,
2023-10-28 16:45:00+00:00,0.06876,0.06889,0.06884,0.06888,410332.0,0.068842,28248.075544,410332.0,28248.075544,
2023-10-28 16:50:00+00:00,0.06885,0.0689,0.06888,0.06888,236083.9,0.068878,16260.9868642,236083.9,16260.9868642,
2023-10-28 16:55:00+00:00,0.06887,0.06896,0.06889,0.06896,395304.9,0.06892,27244.413708,395304.9,27244.413708,
2023-10-28 17:00:00+00:00,0.06888,0.06895,0.06893,0.0689,800247.4,0.068915,55149.049571,800247.4,55149.049571,
2023-10-28 17:05:00+00:00,0.06888,0.06892,0.06889,0.06891,132495.4,0.0689,9128.93306,132495.4,9128.93306,
2023-10-28 17:10:00+00:00,0.0689,0.06896,0.06891,0.0689,291107.6,0.068918,20062.5535768,291107.6,20062.5535768,
2023-10-28 17:15:00+00:00,0.06869,0.06891,0.0689,0.06884,656650.5,0.068835,45200.5371675,656650.5,45200.5371675,
2023-10-28 17:20:00+00:00,0.06878,0.06886,0.06886,0.06883,164328.6,0.068832,11311.0661952,164328.6,11311.0661952,
2023-10-28 17:25:00+00:00,0.06874,0.06882,0.06882,0.06877,222236.4,0.068788,15287.1974832,222236.4,15287.1974832,
2023-10-28 17:30:00+00:00,0.06873,0.06881,0.06876,0.06881,202047.1,0.068777,13896.1933967,202047.1,13896.1933967,
2023-10-28 17:35:00+00:00,0.06879,0.06886,0.0688,0.06881,202464.0,0.068815,13932.56016,202464.0,13932.56016,
2023-10-28 17:40:00+00:00,0.06876,0.06882,0.06881,0.06878,794892.6,0.068792,54682.2517392,794892.6,54682.2517392,
2023-10-28 17:45:00+00:00,0.0687,0.06876,0.06876,0.06875,207771.4,0.068743,14282.8293502,207771.4,14282.8293502,
2023-10-28 17:50:00+00:00,0.06874,0.06878,0.06874,0.06878,281417.7,0.06876,19350.281052,281417.7,19350.281052,
2023-10-28 17:55:00+00:00,0.06878,0.06884,0.06878,0.06883,412564.4,0.068808,28387.7312352,412564.4,28387.7312352,
2023-10-28 18:00:00+00:00,0.06868,0.06883,0.06883,0.06869,380416.8,0.068758,26156.6983344,380416.8,26156.6983344,
2023-10-28 18:05:00+00:00,0.06863,0.06875,0.0687,0.06865,454158.2,0.068683,31192.9476506,454158.2,31192.9476506,
2023-10-28 18:10:00+00:00,0.06859,0.06864,0.06864,0.0686,306200.6,0.068618,21010.8727708,306200.6,21010.8727708,
2023-10-28 18:15:00+00:00,0.06858,0.06866,0.06859,0.06862,504772.4,0.068612,34633.4439088,504772.4,34633.4439088,
2023-10-28 18:20:00+00:00,0.06852,0.06863,0.06862,0.06859,489358.1,0.06859,33565.072079,489358.1,33565.072079,
2023-10-28 18:25:00+00:00,0.06843,0.06858,0.06858,0.06848,660581.3,0.068518,45261.7095134,660581.3,45261.7095134,
2023-10-28 18:30:00+00:00,0.06847,0.06861,0.06847,0.06861,119213.8,0.06854,8170.913852,119213.8,8170.913852,
2023-10-28 18:35:00+00:00,0.06859,0.06876,0.06859,0.06874,434215.5,0.06867,29817.578385,434215.5,29817.578385,
2023-10-28 18:40:00+00:00,0.06872,0.06876,0.06873,0.06872,126307.0,0.068732,8681.332724,126307.0,8681.332724,
2023-10-28 18:45:00+00:00,0.06862,0.06875,0.06871,0.06864,371511.9,0.06868,25515.437292,371511.9,25515.437292,
2023-10-28 18:50:00+00:00,0.06864,0.06871,0.06865,0.06866,398528.4,0.068665,27364.952586,398528.4,27364.952586,
2023-10-28 18:55:00+00:00,0.06862,0.0687,0.06865,0.06862,395591.5,0.068648,27156.565292,395591.5,27156.565292,
2023-10-28 19:00:00+00:00,0.06854,0.06864,0.06864,0.06858,355335.4,0.0686,24376.00844,355335.4,24376.00844,
2023-10-28 19:05:00+00:00,0.06855,0.06863,0.06861,0.06863,322277.2,0.068605,22109.827306,322277.2,22109.827306,
2023-10-28 19:10:00+00:00,0.0686,0.06868,0.06863,0.06868,210399.3,0.068648,14443.4911464,210399.3,14443.4911464,
2023-10-28 19:15:00+00:00,0.06857,0.06869,0.06867,0.06858,175431.7,0.068628,12039.5267076,175431.7,12039.5267076,
2023-10-28 19:20:00+00:00,0.06858,0.06869,0.06858,0.06864,955757.2,0.068622,65585.9705784,955757.2,65585.9705784,
2023-10-28 19:25:00+00:00,0.06855,0.06866,0.06865,0.06858,445108.2,0.06861,30538.873602,445108.2,30538.873602,
2023-10-28 19:30:00+00:00,0.06845,0.06861,0.06858,0.06851,357799.0,0.068538,24522.827862,357799.0,24522.827862,
2023-10-28 19:35:00+00:00,0.06848,0.06858,0.06851,0.06858,399976.3,0.068538,27413.5756494,399976.3,27413.5756494,
2023-10-28 19:40:00+00:00,0.06857,0.06863,0.06859,0.06857,549681.6,0.06859,37702.660944,549681.6,37702.660944,
2023-10-28 19:45:00+00:00,0.06849,0.06863,0.06856,0.0685,267658.1,0.068545,18346.6244645,267658.1,18346.6244645,
2023-10-28 19:50:00+00:00,0.06842,0.06857,0.06849,0.06842,550060.9,0.068475,37665.4201275,550060.9,37665.4201275,
2023-10-28 19:55:00+00:00,0.06834,0.06844,0.0684,0.0684,400465.8,0.068395,27389.858391,400465.8,27389.858391,
2023-10-28 20:00:00+00:00,0.06837,0.06855,0.0684,0.06855,683936.5,0.068468,46827.764282,683936.5,46827.764282,
2023-10-28 20:05:00+00:00,0.0685,0.06871,0.06852,0.06871,366071.5,0.06861,25116.165615,366071.5,25116.165615,
2023-10-28 20:10:00+00:00,0.06868,0.06881,0.06871,0.06871,447842.4,0.068728,30779.3124672,447842.4,30779.3124672,
2023-10-28 20:15:00+00:00,0.06876,0.06883,0.06876,0.06878,661802.1,0.068782,45520.0720422,661802.1,45520.0720422,
2023-10-28 20:20:00+00:00,0.06867,0.06881,0.06877,0.06881,476669.4,0.068765,32778.171291,476669.4,32778.171291,
2023-10-28 20:25:00+00:00,0.0688,0.06891,0.0688,0.06886,377006.1,0.068842,25953.8539362,377006.1,25953.8539362,
2023-10-28 20:30:00+00:00,0.06879,0.06889,0.06886,0.0688,206378.1,0.068835,14206.0365135,206378.1,14206.0365135,
2023-10-28 20:35:00+00:00,0.06881,0.06889,0.06881,0.06885,296520.6,0.06884,20412.478104,296520.6,20412.478104,
2023-10-28 20:40:00+00:00,0.06878,0.06887,0.06884,0.06887,261534.0,0.06884,18004.00056,261534.0,18004.00056,
2023-10-28 20:45:00+00:00,0.06883,0.06892,0.06886,0.0689,434910.3,0.068878,29955.7516434,434910.3,29955.7516434,
2023-10-28 20:50:00+00:00,0.06889,0.06895,0.0689,0.06891,300814.8,0.068912,20729.7494976,300814.8,20729.7494976,
2023-10-28 20:55:00+00:00,0.06893,0.06898,0.06893,0.06894,256103.9,0.068945,17657.0833855,256103.9,17657.0833855,
2023-10-28 21:00:00+00:00,0.06888,0.06895,0.06894,0.06893,122744.4,0.068925,8460.15777,122744.4,8460.15777,
2023-10-28 21:05:00+00:00,0.06889,0.06895,0.06894,0.06891,243457.5,0.068922,16779.577815,243457.5,16779.577815,
2023-10-28 21:10:00+00:00,0.06889,0.069,0.06891,0.06899,135850.8,0.068948,9366.6409584,135850.8,9366.6409584,
2023-10-28 21:15:00+00:00,0.06899,0.06901,0.069,0.069,415707.0,0.069,28683.783,415707.0,28683.783,
2023-10-28 21:20:00+00:00,0.06898,0.06902,0.069,0.06901,468795.9,0.069003,32348.3234877,468795.9,32348.3234877,
2023-10-28 21:25:00+00:00,0.06899,0.06919,0.06901,0.06919,231207.1,0.069095,15975.2545745,231207.1,15975.2545745,
2023-10-28 21:30:00+00:00,0.06914,0.0692,0.0692,0.06916,229616.0,0.069175,15883.6868,229616.0,15883.6868,
2023-10-28 21:35:00+00:00,0.06914,0.06928,0.06914,0.06923,233272.8,0.069198,16142.0112144,233272.8,16142.0112144,
2023-10-28 21:40:00+00:00,0.06919,0.0693,0.06923,0.06926,3169935.2,0.069245,219502.162924,3169935.2,219502.162924,
2023-10-28 21:45:00+00:00,0.06926,0.0694,0.06927,0.06936,907330.6,0.069323,62898.8791838,907330.6,62898.8791838,
2023-10-28 21:50:00+00:00,0.06929,0.06937,0.06936,0.06934,615010.9,0.06934,42644.855806,615010.9,42644.855806,
2023-10-28 21:55:00+00:00,0.06934,0.06949,0.06934,0.06949,517852.5,0.069415,35946.7312875,517852.5,35946.7312875,
2023-10-28 22:00:00+00:00,0.06929,0.06951,0.06949,0.0693,2146393.5,0.069398,148955.416113,2146393.5,148955.416113,
2023-10-28 22:05:00+00:00,0.06918,0.06934,0.0693,0.06918,450551.6,0.06925,31200.6983,450551.6,31200.6983,
2023-10-28 22:10:00+00:00,0.06911,0.06922,0.06917,0.06921,476147.6,0.069178,32938.9386728,476147.6,32938.9386728,
2023-10-28 22:15:00+00:00,0.06901,0.06919,0.06918,0.06902,539651.4,0.0691,37289.91174,539651.4,37289.91174,
2023-10-28 22:20:00+00:00,0.06888,0.06907,0.06902,0.06898,680350.4,0.068988,46936.0133952,680350.4,46936.0133952,
2023-10-28 22:25:00+00:00,0.06885,0.06904,0.06898,0.06891,435402.8,0.068945,30018.846046,435402.8,30018.846046,
2023-10-28 22:30:00+00:00,0.06868,0.06889,0.06889,0.06879,2693767.2,0.068813,185366.2023336,2693767.2,185366.2023336,
2023-10-28 22:35:00+00:00,0.06873,0.06908,0.06878,0.06904,764569.0,0.068908,52684.920652,764569.0,52684.920652,
2023-10-28 22:40:00+00:00,0.06901,0.0691,0.06906,0.06908,272681.0,0.069062,18831.895222,272681.0,18831.895222,
2023-10-28 22:45:00+00:00,0.06903,0.06912,0.06908,0.0691,211937.5,0.069082,14641.066375,211937.5,14641.066375,
2023-10-28 22:50:00+00:00,0.06909,0.06915,0.06912,0.06912,357632.0,0.06912,24719.52384,357632.0,24719.52384,
2023-10-28 22:55:00+00:00,0.06904,0.06914,0.0691,0.06906,541595.7,0.069085,37416.1389345,541595.7,37416.1389345,
2023-10-28 23:00:00+00:00,0.06904,0.06917,0.06906,0.06906,826924.9,0.069082,57125.6259418,826924.9,57125.6259418,
2023-10-28 23:05:00+00:00,0.0688,0.06905,0.06905,0.06891,1187180.3,0.068952,81858.4560456,1187180.3,81858.4560456,
2023-10-28 23:10:00+00:00,0.06888,0.06901,0.06894,0.06888,450743.3,0.068928,31068.8341824,450743.3,31068.8341824,
2023-10-28 23:15:00+00:00,0.06877,0.06894,0.06892,0.06882,722638.1,0.068862,49762.3048422,722638.1,49762.3048422,
2023-10-28 23:20:00+00:00,0.06881,0.06899,0.06883,0.06899,229390.1,0.068905,15806.1248405,229390.1,15806.1248405,
2023-10-28 23:25:00+00:00,0.06895,0.0691,0.06898,0.0691,462444.4,0.069032,31923.4618208,462444.4,31923.4618208,
2023-10-28 23:30:00+00:00,0.069,0.0691,0.06907,0.06908,338018.0,0.069062,23344.199116,338018.0,23344.199116,
2023-10-28 23:35:00+00:00,0.06898,0.06908,0.06908,0.06903,120652.9,0.069042,8330.1175218,120652.9,8330.1175218,
2023-10-28 23:40:00+00:00,0.06888,0.069,0.06899,0.06892,410730.8,0.068948,28319.0671984,410730.8,28319.0671984,
2023-10-28 23:45:00+00:00,0.06888,0.06895,0.0689,0.06892,282145.1,0.068912,19443.1831312,282145.1,19443.1831312,
2023-10-28 23:50:00+00:00,0.0689,0.06904,0.06892,0.06901,113911.9,0.068968,7856.2759192,113911.9,7856.2759192,
2023-10-28 23:55:00+00:00,0.06901,0.06907,0.06902,0.06904,567416.3,0.069035,39171.5842705,567416.3,39171.5842705,
2023-10-29 00:00:00+00:00,0.06888,0.06914,0.06902,0.0689,1888323.8,0.068985,130266.017343,1888323.8,130266.017343,
2023-10-29 00:05:00+00:00,0.0688,0.06899,0.0689,0.06888,1054537.1,0.068892,72649.1698932,1054537.1,72649.1698932,
2023-10-29 00:10:00+00:00,0.06874,0.06888,0.06888,0.06883,368414.2,0.068832,25358.6862144,368414.2,25358.6862144,
2023-10-29 00:15:00+00:00,0.06877,0.06888,0.06883,0.06878,225762.2,0.068815,15535.825793,225762.2,15535.825793,
2023-10-29 00:20:00+00:00,0.06874,0.06882,0.06876,0.06877,287217.3,0.068772,19752.5081556,287217.3,19752.5081556,
2023-10-29 00:25:00+00:00,0.06876,0.06896,0.06877,0.06896,306005.0,0.068862,21072.11631,306005.0,21072.11631,
2023-10-29 00:30:00+00:00,0.06878,0.06896,0.06896,0.06885,1012260.9,0.068887,69731.6166183,1012260.9,69731.6166183,
2023-10-29 00:35:00+00:00,0.06873,0.06889,0.06881,0.06888,459129.4,0.068828,31600.9583432,459129.4,31600.9583432,
2023-10-29 00:40:00+00:00,0.06887,0.0691,0.06889,0.06909,385676.3,0.068988,26607.0365844,385676.3,26607.0365844,
2023-10-29 00:45:00+00:00,0.06901,0.06912,0.0691,0.0691,776251.2,0.069082,53624.9853984,776251.2,53624.9853984,
2023-10-29 00:50:00+00:00,0.06888,0.06914,0.0691,0.06892,1313409.0,0.06901,90638.35509,1313409.0,90638.35509,
2023-10-29 00:55:00+00:00,0.06859,0.0689,0.06887,0.06864,1074565.6,0.06875,73876.385,1074565.6,73876.385,
2023-10-29 01:00:00+00:00,0.06861,0.06878,0.06867,0.06868,601495.1,0.068685,41313.6909435,601495.1,41313.6909435,
2023-10-29 01:05:00+00:00,0.06858,0.06873,0.06866,0.0687,952239.5,0.068668,65388.381986,952239.5,65388.381986,
2023-10-29 01:10:00+00:00,0.06831,0.06871,0.06868,0.06844,807173.0,0.068535,55319.601555,807173.0,55319.601555,
2023-10-29 01:15:00+00:00,0.06839,0.06861,0.06844,0.06848,779207.1,0.06848,53360.102208,779207.1,53360.102208,
2023-10-29 01:20:00+00:00,0.06724,0.0685,0.06849,0.06779,11064504.4,0.068005,752441.621722,11064504.4,752441.621722,
2023-10-29 01:25:00+00:00,0.06765,0.0679,0.06774,0.0679,1244349.4,0.067798,84364.4006212,1244349.4,84364.4006212,
2023-10-29 01:30:00+00:00,0.06778,0.06803,0.06792,0.06801,1337129.6,0.067935,90837.899376,1337129.6,90837.899376,
2023-10-29 01:35:00+00:00,0.06799,0.06822,0.068,0.06818,756103.7,0.068098,51489.1497626,756103.7,51489.1497626,
2023-10-29 01:40:00+00:00,0.06816,0.06832,0.06818,0.06827,584941.2,0.068232,39911.7079584,584941.2,39911.7079584,
2023-10-29 01:45:00+00:00,0.06807,0.06832,0.06828,0.0682,923777.5,0.068218,63018.253495,923777.5,63018.253495,
2023-10-29 01:50:00+00:00,0.06818,0.06825,0.06824,0.06825,369861.6,0.06823,25235.656968,369861.6,25235.656968,
2023-10-29 01:55:00+00:00,0.06819,0.06827,0.06824,0.06822,194111.4,0.06823,13244.220822,194111.4,13244.220822,
2023-10-29 02:00:00+00:00,0.06799,0.06825,0.06823,0.068,856731.6,0.068118,58358.8431288,856731.6,58358.8431288,
2023-10-29 02:05:00+00:00,0.068,0.06824,0.068,0.06824,293297.6,0.06812,19979.432512,293297.6,19979.432512,
2023-10-29 02:10:00+00:00,0.06806,0.06827,0.06822,0.06806,239067.7,0.068152,16292.9418904,239067.7,16292.9418904,
2023-10-29 02:15:00+00:00,0.06798,0.06819,0.06806,0.06819,468798.8,0.068105,31927.542274,468798.8,31927.542274,
2023-10-29 02:20:00+00:00,0.06818,0.06822,0.06819,0.06818,157786.5,0.068192,10759.777008,157786.5,10759.777008,
2023-10-29 02:25:00+00:00,0.0682,0.0683,0.0682,0.06829,131514.0,0.068248,8975.567472,131514.0,8975.567472,
2023-10-29 02:30:00+00:00,0.06814,0.06829,0.06827,0.06814,319435.6,0.06821,21788.702276,319435.6,21788.702276,
2023-10-29 02:35:00+00:00,0.06802,0.06818,0.06814,0.06807,631265.6,0.068102,42990.4498912,631265.6,42990.4498912,
2023-10-29 02:40:00+00:00,0.06806,0.0682,0.06806,0.06818,362150.0,0.068125,24671.46875,362150.0,24671.46875,
2023-10-29 02:45:00+00:00,0.06818,0.06826,0.06821,0.06824,431676.7,0.068222,29449.8478274,431676.7,29449.8478274,
2023-10-29 02:50:00+00:00,0.0682,0.06829,0.06823,0.06828,421141.8,0.06825,28742.92785,421141.8,28742.92785,
2023-10-29 02:55:00+00:00,0.06822,0.06834,0.06828,0.06833,521495.2,0.068292,35613.9501984,521495.2,35613.9501984,
2023-10-29 03:00:00+00:00,0.06828,0.06838,0.06832,0.06828,856952.1,0.068315,58542.6827115,856952.1,58542.6827115,
2023-10-29 03:05:00+00:00,0.06816,0.06829,0.06827,0.06825,996152.5,0.068243,67980.4350575,996152.5,67980.4350575,
2023-10-29 03:10:00+00:00,0.06823,0.06832,0.06823,0.0683,384155.0,0.06827,26226.26185,384155.0,26226.26185,
2023-10-29 03:15:00+00:00,0.06822,0.06833,0.0683,0.06826,159527.1,0.068278,10892.1913338,159527.1,10892.1913338,
2023-10-29 03:20:00+00:00,0.06824,0.06837,0.06826,0.06829,223433.0,0.06829,15258.23957,223433.0,15258.23957,
2023-10-29 03:25:00+00:00,0.06826,0.06832,0.06829,0.06831,240108.3,0.068295,16398.1963485,240108.3,16398.1963485,
2023-10-29 03:30:00+00:00,0.06828,0.06838,0.06831,0.06834,703118.6,0.068328,48042.6877008,703118.6,48042.6877008,
2023-10-29 03:35:00+00:00,0.06832,0.06836,0.06832,0.06836,120183.1,0.06834,8213.313054,120183.1,8213.313054,
2023-10-29 03:40:00+00:00,0.06836,0.06843,0.06836,0.06841,342336.1,0.06839,23412.365879,342336.1,23412.365879,
2023-10-29 03:45:00+00:00,0.06836,0.06844,0.06843,0.06837,335148.6,0.0684,22924.16424,335148.6,22924.16424,
2023-10-29 03:50:00+00:00,0.06806,0.06837,0.06837,0.06808,834700.6,0.06822,56943.274932,834700.6,56943.274932,
2023-10-29 03:55:00+00:00,0.06808,0.06822,0.06808,0.0682,1049737.4,0.068145,71534.355123,1049737.4,71534.355123,
2023-10-29 04:00:00+00:00,0.06805,0.06824,0.06821,0.06806,2090965.8,0.06814,142478.409612,2090965.8,142478.409612,
2023-10-29 04:05:00+00:00,0.06807,0.06818,0.0681,0.06818,348896.6,0.068133,23771.3720478,348896.6,23771.3720478,
2023-10-29 04:10:00+00:00,0.06817,0.06825,0.06819,0.06824,422960.6,0.068213,28851.4114078,422960.6,28851.4114078,
2023-10-29 04:15:00+00:00,0.06823,0.06834,0.06824,0.06829,533652.4,0.068275,36435.11761,533652.4,36435.11761,
2023-10-29 04:20:00+00:00,0.06829,0.0684,0.06829,0.0684,200684.2,0.068345,13715.761649,200684.2,13715.761649,
2023-10-29 04:25:00+00:00,0.06838,0.06846,0.0684,0.06846,1995618.8,0.068425,136550.21639,1995618.8,136550.21639,
2023-10-29 04:30:00+00:00,0.06838,0.06847,0.06845,0.06844,537337.5,0.068435,36772.6918125,537337.5,36772.6918125,
2023-10-29 04:35:00+00:00,0.06842,0.06848,0.06845,0.06842,315351.3,0.068442,21583.2736746,315351.3,21583.2736746,
2023-10-29 04:40:00+00:00,0.0684,0.06846,0.06841,0.06846,599449.2,0.068432,41021.5076544,599449.2,41021.5076544,
2023-10-29 04:45:00+00:00,0.06844,0.06852,0.06846,0.06846,620598.1,0.06847,42492.351907,620598.1,42492.351907,
2023-10-29 04:50:00+00:00,0.06848,0.06856,0.06848,0.06852,649600.1,0.06851,44504.102851,649600.1,44504.102851,
2023-10-29 04:55:00+00:00,0.06846,0.06853,0.06852,0.06848,137367.4,0.068498,9409.3921652,137367.4,9409.3921652,
2023-10-29 05:00:00+00:00,0.06839,0.0685,0.06848,0.06842,324002.4,0.068448,22177.3162752,324002.4,22177.3162752,
2023-10-29 05:05:00+00:00,0.0684,0.06843,0.06842,0.06842,46204.5,0.068417,3161.1732765,46204.5,3161.1732765,
2023-10-29 05:10:00+00:00,0.0684,0.06849,0.06842,0.06849,279358.0,0.06845,19122.0551,279358.0,19122.0551,
2023-10-29 05:15:00+00:00,0.06844,0.06853,0.06849,0.06844,368435.1,0.068475,25228.5934725,368435.1,25228.5934725,
2023-10-29 05:20:00+00:00,0.06834,0.06848,0.06844,0.06834,218602.5,0.0684,14952.411,218602.5,14952.411,
2023-10-29 05:25:00+00:00,0.06828,0.06837,0.06834,0.06837,252949.2,0.06834,17286.548328,252949.2,17286.548328,
2023-10-29 05:30:00+00:00,0.06834,0.06839,0.06836,0.06838,578509.8,0.068368,39551.5580064,578509.8,39551.5580064,
2023-10-29 05:35:00+00:00,0.06832,0.06843,0.06842,0.06834,540435.7,0.068378,36953.9122946,540435.7,36953.9122946,
2023-10-29 05:40:00+00:00,0.06832,0.06838,0.06834,0.06838,301726.4,0.068355,20624.508072,301726.4,20624.508072,
2023-10-29 05:45:00+00:00,0.06831,0.06836,0.06836,0.06834,339745.3,0.068342,23218.8732926,339745.3,23218.8732926,
2023-10-29 05:50:00+00:00,0.06833,0.06843,0.06834,0.06843,56348.1,0.068382,3853.1957742,56348.1,3853.1957742,
2023-10-29 05:55:00+00:00,0.06829,0.06843,0.06843,0.06831,1001423.0,0.068365,68462.283395,1001423.0,68462.283395,
2023-10-29 06:00:00+00:00,0.06822,0.06833,0.06832,0.06826,769604.2,0.068282,52550.1139844,769604.2,52550.1139844,
2023-10-29 06:05:00+00:00,0.06822,0.06835,0.06825,0.06834,345811.4,0.06829,23615.460506,345811.4,23615.460506,
2023-10-29 06:10:00+00:00,0.0683,0.06842,0.06832,0.06841,397882.1,0.068362,27200.0161202,397882.1,27200.0161202,
2023-10-29 06:15:00+00:00,0.06838,0.06844,0.0684,0.06844,129106.5,0.068415,8832.8211975,129106.5,8832.8211975,
2023-10-29 06:20:00+00:00,0.06839,0.06846,0.06843,0.06842,279773.4,0.068425,19143.494895,279773.4,19143.494895,
2023-10-29 06:25:00+00:00,0.06842,0.0685,0.06842,0.06848,139580.5,0.068455,9554.9831275,139580.5,9554.9831275,
2023-10-29 06:30:00+00:00,0.0685,0.06855,0.0685,0.06853,849580.2,0.06852,58213.235304,849580.2,58213.235304,
2023-10-29 06:35:00+00:00,0.06852,0.06857,0.06853,0.06856,1022312.0,0.068545,70074.37604,1022312.0,70074.37604,
2023-10-29 06:40:00+00:00,0.06854,0.06862,0.06856,0.0686,589080.3,0.06858,40399.126974,589080.3,40399.126974,
2023-10-29 06:45:00+00:00,0.06856,0.06866,0.06861,0.06858,371130.0,0.068603,25460.63139,371130.0,25460.63139,
2023-10-29 06:50:00+00:00,0.06851,0.06858,0.06858,0.06855,532562.0,0.068555,36509.78791,532562.0,36509.78791,
2023-10-29 06:55:00+00:00,0.06856,0.06862,0.06858,0.06858,314269.3,0.068585,21554.1599405,314269.3,21554.1599405,
2023-10-29 07:00:00+00:00,0.06856,0.06862,0.06858,0.06859,196665.5,0.068588,13488.893314,196665.5,13488.893314,
2023-10-29 07:05:00+00:00,0.06851,0.06859,0.06858,0.06851,74218.7,0.068548,5087.5434476,74218.7,5087.5434476,
2023-10-29 07:10:00+00:00,0.06847,0.06856,0.06851,0.06847,272183.3,0.068502,18645.1004166,272183.3,18645.1004166,
2023-10-29 07:15:00+00:00,0.06844,0.06856,0.06846,0.06855,192377.7,0.068502,13178.2572054,192377.7,13178.2572054,
2023-10-29 07:20:00+00:00,0.06856,0.06865,0.06856,0.06859,981809.3,0.06859,67342.299887,981809.3,67342.299887,
2023-10-29 07:25:00+00:00,0.06852,0.06861,0.06859,0.06852,314084.5,0.06856,21533.63332,314084.5,21533.63332,
2023-10-29 07:30:00+00:00,0.06846,0.06855,0.06852,0.06848,575117.0,0.068502,39396.664734,575117.0,39396.664734,
2023-10-29 07:35:00+00:00,0.06834,0.06847,0.06846,0.06835,581725.0,0.068405,39792.898625,581725.0,39792.898625,
2023-10-29 07:40:00+00:00,0.06832,0.06842,0.06838,0.0684,244927.7,0.06838,16748.156126,244927.7,16748.156126,
2023-10-29 07:45:00+00:00,0.0684,0.06848,0.0684,0.06848,356846.2,0.06844,24422.553928,356846.2,24422.553928,
2023-10-29 07:50:00+00:00,0.06849,0.06863,0.06849,0.0686,362040.3,0.068552,24818.5866456,362040.3,24818.5866456,
2023-10-29 07:55:00+00:00,0.06849,0.06864,0.0686,0.06852,1082010.0,0.068562,74184.76962,1082010.0,74184.76962,
2023-10-29 08:00:00+00:00,0.06842,0.06855,0.0685,0.06854,1363697.5,0.068502,93416.006145,1363697.5,93416.006145,
2023-10-29 08:05:00+00:00,0.06854,0.06878,0.06854,0.06878,725735.4,0.06866,49828.992564,725735.4,49828.992564,
2023-10-29 08:10:00+00:00,0.06877,0.0689,0.06877,0.06884,1086287.0,0.06882,74758.27134,1086287.0,74758.27134,
2023-10-29 08:15:00+00:00,0.06874,0.06893,0.06889,0.06874,472193.8,0.068825,32498.738285,472193.8,32498.738285,
2023-10-29 08:20:00+00:00,0.0687,0.0688,0.06876,0.06876,381544.3,0.068755,26233.0783465,381544.3,26233.0783465,
2023-10-29 08:25:00+00:00,0.06872,0.06879,0.06879,0.06874,206412.1,0.06876,14192.895996,206412.1,14192.895996,
2023-10-29 08:30:00+00:00,0.06875,0.06879,0.06876,0.06875,192575.3,0.068762,13241.8627786,192575.3,13241.8627786,
2023-10-29 08:35:00+00:00,0.06875,0.06887,0.06875,0.06885,187396.1,0.068805,12893.7886605,187396.1,12893.7886605,
2023-10-29 08:40:00+00:00,0.06886,0.06892,0.06887,0.0689,335338.1,0.068888,23100.7710328,335338.1,23100.7710328,
2023-10-29 08:45:00+00:00,0.0689,0.06905,0.0689,0.069,650895.6,0.068963,44887.7132628,650895.6,44887.7132628,
2023-10-29 08:50:00+00:00,0.06889,0.06908,0.069,0.06901,436972.4,0.068995,30148.910738,436972.4,30148.910738,
2023-10-29 08:55:00+00:00,0.06901,0.06907,0.06901,0.06904,258631.3,0.069032,17853.8359016,258631.3,17853.8359016,
2023-10-29 09:00:00+00:00,0.06892,0.06909,0.06904,0.06893,759086.2,0.068995,52373.152369,759086.2,52373.152369,
2023-10-29 09:05:00+00:00,0.06893,0.06905,0.06893,0.06901,497459.6,0.06898,34314.763208,497459.6,34314.763208,
2023-10-29 09:10:00+00:00,0.06894,0.06906,0.06906,0.06901,346662.8,0.069018,23925.9731304,346662.8,23925.9731304,
2023-10-29 09:15:00+00:00,0.06886,0.069,0.06899,0.06895,698834.0,0.06895,48184.6043,698834.0,48184.6043,
2023-10-29 09:20:00+00:00,0.06887,0.06897,0.06894,0.06893,533999.1,0.068928,36807.4899648,533999.1,36807.4899648,
2023-10-29 09:25:00+00:00,0.06892,0.06906,0.06894,0.06899,464982.0,0.068978,32073.528396,464982.0,32073.528396,
2023-10-29 09:30:00+00:00,0.06897,0.06905,0.06897,0.06903,156525.4,0.069005,10801.035227,156525.4,10801.035227,
2023-10-29 09:35:00+00:00,0.06901,0.06911,0.06904,0.06902,3913450.3,0.069045,270204.1759635,3913450.3,270204.1759635,
2023-10-29 09:40:00+00:00,0.06892,0.06902,0.06902,0.06893,1215780.2,0.068972,83854.7919544,1215780.2,83854.7919544,
2023-10-29 09:45:00+00:00,0.06891,0.06901,0.06892,0.06901,404240.6,0.068962,27877.2402572,404240.6,27877.2402572,
2023-10-29 09:50:00+00:00,0.06898,0.06905,0.06903,0.06898,138865.3,0.06901,9583.094353,138865.3,9583.094353,
2023-10-29 09:55:00+00:00,0.06884,0.06898,0.06898,0.06889,302679.9,0.068922,20861.3040678,302679.9,20861.3040678,
2023-10-29 10:00:00+00:00,0.06875,0.06886,0.06884,0.0688,344973.2,0.068812,23738.2958384,344973.2,23738.2958384,
2023-10-29 10:05:00+00:00,0.06862,0.06883,0.06882,0.06868,569478.7,0.068738,39144.8268806,569478.7,39144.8268806,
2023-10-29 10:10:00+00:00,0.06866,0.06876,0.06869,0.06876,565949.1,0.068718,38890.8902538,565949.1,38890.8902538,
2023-10-29 10:15:00+00:00,0.06861,0.06876,0.06876,0.06866,421965.2,0.068698,28988.1653096,421965.2,28988.1653096,
2023-10-29 10:20:00+00:00,0.06861,0.0687,0.06862,0.06868,362490.9,0.068652,24885.7252668,362490.9,24885.7252668,
2023-10-29 10:25:00+00:00,0.06868,0.06881,0.06868,0.06876,253537.5,0.068732,17426.13945,253537.5,17426.13945,
2023-10-29 10:30:00+00:00,0.06872,0.0688,0.06876,0.06872,428700.0,0.06875,29473.125,428700.0,29473.125,
2023-10-29 10:35:00+00:00,0.06869,0.06877,0.06871,0.06872,416796.0,0.068722,28643.054712,416796.0,28643.054712,
2023-10-29 10:40:00+00:00,0.06869,0.06873,0.06872,0.06873,194943.6,0.068718,13396.1343048,194943.6,13396.1343048,
2023-10-29 10:45:00+00:00,0.0687,0.06874,0.06873,0.0687,393377.3,0.068717,27031.7079241,393377.3,27031.7079241,
2023-10-29 10:50:00+00:00,0.06868,0.06873,0.0687,0.06868,274888.5,0.068698,18884.290173,274888.5,18884.290173,
2023-10-29 10:55:00+00:00,0.06865,0.06871,0.06868,0.06868,440372.2,0.06868,30244.762696,440372.2,30244.762696,
2023-10-29 11:00:00+00:00,0.06858,0.06869,0.06868,0.06858,539067.5,0.068632,36997.28066,539067.5,36997.28066,
2023-10-29 11:05:00+00:00,0.06856,0.06862,0.06856,0.06862,953052.1,0.06859,65369.843539,953052.1,65369.843539,
2023-10-29 11:10:00+00:00,0.06863,0.06871,0.06864,0.0687,113739.8,0.06867,7810.512066,113739.8,7810.512066,
2023-10-29 11:15:00+00:00,0.0687,0.06884,0.0687,0.06882,297336.0,0.068765,20446.31004,297336.0,20446.31004,
2023-10-29 11:20:00+00:00,0.06879,0.06892,0.06882,0.06892,537943.8,0.068862,37043.8859556,537943.8,37043.8859556,
2023-10-29 11:25:00+00:00,0.06889,0.06902,0.0689,0.06899,516000.4,0.06895,35578.22758,516000.4,35578.22758,
2023-10-29 11:30:00+00:00,0.06885,0.06898,0.06898,0.06891,603199.8,0.06893,41578.562214,603199.8,41578.562214,
2023-10-29 11:35:00+00:00,0.06888,0.06895,0.06891,0.0689,307399.9,0.06891,21182.927109,307399.9,21182.927109,
2023-10-29 11:40:00+00:00,0.06892,0.06898,0.06892,0.06896,401952.3,0.068945,27712.6013235,401952.3,27712.6013235,
2023-10-29 11:45:00+00:00,0.06885,0.06898,0.06898,0.06893,307125.9,0.068935,21171.7239165,307125.9,21171.7239165,
2023-10-29 11:50:00+00:00,0.06883,0.06894,0.06891,0.06888,272615.7,0.06889,18780.495573,272615.7,18780.495573,
2023-10-29 11:55:00+00:00,0.06887,0.06894,0.06888,0.06893,564357.5,0.068905,38887.0535375,564357.5,38887.0535375,
2023-10-29 12:00:00+00:00,0.06891,0.06897,0.06895,0.06897,244808.8,0.06895,16879.56676,244808.8,16879.56676,
2023-10-29 12:05:00+00:00,0.06898,0.06904,0.06898,0.06898,446816.0,0.068995,30828.06992,446816.0,30828.06992,
2023-10-29 12:10:00+00:00,0.06874,0.06893,0.06893,0.06874,310516.2,0.068835,21374.382627,310516.2,21374.382627,
2023-10-29 12:15:00+00:00,0.06876,0.0689,0.06876,0.0689,244517.9,0.06883,16830.167057,244517.9,16830.167057,
2023-10-29 12:20:00+00:00,0.06887,0.06896,0.06889,0.06892,1037221.2,0.06891,71474.912892,1037221.2,71474.912892,
2023-10-29 12:25:00+00:00,0.06886,0.06894,0.06894,0.06886,285284.2,0.0689,19656.08138,285284.2,19656.08138,
2023-10-29 12:30:00+00:00,0.06886,0.06902,0.06887,0.069,225091.1,0.068938,15517.3302518,225091.1,15517.3302518,
2023-10-29 12:35:00+00:00,0.06889,0.069,0.069,0.06891,473540.2,0.06895,32650.59679,473540.2,32650.59679,
2023-10-29 12:40:00+00:00,0.0689,0.06898,0.06891,0.06898,278254.1,0.068942,19183.3941622,278254.1,19183.3941622,
2023-10-29 12:45:00+00:00,0.06899,0.06916,0.06899,0.06916,1195883.6,0.069075,82605.65967,1195883.6,82605.65967,
2023-10-29 12:50:00+00:00,0.06912,0.06927,0.06914,0.0692,1255320.7,0.069182,86845.5966674,1255320.7,86845.5966674,
2023-10-29 12:55:00+00:00,0.06919,0.06934,0.06919,0.06934,522072.7,0.069265,36161.3655655,522072.7,36161.3655655,
2023-10-29 13:00:00+00:00,0.06917,0.06937,0.06933,0.06919,1206279.2,0.069265,83552.928788,1206279.2,83552.928788,
2023-10-29 13:05:00+00:00,0.06921,0.0693,0.06921,0.06921,1220286.0,0.069232,84482.840352,1220286.0,84482.840352,
2023-10-29 13:10:00+00:00,0.06896,0.06924,0.06921,0.06908,999077.8,0.069122,69058.2556916,999077.8,69058.2556916,
2023-10-29 13:15:00+00:00,0.06896,0.06918,0.06904,0.06918,1572388.8,0.06909,108636.342192,1572388.8,108636.342192,
2023-10-29 13:20:00+00:00,0.06915,0.06923,0.06917,0.06919,645073.1,0.069185,44629.3824235,645073.1,44629.3824235,
2023-10-29 13:25:00+00:00,0.06916,0.06928,0.0692,0.06916,445356.3,0.0692,30818.65596,445356.3,30818.65596,
2023-10-29 13:30:00+00:00,0.0691,0.06929,0.06914,0.06926,460061.1,0.069198,31835.3079978,460061.1,31835.3079978,
2023-10-29 13:35:00+00:00,0.06913,0.06927,0.06923,0.06918,993034.1,0.069202,68719.9457882,993034.1,68719.9457882,
2023-10-29 13:40:00+00:00,0.06912,0.06928,0.06921,0.06919,971570.4,0.0692,67232.67168,971570.4,67232.67168,
2023-10-29 13:45:00+00:00,0.06912,0.06931,0.06918,0.0693,1330007.1,0.069228,92073.7315188,1330007.1,92073.7315188,
2023-10-29 13:50:00+00:00,0.06925,0.06934,0.06931,0.06926,308270.9,0.06929,21360.090661,308270.9,21360.090661,
2023-10-29 13:55:00+00:00,0.06925,0.06935,0.0693,0.06932,725337.3,0.069305,50269.5015765,725337.3,50269.5015765,
2023-10-29 14:00:00+00:00,0.06916,0.06938,0.0693,0.06921,241487.2,0.069262,16725.8864464,241487.2,16725.8864464,
2023-10-29 14:05:00+00:00,0.06904,0.06922,0.06922,0.06906,598178.0,0.069135,41355.03603,598178.0,41355.03603,
2023-10-29 14:10:00+00:00,0.06899,0.06914,0.06904,0.06909,718203.9,0.069065,49602.7523535,718203.9,49602.7523535,
2023-10-29 14:15:00+00:00,0.06905,0.06921,0.06907,0.06916,703196.8,0.069122,48606.3692096,703196.8,48606.3692096,
2023-10-29 14:20:00+00:00,0.06914,0.06931,0.0692,0.06924,630286.4,0.069222,43629.6851808,630286.4,43629.6851808,
2023-10-29 14:25:00+00:00,0.0692,0.0693,0.06922,0.06927,223215.1,0.069248,15457.1992448,223215.1,15457.1992448,
2023-10-29 14:30:00+00:00,0.06926,0.06945,0.06927,0.06942,537671.4,0.06935,37287.51159,537671.4,37287.51159,
2023-10-29 14:35:00+00:00,0.0694,0.06962,0.06943,0.06944,1591038.0,0.069472,110532.591936,1591038.0,110532.591936,
2023-10-29 14:40:00+00:00,0.06939,0.06957,0.06944,0.0695,584972.9,0.069475,40640.9922275,584972.9,40640.9922275,
2023-10-29 14:45:00+00:00,0.06934,0.06948,0.06948,0.06943,1091402.3,0.069432,75778.2444936,1091402.3,75778.2444936,
2023-10-29 14:50:00+00:00,0.06937,0.06953,0.06943,0.06937,461743.6,0.069425,32056.54943,461743.6,32056.54943,
2023-10-29 14:55:00+00:00,0.0693,0.06941,0.06936,0.06941,216357.1,0.06937,15008.692027,216357.1,15008.692027,
2023-10-29 15:00:00+00:00,0.06937,0.06948,0.06946,0.06939,915414.3,0.069425,63552.6377775,915414.3,63552.6377775,
2023-10-29 15:05:00+00:00,0.0693,0.0694,0.0694,0.06939,207320.0,0.069372,14382.20304,207320.0,14382.20304,
2023-10-29 15:10:00+00:00,0.06934,0.06953,0.06939,0.06952,361309.3,0.069445,25091.1243385,361309.3,25091.1243385,
2023-10-29 15:15:00+00:00,0.06946,0.06963,0.06953,0.06947,730916.6,0.069522,50814.7838652,730916.6,50814.7838652,
2023-10-29 15:20:00+00:00,0.06934,0.06952,0.06948,0.0694,1173911.5,0.069435,81510.5450025,1173911.5,81510.5450025,
2023-10-29 15:25:00+00:00,0.06938,0.06954,0.06942,0.06954,453770.7,0.06947,31523.450529,453770.7,31523.450529,
2023-10-29 15:30:00+00:00,0.06934,0.06954,0.06954,0.06938,860151.2,0.06945,59737.50084,860151.2,59737.50084,
2023-10-29 15:35:00+00:00,0.06915,0.06942,0.06941,0.0692,2041146.3,0.069295,141441.2328585,2041146.3,141441.2328585,
2023-10-29 15:40:00+00:00,0.06919,0.06939,0.06919,0.06939,601090.6,0.06929,41649.567674,601090.6,41649.567674,
2023-10-29 15:45:00+00:00,0.06937,0.06953,0.06938,0.06948,1506383.0,0.06944,104603.23552,1506383.0,104603.23552,
2023-10-29 15:50:00+00:00,0.06931,0.06953,0.06949,0.0694,619001.9,0.069432,42978.5399208,619001.9,42978.5399208,
2023-10-29 15:55:00+00:00,0.0694,0.06951,0.06945,0.06945,771061.3,0.069452,53551.7494076,771061.3,53551.7494076,
2023-10-29 16:00:00+00:00,0.0693,0.06949,0.06947,0.06946,213200.8,0.06943,14802.531544,213200.8,14802.531544,
2023-10-29 16:05:00+00:00,0.06938,0.06952,0.06943,0.06946,291872.3,0.069448,20269.9474904,291872.3,20269.9474904,
2023-10-29 16:10:00+00:00,0.06941,0.06953,0.06949,0.06941,781444.6,0.06946,54279.141916,781444.6,54279.141916,
2023-10-29 16:15:00+00:00,0.06933,0.06942,0.06942,0.06933,450410.4,0.069375,31247.2215,450410.4,31247.2215,
2023-10-29 16:20:00+00:00,0.06924,0.06933,0.06931,0.06933,301410.0,0.069302,20888.31582,301410.0,20888.31582,
2023-10-29 16:25:00+00:00,0.0692,0.0693,0.06929,0.06922,613234.2,0.069252,42467.6948184,613234.2,42467.6948184,
2023-10-29 16:30:00+00:00,0.06921,0.06935,0.06923,0.06928,411902.1,0.069268,28531.6346628,411902.1,28531.6346628,
2023-10-29 16:35:00+00:00,0.06911,0.06928,0.06926,0.06916,506928.0,0.069202,35080.431456,506928.0,35080.431456,
2023-10-29 16:40:00+00:00,0.069,0.06915,0.06913,0.06904,656643.2,0.06908,45360.912256,656643.2,45360.912256,
2023-10-29 16:45:00+00:00,0.06903,0.06913,0.06904,0.06911,174772.6,0.069078,12072.9416628,174772.6,12072.9416628,
2023-10-29 16:50:00+00:00,0.06901,0.06911,0.06911,0.06908,164649.6,0.069078,11373.6650688,164649.6,11373.6650688,
2023-10-29 16:55:00+00:00,0.06906,0.06912,0.06909,0.06908,251978.1,0.069088,17408.6629728,251978.1,17408.6629728,
2023-10-29 17:00:00+00:00,0.06903,0.06911,0.06909,0.06903,370057.7,0.069065,25558.0350505,370057.7,25558.0350505,
2023-10-29 17:05:00+00:00,0.069,0.06912,0.06905,0.06908,1000702.2,0.069062,69110.4953364,1000702.2,69110.4953364,
2023-10-29 17:10:00+00:00,0.0691,0.0692,0.0691,0.06916,306712.8,0.06914,21206.122992,306712.8,21206.122992,
2023-10-29 17:15:00+00:00,0.06916,0.06937,0.06916,0.06929,584786.9,0.069245,40493.5688905,584786.9,40493.5688905,
2023-10-29 17:20:00+00:00,0.06929,0.06933,0.06932,0.0693,190629.2,0.06931,13212.509852,190629.2,13212.509852,
2023-10-29 17:25:00+00:00,0.06931,0.06946,0.06934,0.06943,104305.5,0.069385,7237.2371175,104305.5,7237.2371175,
2023-10-29 17:30:00+00:00,0.06939,0.06953,0.06943,0.06953,215261.2,0.06947,14954.195564,215261.2,14954.195564,
2023-10-29 17:35:00+00:00,0.06953,0.06978,0.06953,0.06966,1914910.4,0.069625,133325.6366,1914910.4,133325.6366,
2023-10-29 17:40:00+00:00,0.06958,0.06971,0.06967,0.06961,548562.8,0.069642,38203.0105176,548562.8,38203.0105176,
2023-10-29 17:45:00+00:00,0.06958,0.06971,0.06964,0.0696,1236713.4,0.069632,86114.8274688,1236713.4,86114.8274688,
2023-10-29 17:50:00+00:00,0.0696,0.06978,0.0696,0.06971,474570.4,0.069672,33064.2689088,474570.4,33064.2689088,
2023-10-29 17:55:00+00:00,0.06937,0.06973,0.06973,0.06941,761514.1,0.06956,52970.920796,761514.1,52970.920796,
2023-10-29 18:00:00+00:00,0.06943,0.06964,0.06943,0.06958,548832.9,0.06952,38154.863208,548832.9,38154.863208,
2023-10-29 18:05:00+00:00,0.06957,0.06975,0.06959,0.06966,349637.6,0.069643,24349.8113768,349637.6,24349.8113768,
2023-10-29 18:10:00+00:00,0.06962,0.06975,0.06966,0.0697,257155.6,0.069682,17919.1165192,257155.6,17919.1165192,
2023-10-29 18:15:00+00:00,0.0696,0.06972,0.06968,0.06966,324157.8,0.069665,22582.453137,324157.8,22582.453137,
2023-10-29 18:20:00+00:00,0.06965,0.06972,0.06969,0.06968,684061.6,0.069685,47668.832596,684061.6,47668.832596,
2023-10-29 18:25:00+00:00,0.06965,0.06973,0.06969,0.06973,189760.2,0.0697,13226.28594,189760.2,13226.28594,
2023-10-29 18:30:00+00:00,0.06955,0.0698,0.06972,0.06962,916578.7,0.069672,63859.8711864,916578.7,63859.8711864,
2023-10-29 18:35:00+00:00,0.06956,0.0696,0.06957,0.0696,445065.4,0.069582,30968.5406628,445065.4,30968.5406628,
2023-10-29 18:40:00+00:00,0.06944,0.06959,0.06959,0.06948,263831.6,0.069525,18342.89199,263831.6,18342.89199,
2023-10-29 18:45:00+00:00,0.06947,0.06965,0.06948,0.0696,287872.6,0.06955,20021.53933,287872.6,20021.53933,
2023-10-29 18:50:00+00:00,0.06956,0.06964,0.0696,0.0696,1061752.0,0.0696,73897.9392,1061752.0,73897.9392,
2023-10-29 18:55:00+00:00,0.06956,0.06966,0.06962,0.06956,660474.7,0.0696,45969.03912,660474.7,45969.03912,
2023-10-29 19:00:00+00:00,0.06935,0.06957,0.06956,0.06935,459645.1,0.069458,31926.0293558,459645.1,31926.0293558,
2023-10-29 19:05:00+00:00,0.06932,0.06942,0.06934,0.06936,579182.6,0.06936,40172.105136,579182.6,40172.105136,
2023-10-29 19:10:00+00:00,0.06926,0.06937,0.06935,0.06936,452700.1,0.069335,31387.9614335,452700.1,31387.9614335,
2023-10-29 19:15:00+00:00,0.06927,0.06937,0.06936,0.06929,445212.4,0.069323,30863.4592052,445212.4,30863.4592052,
2023-10-29 19:20:00+00:00,0.06915,0.06928,0.06927,0.06916,229520.6,0.069215,15886.268329,229520.6,15886.268329,
2023-10-29 19:25:00+00:00,0.0691,0.06919,0.06916,0.06914,112235.7,0.069148,7760.8741836,112235.7,7760.8741836,
2023-10-29 19:30:00+00:00,0.06916,0.06937,0.06916,0.06937,196526.8,0.069265,13612.428802,196526.8,13612.428802,
2023-10-29 19:35:00+00:00,0.06935,0.06943,0.06939,0.06941,107099.7,0.069395,7432.1836815,107099.7,7432.1836815,
2023-10-29 19:40:00+00:00,0.06939,0.06947,0.06944,0.06945,167535.7,0.069438,11633.3439366,167535.7,11633.3439366,
2023-10-29 19:45:00+00:00,0.06942,0.06952,0.06946,0.06947,165300.7,0.069467,11482.9437269,165300.7,11482.9437269,
2023-10-29 19:50:00+00:00,0.0694,0.06949,0.06949,0.06944,320757.7,0.069455,22278.2260535,320757.7,22278.2260535,
2023-10-29 19:55:00+00:00,0.06942,0.06948,0.06945,0.06945,735657.8,0.06945,51091.43421,735657.8,51091.43421,
2023-10-29 20:00:00+00:00,0.06944,0.06956,0.06946,0.06955,314537.4,0.069502,21860.9783748,314537.4,21860.9783748,
2023-10-29 20:05:00+00:00,0.06952,0.06962,0.06953,0.06957,336399.2,0.06956,23399.928352,336399.2,23399.928352,
2023-10-29 20:10:00+00:00,0.06946,0.06957,0.06957,0.06947,298713.9,0.069518,20765.9929002,298713.9,20765.9929002,
2023-10-29 20:15:00+00:00,0.06947,0.06952,0.06947,0.06951,244301.6,0.069492,16977.0067872,244301.6,16977.0067872,
2023-10-29 20:20:00+00:00,0.06947,0.06951,0.06949,0.0695,199682.3,0.069493,13876.5220739,199682.3,13876.5220739,
2023-10-29 20:25:00+00:00,0.06926,0.0695,0.0695,0.0693,343725.8,0.06939,23851.133262,343725.8,23851.133262,
2023-10-29 20:30:00+00:00,0.0693,0.06956,0.06933,0.06956,606090.3,0.069438,42085.6982514,606090.3,42085.6982514,
2023-10-29 20:35:00+00:00,0.06948,0.0696,0.06955,0.06955,2717682.9,0.069545,189001.2572805,2717682.9,189001.2572805,
2023-10-29 20:40:00+00:00,0.06956,0.06966,0.06956,0.06965,1807765.4,0.069608,125834.9339632,1807765.4,125834.9339632,
2023-10-29 20:45:00+00:00,0.06965,0.06976,0.06965,0.06976,1021338.0,0.069705,71192.36529,1021338.0,71192.36529,
2023-10-29 20:50:00+00:00,0.06968,0.06977,0.06974,0.06971,262330.5,0.069725,18290.9941125,262330.5,18290.9941125,
2023-10-29 20:55:00+00:00,0.0697,0.0698,0.06971,0.0698,258873.5,0.069752,18056.944372,258873.5,18056.944372,
2023-10-29 21:00:00+00:00,0.06972,0.06982,0.0698,0.06981,717639.4,0.069788,50082.6184472,717639.4,50082.6184472,
2023-10-29 21:05:00+00:00,0.06976,0.06982,0.0698,0.06981,400987.0,0.069798,27988.090626,400987.0,27988.090626,
2023-10-29 21:10:00+00:00,0.06979,0.07004,0.06981,0.07001,1289222.1,0.069912,90132.0954552,1289222.1,90132.0954552,
2023-10-29 21:15:00+00:00,0.07001,0.07019,0.07002,0.07005,1482099.1,0.070068,103847.7197388,1482099.1,103847.7197388,
2023-10-29 21:20:00+00:00,0.06988,0.07009,0.07005,0.07001,519144.3,0.070008,36344.2541544,519144.3,36344.2541544,
2023-10-29 21:25:00+00:00,0.06984,0.07003,0.07003,0.06985,687146.8,0.069937,48056.9857516,687146.8,48056.9857516,
2023-10-29 21:30:00+00:00,0.06984,0.06995,0.06984,0.06993,350591.5,0.06989,24502.839935,350591.5,24502.839935,
2023-10-29 21:35:00+00:00,0.06961,0.06993,0.06992,0.06964,677005.3,0.069775,47238.0448075,677005.3,47238.0448075,
2023-10-29 21:40:00+00:00,0.06963,0.06979,0.06964,0.06975,199366.3,0.069702,13896.2298426,199366.3,13896.2298426,
2023-10-29 21:45:00+00:00,0.06962,0.06976,0.06975,0.06962,409503.6,0.069688,28537.4868768,409503.6,28537.4868768,
2023-10-29 21:50:00+00:00,0.06956,0.06962,0.06961,0.06956,110260.6,0.069588,7672.8146328,110260.6,7672.8146328,
2023-10-29 21:55:00+00:00,0.06939,0.06957,0.06956,0.06947,938571.0,0.069497,65227.868787,938571.0,65227.868787,
2023-10-29 22:00:00+00:00,0.06942,0.06961,0.06947,0.06957,1108614.6,0.069518,77068.6697628,1108614.6,77068.6697628,
2023-10-29 22:05:00+00:00,0.06954,0.06964,0.06957,0.06958,179617.6,0.069582,12498.1518432,179617.6,12498.1518432,
2023-10-29 22:10:00+00:00,0.06958,0.06964,0.06958,0.06963,221954.7,0.069608,15449.8227576,221954.7,15449.8227576,
2023-10-29 22:15:00+00:00,0.06961,0.06973,0.06963,0.06973,295341.1,0.069675,20577.8911425,295341.1,20577.8911425,
2023-10-29 22:20:00+00:00,0.06967,0.06974,0.0697,0.06972,156385.8,0.069708,10901.3413464,156385.8,10901.3413464,
2023-10-29 22:25:00+00:00,0.06972,0.06978,0.06972,0.06975,252593.8,0.069743,17616.6493934,252593.8,17616.6493934,
2023-10-29 22:30:00+00:00,0.06969,0.06976,0.06975,0.0697,438591.9,0.069725,30580.8202275,438591.9,30580.8202275,
2023-10-29 22:35:00+00:00,0.0697,0.0698,0.06972,0.06979,279301.3,0.069753,19482.1035789,279301.3,19482.1035789,
2023-10-29 22:40:00+00:00,0.06976,0.06981,0.06979,0.06979,222156.2,0.069788,15503.8368856,222156.2,15503.8368856,
2023-10-29 22:45:00+00:00,0.06978,0.06993,0.0698,0.06991,263509.1,0.069855,18407.4281805,263509.1,18407.4281805,
2023-10-29 22:50:00+00:00,0.06984,0.06993,0.0699,0.06984,258827.4,0.069878,18086.3410572,258827.4,18086.3410572,
2023-10-29 22:55:00+00:00,0.06977,0.06989,0.06985,0.06977,355366.6,0.06982,24811.696012,355366.6,24811.696012,
2023-10-29 23:00:00+00:00,0.0697,0.06981,0.06978,0.0697,1046543.5,0.069747,72993.2694945,1046543.5,72993.2694945,
2023-10-29 23:05:00+00:00,0.06967,0.06974,0.0697,0.06968,267263.5,0.069698,18627.731423,267263.5,18627.731423,
2023-10-29 23:10:00+00:00,0.06952,0.06971,0.06966,0.06953,484284.7,0.069605,33708.6365435,484284.7,33708.6365435,
2023-10-29 23:15:00+00:00,0.06951,0.06964,0.06952,0.06963,398010.8,0.069575,27691.60141,398010.8,27691.60141,
2023-10-29 23:20:00+00:00,0.06953,0.06961,0.06959,0.06955,455125.0,0.06957,31663.04625,455125.0,31663.04625,
2023-10-29 23:25:00+00:00,0.06952,0.06958,0.06955,0.06955,227985.5,0.06955,15856.391525,227985.5,15856.391525,
2023-10-29 23:30:00+00:00,0.06951,0.06955,0.06953,0.06952,288904.6,0.069527,20086.6701242,288904.6,20086.6701242,
2023-10-29 23:35:00+00:00,0.06941,0.06954,0.06952,0.06942,417547.9,0.069472,29007.8877088,417547.9,29007.8877088,
2023-10-29 23:40:00+00:00,0.06936,0.06943,0.06942,0.0694,159354.6,0.069402,11059.5279492,159354.6,11059.5279492,
2023-10-29 23:45:00+00:00,0.0692,0.06942,0.0694,0.06927,2333898.1,0.069322,161790.4840882,2333898.1,161790.4840882,
2023-10-29 23:50:00+00:00,0.06924,0.06936,0.06927,0.06934,641828.3,0.069302,44479.9848466,641828.3,44479.9848466,
2023-10-29 23:55:00+00:00,0.0693,0.0694,0.06933,0.06937,269290.6,0.06935,18675.30311,269290.6,18675.30311,
2023-10-30 00:00:00+00:00,0.06934,0.06944,0.06937,0.06934,328060.0,0.069372,22758.17832,328060.0,22758.17832,
2023-10-30 00:05:00+00:00,0.06922,0.06934,0.06934,0.06922,811188.7,0.06928,56199.153136,811188.7,56199.153136,
2023-10-30 00:10:00+00:00,0.06916,0.06926,0.06922,0.06921,2307820.7,0.069212,159728.8862884,2307820.7,159728.8862884,
2023-10-30 00:15:00+00:00,0.06916,0.06926,0.0692,0.06916,221322.0,0.069195,15314.37579,221322.0,15314.37579,
2023-10-30 00:20:00+00:00,0.0691,0.06929,0.06915,0.06929,536115.5,0.069208,37103.481524,536115.5,37103.481524,
2023-10-30 00:25:00+00:00,0.06921,0.06935,0.06929,0.06931,305477.3,0.06929,21166.522117,305477.3,21166.522117,
2023-10-30 00:30:00+00:00,0.06912,0.06933,0.06931,0.06912,284483.8,0.06922,19691.968636,284483.8,19691.968636,
2023-10-30 00:35:00+00:00,0.06886,0.06912,0.06912,0.0689,1092839.6,0.069,75405.9324,1092839.6,75405.9324,
2023-10-30 00:40:00+00:00,0.06889,0.06909,0.06889,0.06906,619771.0,0.068982,42753.043122,619771.0,42753.043122,
2023-10-30 00:45:00+00:00,0.06898,0.0691,0.06906,0.0691,260487.5,0.06906,17989.26675,260487.5,17989.26675,
2023-10-30 00:50:00+00:00,0.06908,0.06918,0.0691,0.06915,471985.4,0.069128,32627.4067312,471985.4,32627.4067312,
2023-10-30 00:55:00+00:00,0.06912,0.06919,0.06916,0.06915,234445.6,0.069155,16213.085468,234445.6,16213.085468,
2023-10-30 01:00:00+00:00,0.06914,0.06933,0.0692,0.06931,249684.4,0.069245,17289.396278,249684.4,17289.396278,
2023-10-30 01:05:00+00:00,0.0693,0.06944,0.06932,0.06944,415109.8,0.069375,28798.242375,415109.8,28798.242375,
2023-10-30 01:10:00+00:00,0.0694,0.06947,0.06943,0.06943,468213.2,0.069433,32509.4471156,468213.2,32509.4471156,
2023-10-30 01:15:00+00:00,0.0694,0.06946,0.06943,0.0694,93416.6,0.069423,6485.2606218,93416.6,6485.2606218,
2023-10-30 01:20:00+00:00,0.0693,0.06939,0.06939,0.06934,288669.7,0.069355,20020.6870435,288669.7,20020.6870435,
2023-10-30 01:25:00+00:00,0.06938,0.06955,0.06938,0.06955,494782.5,0.069465,34370.0663625,494782.5,34370.0663625,
2023-10-30 01:30:00+00:00,0.06932,0.06953,0.06953,0.06936,414253.2,0.069435,28763.670942,414253.2,28763.670942,
2023-10-30 01:35:00+00:00,0.06922,0.06936,0.06936,0.06924,575856.1,0.069295,39903.9484495,575856.1,39903.9484495,
2023-10-30 01:40:00+00:00,0.06925,0.06935,0.06926,0.0693,102789.1,0.06929,7122.256739,102789.1,7122.256739,
2023-10-30 01:45:00+00:00,0.06932,0.0694,0.06932,0.06937,126894.0,0.069352,8800.352688,126894.0,8800.352688,
2023-10-30 01:50:00+00:00,0.06911,0.06937,0.06937,0.06914,759957.9,0.069248,52625.5646592,759957.9,52625.5646592,
2023-10-30 01:55:00+00:00,0.06911,0.06921,0.06912,0.06918,697679.7,0.069155,48248.0396535,697679.7,48248.0396535,
2023-10-30 02:00:00+00:00,0.0687,0.06916,0.06915,0.06906,3366166.7,0.069018,232326.0933006,3366166.7,232326.0933006,
2023-10-30 02:05:00+00:00,0.06901,0.06918,0.06903,0.06913,360183.2,0.069088,24884.3369216,360183.2,24884.3369216,
2023-10-30 02:10:00+00:00,0.06908,0.06918,0.06911,0.06916,661953.3,0.069133,45762.8174889,661953.3,45762.8174889,
2023-10-30 02:15:00+00:00,0.06896,0.06914,0.06914,0.06896,351737.9,0.06905,24287.501995,351737.9,24287.501995,
2023-10-30 02:20:00+00:00,0.06882,0.06896,0.06896,0.06884,654906.0,0.068895,45119.74887,654906.0,45119.74887,
2023-10-30 02:25:00+00:00,0.06862,0.06884,0.06884,0.06871,425165.3,0.068752,29230.9647056,425165.3,29230.9647056,
2023-10-30 02:30:00+00:00,0.06873,0.06884,0.06873,0.06879,145278.8,0.068772,9991.1136336,145278.8,9991.1136336,
2023-10-30 02:35:00+00:00,0.06877,0.06889,0.06879,0.06879,196312.8,0.06881,13508.283768,196312.8,13508.283768,
2023-10-30 02:40:00+00:00,0.06854,0.06879,0.06877,0.06861,276776.4,0.068678,19008.4495992,276776.4,19008.4495992,
2023-10-30 02:45:00+00:00,0.06857,0.06885,0.06862,0.0688,159645.1,0.06871,10969.214821,159645.1,10969.214821,
2023-10-30 02:50:00+00:00,0.06876,0.06887,0.06882,0.0688,261880.6,0.068812,18020.5278472,261880.6,18020.5278472,
2023-10-30 02:55:00+00:00,0.06883,0.06889,0.06885,0.06889,784296.2,0.068865,54010.557813,784296.2,54010.557813,
2023-10-30 03:00:00+00:00,0.06866,0.0689,0.06887,0.0687,1532911.5,0.068782,105436.718793,1532911.5,105436.718793,
2023-10-30 03:05:00+00:00,0.06853,0.06873,0.0687,0.06862,1064263.0,0.068645,73056.333635,1064263.0,73056.333635,
2023-10-30 03:10:00+00:00,0.06861,0.06875,0.06862,0.06873,470856.7,0.068678,32337.4964426,470856.7,32337.4964426,
2023-10-30 03:15:00+00:00,0.06867,0.06873,0.06872,0.06871,355370.9,0.068708,24416.8237972,355370.9,24416.8237972,
2023-10-30 03:20:00+00:00,0.06865,0.06871,0.06871,0.06865,241752.5,0.06868,16603.5617,241752.5,16603.5617,
2023-10-30 03:25:00+00:00,0.06852,0.06864,0.06864,0.06852,417936.4,0.06858,28662.078312,417936.4,28662.078312,
2023-10-30 03:30:00+00:00,0.06838,0.06862,0.06854,0.0686,1822086.7,0.068535,124876.7119845,1822086.7,124876.7119845,
2023-10-30 03:35:00+00:00,0.06861,0.06876,0.06861,0.06864,402532.5,0.068655,27635.8687875,402532.5,27635.8687875,
2023-10-30 03:40:00+00:00,0.06861,0.06869,0.06866,0.06869,234158.2,0.068662,16077.7703284,234158.2,16077.7703284,
2023-10-30 03:45:00+00:00,0.06867,0.0688,0.06868,0.06868,195506.3,0.068708,13432.8468604,195506.3,13432.8468604,
2023-10-30 03:50:00+00:00,0.06858,0.06869,0.06868,0.06865,285344.3,0.06865,19588.886195,285344.3,19588.886195,
2023-10-30 03:55:00+00:00,0.06862,0.06874,0.06863,0.06866,470791.0,0.068662,32325.451642,470791.0,32325.451642,
2023-10-30 04:00:00+00:00,0.06859,0.06872,0.06867,0.06869,701685.0,0.068667,48182.603895,701685.0,48182.603895,
2023-10-30 04:05:00+00:00,0.06866,0.06881,0.06869,0.06881,451304.2,0.068742,31023.5533164,451304.2,31023.5533164,
2023-10-30 04:10:00+00:00,0.06867,0.06882,0.06882,0.0687,536458.7,0.068752,36882.6085424,536458.7,36882.6085424,
2023-10-30 04:15:00+00:00,0.06868,0.06879,0.06868,0.06878,110494.5,0.068732,7594.507974,110494.5,7594.507974,
2023-10-30 04:20:00+00:00,0.06872,0.06881,0.06876,0.06881,198370.6,0.068775,13642.938015,198370.6,13642.938015,
2023-10-30 04:25:00+00:00,0.06877,0.06885,0.0688,0.06882,528346.2,0.06881,36355.502022,528346.2,36355.502022,
2023-10-30 04:30:00+00:00,0.0688,0.06885,0.06881,0.06882,591463.5,0.06882,40704.51807,591463.5,40704.51807,
2023-10-30 04:35:00+00:00,0.06881,0.06886,0.06881,0.06885,251124.7,0.068832,17285.4153504,251124.7,17285.4153504,
2023-10-30 04:40:00+00:00,0.06886,0.06893,0.06886,0.06893,467426.0,0.068895,32203.31427,467426.0,32203.31427,
2023-10-30 04:45:00+00:00,0.06884,0.06894,0.06893,0.0689,420102.5,0.068902,28945.902455,420102.5,28945.902455,
2023-10-30 04:50:00+00:00,0.06883,0.0689,0.0689,0.06885,242902.0,0.06887,16728.66074,242902.0,16728.66074,
2023-10-30 04:55:00+00:00,0.0688,0.06888,0.06885,0.06881,161800.6,0.068835,11137.544301,161800.6,11137.544301,
2023-10-30 05:00:00+00:00,0.06879,0.06887,0.06881,0.06884,478074.5,0.068828,32904.911686,478074.5,32904.911686,
2023-10-30 05:05:00+00:00,0.06886,0.0689,0.06886,0.06889,154112.7,0.068878,10614.9745506,154112.7,10614.9745506,
2023-10-30 05:10:00+00:00,0.06881,0.06886,0.06886,0.06881,208934.2,0.068835,14381.985657,208934.2,14381.985657,
2023-10-30 05:15:00+00:00,0.06872,0.06881,0.06881,0.06876,206866.0,0.068775,14227.20915,206866.0,14227.20915,
2023-10-30 05:20:00+00:00,0.06865,0.06877,0.06877,0.06865,417319.6,0.06871,28674.029716,417319.6,28674.029716,
2023-10-30 05:25:00+00:00,0.06849,0.06869,0.06864,0.06856,993766.7,0.068595,68167.4267865,993766.7,68167.4267865,
2023-10-30 05:30:00+00:00,0.06854,0.06871,0.06854,0.06871,204499.9,0.068625,14033.8056375,204499.9,14033.8056375,
2023-10-30 05:35:00+00:00,0.06864,0.06876,0.06869,0.06873,292326.5,0.068705,20084.2921825,292326.5,20084.2921825,
2023-10-30 05:40:00+00:00,0.06872,0.06879,0.06873,0.06876,206242.2,0.06875,14179.15125,206242.2,14179.15125,
2023-10-30 05:45:00+00:00,0.06863,0.06877,0.06875,0.06864,342390.0,0.068698,23521.50822,342390.0,23521.50822,
2023-10-30 05:50:00+00:00,0.06853,0.06863,0.06863,0.06856,1150043.5,0.068588,78879.183578,1150043.5,78879.183578,
2023-10-30 05:55:00+00:00,0.06853,0.06858,0.06858,0.06855,56983.2,0.06856,3906.768192,56983.2,3906.768192,
2023-10-30 06:00:00+00:00,0.06852,0.06864,0.06852,0.06863,407963.7,0.068578,27977.3346186,407963.7,27977.3346186,
2023-10-30 06:05:00+00:00,0.06816,0.06861,0.06861,0.06819,1096833.9,0.068392,75014.6640888,1096833.9,75014.6640888,
2023-10-30 06:10:00+00:00,0.06816,0.06834,0.06819,0.06831,399193.6,0.06825,27244.9632,399193.6,27244.9632,
2023-10-30 06:15:00+00:00,0.06829,0.06853,0.06829,0.06849,445842.5,0.0684,30495.627,445842.5,30495.627,
2023-10-30 06:20:00+00:00,0.06848,0.0687,0.06849,0.06866,1236106.0,0.068582,84774.621692,1236106.0,84774.621692,
2023-10-30 06:25:00+00:00,0.06861,0.06873,0.06864,0.06871,211496.0,0.068672,14523.853312,211496.0,14523.853312,
2023-10-30 06:30:00+00:00,0.06867,0.06877,0.06872,0.06867,182808.5,0.068708,12560.406418,182808.5,12560.406418,
2023-10-30 06:35:00+00:00,0.06863,0.06879,0.0687,0.06875,1108190.6,0.068718,76152.6416508,1108190.6,76152.6416508,
2023-10-30 06:40:00+00:00,0.0687,0.06878,0.06874,0.06876,111122.1,0.068745,7639.0887645,111122.1,7639.0887645,
2023-10-30 06:45:00+00:00,0.06879,0.06889,0.06879,0.06888,289428.6,0.068838,19923.6859668,289428.6,19923.6859668,
2023-10-30 06:50:00+00:00,0.06881,0.06887,0.06887,0.06885,139013.9,0.06885,9571.107015,139013.9,9571.107015,
2023-10-30 06:55:00+00:00,0.06873,0.06887,0.06884,0.06873,572883.3,0.068792,39409.7879736,572883.3,39409.7879736,
2023-10-30 07:00:00+00:00,0.06869,0.06888,0.06873,0.06887,525985.5,0.068792,36183.594516,525985.5,36183.594516,
2023-10-30 07:05:00+00:00,0.06881,0.0689,0.06887,0.0689,221185.6,0.06887,15233.052272,221185.6,15233.052272,
2023-10-30 07:10:00+00:00,0.06886,0.06891,0.06889,0.06887,231781.8,0.068882,15965.5939476,231781.8,15965.5939476,
2023-10-30 07:15:00+00:00,0.06874,0.06891,0.06887,0.06879,293060.9,0.068828,20170.7956252,293060.9,20170.7956252,
2023-10-30 07:20:00+00:00,0.06852,0.0688,0.06879,0.0686,876224.7,0.068678,60177.3599466,876224.7,60177.3599466,
2023-10-30 07:25:00+00:00,0.06851,0.06862,0.06858,0.06862,395043.3,0.068582,27092.8596006,395043.3,27092.8596006,
2023-10-30 07:30:00+00:00,0.06855,0.06868,0.06858,0.06865,130307.3,0.068615,8941.0353895,130307.3,8941.0353895,
2023-10-30 07:35:00+00:00,0.06856,0.06874,0.0686,0.06869,441380.8,0.068648,30299.9091584,441380.8,30299.9091584,
2023-10-30 07:40:00+00:00,0.06861,0.06871,0.06867,0.06864,61217.4,0.068658,4203.0642492,61217.4,4203.0642492,
2023-10-30 07:45:00+00:00,0.06864,0.06872,0.06864,0.06872,83808.3,0.06868,5755.954044,83808.3,5755.954044,
2023-10-30 07:50:00+00:00,0.06861,0.06876,0.06874,0.06866,111788.3,0.068692,7678.9619036,111788.3,7678.9619036,
2023-10-30 07:55:00+00:00,0.06861,0.06866,0.06866,0.06861,38503.4,0.068635,2642.680859,38503.4,2642.680859,
2023-10-30 08:00:00+00:00,0.0685,0.06864,0.0686,0.06863,951671.5,0.068592,65277.051528,951671.5,65277.051528,
2023-10-30 08:05:00+00:00,0.06859,0.06865,0.06865,0.06859,110736.2,0.06862,7598.718044,110736.2,7598.718044,
2023-10-30 08:10:00+00:00,0.06858,0.06862,0.06862,0.06862,10864.5,0.06861,745.413345,10864.5,745.413345,
2023-10-30 08:15:00+00:00,0.06862,0.0687,0.06862,0.06868,71836.4,0.068655,4931.928042,71836.4,4931.928042,
2023-10-30 08:20:00+00:00,0.06859,0.06868,0.06867,0.06866,271895.1,0.06865,18665.598615,271895.1,18665.598615,
2023-10-30 08:25:00+00:00,0.0686,0.06869,0.06867,0.06865,145398.3,0.068652,9981.8840916,145398.3,9981.8840916,
2023-10-30 08:30:00+00:00,0.06863,0.06871,0.06863,0.0687,405596.2,0.068667,27851.0742654,405596.2,27851.0742654,
2023-10-30 08:35:00+00:00,0.0687,0.06896,0.0687,0.06896,1608540.5,0.06883,110715.842615,1608540.5,110715.842615,
2023-10-30 08:40:00+00:00,0.06892,0.06928,0.06894,0.06912,1475901.1,0.069065,101933.1094715,1475901.1,101933.1094715,
2023-10-30 08:45:00+00:00,0.06905,0.06926,0.06912,0.06908,450400.8,0.069128,31135.3065024,450400.8,31135.3065024,
2023-10-30 08:50:00+00:00,0.06898,0.06918,0.06905,0.06918,123218.2,0.069098,8514.1311836,123218.2,8514.1311836,
2023-10-30 08:55:00+00:00,0.06923,0.06932,0.06923,0.06931,489502.9,0.069272,33908.8448888,489502.9,33908.8448888,
2023-10-30 09:00:00+00:00,0.0693,0.06945,0.06932,0.06938,278279.7,0.069362,19302.0365514,278279.7,19302.0365514,
2023-10-30 09:05:00+00:00,0.0694,0.0697,0.06943,0.06943,1900542.5,0.06949,132068.698325,1900542.5,132068.698325,
2023-10-30 09:10:00+00:00,0.06937,0.06949,0.06943,0.06937,1662744.5,0.069415,115419.4094675,1662744.5,115419.4094675,
2023-10-30 09:15:00+00:00,0.06935,0.06949,0.06935,0.06941,409180.8,0.0694,28397.14752,409180.8,28397.14752,
2023-10-30 09:20:00+00:00,0.06939,0.06952,0.06942,0.0695,557700.7,0.069458,38736.7752206,557700.7,38736.7752206,
2023-10-30 09:25:00+00:00,0.06942,0.06952,0.06948,0.06952,565036.4,0.069485,39261.554254,565036.4,39261.554254,
2023-10-30 09:30:00+00:00,0.06946,0.06961,0.06951,0.06949,418079.9,0.069518,29064.0784882,418079.9,29064.0784882,
2023-10-30 09:35:00+00:00,0.06936,0.06947,0.06946,0.06941,271807.2,0.069425,18870.21486,271807.2,18870.21486,
2023-10-30 09:40:00+00:00,0.06937,0.0695,0.0694,0.06948,445501.4,0.069438,30934.7262132,445501.4,30934.7262132,
2023-10-30 09:45:00+00:00,0.06939,0.06951,0.06951,0.06946,224771.3,0.069467,15614.1878971,224771.3,15614.1878971,
2023-10-30 09:50:00+00:00,0.06931,0.06944,0.06944,0.06935,317950.6,0.069385,22061.002381,317950.6,22061.002381,
2023-10-30 09:55:00+00:00,0.06924,0.06936,0.06935,0.06926,98919.5,0.069302,6855.319189,98919.5,6855.319189,
2023-10-30 10:00:00+00:00,0.06929,0.06945,0.06929,0.06939,181260.7,0.069355,12571.3358485,181260.7,12571.3358485,
2023-10-30 10:05:00+00:00,0.06912,0.06935,0.06934,0.06914,252668.7,0.069238,17494.2754506,252668.7,17494.2754506,
2023-10-30 10:10:00+00:00,0.06907,0.06921,0.06915,0.06907,522385.4,0.069125,36109.890775,522385.4,36109.890775,
2023-10-30 10:15:00+00:00,0.06905,0.06928,0.06908,0.06926,368137.2,0.069168,25463.3138496,368137.2,25463.3138496,
2023-10-30 10:20:00+00:00,0.06915,0.06932,0.06928,0.06927,717783.2,0.069255,49710.075516,717783.2,49710.075516,
2023-10-30 10:25:00+00:00,0.06912,0.06928,0.06926,0.06921,352120.7,0.069218,24373.0906126,352120.7,24373.0906126,
2023-10-30 10:30:00+00:00,0.0692,0.0694,0.0692,0.06938,272826.4,0.069295,18905.505388,272826.4,18905.505388,
2023-10-30 10:35:00+00:00,0.06936,0.06944,0.06944,0.06941,93531.2,0.069412,6492.1876544,93531.2,6492.1876544,
2023-10-30 10:40:00+00:00,0.06938,0.0695,0.06941,0.06949,117552.5,0.069445,8163.4333625,117552.5,8163.4333625,
2023-10-30 10:45:00+00:00,0.06943,0.06952,0.06947,0.06943,385528.1,0.069462,26779.5528822,385528.1,26779.5528822,
2023-10-30 10:50:00+00:00,0.06938,0.06953,0.06943,0.06948,405598.5,0.069455,28170.8438175,405598.5,28170.8438175,
2023-10-30 10:55:00+00:00,0.06939,0.06948,0.06947,0.06941,798588.6,0.069438,55452.3952068,798588.6,55452.3952068,
2023-10-30 11:00:00+00:00,0.06935,0.06942,0.06941,0.06942,1092051.7,0.0694,75788.38798,1092051.7,75788.38798,
2023-10-30 11:05:00+00:00,0.06941,0.06948,0.06943,0.06948,430715.2,0.06945,29913.17064,430715.2,29913.17064,
2023-10-30 11:10:00+00:00,0.0694,0.06953,0.06948,0.06945,343948.8,0.069465,23892.403392,343948.8,23892.403392,
2023-10-30 11:15:00+00:00,0.06936,0.06947,0.06945,0.06936,236162.4,0.06941,16392.032184,236162.4,16392.032184,
2023-10-30 11:20:00+00:00,0.06929,0.06937,0.06935,0.0693,166045.3,0.069328,11511.5885584,166045.3,11511.5885584,
2023-10-30 11:25:00+00:00,0.06915,0.06932,0.06931,0.06924,166702.1,0.069255,11544.9539355,166702.1,11544.9539355,
2023-10-30 11:30:00+00:00,0.06922,0.06944,0.06924,0.06938,544851.8,0.06932,37769.126776,544851.8,37769.126776,
2023-10-30 11:35:00+00:00,0.06937,0.06946,0.0694,0.06939,119332.1,0.069405,8282.2444005,119332.1,8282.2444005,
2023-10-30 11:40:00+00:00,0.06937,0.06944,0.0694,0.06944,179222.2,0.069412,12440.1713464,179222.2,12440.1713464,
2023-10-30 11:45:00+00:00,0.06945,0.06952,0.06945,0.06951,1010936.5,0.069482,70241.889893,1010936.5,70241.889893,
2023-10-30 11:50:00+00:00,0.06946,0.06956,0.0695,0.06948,855128.0,0.0695,59431.396,855128.0,59431.396,
2023-10-30 11:55:00+00:00,0.06949,0.06957,0.06949,0.06957,481901.4,0.06953,33506.604342,481901.4,33506.604342,
2023-10-30 12:00:00+00:00,0.06953,0.06961,0.06959,0.06953,131432.4,0.069565,9143.094906,131432.4,9143.094906,
2023-10-30 12:05:00+00:00,0.06936,0.06955,0.06955,0.06944,399515.6,0.069475,27756.34631,399515.6,27756.34631,
2023-10-30 12:10:00+00:00,0.06943,0.06961,0.06943,0.06961,472829.9,0.06952,32871.134648,472829.9,32871.134648,
2023-10-30 12:15:00+00:00,0.06958,0.06976,0.06961,0.06964,684129.4,0.069648,47648.2444512,684129.4,47648.2444512,
2023-10-30 12:20:00+00:00,0.06964,0.0698,0.06964,0.06976,493015.1,0.06971,34368.082621,493015.1,34368.082621,
2023-10-30 12:25:00+00:00,0.06976,0.06994,0.0698,0.06993,648786.3,0.069858,45322.9133454,648786.3,45322.9133454,
2023-10-30 12:30:00+00:00,0.06976,0.06996,0.06996,0.06987,1327934.4,0.069887,92805.3514128,1327934.4,92805.3514128,
2023-10-30 12:35:00+00:00,0.06962,0.06987,0.06987,0.0697,1259245.5,0.069765,87851.2623075,1259245.5,87851.2623075,
2023-10-30 12:40:00+00:00,0.06957,0.06971,0.0697,0.06965,812512.0,0.069658,56597.960896,812512.0,56597.960896,
2023-10-30 12:45:00+00:00,0.06949,0.06967,0.06967,0.06949,539812.9,0.06958,37560.181582,539812.9,37560.181582,
2023-10-30 12:50:00+00:00,0.06924,0.06949,0.06949,0.06939,1145027.9,0.069402,79467.2263158,1145027.9,79467.2263158,
2023-10-30 12:55:00+00:00,0.06935,0.06942,0.06937,0.06939,301334.3,0.069382,20907.1764026,301334.3,20907.1764026,
2023-10-30 13:00:00+00:00,0.0692,0.06939,0.06938,0.0693,502718.3,0.069318,34847.4271194,502718.3,34847.4271194,
2023-10-30 13:05:00+00:00,0.06926,0.06938,0.0693,0.06938,160452.2,0.06933,11124.151026,160452.2,11124.151026,
2023-10-30 13:10:00+00:00,0.06934,0.06954,0.06939,0.06943,1225041.8,0.069425,85048.526965,1225041.8,85048.526965,
2023-10-30 13:15:00+00:00,0.06942,0.06958,0.06942,0.06958,401745.5,0.0695,27921.31225,401745.5,27921.31225,
2023-10-30 13:20:00+00:00,0.06959,0.06972,0.06959,0.06972,473595.7,0.069655,32988.3084835,473595.7,32988.3084835,
2023-10-30 13:25:00+00:00,0.06958,0.06973,0.06971,0.06967,873377.4,0.069672,60849.9502128,873377.4,60849.9502128,
2023-10-30 13:30:00+00:00,0.06961,0.06981,0.06967,0.06977,885571.5,0.069715,61737.6171225,885571.5,61737.6171225,
2023-10-30 13:35:00+00:00,0.06971,0.06985,0.06979,0.0698,499065.0,0.069788,34828.74822,499065.0,34828.74822,
2023-10-30 13:40:00+00:00,0.06976,0.07011,0.06976,0.06999,1425584.1,0.069905,99655.4565105,1425584.1,99655.4565105,
2023-10-30 13:45:00+00:00,0.06995,0.07005,0.06999,0.06998,1690010.1,0.069992,118287.1869192,1690010.1,118287.1869192,
2023-10-30 13:50:00+00:00,0.06977,0.06999,0.06999,0.06986,1276599.6,0.069902,89236.8652392,1276599.6,89236.8652392,
2023-10-30 13:55:00+00:00,0.06977,0.06987,0.06984,0.06978,202512.1,0.069815,14138.3822615,202512.1,14138.3822615,
2023-10-30 14:00:00+00:00,0.06979,0.07004,0.06979,0.07001,2120687.4,0.069908,148253.0147592,2120687.4,148253.0147592,
2023-10-30 14:05:00+00:00,0.06995,0.07011,0.07001,0.07001,1067883.2,0.07002,74773.181664,1067883.2,74773.181664,
2023-10-30 14:10:00+00:00,0.06995,0.07001,0.07,0.06999,568776.1,0.069988,39807.5016868,568776.1,39807.5016868,
2023-10-30 14:15:00+00:00,0.06989,0.07012,0.06999,0.07007,1022891.3,0.070018,71620.8030434,1022891.3,71620.8030434,
2023-10-30 14:20:00+00:00,0.07004,0.07028,0.07005,0.07023,1431925.3,0.07015,100449.559795,1431925.3,100449.559795,
2023-10-30 14:25:00+00:00,0.06991,0.07026,0.07021,0.06997,1192711.8,0.070088,83594.7846384,1192711.8,83594.7846384,
2023-10-30 14:30:00+00:00,0.06987,0.07002,0.07,0.06999,1199882.1,0.06997,83955.750537,1199882.1,83955.750537,
2023-10-30 14:35:00+00:00,0.07002,0.07041,0.07002,0.07041,1269734.1,0.070215,89154.3798315,1269734.1,89154.3798315,
2023-10-30 14:40:00+00:00,0.06981,0.07039,0.07038,0.06981,2369478.4,0.070098,166095.6968832,2369478.4,166095.6968832,
2023-10-30 14:45:00+00:00,0.06965,0.07001,0.0698,0.06996,1666900.0,0.069855,116441.2995,1666900.0,116441.2995,
2023-10-30 14:50:00+00:00,0.06986,0.07012,0.06999,0.0701,248157.8,0.070018,17375.5128404,248157.8,17375.5128404,
2023-10-30 14:55:00+00:00,0.07002,0.07014,0.07012,0.0701,595872.6,0.070095,41767.689897,595872.6,41767.689897,
2023-10-30 15:00:00+00:00,0.07003,0.07014,0.07009,0.07014,717726.3,0.0701,50312.61363,717726.3,50312.61363,
2023-10-30 15:05:00+00:00,0.06993,0.07014,0.07012,0.06995,721288.2,0.070035,50515.419087,721288.2,50515.419087,
2023-10-30 15:10:00+00:00,0.06984,0.06995,0.06994,0.06991,338630.3,0.06991,23673.644273,338630.3,23673.644273,
2023-10-30 15:15:00+00:00,0.06992,0.07005,0.06992,0.07005,718143.2,0.069985,50259.251852,718143.2,50259.251852,
2023-10-30 15:20:00+00:00,0.06982,0.07005,0.07005,0.06987,1521698.6,0.069948,106439.7736728,1521698.6,106439.7736728,
2023-10-30 15:25:00+00:00,0.06967,0.06992,0.06988,0.06984,1179219.7,0.069828,82342.5532116,1179219.7,82342.5532116,
2023-10-30 15:30:00+00:00,0.0698,0.06996,0.06985,0.06984,337411.2,0.069862,23572.2212544,337411.2,23572.2212544,
2023-10-30 15:35:00+00:00,0.06981,0.06994,0.06986,0.06985,739086.9,0.069865,51636.3062685,739086.9,51636.3062685,
2023-10-30 15:40:00+00:00,0.06974,0.0699,0.06986,0.0699,375583.9,0.06985,26234.535415,375583.9,26234.535415,
2023-10-30 15:45:00+00:00,0.0698,0.06992,0.06991,0.06984,398620.6,0.069868,27850.8240808,398620.6,27850.8240808,
2023-10-30 15:50:00+00:00,0.06976,0.06985,0.06984,0.06979,592656.5,0.06981,41373.350265,592656.5,41373.350265,
2023-10-30 15:55:00+00:00,0.06976,0.06985,0.0698,0.06979,1045663.0,0.0698,72987.2774,1045663.0,72987.2774,
2023-10-30 16:00:00+00:00,0.06969,0.06984,0.06977,0.06984,746955.0,0.069785,52126.254675,746955.0,52126.254675,
2023-10-30 16:05:00+00:00,0.06964,0.06982,0.06982,0.06964,828769.8,0.06973,57790.118154,828769.8,57790.118154,
2023-10-30 16:10:00+00:00,0.06961,0.06973,0.06963,0.06967,745198.7,0.06966,51910.541442,745198.7,51910.541442,
2023-10-30 16:15:00+00:00,0.0695,0.06969,0.06969,0.06955,599586.5,0.069608,41736.017092,599586.5,41736.017092,
2023-10-30 16:20:00+00:00,0.06943,0.06954,0.06952,0.0695,861902.5,0.069498,59900.499945,861902.5,59900.499945,
2023-10-30 16:25:00+00:00,0.06944,0.06954,0.06951,0.06944,302578.7,0.069482,21023.7732334,302578.7,21023.7732334,
2023-10-30 16:30:00+00:00,0.06943,0.06956,0.06947,0.06951,773807.4,0.069492,53773.4238408,773807.4,53773.4238408,
2023-10-30 16:35:00+00:00,0.06939,0.06955,0.06952,0.06939,890085.3,0.069462,61827.1051086,890085.3,61827.1051086,
2023-10-30 16:40:00+00:00,0.06915,0.06946,0.06939,0.06923,1341237.2,0.069308,92958.4678576,1341237.2,92958.4678576,
2023-10-30 16:45:00+00:00,0.06922,0.06946,0.06927,0.06946,561305.7,0.069352,38927.6729064,561305.7,38927.6729064,
2023-10-30 16:50:00+00:00,0.06938,0.06954,0.06949,0.06939,807642.8,0.06945,56090.79246,807642.8,56090.79246,
2023-10-30 16:55:00+00:00,0.0694,0.0695,0.0694,0.06943,237366.6,0.069433,16481.0751378,237366.6,16481.0751378,
2023-10-30 17:00:00+00:00,0.0693,0.06945,0.06942,0.06931,264129.5,0.06937,18322.663415,264129.5,18322.663415,
2023-10-30 17:05:00+00:00,0.0692,0.06935,0.06932,0.0692,322982.3,0.069268,22372.3379564,322982.3,22372.3379564,
2023-10-30 17:10:00+00:00,0.06818,0.06926,0.06923,0.06848,11401769.2,0.068788,784304.8997296,11401769.2,784304.8997296,
2023-10-30 17:15:00+00:00,0.06779,0.06851,0.06849,0.06805,6556065.3,0.06821,447189.214113,6556065.3,447189.214113,
2023-10-30 17:20:00+00:00,0.068,0.06854,0.068,0.06852,1095436.4,0.068265,74779.965846,1095436.4,74779.965846,
2023-10-30 17:25:00+00:00,0.06832,0.0687,0.06848,0.06868,1900908.8,0.068545,130297.793696,1900908.8,130297.793696,
2023-10-30 17:30:00+00:00,0.06867,0.06885,0.0687,0.06878,1287963.8,0.06875,88547.51125,1287963.8,88547.51125,
2023-10-30 17:35:00+00:00,0.06876,0.0689,0.06878,0.06879,200302.1,0.068808,13782.3868968,200302.1,13782.3868968,
2023-10-30 17:40:00+00:00,0.06875,0.0689,0.06879,0.06889,820333.0,0.068832,56465.161056,820333.0,56465.161056,
2023-10-30 17:45:00+00:00,0.06885,0.06892,0.06889,0.06887,352267.1,0.068882,24264.8623822,352267.1,24264.8623822,
2023-10-30 17:50:00+00:00,0.06882,0.06895,0.06887,0.06888,400801.0,0.06888,27607.17288,400801.0,27607.17288,
2023-10-30 17:55:00+00:00,0.06873,0.06889,0.06887,0.06875,535571.8,0.06881,36852.695558,535571.8,36852.695558,
2023-10-30 18:00:00+00:00,0.06875,0.06888,0.06876,0.06886,771693.9,0.068812,53101.8006468,771693.9,53101.8006468,
2023-10-30 18:05:00+00:00,0.06884,0.06894,0.06888,0.06886,570889.1,0.06888,39322.841208,570889.1,39322.841208,
2023-10-30 18:10:00+00:00,0.06887,0.06904,0.06888,0.06903,1489998.5,0.068955,102742.8465675,1489998.5,102742.8465675,
2023-10-30 18:15:00+00:00,0.06891,0.06908,0.06903,0.06901,1189451.8,0.069008,82081.6898144,1189451.8,82081.6898144,
2023-10-30 18:20:00+00:00,0.06875,0.06903,0.06903,0.06879,1837891.8,0.0689,126630.74502,1837891.8,126630.74502,
2023-10-30 18:25:00+00:00,0.06876,0.06889,0.06878,0.06876,1003684.3,0.068798,69051.4724714,1003684.3,69051.4724714,
2023-10-30 18:30:00+00:00,0.06876,0.06894,0.06877,0.06891,319418.7,0.068845,21990.3804015,319418.7,21990.3804015,
2023-10-30 18:35:00+00:00,0.06886,0.06894,0.06893,0.06889,559292.7,0.068905,38538.0634935,559292.7,38538.0634935,
2023-10-30 18:40:00+00:00,0.06887,0.06895,0.06893,0.06895,177772.0,0.068925,12252.9351,177772.0,12252.9351,
2023-10-30 18:45:00+00:00,0.06897,0.06903,0.06899,0.06901,265105.2,0.069,18292.2588,265105.2,18292.2588,
2023-10-30 18:50:00+00:00,0.06888,0.06901,0.06901,0.06892,203550.7,0.068955,14035.8385185,203550.7,14035.8385185,
2023-10-30 18:55:00+00:00,0.06888,0.06898,0.06892,0.06897,227369.3,0.068938,15674.3848034,227369.3,15674.3848034,
2023-10-30 19:00:00+00:00,0.06891,0.06901,0.06899,0.06892,394110.3,0.068958,27177.0580674,394110.3,27177.0580674,
2023-10-30 19:05:00+00:00,0.06891,0.06903,0.06891,0.069,539621.7,0.068963,37213.9312971,539621.7,37213.9312971,
2023-10-30 19:10:00+00:00,0.06898,0.06913,0.069,0.0691,910716.0,0.069052,62886.761232,910716.0,62886.761232,
2023-10-30 19:15:00+00:00,0.06901,0.06913,0.06911,0.06907,2468310.5,0.06908,170510.88934,2468310.5,170510.88934,
2023-10-30 19:20:00+00:00,0.06907,0.06915,0.06907,0.06914,159404.6,0.069108,11016.1330968,159404.6,11016.1330968,
2023-10-30 19:25:00+00:00,0.06913,0.06936,0.06915,0.06934,1420162.6,0.069245,98339.159237,1420162.6,98339.159237,
2023-10-30 19:30:00+00:00,0.06931,0.0694,0.06933,0.0694,555340.9,0.06936,38518.444824,555340.9,38518.444824,
2023-10-30 19:35:00+00:00,0.06936,0.06943,0.0694,0.06942,748743.8,0.069402,51964.3172076,748743.8,51964.3172076,
2023-10-30 19:40:00+00:00,0.06927,0.06943,0.0694,0.06931,242919.2,0.069352,16846.9323584,242919.2,16846.9323584,
2023-10-30 19:45:00+00:00,0.0693,0.06944,0.06931,0.06941,397685.4,0.069365,27585.447771,397685.4,27585.447771,
2023-10-30 19:50:00+00:00,0.06937,0.06944,0.06941,0.06939,307033.5,0.069402,21308.738967,307033.5,21308.738967,
2023-10-30 19:55:00+00:00,0.06933,0.06946,0.0694,0.06941,732825.5,0.0694,50858.0897,732825.5,50858.0897,
2023-10-30 20:00:00+00:00,0.0693,0.06947,0.06942,0.06931,900628.3,0.069375,62481.0883125,900628.3,62481.0883125,
2023-10-30 20:05:00+00:00,0.06922,0.06933,0.06928,0.0693,651195.6,0.069282,45116.1335592,651195.6,45116.1335592,
2023-10-30 20:10:00+00:00,0.06925,0.06936,0.06929,0.06936,56729.8,0.069315,3932.226087,56729.8,3932.226087,
2023-10-30 20:15:00+00:00,0.06929,0.06941,0.06936,0.0694,446771.1,0.069365,30990.2773515,446771.1,30990.2773515,
2023-10-30 20:20:00+00:00,0.06936,0.06946,0.06941,0.06943,471222.8,0.069415,32709.930662,471222.8,32709.930662,
2023-10-30 20:25:00+00:00,0.06929,0.0694,0.0694,0.06933,109406.0,0.069355,7587.85313,109406.0,7587.85313,
2023-10-30 20:30:00+00:00,0.06928,0.06937,0.06928,0.06933,600537.4,0.069315,41626.249881,600537.4,41626.249881,
2023-10-30 20:35:00+00:00,0.06932,0.06942,0.06932,0.06934,403067.7,0.06935,27952.744995,403067.7,27952.744995,
2023-10-30 20:40:00+00:00,0.06929,0.06934,0.06933,0.06932,136343.5,0.06932,9451.33142,136343.5,9451.33142,
2023-10-30 20:45:00+00:00,0.0693,0.06935,0.06931,0.0693,172154.2,0.069315,11932.868373,172154.2,11932.868373,
2023-10-30 20:50:00+00:00,0.06931,0.06935,0.06931,0.06933,733383.5,0.069325,50841.8111375,733383.5,50841.8111375,
2023-10-30 20:55:00+00:00,0.06922,0.06934,0.06934,0.06922,430256.8,0.06928,29808.191104,430256.8,29808.191104,
2023-10-30 21:00:00+00:00,0.0692,0.06929,0.06923,0.06929,272234.5,0.069253,18853.0558285,272234.5,18853.0558285,
2023-10-30 21:05:00+00:00,0.06928,0.06936,0.0693,0.06934,392439.1,0.06932,27203.878412,392439.1,27203.878412,
2023-10-30 21:10:00+00:00,0.06927,0.06935,0.06935,0.0693,478480.5,0.069318,33167.311299,478480.5,33167.311299,
2023-10-30 21:15:00+00:00,0.06928,0.06934,0.0693,0.06933,184514.8,0.069312,12789.0898176,184514.8,12789.0898176,
2023-10-30 21:20:00+00:00,0.06934,0.06947,0.06934,0.06947,189842.1,0.069405,13175.9909505,189842.1,13175.9909505,
2023-10-30 21:25:00+00:00,0.06946,0.06955,0.06947,0.0695,365523.4,0.069495,25402.048683,365523.4,25402.048683,
2023-10-30 21:30:00+00:00,0.0695,0.06956,0.0695,0.06956,226872.4,0.06953,15774.437972,226872.4,15774.437972,
2023-10-30 21:35:00+00:00,0.06957,0.06971,0.06957,0.06969,341410.4,0.069635,23774.113204,341410.4,23774.113204,
2023-10-30 21:40:00+00:00,0.06968,0.06979,0.06968,0.06971,295379.5,0.069715,20592.3818425,295379.5,20592.3818425,
2023-10-30 21:45:00+00:00,0.06967,0.06974,0.06973,0.06969,201182.7,0.069708,14024.0436516,201182.7,14024.0436516,
2023-10-30 21:50:00+00:00,0.06968,0.06969,0.06969,0.06969,2343322.4,0.069688,163301.4514112,2343322.4,163301.4514112,
2023-10-30 21:55:00+00:00,0.06965,0.06975,0.06969,0.06969,2307735.2,0.069695,160837.604764,2307735.2,160837.604764,
2023-10-30 22:00:00+00:00,0.06955,0.06967,0.06967,0.06959,947359.2,0.06962,65955.147504,947359.2,65955.147504,
2023-10-30 22:05:00+00:00,0.06948,0.06959,0.06959,0.06948,416020.1,0.069535,28927.9576535,416020.1,28927.9576535,
2023-10-30 22:10:00+00:00,0.06943,0.06953,0.06948,0.06943,275689.1,0.069468,19151.5703988,275689.1,19151.5703988,
2023-10-30 22:15:00+00:00,0.06942,0.06947,0.06942,0.06945,643573.1,0.06944,44689.716064,643573.1,44689.716064,
2023-10-30 22:20:00+00:00,0.06946,0.06953,0.06946,0.06947,142743.3,0.06948,9917.804484,142743.3,9917.804484,
2023-10-30 22:25:00+00:00,0.0694,0.06947,0.06947,0.06947,508232.5,0.069452,35297.76359,508232.5,35297.76359,
2023-10-30 22:30:00+00:00,0.06943,0.06951,0.06947,0.06947,613743.3,0.06947,42636.747051,613743.3,42636.747051,
2023-10-30 22:35:00+00:00,0.06946,0.06952,0.06949,0.06952,312588.3,0.069497,21723.9490851,312588.3,21723.9490851,
2023-10-30 22:40:00+00:00,0.06949,0.06961,0.06949,0.06958,643389.6,0.069542,44742.5995632,643389.6,44742.5995632,
2023-10-30 22:45:00+00:00,0.06952,0.06959,0.06958,0.06953,866979.1,0.069555,60302.7313005,866979.1,60302.7313005,
2023-10-30 22:50:00+00:00,0.0695,0.06955,0.06951,0.06952,650143.4,0.06952,45197.969168,650143.4,45197.969168,
2023-10-30 22:55:00+00:00,0.06946,0.06952,0.06952,0.06951,225571.9,0.069502,15677.6981938,225571.9,15677.6981938,
2023-10-30 23:00:00+00:00,0.06952,0.06961,0.06953,0.0696,221749.2,0.069565,15425.983098,221749.2,15425.983098,
2023-10-30 23:05:00+00:00,0.06958,0.06962,0.06959,0.06962,351380.8,0.069602,24456.8064416,351380.8,24456.8064416,
2023-10-30 23:10:00+00:00,0.06962,0.06969,0.06962,0.06968,803989.0,0.069652,55999.441828,803989.0,55999.441828,
2023-10-30 23:15:00+00:00,0.06966,0.06972,0.06967,0.06968,517783.1,0.069683,36080.6797573,517783.1,36080.6797573,
2023-10-30 23:20:00+00:00,0.06958,0.06967,0.06967,0.06963,734043.3,0.069637,51116.5732821,734043.3,51116.5732821,
2023-10-30 23:25:00+00:00,0.06954,0.06961,0.06961,0.06956,564458.5,0.06958,39275.02243,564458.5,39275.02243,
2023-10-30 23:30:00+00:00,0.06954,0.06967,0.06956,0.06966,829973.9,0.069608,57772.8232312,829973.9,57772.8232312,
2023-10-30 23:35:00+00:00,0.06962,0.06968,0.06966,0.06968,448403.8,0.06966,31235.808708,448403.8,31235.808708,
2023-10-30 23:40:00+00:00,0.06957,0.06967,0.06966,0.06957,162664.5,0.069618,11324.377161,162664.5,11324.377161,
2023-10-30 23:45:00+00:00,0.06956,0.06963,0.06958,0.06963,574229.8,0.0696,39966.39408,574229.8,39966.39408,
2023-10-30 23:50:00+00:00,0.06961,0.06965,0.06963,0.06965,102256.6,0.069635,7120.638341,102256.6,7120.638341,
2023-10-30 23:55:00+00:00,0.0696,0.06966,0.06965,0.06962,488184.6,0.069632,33993.2700672,488184.6,33993.2700672,
2023-10-31 00:00:00+00:00,0.06948,0.06963,0.06962,0.06952,913205.2,0.069562,63524.3801224,913205.2,63524.3801224,
2023-10-31 00:05:00+00:00,0.06949,0.06962,0.06951,0.06962,634952.1,0.06956,44167.268076,634952.1,44167.268076,
2023-10-31 00:10:00+00:00,0.06959,0.06981,0.06961,0.06979,1114091.7,0.0697,77652.19149,1114091.7,77652.19149,
2023-10-31 00:15:00+00:00,0.06967,0.06992,0.0698,0.06969,1592463.0,0.06977,111106.14351,1592463.0,111106.14351,
2023-10-31 00:20:00+00:00,0.06952,0.06984,0.06967,0.06972,2873854.7,0.069688,200273.1863336,2873854.7,200273.1863336,
2023-10-31 00:25:00+00:00,0.0696,0.06978,0.06972,0.06978,935295.7,0.06972,65208.816204,935295.7,65208.816204,
2023-10-31 00:30:00+00:00,0.06973,0.06988,0.06976,0.06987,579387.5,0.06981,40447.041375,579387.5,40447.041375,
2023-10-31 00:35:00+00:00,0.06983,0.06994,0.06988,0.06985,1145511.3,0.069875,80042.6020875,1145511.3,80042.6020875,
2023-10-31 00:40:00+00:00,0.06983,0.06996,0.06985,0.06994,874008.4,0.069895,61088.817118,874008.4,61088.817118,
2023-10-31 00:45:00+00:00,0.06977,0.06995,0.06994,0.06977,328070.0,0.069858,22918.31406,328070.0,22918.31406,
2023-10-31 00:50:00+00:00,0.06957,0.06983,0.06976,0.06959,1242488.1,0.069688,86586.5107128,1242488.1,86586.5107128,
2023-10-31 00:55:00+00:00,0.06959,0.06976,0.06959,0.0697,604774.2,0.06966,42128.570772,604774.2,42128.570772,
2023-10-31 01:00:00+00:00,0.06967,0.06982,0.06971,0.06972,597098.6,0.06973,41635.685378,597098.6,41635.685378,
2023-10-31 01:05:00+00:00,0.06967,0.06979,0.06971,0.06979,476613.7,0.06974,33239.039438,476613.7,33239.039438,
2023-10-31 01:10:00+00:00,0.0698,0.06989,0.06981,0.06987,542927.1,0.069842,37919.1145182,542927.1,37919.1145182,
2023-10-31 01:15:00+00:00,0.06963,0.06989,0.06983,0.06973,910555.4,0.06977,63529.450258,910555.4,63529.450258,
2023-10-31 01:20:00+00:00,0.06975,0.06986,0.06975,0.06982,283284.7,0.069795,19771.8556365,283284.7,19771.8556365,
2023-10-31 01:25:00+00:00,0.06979,0.06992,0.06984,0.06992,241180.1,0.069868,16850.7712268,241180.1,16850.7712268,
2023-10-31 01:30:00+00:00,0.06975,0.06993,0.06991,0.06979,115905.7,0.069845,8095.4336165,115905.7,8095.4336165,
2023-10-31 01:35:00+00:00,0.06981,0.06989,0.06981,0.06989,604753.3,0.06985,42242.018005,604753.3,42242.018005,
2023-10-31 01:40:00+00:00,0.06985,0.06991,0.06988,0.0699,336861.0,0.069885,23541.530985,336861.0,23541.530985,
2023-10-31 01:45:00+00:00,0.06984,0.06992,0.0699,0.06984,297673.5,0.069875,20799.9358125,297673.5,20799.9358125,
2023-10-31 01:50:00+00:00,0.06981,0.06992,0.06983,0.06991,365163.1,0.069868,25513.2154708,365163.1,25513.2154708,
2023-10-31 01:55:00+00:00,0.0699,0.06996,0.06992,0.06991,646309.1,0.069922,45191.2248902,646309.1,45191.2248902,
2023-10-31 02:00:00+00:00,0.06992,0.06997,0.06992,0.06997,224770.4,0.069945,15721.565628,224770.4,15721.565628,
2023-10-31 02:05:00+00:00,0.06994,0.07003,0.06997,0.06994,1338250.6,0.06997,93637.394482,1338250.6,93637.394482,
2023-10-31 02:10:00+00:00,0.06985,0.06994,0.06993,0.06989,1197345.4,0.069902,83696.8381508,1197345.4,83696.8381508,
2023-10-31 02:15:00+00:00,0.06963,0.06993,0.0699,0.06964,1424461.9,0.069775,99391.8290725,1424461.9,99391.8290725,
2023-10-31 02:20:00+00:00,0.06956,0.0697,0.06964,0.06959,536491.8,0.069622,37351.6320996,536491.8,37351.6320996,
2023-10-31 02:25:00+00:00,0.06962,0.06976,0.06962,0.06974,163365.7,0.069685,11384.1388045,163365.7,11384.1388045,
2023-10-31 02:30:00+00:00,0.06963,0.06973,0.06973,0.06965,250394.8,0.069685,17448.761638,250394.8,17448.761638,
2023-10-31 02:35:00+00:00,0.06925,0.06965,0.06964,0.06928,1406744.0,0.069455,97705.40452,1406744.0,97705.40452,
2023-10-31 02:40:00+00:00,0.06926,0.06948,0.06926,0.06944,968800.9,0.06936,67196.030424,968800.9,67196.030424,
2023-10-31 02:45:00+00:00,0.0691,0.06949,0.06946,0.06924,1206844.9,0.069322,83660.9021578,1206844.9,83660.9021578,
2023-10-31 02:50:00+00:00,0.06919,0.06931,0.06924,0.06927,837111.9,0.069252,57971.6732988,837111.9,57971.6732988,
2023-10-31 02:55:00+00:00,0.06925,0.06937,0.0693,0.06936,290940.6,0.06932,20168.002392,290940.6,20168.002392,
2023-10-31 03:00:00+00:00,0.06931,0.06949,0.06934,0.06949,656460.1,0.069408,45563.5826208,656460.1,45563.5826208,
2023-10-31 03:05:00+00:00,0.06932,0.06949,0.06949,0.06937,272782.6,0.069418,18936.0225268,272782.6,18936.0225268,
2023-10-31 03:10:00+00:00,0.06916,0.06935,0.06935,0.06916,387292.2,0.069255,26821.921311,387292.2,26821.921311,
2023-10-31 03:15:00+00:00,0.06913,0.06928,0.06917,0.06919,1062257.9,0.069192,73499.7486168,1062257.9,73499.7486168,
2023-10-31 03:20:00+00:00,0.06917,0.06931,0.06921,0.06931,681687.4,0.06925,47206.85245,681687.4,47206.85245,
2023-10-31 03:25:00+00:00,0.06925,0.06933,0.06928,0.06928,194857.8,0.069285,13500.722673,194857.8,13500.722673,
2023-10-31 03:30:00+00:00,0.06922,0.06934,0.0693,0.06922,312278.6,0.06927,21631.538622,312278.6,21631.538622,
2023-10-31 03:35:00+00:00,0.06909,0.06921,0.06921,0.06916,1742326.4,0.069168,120513.2324352,1742326.4,120513.2324352,
2023-10-31 03:40:00+00:00,0.06904,0.06916,0.06913,0.06905,798468.9,0.069095,55170.2086455,798468.9,55170.2086455,
2023-10-31 03:45:00+00:00,0.06906,0.06914,0.06906,0.06909,182844.3,0.069088,12632.3469984,182844.3,12632.3469984,
2023-10-31 03:50:00+00:00,0.06893,0.0691,0.06908,0.06902,1608599.1,0.069032,111044.8130712,1608599.1,111044.8130712,
2023-10-31 03:55:00+00:00,0.06895,0.06902,0.06901,0.06899,420703.8,0.068992,29025.1965696,420703.8,29025.1965696,
2023-10-31 04:00:00+00:00,0.06899,0.06907,0.069,0.06903,314131.3,0.069022,21681.9705886,314131.3,21681.9705886,
2023-10-31 04:05:00+00:00,0.06893,0.06904,0.06904,0.06902,640144.0,0.069008,44175.057152,640144.0,44175.057152,
2023-10-31 04:10:00+00:00,0.06901,0.06917,0.06902,0.06917,1044274.4,0.069092,72151.0068448,1044274.4,72151.0068448,
2023-10-31 04:15:00+00:00,0.06918,0.06929,0.06918,0.06922,770117.9,0.069218,53306.0208022,770117.9,53306.0208022,
2023-10-31 04:20:00+00:00,0.06912,0.06924,0.06924,0.06919,285317.5,0.069198,19743.400365,285317.5,19743.400365,
2023-10-31 04:25:00+00:00,0.06916,0.06921,0.06917,0.06919,196685.8,0.069183,13607.3137014,196685.8,13607.3137014,
2023-10-31 04:30:00+00:00,0.06916,0.06927,0.0692,0.06927,153613.1,0.069225,10633.8668475,153613.1,10633.8668475,
2023-10-31 04:35:00+00:00,0.06916,0.06929,0.06927,0.06916,321276.4,0.06922,22238.752408,321276.4,22238.752408,
2023-10-31 04:40:00+00:00,0.06904,0.06914,0.06914,0.06907,427151.6,0.069098,29515.3212568,427151.6,29515.3212568,
2023-10-31 04:45:00+00:00,0.06907,0.06916,0.06907,0.06911,483933.2,0.069103,33441.2359196,483933.2,33441.2359196,
2023-10-31 04:50:00+00:00,0.06903,0.06912,0.06912,0.06907,218477.6,0.069085,15093.524996,218477.6,15093.524996,
2023-10-31 04:55:00+00:00,0.06907,0.06912,0.06907,0.0691,317553.1,0.06909,21939.743679,317553.1,21939.743679,
2023-10-31 05:00:00+00:00,0.0691,0.06916,0.06911,0.06915,624895.8,0.06913,43199.046654,624895.8,43199.046654,
2023-10-31 05:05:00+00:00,0.06894,0.06916,0.06915,0.06894,498424.9,0.069048,34415.2424952,498424.9,34415.2424952,
2023-10-31 05:10:00+00:00,0.06893,0.06904,0.06896,0.06893,866146.5,0.068965,59733.7933725,866146.5,59733.7933725,
2023-10-31 05:15:00+00:00,0.06881,0.06902,0.06894,0.06899,869960.6,0.06894,59975.083764,869960.6,59975.083764,
2023-10-31 05:20:00+00:00,0.06899,0.0692,0.06899,0.06913,319847.4,0.069077,22094.0988498,319847.4,22094.0988498,
2023-10-31 05:25:00+00:00,0.0691,0.06919,0.06914,0.06914,278979.0,0.069142,19289.166018,278979.0,19289.166018,
2023-10-31 05:30:00+00:00,0.06912,0.06924,0.06912,0.06921,388605.1,0.069172,26880.5919772,388605.1,26880.5919772,
2023-10-31 05:35:00+00:00,0.06917,0.06929,0.0692,0.06928,418118.8,0.069235,28948.455118,418118.8,28948.455118,
2023-10-31 05:40:00+00:00,0.06924,0.06929,0.06927,0.06929,373853.1,0.069272,25897.5519432,373853.1,25897.5519432,
2023-10-31 05:45:00+00:00,0.06927,0.06936,0.06928,0.06934,228814.9,0.069312,15859.6183488,228814.9,15859.6183488,
2023-10-31 05:50:00+00:00,0.06924,0.06933,0.06932,0.06924,384542.8,0.069282,26641.8942696,384542.8,26641.8942696,
2023-10-31 05:55:00+00:00,0.06923,0.06927,0.06924,0.06925,22987.4,0.069247,1591.8084878,22987.4,1591.8084878,
2023-10-31 06:00:00+00:00,0.06917,0.06926,0.06924,0.06926,539433.7,0.069232,37346.0739184,539433.7,37346.0739184,
2023-10-31 06:05:00+00:00,0.06923,0.06935,0.06923,0.06935,215897.3,0.06929,14959.523917,215897.3,14959.523917,
2023-10-31 06:10:00+00:00,0.06933,0.06944,0.06935,0.06942,543621.6,0.069385,37719.184716,543621.6,37719.184716,
2023-10-31 06:15:00+00:00,0.06936,0.06942,0.06939,0.06937,448296.8,0.069385,31105.073468,448296.8,31105.073468,
2023-10-31 06:20:00+00:00,0.06931,0.0694,0.06935,0.06934,544229.9,0.06935,37742.343565,544229.9,37742.343565,
2023-10-31 06:25:00+00:00,0.06923,0.06947,0.06936,0.06923,515317.2,0.069323,35723.3342556,515317.2,35723.3342556,
2023-10-31 06:30:00+00:00,0.06875,0.06925,0.06924,0.06897,1846051.6,0.069052,127473.5550832,1846051.6,127473.5550832,
2023-10-31 06:35:00+00:00,0.06895,0.06928,0.06898,0.0692,695769.1,0.069102,48079.0363482,695769.1,48079.0363482,
2023-10-31 06:40:00+00:00,0.06917,0.06929,0.06918,0.06924,296324.0,0.06922,20511.54728,296324.0,20511.54728,
2023-10-31 06:45:00+00:00,0.0692,0.06931,0.06924,0.0692,213665.5,0.069238,14793.771889,213665.5,14793.771889,
2023-10-31 06:50:00+00:00,0.069,0.06919,0.06918,0.069,271278.8,0.069092,18743.1948496,271278.8,18743.1948496,
2023-10-31 06:55:00+00:00,0.06897,0.06915,0.06901,0.06908,276935.7,0.069052,19122.9639564,276935.7,19122.9639564,
2023-10-31 07:00:00+00:00,0.06903,0.06915,0.06905,0.0691,180450.1,0.069082,12465.8538082,180450.1,12465.8538082,
2023-10-31 07:05:00+00:00,0.06908,0.06915,0.0691,0.06915,398104.9,0.06912,27517.010688,398104.9,27517.010688,
2023-10-31 07:10:00+00:00,0.06906,0.06913,0.06913,0.06906,503716.5,0.069095,34804.2915675,503716.5,34804.2915675,
2023-10-31 07:15:00+00:00,0.06894,0.06916,0.06909,0.06894,281114.5,0.069032,19405.896164,281114.5,19405.896164,
2023-10-31 07:20:00+00:00,0.06887,0.06902,0.06892,0.06891,239352.2,0.06893,16498.547146,239352.2,16498.547146,
2023-10-31 07:25:00+00:00,0.06883,0.06891,0.06889,0.06886,302180.9,0.068872,20811.8029448,302180.9,20811.8029448,
2023-10-31 07:30:00+00:00,0.0684,0.06886,0.06885,0.06851,3471568.9,0.068655,238340.5628295,3471568.9,238340.5628295,
2023-10-31 07:35:00+00:00,0.06846,0.06878,0.06848,0.06873,510150.4,0.068612,35002.4392448,510150.4,35002.4392448,
2023-10-31 07:40:00+00:00,0.06861,0.06882,0.06874,0.06861,1491472.0,0.068695,102456.66904,1491472.0,102456.66904,
2023-10-31 07:45:00+00:00,0.06859,0.06871,0.06861,0.06867,285364.1,0.068645,19588.8186445,285364.1,19588.8186445,
2023-10-31 07:50:00+00:00,0.06852,0.06865,0.06865,0.06855,340484.9,0.068592,23354.5402608,340484.9,23354.5402608,
2023-10-31 07:55:00+00:00,0.06852,0.06859,0.06855,0.06856,270182.3,0.068555,18522.3475765,270182.3,18522.3475765,
2023-10-31 08:00:00+00:00,0.06823,0.06855,0.06855,0.06827,1020929.6,0.0684,69831.58464,1020929.6,69831.58464,
2023-10-31 08:05:00+00:00,0.06791,0.06837,0.06823,0.06837,1408535.9,0.06822,96090.319098,1408535.9,96090.319098,
2023-10-31 08:10:00+00:00,0.06832,0.06867,0.06836,0.06867,891999.1,0.068505,61106.3983455,891999.1,61106.3983455,
2023-10-31 08:15:00+00:00,0.06861,0.06877,0.06864,0.06871,508851.8,0.068683,34949.4681794,508851.8,34949.4681794,
2023-10-31 08:20:00+00:00,0.06868,0.06874,0.06872,0.06874,180437.9,0.06872,12399.692488,180437.9,12399.692488,
2023-10-31 08:25:00+00:00,0.0687,0.06884,0.06872,0.06883,305974.7,0.068772,21042.4920684,305974.7,21042.4920684,
2023-10-31 08:30:00+00:00,0.06875,0.06888,0.06882,0.06875,1580004.5,0.0688,108704.3096,1580004.5,108704.3096,
2023-10-31 08:35:00+00:00,0.06872,0.06889,0.06875,0.06887,864780.4,0.068808,59503.8097632,864780.4,59503.8097632,
2023-10-31 08:40:00+00:00,0.06884,0.06898,0.06888,0.0689,609170.0,0.0689,41971.813,609170.0,41971.813,
2023-10-31 08:45:00+00:00,0.06893,0.06901,0.06893,0.06899,145459.8,0.068965,10031.635107,145459.8,10031.635107,
2023-10-31 08:50:00+00:00,0.06889,0.06898,0.06898,0.06898,835590.4,0.068958,57620.6428032,835590.4,57620.6428032,
2023-10-31 08:55:00+00:00,0.06893,0.06899,0.06898,0.06898,185691.9,0.06897,12807.170343,185691.9,12807.170343,
2023-10-31 09:00:00+00:00,0.06892,0.06899,0.06894,0.06895,364381.7,0.06895,25124.118215,364381.7,25124.118215,
2023-10-31 09:05:00+00:00,0.06894,0.069,0.06897,0.06895,424296.5,0.068965,29261.6081225,424296.5,29261.6081225,
2023-10-31 09:10:00+00:00,0.06895,0.06908,0.06895,0.06904,751253.0,0.069005,51840.213265,751253.0,51840.213265,
2023-10-31 09:15:00+00:00,0.06887,0.06903,0.06903,0.06889,240961.6,0.068955,16615.507128,240961.6,16615.507128,
2023-10-31 09:20:00+00:00,0.06883,0.06887,0.06886,0.06886,239179.3,0.068855,16468.6907015,239179.3,16468.6907015,
2023-10-31 09:25:00+00:00,0.06873,0.06887,0.06885,0.06881,198293.7,0.068815,13645.5809655,198293.7,13645.5809655,
2023-10-31 09:30:00+00:00,0.06881,0.06886,0.06881,0.06883,46633.5,0.068828,3209.690538,46633.5,3209.690538,
2023-10-31 09:35:00+00:00,0.06885,0.06903,0.06885,0.06903,338507.8,0.06894,23336.727732,338507.8,23336.727732,
2023-10-31 09:40:00+00:00,0.06899,0.06908,0.06902,0.06899,543919.8,0.06902,37541.344596,543919.8,37541.344596,
2023-10-31 09:45:00+00:00,0.06896,0.06906,0.06899,0.06906,405272.1,0.069018,27971.0697978,405272.1,27971.0697978,
2023-10-31 09:50:00+00:00,0.06904,0.06917,0.06906,0.06916,891154.1,0.069108,61585.8775428,891154.1,61585.8775428,
2023-10-31 09:55:00+00:00,0.06914,0.0692,0.06915,0.06916,290245.9,0.069162,20073.9869358,290245.9,20073.9869358,
2023-10-31 10:00:00+00:00,0.06913,0.0692,0.06916,0.06918,190852.1,0.069168,13200.8580528,190852.1,13200.8580528,
2023-10-31 10:05:00+00:00,0.06899,0.06916,0.06915,0.06899,511511.4,0.069072,35331.1154208,511511.4,35331.1154208,
2023-10-31 10:10:00+00:00,0.06897,0.06908,0.069,0.06903,193867.2,0.06902,13380.714144,193867.2,13380.714144,
2023-10-31 10:15:00+00:00,0.06897,0.06904,0.06903,0.06901,154400.6,0.069012,10655.4942072,154400.6,10655.4942072,
2023-10-31 10:20:00+00:00,0.069,0.06917,0.069,0.06917,105046.8,0.069085,7257.158178,105046.8,7257.158178,
2023-10-31 10:25:00+00:00,0.06905,0.06918,0.06917,0.06905,356821.3,0.069112,24660.6336856,356821.3,24660.6336856,
2023-10-31 10:30:00+00:00,0.06907,0.06916,0.06907,0.06913,367903.8,0.069108,25425.0958104,367903.8,25425.0958104,
2023-10-31 10:35:00+00:00,0.06913,0.06921,0.06914,0.06921,540988.3,0.069172,37421.2426876,540988.3,37421.2426876,
2023-10-31 10:40:00+00:00,0.06913,0.0692,0.0692,0.06915,116785.1,0.06917,8078.025367,116785.1,8078.025367,
2023-10-31 10:45:00+00:00,0.06913,0.06918,0.06916,0.06914,47163.2,0.069152,3261.4296064,47163.2,3261.4296064,
2023-10-31 10:50:00+00:00,0.06913,0.06918,0.06913,0.06915,169374.1,0.069148,11711.8802668,169374.1,11711.8802668,
2023-10-31 10:55:00+00:00,0.06904,0.06918,0.06915,0.06907,1100166.1,0.06911,76032.479171,1100166.1,76032.479171,
2023-10-31 11:00:00+00:00,0.06902,0.06922,0.06906,0.06922,1789314.0,0.06913,123695.27682,1789314.0,123695.27682,
2023-10-31 11:05:00+00:00,0.06918,0.06938,0.0692,0.06925,798156.6,0.069252,55273.9408632,798156.6,55273.9408632,
2023-10-31 11:10:00+00:00,0.0692,0.06935,0.06929,0.06933,404693.3,0.069292,28042.0081436,404693.3,28042.0081436,
2023-10-31 11:15:00+00:00,0.06933,0.06998,0.06935,0.06997,2189832.8,0.069658,152539.3731824,2189832.8,152539.3731824,
2023-10-31 11:20:00+00:00,0.06959,0.07029,0.06995,0.06959,5952978.7,0.069855,415845.3270885,5952978.7,415845.3270885,
2023-10-31 11:25:00+00:00,0.06959,0.06998,0.0696,0.06997,1562188.5,0.069785,109017.3244725,1562188.5,109017.3244725,
2023-10-31 11:30:00+00:00,0.06971,0.06997,0.06996,0.06992,765309.5,0.06989,53487.480955,765309.5,53487.480955,
2023-10-31 11:35:00+00:00,0.06983,0.07011,0.06995,0.06986,1009785.0,0.069938,70622.34333,1009785.0,70622.34333,
2023-10-31 11:40:00+00:00,0.06984,0.06995,0.06989,0.06984,475228.9,0.06988,33208.995532,475228.9,33208.995532,
2023-10-31 11:45:00+00:00,0.06985,0.07001,0.06985,0.06996,706241.0,0.069918,49378.958238,706241.0,49378.958238,
2023-10-31 11:50:00+00:00,0.06997,0.07024,0.06997,0.07009,1227772.0,0.070068,86027.528496,1227772.0,86027.528496,
2023-10-31 11:55:00+00:00,0.0701,0.07038,0.0701,0.07024,3140698.0,0.070205,220492.70309,3140698.0,220492.70309,
2023-10-31 12:00:00+00:00,0.07022,0.07051,0.07024,0.07026,3249182.5,0.070308,228443.52321,3249182.5,228443.52321,
2023-10-31 12:05:00+00:00,0.06996,0.07024,0.07023,0.07007,2516501.0,0.070125,176469.632625,2516501.0,176469.632625,
2023-10-31 12:10:00+00:00,0.07008,0.07054,0.07008,0.07051,3125871.2,0.070302,219754.9971024,3125871.2,219754.9971024,
2023-10-31 12:15:00+00:00,0.07051,0.07087,0.07052,0.07066,2452761.0,0.07064,173263.03704,2452761.0,173263.03704,
2023-10-31 12:20:00+00:00,0.07016,0.07063,0.07063,0.07036,1394884.8,0.070445,98262.659736,1394884.8,98262.659736,
2023-10-31 12:25:00+00:00,0.07014,0.07057,0.07035,0.0705,7058918.7,0.07039,496877.287293,7058918.7,496877.287293,
2023-10-31 12:30:00+00:00,0.07009,0.07048,0.07048,0.07037,1844238.5,0.070355,129751.3996675,1844238.5,129751.3996675,
2023-10-31 12:35:00+00:00,0.07008,0.0704,0.07036,0.07013,1736730.6,0.070242,121991.4308052,1736730.6,121991.4308052,
2023-10-31 12:40:00+00:00,0.06979,0.07017,0.07013,0.06988,1693912.7,0.069992,118560.3376984,1693912.7,118560.3376984,
2023-10-31 12:45:00+00:00,0.06929,0.0699,0.06989,0.06943,2578315.9,0.069628,179522.9794852,2578315.9,179522.9794852,
2023-10-31 12:50:00+00:00,0.06935,0.06964,0.06942,0.06955,903277.0,0.06949,62768.71873,903277.0,62768.71873,
2023-10-31 12:55:00+00:00,0.06944,0.06961,0.06957,0.0695,1402301.6,0.06953,97502.030248,1402301.6,97502.030248,
2023-10-31 13:00:00+00:00,0.06936,0.06968,0.06949,0.06956,1558171.1,0.069522,108327.1712142,1558171.1,108327.1712142,
2023-10-31 13:05:00+00:00,0.06935,0.0696,0.06953,0.06956,2281377.4,0.06951,158578.543074,2281377.4,158578.543074,
2023-10-31 13:10:00+00:00,0.06927,0.06961,0.06955,0.06945,1404908.2,0.06947,97598.972654,1404908.2,97598.972654,
2023-10-31 13:15:00+00:00,0.0694,0.06969,0.06944,0.06959,1350039.5,0.06953,93868.246435,1350039.5,93868.246435,
2023-10-31 13:20:00+00:00,0.06919,0.06958,0.06953,0.06923,2179722.5,0.069382,151233.506495,2179722.5,151233.506495,
2023-10-31 13:25:00+00:00,0.06923,0.06941,0.06924,0.06939,896766.3,0.069318,62162.0463834,896766.3,62162.0463834,
2023-10-31 13:30:00+00:00,0.06926,0.06951,0.06935,0.06943,3965785.0,0.069387,275173.923795,3965785.0,275173.923795,
2023-10-31 13:35:00+00:00,0.06895,0.06942,0.0694,0.06901,1794566.9,0.069195,124175.0566455,1794566.9,124175.0566455,
2023-10-31 13:40:00+00:00,0.06887,0.06902,0.06898,0.06887,1409430.1,0.068935,97159.0639435,1409430.1,97159.0639435,
2023-10-31 13:45:00+00:00,0.06883,0.06902,0.06888,0.06895,1279305.9,0.06892,88169.762628,1279305.9,88169.762628,
2023-10-31 13:50:00+00:00,0.06814,0.06892,0.06892,0.06845,6369856.5,0.068608,437023.114752,6369856.5,437023.114752,
2023-10-31 13:55:00+00:00,0.06827,0.06864,0.06844,0.06862,2235959.5,0.068492,153145.338074,2235959.5,153145.338074,
2023-10-31 14:00:00+00:00,0.06832,0.06859,0.06859,0.06832,2284941.9,0.068455,156415.6977645,2284941.9,156415.6977645,
2023-10-31 14:05:00+00:00,0.06818,0.06865,0.06831,0.06862,2689246.8,0.06844,184052.050992,2689246.8,184052.050992,
2023-10-31 14:10:00+00:00,0.06858,0.06877,0.06862,0.06873,2059885.2,0.068675,141462.61611,2059885.2,141462.61611,
2023-10-31 14:15:00+00:00,0.06876,0.06896,0.06876,0.06889,1281972.0,0.068842,88253.516424,1281972.0,88253.516424,
2023-10-31 14:20:00+00:00,0.06877,0.06898,0.06889,0.06877,1023837.6,0.068852,70493.2664352,1023837.6,70493.2664352,
2023-10-31 14:25:00+00:00,0.06861,0.06875,0.06875,0.0687,741738.8,0.068702,50958.9390376,741738.8,50958.9390376,
2023-10-31 14:30:00+00:00,0.06866,0.06885,0.0687,0.06866,463283.1,0.068718,31835.8880658,463283.1,31835.8880658,
2023-10-31 14:35:00+00:00,0.06835,0.06868,0.06867,0.06841,1319994.8,0.068527,90455.2836596,1319994.8,90455.2836596,
2023-10-31 14:40:00+00:00,0.06834,0.06865,0.06837,0.06864,1026549.1,0.0685,70318.61335,1026549.1,70318.61335,
2023-10-31 14:45:00+00:00,0.06858,0.06877,0.06864,0.06866,791999.6,0.068662,54380.2765352,791999.6,54380.2765352,
2023-10-31 14:50:00+00:00,0.06859,0.06872,0.06867,0.06864,2948142.7,0.068655,202404.7370685,2948142.7,202404.7370685,
2023-10-31 14:55:00+00:00,0.06862,0.06871,0.06866,0.06865,732773.0,0.06866,50312.19418,732773.0,50312.19418,
2023-10-31 15:00:00+00:00,0.06849,0.06875,0.06866,0.0685,537069.8,0.0686,36842.98828,537069.8,36842.98828,
2023-10-31 15:05:00+00:00,0.0683,0.06851,0.06851,0.06833,690903.2,0.068412,47266.0697184,690903.2,47266.0697184,
2023-10-31 15:10:00+00:00,0.0673,0.06836,0.06835,0.06791,14324308.6,0.06798,973766.498628,14324308.6,973766.498628,
2023-10-31 15:15:00+00:00,0.06568,0.06794,0.06792,0.06698,15872591.4,0.06713,1065527.060682,15872591.4,1065527.060682,
2023-10-31 15:20:00+00:00,0.06691,0.06731,0.06699,0.06724,2019929.3,0.067112,135561.4951816,2019929.3,135561.4951816,
2023-10-31 15:25:00+00:00,0.06706,0.0674,0.0672,0.06727,1954658.8,0.067232,131415.6204416,1954658.8,131415.6204416,
2023-10-31 15:30:00+00:00,0.06726,0.06761,0.06726,0.06759,3052502.9,0.06743,205830.270547,3052502.9,205830.270547,
2023-10-31 15:35:00+00:00,0.06696,0.06759,0.06759,0.06704,1788218.6,0.067295,120338.170687,1788218.6,120338.170687,
2023-10-31 15:40:00+00:00,0.06674,0.06711,0.06704,0.06684,14160665.5,0.066932,947801.663246,14160665.5,947801.663246,
2023-10-31 15:45:00+00:00,0.06681,0.06709,0.06682,0.06707,1675214.8,0.066948,112152.2804304,1675214.8,112152.2804304,
2023-10-31 15:50:00+00:00,0.06701,0.06724,0.06711,0.06723,898465.2,0.067148,60330.1412496,898465.2,60330.1412496,
2023-10-31 15:55:00+00:00,0.06719,0.06731,0.06724,0.06724,793083.3,0.067245,53330.8865085,793083.3,53330.8865085,
2023-10-31 16:00:00+00:00,0.06687,0.06723,0.06723,0.06696,1556621.6,0.067072,104405.7239552,1556621.6,104405.7239552,
2023-10-31 16:05:00+00:00,0.06696,0.06721,0.06698,0.06718,1285442.1,0.067082,86230.0269522,1285442.1,86230.0269522,
2023-10-31 16:10:00+00:00,0.06697,0.06717,0.06717,0.06698,1037803.5,0.067072,69607.556352,1037803.5,69607.556352,
2023-10-31 16:15:00+00:00,0.06698,0.06742,0.06698,0.06741,2041484.7,0.067198,137183.6888706,2041484.7,137183.6888706,
2023-10-31 16:20:00+00:00,0.06739,0.06747,0.06741,0.06744,1242728.1,0.067428,83794.6703268,1242728.1,83794.6703268,
2023-10-31 16:25:00+00:00,0.06741,0.06755,0.06744,0.06754,677444.9,0.067485,45717.3690765,677444.9,45717.3690765,
2023-10-31 16:30:00+00:00,0.0674,0.06753,0.06753,0.06751,1055020.6,0.067493,71206.5053558,1055020.6,71206.5053558,
2023-10-31 16:35:00+00:00,0.06733,0.06753,0.06752,0.06751,930077.2,0.067472,62754.1688384,930077.2,62754.1688384,
2023-10-31 16:40:00+00:00,0.06754,0.0678,0.06754,0.0677,1774788.8,0.067645,120055.588376,1774788.8,120055.588376,
2023-10-31 16:45:00+00:00,0.06759,0.06776,0.06772,0.06769,673414.8,0.06769,45583.447812,673414.8,45583.447812,
2023-10-31 16:50:00+00:00,0.06759,0.06779,0.06764,0.06779,527450.0,0.067702,35709.4199,527450.0,35709.4199,
2023-10-31 16:55:00+00:00,0.06776,0.06788,0.06779,0.06778,921551.7,0.067802,62483.0483634,921551.7,62483.0483634,
2023-10-31 17:00:00+00:00,0.06762,0.06781,0.06777,0.06767,496824.8,0.067718,33643.9818064,496824.8,33643.9818064,
2023-10-31 17:05:00+00:00,0.06752,0.0677,0.06768,0.06755,558257.7,0.067612,37744.9196124,558257.7,37744.9196124,
2023-10-31 17:10:00+00:00,0.06753,0.06777,0.06755,0.06777,1771642.8,0.067655,119860.493634,1771642.8,119860.493634,
2023-10-31 17:15:00+00:00,0.06776,0.06784,0.06776,0.0678,338055.6,0.06779,22916.789124,338055.6,22916.789124,
2023-10-31 17:20:00+00:00,0.06772,0.06783,0.0678,0.06773,502231.8,0.06777,34036.249086,502231.8,34036.249086,
2023-10-31 17:25:00+00:00,0.06761,0.06775,0.06773,0.06769,335114.6,0.067695,22685.582847,335114.6,22685.582847,
2023-10-31 17:30:00+00:00,0.06756,0.0677,0.0677,0.0676,244889.0,0.06764,16564.29196,244889.0,16564.29196,
2023-10-31 17:35:00+00:00,0.06751,0.0677,0.0676,0.06768,470672.7,0.067622,31827.8293194,470672.7,31827.8293194,
2023-10-31 17:40:00+00:00,0.0676,0.06774,0.06769,0.0677,450859.6,0.067682,30515.0794472,450859.6,30515.0794472,
2023-10-31 17:45:00+00:00,0.06772,0.06796,0.06772,0.06794,1823596.6,0.067835,123703.675361,1823596.6,123703.675361,
2023-10-31 17:50:00+00:00,0.06784,0.06799,0.06793,0.06784,435539.3,0.0679,29573.11847,435539.3,29573.11847,
2023-10-31 17:55:00+00:00,0.0676,0.06785,0.06785,0.06777,3526729.3,0.067768,238999.3912024,3526729.3,238999.3912024,
2023-10-31 18:00:00+00:00,0.06767,0.06776,0.06776,0.06768,333667.9,0.067718,22595.3228522,333667.9,22595.3228522,
2023-10-31 18:05:00+00:00,0.06759,0.06772,0.06769,0.06761,647252.2,0.067652,43787.9058344,647252.2,43787.9058344,
2023-10-31 18:10:00+00:00,0.0676,0.06777,0.0676,0.06769,520133.3,0.067665,35194.8197445,520133.3,35194.8197445,
2023-10-31 18:15:00+00:00,0.06762,0.06775,0.06765,0.06772,510003.3,0.067685,34519.5733605,510003.3,34519.5733605,
2023-10-31 18:20:00+00:00,0.06768,0.06778,0.06769,0.06773,435986.5,0.06772,29525.00578,435986.5,29525.00578,
2023-10-31 18:25:00+00:00,0.06764,0.06775,0.06772,0.06766,182771.2,0.067692,12372.1480704,182771.2,12372.1480704,
2023-10-31 18:30:00+00:00,0.06764,0.06771,0.06765,0.06764,423122.2,0.06766,28628.448052,423122.2,28628.448052,
2023-10-31 18:35:00+00:00,0.06764,0.06785,0.06765,0.06784,726103.3,0.067745,49189.8680585,726103.3,49189.8680585,
2023-10-31 18:40:00+00:00,0.06783,0.06799,0.06783,0.06795,947640.2,0.0679,64344.76958,947640.2,64344.76958,
2023-10-31 18:45:00+00:00,0.06778,0.06796,0.06795,0.06789,505046.9,0.067895,34290.1592755,505046.9,34290.1592755,
2023-10-31 18:50:00+00:00,0.06789,0.0681,0.06789,0.06802,927717.6,0.067975,63061.60386,927717.6,63061.60386,
2023-10-31 18:55:00+00:00,0.06801,0.06813,0.06801,0.06808,1310387.9,0.068058,89182.3796982,1310387.9,89182.3796982,
2023-10-31 19:00:00+00:00,0.06808,0.0683,0.06811,0.06821,3420823.9,0.068175,233214.6693825,3420823.9,233214.6693825,
2023-10-31 19:05:00+00:00,0.06801,0.06826,0.06821,0.06813,1043488.9,0.068152,71115.8555128,1043488.9,71115.8555128,
2023-10-31 19:10:00+00:00,0.06811,0.06822,0.06813,0.06815,1780004.4,0.068152,121310.8598688,1780004.4,121310.8598688,
2023-10-31 19:15:00+00:00,0.0681,0.06824,0.06816,0.06811,313326.6,0.068152,21353.8344432,313326.6,21353.8344432,
2023-10-31 19:20:00+00:00,0.06793,0.06812,0.06809,0.06808,866790.8,0.068055,58989.447894,866790.8,58989.447894,
2023-10-31 19:25:00+00:00,0.06804,0.06816,0.06808,0.06813,597876.2,0.068103,40717.1628486,597876.2,40717.1628486,
2023-10-31 19:30:00+00:00,0.06807,0.06813,0.06812,0.06809,509110.0,0.068102,34671.40922,509110.0,34671.40922,
2023-10-31 19:35:00+00:00,0.068,0.06809,0.06808,0.06805,277565.5,0.068055,18889.7201025,277565.5,18889.7201025,
2023-10-31 19:40:00+00:00,0.06791,0.06809,0.06804,0.06796,466901.9,0.068,31749.3292,466901.9,31749.3292,
2023-10-31 19:45:00+00:00,0.0679,0.068,0.06795,0.06793,654965.5,0.067945,44501.6308975,654965.5,44501.6308975,
2023-10-31 19:50:00+00:00,0.06792,0.06809,0.06793,0.06805,704896.8,0.067998,47931.5726064,704896.8,47931.5726064,
2023-10-31 19:55:00+00:00,0.06805,0.06819,0.06805,0.06819,426044.2,0.06812,29022.130904,426044.2,29022.130904,
2023-10-31 20:00:00+00:00,0.06811,0.0685,0.06817,0.06838,3945522.5,0.06829,269439.731525,3945522.5,269439.731525,
2023-10-31 20:05:00+00:00,0.06827,0.0684,0.06839,0.06832,1752006.3,0.068345,119740.8705735,1752006.3,119740.8705735,
2023-10-31 20:10:00+00:00,0.06831,0.06839,0.06832,0.06836,454622.3,0.068345,31071.1610935,454622.3,31071.1610935,
2023-10-31 20:15:00+00:00,0.06835,0.06848,0.06837,0.06845,516368.7,0.068412,35325.8155044,516368.7,35325.8155044,
2023-10-31 20:20:00+00:00,0.06842,0.06864,0.06845,0.06858,1430050.4,0.068522,97989.9135088,1430050.4,97989.9135088,
2023-10-31 20:25:00+00:00,0.06842,0.06855,0.06855,0.06848,420925.8,0.0685,28833.4173,420925.8,28833.4173,
2023-10-31 20:30:00+00:00,0.06848,0.06854,0.06849,0.06849,274227.0,0.0685,18784.5495,274227.0,18784.5495,
2023-10-31 20:35:00+00:00,0.0684,0.06851,0.06851,0.06842,409220.8,0.06846,28015.255968,409220.8,28015.255968,
2023-10-31 20:40:00+00:00,0.0684,0.0685,0.06842,0.0685,579481.3,0.068455,39668.3923915,579481.3,39668.3923915,
2023-10-31 20:45:00+00:00,0.06849,0.06869,0.06849,0.06857,794726.6,0.06856,54486.455696,794726.6,54486.455696,
2023-10-31 20:50:00+00:00,0.06835,0.06857,0.06857,0.06843,649889.0,0.06848,44504.39872,649889.0,44504.39872,
2023-10-31 20:55:00+00:00,0.06844,0.0685,0.06844,0.06849,268509.7,0.068468,18384.3221396,268509.7,18384.3221396,
2023-10-31 21:00:00+00:00,0.06829,0.06852,0.06851,0.06837,221294.8,0.068422,15141.4328056,221294.8,15141.4328056,
2023-10-31 21:05:00+00:00,0.06832,0.0684,0.06839,0.06836,799708.8,0.068368,54674.4912384,799708.8,54674.4912384,
2023-10-31 21:10:00+00:00,0.06834,0.06841,0.06837,0.06837,137201.1,0.068372,9380.7136092,137201.1,9380.7136092,
2023-10-31 21:15:00+00:00,0.06831,0.06838,0.06837,0.06838,447318.3,0.06836,30578.678988,447318.3,30578.678988,
2023-10-31 21:20:00+00:00,0.06823,0.06849,0.06839,0.06832,1036541.6,0.068358,70855.9106928,1036541.6,70855.9106928,
2023-10-31 21:25:00+00:00,0.06819,0.06833,0.06833,0.0682,178178.1,0.068262,12162.7934622,178178.1,12162.7934622,
2023-10-31 21:30:00+00:00,0.06813,0.06821,0.0682,0.06818,220074.0,0.06818,15004.64532,220074.0,15004.64532,
2023-10-31 21:35:00+00:00,0.06806,0.06818,0.06818,0.06814,1118559.4,0.06814,76218.637516,1118559.4,76218.637516,
2023-10-31 21:40:00+00:00,0.06805,0.06812,0.06812,0.06805,383293.1,0.068085,26096.5107135,383293.1,26096.5107135,
2023-10-31 21:45:00+00:00,0.06786,0.06807,0.06806,0.06788,1044678.3,0.067968,71004.6946944,1044678.3,71004.6946944,
2023-10-31 21:50:00+00:00,0.0679,0.068,0.0679,0.06799,158019.4,0.067948,10737.1021912,158019.4,10737.1021912,
2023-10-31 21:55:00+00:00,0.0679,0.068,0.068,0.068,1083666.7,0.067975,73662.2439325,1083666.7,73662.2439325,
2023-10-31 22:00:00+00:00,0.06799,0.06809,0.068,0.06806,226844.8,0.068035,15433.385968,226844.8,15433.385968,
2023-10-31 22:05:00+00:00,0.06795,0.06807,0.068,0.06807,226212.5,0.068023,15387.6528875,226212.5,15387.6528875,
2023-10-31 22:10:00+00:00,0.06806,0.06812,0.06807,0.06808,334417.8,0.068082,22767.8326596,334417.8,22767.8326596,
2023-10-31 22:15:00+00:00,0.06777,0.06816,0.0681,0.06792,3673436.4,0.067987,249745.9205268,3673436.4,249745.9205268,
2023-10-31 22:20:00+00:00,0.06782,0.06794,0.06791,0.06794,344221.8,0.067902,23373.3486636,344221.8,23373.3486636,
2023-10-31 22:25:00+00:00,0.06788,0.06794,0.06793,0.06792,769169.1,0.067917,52239.6577647,769169.1,52239.6577647,
2023-10-31 22:30:00+00:00,0.06789,0.06799,0.06792,0.06799,215436.0,0.067948,14638.445328,215436.0,14638.445328,
2023-10-31 22:35:00+00:00,0.06796,0.0681,0.06798,0.0681,385807.6,0.068035,26248.420066,385807.6,26248.420066,
2023-10-31 22:40:00+00:00,0.06804,0.06815,0.06811,0.06809,1342982.8,0.068097,91453.0997316,1342982.8,91453.0997316,
2023-10-31 22:45:00+00:00,0.06807,0.06816,0.06809,0.06811,726807.1,0.068108,49501.3779668,726807.1,49501.3779668,
2023-10-31 22:50:00+00:00,0.06804,0.06813,0.0681,0.06804,337000.6,0.068078,22942.3268468,337000.6,22942.3268468,
2023-10-31 22:55:00+00:00,0.06796,0.06805,0.06804,0.06796,303094.4,0.068003,20611.3284832,303094.4,20611.3284832,
2023-10-31 23:00:00+00:00,0.06791,0.06798,0.06794,0.06795,212839.7,0.067945,14461.3934165,212839.7,14461.3934165,
2023-10-31 23:05:00+00:00,0.06798,0.06807,0.06798,0.06805,83456.0,0.06802,5676.67712,83456.0,5676.67712,
2023-10-31 23:10:00+00:00,0.06788,0.06806,0.06805,0.0679,609956.4,0.067972,41459.9564208,609956.4,41459.9564208,
2023-10-31 23:15:00+00:00,0.06784,0.06795,0.0679,0.06791,523447.3,0.0679,35542.07167,523447.3,35542.07167,
2023-10-31 23:20:00+00:00,0.06787,0.06794,0.06793,0.06788,158298.5,0.067905,10749.2596425,158298.5,10749.2596425,
2023-10-31 23:25:00+00:00,0.06788,0.06798,0.06788,0.06797,319678.2,0.067928,21715.1007696,319678.2,21715.1007696,
2023-10-31 23:30:00+00:00,0.06791,0.06806,0.06797,0.06791,607740.1,0.067962,41303.2326762,607740.1,41303.2326762,
2023-10-31 23:35:00+00:00,0.06787,0.06799,0.06792,0.06799,471449.1,0.067942,32031.1947522,471449.1,32031.1947522,
2023-10-31 23:40:00+00:00,0.06798,0.0681,0.06799,0.06807,1202491.2,0.068035,81811.488792,1202491.2,81811.488792,
2023-10-31 23:45:00+00:00,0.06801,0.06813,0.06808,0.06813,509295.2,0.068088,34676.8915776,509295.2,34676.8915776,
2023-10-31 23:50:00+00:00,0.06812,0.0683,0.06812,0.06828,816170.6,0.068205,55666.915773,816170.6,55666.915773,
2023-10-31 23:55:00+00:00,0.06822,0.06831,0.06827,0.06828,1093896.7,0.06827,74680.327709,1093896.7,74680.327709,
