timestamp,low,high,open,close,volume,vwap,turnover,homeNotional,foreignNotional,trades
2022-11-01 00:00:00+00:00,0.12563,0.12849,0.12688,0.1278,15333700.2,0.1272,1950446.66544,15333700.2,1950446.66544,
2022-11-01 00:05:00+00:00,0.12506,0.12795,0.12776,0.12577,7090640.9,0.126635,897923.3103715,7090640.9,897923.3103715,
2022-11-01 00:10:00+00:00,0.12442,0.12612,0.12571,0.12571,17773762.6,0.12549,2230429.468674,17773762.6,2230429.468674,
2022-11-01 00:15:00+00:00,0.12523,0.12636,0.12575,0.12584,3484454.6,0.125795,438326.966407,3484454.6,438326.966407,
2022-11-01 00:20:00+00:00,0.12502,0.12624,0.12582,0.12502,2948610.6,0.125525,370124.345565,2948610.6,370124.345565,
2022-11-01 00:25:00+00:00,0.12458,0.12574,0.12498,0.12563,3976794.5,0.125232,498021.928824,3976794.5,498021.928824,
2022-11-01 00:30:00+00:00,0.12487,0.12605,0.12564,0.12533,5066280.4,0.125472,635676.3343488,5066280.4,635676.3343488,
2022-11-01 00:35:00+00:00,0.12505,0.12718,0.12536,0.12712,9138600.8,0.126178,1153090.3717424,9138600.8,1153090.3717424,
2022-11-01 00:40:00+00:00,0.12679,0.12749,0.12711,0.12726,12825162.2,0.127163,1630886.1008386,12825162.2,1630886.1008386,
2022-11-01 00:45:00+00:00,0.12673,0.12772,0.1273,0.12715,7444043.7,0.127225,947068.4597325,7444043.7,947068.4597325,
2022-11-01 00:50:00+00:00,0.12553,0.12738,0.12709,0.12596,8889012.6,0.12649,1124371.203774,8889012.6,1124371.203774,
2022-11-01 00:55:00+00:00,0.12504,0.12615,0.12591,0.12513,6775924.9,0.125557,850764.8026693,6775924.9,850764.8026693,
2022-11-01 01:00:00+00:00,0.125,0.12614,0.12512,0.12557,9135896.6,0.125458,1146171.3156428,9135896.6,1146171.3156428,
2022-11-01 01:05:00+00:00,0.12467,0.12587,0.12557,0.12512,5010419.1,0.125308,627845.5965828,5010419.1,627845.5965828,
2022-11-01 01:10:00+00:00,0.12506,0.12619,0.12506,0.12589,5115657.6,0.12555,642270.81168,5115657.6,642270.81168,
2022-11-01 01:15:00+00:00,0.12545,0.12609,0.12585,0.12577,4327394.7,0.12579,544342.979313,4327394.7,544342.979313,
2022-11-01 01:20:00+00:00,0.12561,0.12805,0.12571,0.12786,8180266.4,0.126807,1037315.0413848,8180266.4,1037315.0413848,
2022-11-01 01:25:00+00:00,0.12711,0.12824,0.12786,0.12805,6495774.0,0.127815,830257.35381,6495774.0,830257.35381,
2022-11-01 01:30:00+00:00,0.12774,0.129,0.1281,0.12871,6699248.1,0.128387,860096.3658147,6699248.1,860096.3658147,
2022-11-01 01:35:00+00:00,0.1279,0.12897,0.12867,0.1285,4229775.7,0.12851,543568.475207,4229775.7,543568.475207,
2022-11-01 01:40:00+00:00,0.12741,0.12849,0.12845,0.12769,6580562.9,0.12801,842377.856829,6580562.9,842377.856829,
2022-11-01 01:45:00+00:00,0.12739,0.13,0.12769,0.12914,9095943.4,0.128555,1169329.003787,9095943.4,1169329.003787,
2022-11-01 01:50:00+00:00,0.12847,0.12927,0.12908,0.12913,3074773.9,0.128987,396605.8610393,3074773.9,396605.8610393,
2022-11-01 01:55:00+00:00,0.12856,0.12919,0.1291,0.12919,2168467.9,0.12901,279754.043779,2168467.9,279754.043779,
2022-11-01 02:00:00+00:00,0.12861,0.13015,0.12922,0.12882,8683510.9,0.1292,1121909.60828,8683510.9,1121909.60828,
2022-11-01 02:05:00+00:00,0.12879,0.13049,0.1289,0.1289,5435931.0,0.12927,702702.80037,5435931.0,702702.80037,
2022-11-01 02:10:00+00:00,0.12831,0.12915,0.12882,0.12875,5726764.9,0.128758,737366.7949942,5726764.9,737366.7949942,
2022-11-01 02:15:00+00:00,0.1283,0.12889,0.12865,0.12844,2263825.4,0.12857,291060.031678,2263825.4,291060.031678,
2022-11-01 02:20:00+00:00,0.12789,0.12867,0.12838,0.12829,4174623.9,0.128307,535633.4687373,4174623.9,535633.4687373,
2022-11-01 02:25:00+00:00,0.12802,0.12859,0.12824,0.12843,1522834.8,0.12832,195410.161536,1522834.8,195410.161536,
2022-11-01 02:30:00+00:00,0.12829,0.12905,0.12839,0.12879,2917779.4,0.12863,375313.964222,2917779.4,375313.964222,
2022-11-01 02:35:00+00:00,0.12865,0.12947,0.12879,0.1289,5102065.4,0.128952,657921.5374608,5102065.4,657921.5374608,
2022-11-01 02:40:00+00:00,0.12807,0.129,0.1289,0.12853,3570851.1,0.128625,459300.7227375,3570851.1,459300.7227375,
2022-11-01 02:45:00+00:00,0.12825,0.12956,0.1285,0.12923,5323010.2,0.128885,686056.169627,5323010.2,686056.169627,
2022-11-01 02:50:00+00:00,0.12894,0.12958,0.12924,0.12914,2472046.6,0.129225,319450.221885,2472046.6,319450.221885,
2022-11-01 02:55:00+00:00,0.1286,0.12938,0.12917,0.12867,1740635.7,0.128955,224463.6766935,1740635.7,224463.6766935,
2022-11-01 03:00:00+00:00,0.12805,0.12938,0.1286,0.12805,4947493.5,0.12852,635851.86462,4947493.5,635851.86462,
2022-11-01 03:05:00+00:00,0.12774,0.12828,0.12803,0.12811,962946.5,0.12804,123295.66986,962946.5,123295.66986,
2022-11-01 03:10:00+00:00,0.12677,0.1284,0.1281,0.1275,6002756.4,0.127692,766503.9702288,6002756.4,766503.9702288,
2022-11-01 03:15:00+00:00,0.12728,0.12785,0.1274,0.12751,2515024.8,0.12751,320690.812248,2515024.8,320690.812248,
2022-11-01 03:20:00+00:00,0.12718,0.12814,0.12757,0.12814,1377737.6,0.127758,176017.0003008,1377737.6,176017.0003008,
2022-11-01 03:25:00+00:00,0.12706,0.12815,0.12815,0.12735,787961.0,0.127678,100605.284558,787961.0,100605.284558,
2022-11-01 03:30:00+00:00,0.12659,0.12743,0.12731,0.12689,3832504.8,0.127055,486938.897364,3832504.8,486938.897364,
2022-11-01 03:35:00+00:00,0.12691,0.12766,0.12691,0.12713,2074850.6,0.127152,263821.4034912,2074850.6,263821.4034912,
2022-11-01 03:40:00+00:00,0.12685,0.12752,0.12713,0.12735,1244279.4,0.127212,158287.2710328,1244279.4,158287.2710328,
2022-11-01 03:45:00+00:00,0.127,0.12755,0.12736,0.12714,799368.3,0.127262,101729.2085946,799368.3,101729.2085946,
2022-11-01 03:50:00+00:00,0.12691,0.128,0.12713,0.12791,3653777.4,0.127487,465809.1193938,3653777.4,465809.1193938,
2022-11-01 03:55:00+00:00,0.12738,0.12811,0.12791,0.12764,2460808.6,0.12776,314392.906736,2460808.6,314392.906736,
2022-11-01 04:00:00+00:00,0.12671,0.12781,0.12755,0.12688,1364647.8,0.127238,173635.0567764,1364647.8,173635.0567764,
2022-11-01 04:05:00+00:00,0.12574,0.12711,0.1268,0.12616,3735259.7,0.126452,472331.0595844,3735259.7,472331.0595844,
2022-11-01 04:10:00+00:00,0.12558,0.12627,0.12619,0.12625,3276156.0,0.126072,413031.539232,3276156.0,413031.539232,
2022-11-01 04:15:00+00:00,0.12594,0.1315,0.12623,0.13093,16122742.8,0.12865,2074190.86122,16122742.8,2074190.86122,
2022-11-01 04:20:00+00:00,0.13067,0.13804,0.13087,0.13749,41575762.1,0.134267,5582252.8498807,41575762.1,5582252.8498807,
2022-11-01 04:25:00+00:00,0.13518,0.13883,0.13742,0.13747,34009187.8,0.137225,4666910.795855,34009187.8,4666910.795855,
2022-11-01 04:30:00+00:00,0.13728,0.14222,0.13746,0.13978,61954547.8,0.139185,8623143.735543,61954547.8,8623143.735543,
2022-11-01 04:35:00+00:00,0.13956,0.14334,0.13966,0.14242,40385249.9,0.141245,5704214.6221255,40385249.9,5704214.6221255,
2022-11-01 04:40:00+00:00,0.13881,0.143,0.14242,0.13977,42023775.7,0.141,5925352.3737,42023775.7,5925352.3737,
2022-11-01 04:45:00+00:00,0.13886,0.14108,0.13977,0.1397,19518705.0,0.139852,2729729.93166,19518705.0,2729729.93166,
2022-11-01 04:50:00+00:00,0.13971,0.14219,0.13998,0.14146,12568735.7,0.140835,1770117.8923095,12568735.7,1770117.8923095,
2022-11-01 04:55:00+00:00,0.14071,0.14236,0.14146,0.14134,10976512.7,0.141468,1552825.2986436,10976512.7,1552825.2986436,
2022-11-01 05:00:00+00:00,0.13988,0.14277,0.14138,0.14189,19827798.3,0.14148,2805236.903484,19827798.3,2805236.903484,
2022-11-01 05:05:00+00:00,0.14165,0.14452,0.14182,0.14354,20326190.0,0.142883,2904267.00577,20326190.0,2904267.00577,
2022-11-01 05:10:00+00:00,0.14035,0.14409,0.14363,0.14108,23491081.6,0.142287,3342475.5276192,23491081.6,3342475.5276192,
2022-11-01 05:15:00+00:00,0.14078,0.14237,0.14126,0.1417,8355673.3,0.141527,1182553.3751291,8355673.3,1182553.3751291,
2022-11-01 05:20:00+00:00,0.14052,0.14225,0.14176,0.14068,13045986.9,0.141302,1843424.0409438,13045986.9,1843424.0409438,
2022-11-01 05:25:00+00:00,0.14048,0.14203,0.14074,0.14186,7659299.2,0.141278,1082090.4723776,7659299.2,1082090.4723776,
2022-11-01 05:30:00+00:00,0.14164,0.1434,0.14186,0.14223,8105138.3,0.142282,1153215.2876006,8105138.3,1153215.2876006,
2022-11-01 05:35:00+00:00,0.14215,0.14438,0.14223,0.14321,10972985.3,0.142993,1569060.0870029,10972985.3,1569060.0870029,
2022-11-01 05:40:00+00:00,0.14317,0.14886,0.1433,0.14719,24835195.0,0.14563,3616749.44785,24835195.0,3616749.44785,
2022-11-01 05:45:00+00:00,0.14576,0.1479,0.14716,0.14579,21373151.6,0.146652,3134415.4284432,21373151.6,3134415.4284432,
2022-11-01 05:50:00+00:00,0.14479,0.146,0.14576,0.1459,13521299.8,0.145612,1968863.5064776,13521299.8,1968863.5064776,
2022-11-01 05:55:00+00:00,0.14545,0.14717,0.1459,0.14586,11537956.5,0.146095,1685637.7548675,11537956.5,1685637.7548675,
2022-11-01 06:00:00+00:00,0.14178,0.1471,0.14585,0.14273,19730504.6,0.144365,2848394.296579,19730504.6,2848394.296579,
2022-11-01 06:05:00+00:00,0.14257,0.14495,0.14278,0.14465,14633238.1,0.143738,2103352.3780178,14633238.1,2103352.3780178,
2022-11-01 06:10:00+00:00,0.14374,0.14554,0.14462,0.14476,14023377.9,0.144665,2028691.9639035,14023377.9,2028691.9639035,
2022-11-01 06:15:00+00:00,0.14436,0.14935,0.14484,0.14698,24934508.8,0.146382,3649963.2671616,24934508.8,3649963.2671616,
2022-11-01 06:20:00+00:00,0.14629,0.14799,0.14693,0.14731,9695069.2,0.14713,1426435.531396,9695069.2,1426435.531396,
2022-11-01 06:25:00+00:00,0.14611,0.14734,0.14733,0.14653,8143209.0,0.146828,1195651.091052,8143209.0,1195651.091052,
2022-11-01 06:30:00+00:00,0.14467,0.14708,0.14659,0.14603,19295968.1,0.146092,2818986.5716652,19295968.1,2818986.5716652,
2022-11-01 06:35:00+00:00,0.14589,0.14794,0.146,0.14777,12998900.5,0.1469,1909538.48345,12998900.5,1909538.48345,
2022-11-01 06:40:00+00:00,0.14664,0.14807,0.14779,0.14723,8498116.7,0.147432,1252894.3413144,8498116.7,1252894.3413144,
2022-11-01 06:45:00+00:00,0.14581,0.14745,0.14721,0.14708,8004139.2,0.146888,1175711.9988096,8004139.2,1175711.9988096,
2022-11-01 06:50:00+00:00,0.14548,0.1472,0.14715,0.14558,4827663.5,0.146352,706538.208552,4827663.5,706538.208552,
2022-11-01 06:55:00+00:00,0.14544,0.14762,0.14567,0.14752,7992124.0,0.146562,1171341.677688,7992124.0,1171341.677688,
2022-11-01 07:00:00+00:00,0.14601,0.1485,0.14755,0.1466,10026629.8,0.147165,1475568.974517,10026629.8,1475568.974517,
2022-11-01 07:05:00+00:00,0.14626,0.14744,0.14657,0.14684,9509716.4,0.146778,1395817.1537592,9509716.4,1395817.1537592,
2022-11-01 07:10:00+00:00,0.14497,0.14733,0.14684,0.14587,11563908.8,0.146252,1691244.7898176,11563908.8,1691244.7898176,
2022-11-01 07:15:00+00:00,0.14389,0.14593,0.14587,0.14466,9708922.2,0.145088,1408648.1041536,9708922.2,1408648.1041536,
2022-11-01 07:20:00+00:00,0.14356,0.14546,0.14463,0.14408,6144805.1,0.144432,887506.4902032,6144805.1,887506.4902032,
2022-11-01 07:25:00+00:00,0.14363,0.14457,0.14408,0.14418,5356770.1,0.144115,771990.9229615,5356770.1,771990.9229615,
2022-11-01 07:30:00+00:00,0.14399,0.14513,0.14409,0.14414,6219520.1,0.144338,897713.0921938,6219520.1,897713.0921938,
2022-11-01 07:35:00+00:00,0.14317,0.14452,0.14409,0.1439,5916406.8,0.14392,851489.266656,5916406.8,851489.266656,
2022-11-01 07:40:00+00:00,0.14245,0.14436,0.1439,0.14369,5630829.1,0.1436,808587.05876,5630829.1,808587.05876,
2022-11-01 07:45:00+00:00,0.14334,0.14527,0.14375,0.14485,8265317.3,0.144302,1192701.8170246,8265317.3,1192701.8170246,
2022-11-01 07:50:00+00:00,0.14442,0.14527,0.14479,0.14483,3062486.0,0.144828,443533.722408,3062486.0,443533.722408,
2022-11-01 07:55:00+00:00,0.14477,0.14641,0.14486,0.14555,8338111.8,0.145398,1212344.7794964,8338111.8,1212344.7794964,
2022-11-01 08:00:00+00:00,0.14482,0.14746,0.14553,0.14717,12551410.6,0.146245,1835581.043197,12551410.6,1835581.043197,
2022-11-01 08:05:00+00:00,0.14614,0.14752,0.14711,0.14679,4703098.7,0.14689,690838.168043,4703098.7,690838.168043,
2022-11-01 08:10:00+00:00,0.14669,0.14778,0.1468,0.14775,7415630.1,0.147255,1091988.6103755,7415630.1,1091988.6103755,
2022-11-01 08:15:00+00:00,0.1463,0.1477,0.14759,0.14648,8843024.6,0.147018,1300083.7906428,8843024.6,1300083.7906428,
2022-11-01 08:20:00+00:00,0.1456,0.14682,0.14647,0.14592,4192157.9,0.146202,612901.8692958,4192157.9,612901.8692958,
2022-11-01 08:25:00+00:00,0.1445,0.14599,0.1459,0.14492,8463870.6,0.145328,1230037.3865568,8463870.6,1230037.3865568,
2022-11-01 08:30:00+00:00,0.14457,0.14561,0.14487,0.14504,7315249.2,0.145022,1060872.0694824,7315249.2,1060872.0694824,
2022-11-01 08:35:00+00:00,0.14492,0.14576,0.14497,0.14508,5204644.1,0.145182,755620.6397262,5204644.1,755620.6397262,
2022-11-01 08:40:00+00:00,0.14434,0.14547,0.14513,0.14489,6250368.5,0.144958,906040.917023,6250368.5,906040.917023,
2022-11-01 08:45:00+00:00,0.14471,0.1467,0.14496,0.14613,10935038.4,0.145625,1592414.967,10935038.4,1592414.967,
2022-11-01 08:50:00+00:00,0.14572,0.14675,0.14617,0.14615,4953327.1,0.146197,724161.5620387,4953327.1,724161.5620387,
2022-11-01 08:55:00+00:00,0.14595,0.1471,0.14612,0.14667,3601548.4,0.14646,527482.778664,3601548.4,527482.778664,
2022-11-01 09:00:00+00:00,0.14621,0.14769,0.14665,0.14684,4694542.5,0.146848,689384.17704,4694542.5,689384.17704,
2022-11-01 09:05:00+00:00,0.14679,0.15472,0.14684,0.15285,35068773.6,0.1503,5270836.67208,35068773.6,5270836.67208,
2022-11-01 09:10:00+00:00,0.152,0.157,0.15287,0.15548,16748319.8,0.154338,2584902.1812924,16748319.8,2584902.1812924,
2022-11-01 09:15:00+00:00,0.15452,0.15676,0.1556,0.15507,10722845.1,0.155488,1667273.7389088,10722845.1,1667273.7389088,
2022-11-01 09:20:00+00:00,0.15421,0.15593,0.15509,0.15498,7605157.7,0.155052,1179194.9117004,7605157.7,1179194.9117004,
2022-11-01 09:25:00+00:00,0.15291,0.15566,0.15515,0.1536,11023108.2,0.15433,1701196.288506,11023108.2,1701196.288506,
2022-11-01 09:30:00+00:00,0.15254,0.15547,0.15359,0.1551,11032180.3,0.154175,1700886.3977525,11032180.3,1700886.3977525,
2022-11-01 09:35:00+00:00,0.15486,0.1588,0.15517,0.15744,16965852.5,0.156568,2656309.59422,16965852.5,2656309.59422,
2022-11-01 09:40:00+00:00,0.1565,0.15851,0.15742,0.15737,9104237.0,0.15745,1433462.11565,9104237.0,1433462.11565,
2022-11-01 09:45:00+00:00,0.15547,0.15838,0.15745,0.15614,9114971.8,0.15686,1429774.476548,9114971.8,1429774.476548,
2022-11-01 09:50:00+00:00,0.15458,0.1566,0.15604,0.15582,10786195.7,0.15576,1680057.842232,10786195.7,1680057.842232,
2022-11-01 09:55:00+00:00,0.15399,0.15634,0.15582,0.15551,11204528.6,0.155415,1741351.812369,11204528.6,1741351.812369,
2022-11-01 10:00:00+00:00,0.15168,0.15568,0.15552,0.15279,17587360.9,0.153918,2707011.4150062,17587360.9,2707011.4150062,
2022-11-01 10:05:00+00:00,0.15231,0.15388,0.1527,0.15353,7040718.8,0.153105,1077969.251874,7040718.8,1077969.251874,
2022-11-01 10:10:00+00:00,0.15268,0.15435,0.15351,0.15356,9314509.8,0.153525,1430010.117045,9314509.8,1430010.117045,
2022-11-01 10:15:00+00:00,0.14979,0.15393,0.15358,0.15154,17162582.0,0.15221,2612316.60622,17162582.0,2612316.60622,
2022-11-01 10:20:00+00:00,0.14839,0.15204,0.15156,0.14874,15248130.2,0.150182,2289994.6896964,15248130.2,2289994.6896964,
2022-11-01 10:25:00+00:00,0.14743,0.14974,0.14873,0.14925,14812187.4,0.148788,2203875.7388712,14812187.4,2203875.7388712,
2022-11-01 10:30:00+00:00,0.14699,0.14977,0.14926,0.14881,11552109.0,0.148708,1717891.025172,11552109.0,1717891.025172,
2022-11-01 10:35:00+00:00,0.14795,0.14915,0.14873,0.14862,10332711.1,0.148612,1535564.8619932,10332711.1,1535564.8619932,
2022-11-01 10:40:00+00:00,0.14709,0.14934,0.14867,0.1493,12631466.1,0.1486,1877035.86246,12631466.1,1877035.86246,
2022-11-01 10:45:00+00:00,0.1476,0.14949,0.14923,0.14831,7772310.0,0.148658,1155416.05998,7772310.0,1155416.05998,
2022-11-01 10:50:00+00:00,0.14764,0.14859,0.14843,0.14828,5948034.3,0.148235,881706.8644605,5948034.3,881706.8644605,
2022-11-01 10:55:00+00:00,0.14788,0.14928,0.14834,0.14898,5559023.8,0.14862,826182.117156,5559023.8,826182.117156,
2022-11-01 11:00:00+00:00,0.14455,0.14949,0.14903,0.145,19157381.2,0.147018,2816479.8692616,19157381.2,2816479.8692616,
2022-11-01 11:05:00+00:00,0.14271,0.14558,0.14495,0.14338,16719385.0,0.144155,2410182.944675,16719385.0,2410182.944675,
2022-11-01 11:10:00+00:00,0.13925,0.14456,0.14346,0.14267,18966597.7,0.142485,2702455.6732845,18966597.7,2702455.6732845,
2022-11-01 11:15:00+00:00,0.14107,0.14336,0.14268,0.14331,8668971.6,0.142605,1236238.695018,8668971.6,1236238.695018,
2022-11-01 11:20:00+00:00,0.14288,0.14442,0.14325,0.14345,9972495.3,0.1435,1431053.07555,9972495.3,1431053.07555,
2022-11-01 11:25:00+00:00,0.1433,0.14441,0.14336,0.14387,5764329.1,0.143735,828535.8431885,5764329.1,828535.8431885,
2022-11-01 11:30:00+00:00,0.14295,0.14457,0.14389,0.14398,8359539.5,0.143848,1202503.037996,8359539.5,1202503.037996,
2022-11-01 11:35:00+00:00,0.14155,0.14406,0.14403,0.14251,9084878.3,0.143037,1299473.7373971,9084878.3,1299473.7373971,
2022-11-01 11:40:00+00:00,0.14095,0.14294,0.14261,0.14161,8438085.9,0.142028,1198444.4642052,8438085.9,1198444.4642052,
2022-11-01 11:45:00+00:00,0.14146,0.14324,0.14148,0.14262,8107472.3,0.1422,1152882.56106,8107472.3,1152882.56106,
2022-11-01 11:50:00+00:00,0.1421,0.14307,0.14269,0.14275,4706860.0,0.142653,671447.69958,4706860.0,671447.69958,
2022-11-01 11:55:00+00:00,0.14151,0.14282,0.14278,0.14214,5562809.5,0.142312,791654.545564,5562809.5,791654.545564,
2022-11-01 12:00:00+00:00,0.13773,0.14355,0.14218,0.13861,15522993.8,0.140518,2181260.0427884,15522993.8,2181260.0427884,
2022-11-01 12:05:00+00:00,0.13639,0.1391,0.13869,0.13846,17693626.5,0.13816,2444551.43724,17693626.5,2444551.43724,
2022-11-01 12:10:00+00:00,0.13798,0.1394,0.13843,0.1386,11201564.0,0.138603,1552570.375092,11201564.0,1552570.375092,
2022-11-01 12:15:00+00:00,0.13802,0.13922,0.13853,0.13834,5957182.4,0.138528,825236.5635072,5957182.4,825236.5635072,
2022-11-01 12:20:00+00:00,0.13719,0.13871,0.13834,0.13867,12914529.8,0.138228,1785149.6251944,12914529.8,1785149.6251944,
2022-11-01 12:25:00+00:00,0.13757,0.13901,0.13869,0.13808,10968899.8,0.138338,1517415.6605324,10968899.8,1517415.6605324,
2022-11-01 12:30:00+00:00,0.13776,0.13906,0.13814,0.13905,6920346.2,0.138502,958481.7893924,6920346.2,958481.7893924,
2022-11-01 12:35:00+00:00,0.13896,0.1408,0.13899,0.14015,10157711.6,0.139725,1419286.25331,10157711.6,1419286.25331,
2022-11-01 12:40:00+00:00,0.13909,0.14019,0.14007,0.13957,6577789.0,0.13973,919114.45697,6577789.0,919114.45697,
2022-11-01 12:45:00+00:00,0.13902,0.14057,0.1396,0.14015,9589686.5,0.139835,1340973.8117275,9589686.5,1340973.8117275,
2022-11-01 12:50:00+00:00,0.13925,0.14043,0.14013,0.13996,6287857.5,0.139942,879935.354265,6287857.5,879935.354265,
2022-11-01 12:55:00+00:00,0.13986,0.14369,0.13995,0.14138,16853935.0,0.14122,2380112.7007,16853935.0,2380112.7007,
2022-11-01 13:00:00+00:00,0.14001,0.14143,0.14132,0.14072,7393943.4,0.14087,1041584.806758,7393943.4,1041584.806758,
2022-11-01 13:05:00+00:00,0.1401,0.14153,0.1407,0.14037,6812682.8,0.140675,958374.15289,6812682.8,958374.15289,
2022-11-01 13:10:00+00:00,0.13865,0.14064,0.14034,0.13919,8320907.3,0.139705,1162472.3543465,8320907.3,1162472.3543465,
2022-11-01 13:15:00+00:00,0.13919,0.14096,0.13925,0.14069,6517961.6,0.140022,912658.0191552,6517961.6,912658.0191552,
2022-11-01 13:20:00+00:00,0.14032,0.1413,0.14074,0.14051,3961406.8,0.140718,557441.2420824,3961406.8,557441.2420824,
2022-11-01 13:25:00+00:00,0.13993,0.14163,0.1404,0.14101,4449467.6,0.140742,626226.9689592,4449467.6,626226.9689592,
2022-11-01 13:30:00+00:00,0.13957,0.14156,0.14101,0.14006,7508850.9,0.14055,1055368.993995,7508850.9,1055368.993995,
2022-11-01 13:35:00+00:00,0.13917,0.14084,0.14002,0.14044,11785070.3,0.140118,1651300.4802954,11785070.3,1651300.4802954,
2022-11-01 13:40:00+00:00,0.1373,0.14075,0.14055,0.13867,13387843.8,0.139317,1865154.2346846,13387843.8,1865154.2346846,
2022-11-01 13:45:00+00:00,0.13388,0.13883,0.13867,0.13594,23944292.2,0.13683,3276297.501726,23944292.2,3276297.501726,
2022-11-01 13:50:00+00:00,0.1356,0.1379,0.13594,0.1375,8292582.1,0.136735,1133886.2134435,8292582.1,1133886.2134435,
2022-11-01 13:55:00+00:00,0.13676,0.13795,0.13751,0.13785,6914495.0,0.137518,950867.52341,6914495.0,950867.52341,
2022-11-01 14:00:00+00:00,0.13673,0.13857,0.13785,0.1369,16029515.2,0.137512,2204250.6941824,16029515.2,2204250.6941824,
2022-11-01 14:05:00+00:00,0.13661,0.13767,0.13701,0.13679,8966206.0,0.13702,1228549.54612,8966206.0,1228549.54612,
2022-11-01 14:10:00+00:00,0.13557,0.13739,0.13679,0.13704,12884974.0,0.136697,1761337.290878,12884974.0,1761337.290878,
2022-11-01 14:15:00+00:00,0.13671,0.13881,0.13694,0.13804,8828923.4,0.137625,1215080.582925,8828923.4,1215080.582925,
2022-11-01 14:20:00+00:00,0.13732,0.13929,0.13798,0.13904,5992181.3,0.138408,829365.8293704,5992181.3,829365.8293704,
2022-11-01 14:25:00+00:00,0.13841,0.14056,0.13904,0.13993,10179101.1,0.139485,1419831.9169335,10179101.1,1419831.9169335,
2022-11-01 14:30:00+00:00,0.1388,0.14,0.13996,0.13961,6102969.1,0.139592,851925.6626072,6102969.1,851925.6626072,
2022-11-01 14:35:00+00:00,0.13816,0.13979,0.13961,0.1383,5076775.2,0.138965,705494.065668,5076775.2,705494.065668,
2022-11-01 14:40:00+00:00,0.13796,0.13898,0.13831,0.13844,4194413.0,0.138422,580599.036286,4194413.0,580599.036286,
2022-11-01 14:45:00+00:00,0.13756,0.13857,0.13854,0.13815,10210743.3,0.138205,1411175.7777765,10210743.3,1411175.7777765,
2022-11-01 14:50:00+00:00,0.13703,0.13863,0.13803,0.13803,5057741.5,0.13793,697614.285095,5057741.5,697614.285095,
2022-11-01 14:55:00+00:00,0.13757,0.13832,0.13805,0.13803,3753856.4,0.137992,518002.1523488,3753856.4,518002.1523488,
2022-11-01 15:00:00+00:00,0.13793,0.13915,0.13802,0.13887,4611432.5,0.138493,638651.1212225,4611432.5,638651.1212225,
2022-11-01 15:05:00+00:00,0.13863,0.13943,0.13877,0.13921,4818240.9,0.13901,669783.667509,4818240.9,669783.667509,
2022-11-01 15:10:00+00:00,0.13753,0.1395,0.1392,0.13818,6701069.0,0.138602,928781.565538,6701069.0,928781.565538,
2022-11-01 15:15:00+00:00,0.13768,0.14128,0.13815,0.1406,12582877.1,0.139427,1754392.8054217,12582877.1,1754392.8054217,
2022-11-01 15:20:00+00:00,0.13951,0.14088,0.14052,0.14025,6708839.1,0.14029,941183.037339,6708839.1,941183.037339,
2022-11-01 15:25:00+00:00,0.14,0.14205,0.14028,0.14128,8834616.2,0.140902,1244815.0918124,8834616.2,1244815.0918124,
2022-11-01 15:30:00+00:00,0.141,0.14249,0.14117,0.14202,7768714.1,0.14167,1100593.726547,7768714.1,1100593.726547,
2022-11-01 15:35:00+00:00,0.13949,0.14219,0.14205,0.13982,9348389.3,0.140888,1317075.8716984,9348389.3,1317075.8716984,
2022-11-01 15:40:00+00:00,0.1381,0.14002,0.13986,0.13853,11892064.4,0.139128,1654519.1358432,11892064.4,1654519.1358432,
2022-11-01 15:45:00+00:00,0.13723,0.13891,0.13859,0.13788,8050095.8,0.138152,1112136.8349616,8050095.8,1112136.8349616,
2022-11-01 15:50:00+00:00,0.1376,0.13813,0.13795,0.13802,4906384.4,0.137925,676713.06837,4906384.4,676713.06837,
2022-11-01 15:55:00+00:00,0.13753,0.13955,0.13794,0.13915,5320111.3,0.138542,737058.8597246,5320111.3,737058.8597246,
2022-11-01 16:00:00+00:00,0.13739,0.13963,0.13905,0.13886,8430242.3,0.138732,1169544.3747636,8430242.3,1169544.3747636,
2022-11-01 16:05:00+00:00,0.13829,0.13994,0.13885,0.13878,11100811.8,0.138965,1542624.311787,11100811.8,1542624.311787,
2022-11-01 16:10:00+00:00,0.13846,0.13912,0.13879,0.13888,3862166.5,0.138812,536115.056198,3862166.5,536115.056198,
2022-11-01 16:15:00+00:00,0.13694,0.13894,0.13881,0.1377,11345266.8,0.138097,1566747.3092796,11345266.8,1566747.3092796,
2022-11-01 16:20:00+00:00,0.13632,0.13822,0.13768,0.13688,9770362.8,0.137275,1341226.55337,9770362.8,1341226.55337,
2022-11-01 16:25:00+00:00,0.13513,0.13747,0.13697,0.1355,11019782.5,0.136268,1501643.72171,11019782.5,1501643.72171,
2022-11-01 16:30:00+00:00,0.13434,0.13609,0.13543,0.13497,21658338.7,0.135208,2928380.6589496,21658338.7,2928380.6589496,
2022-11-01 16:35:00+00:00,0.13463,0.136,0.13497,0.13578,4885616.6,0.135345,661243.778727,4885616.6,661243.778727,
2022-11-01 16:40:00+00:00,0.13552,0.13653,0.13579,0.13627,4616661.8,0.136028,627995.2713304,4616661.8,627995.2713304,
2022-11-01 16:45:00+00:00,0.13439,0.13654,0.13628,0.13498,5900799.7,0.135548,799841.5977356,5900799.7,799841.5977356,
2022-11-01 16:50:00+00:00,0.13324,0.13566,0.13504,0.1346,11791834.4,0.134635,1587593.624444,11791834.4,1587593.624444,
2022-11-01 16:55:00+00:00,0.1343,0.13526,0.1346,0.13487,5823075.0,0.134757,784700.117775,5823075.0,784700.117775,
2022-11-01 17:00:00+00:00,0.13444,0.13531,0.1349,0.13495,4724223.7,0.1349,637297.77713,4724223.7,637297.77713,
2022-11-01 17:05:00+00:00,0.13441,0.13519,0.13495,0.13492,4289268.6,0.134868,578485.0775448,4289268.6,578485.0775448,
2022-11-01 17:10:00+00:00,0.13491,0.13623,0.13491,0.13598,5456363.5,0.135508,739380.905158,5456363.5,739380.905158,
2022-11-01 17:15:00+00:00,0.13561,0.13661,0.13597,0.1362,4873553.6,0.136098,663280.8978528,4873553.6,663280.8978528,
2022-11-01 17:20:00+00:00,0.13552,0.13633,0.13625,0.13599,3942049.5,0.136022,536205.457089,3942049.5,536205.457089,
2022-11-01 17:25:00+00:00,0.13563,0.13607,0.13593,0.13591,2670554.6,0.135885,362888.311821,2670554.6,362888.311821,
2022-11-01 17:30:00+00:00,0.13491,0.13595,0.13591,0.13576,5674507.5,0.135632,769644.80124,5674507.5,769644.80124,
2022-11-01 17:35:00+00:00,0.13534,0.13754,0.13574,0.13754,4023055.6,0.13654,549308.011624,4023055.6,549308.011624,
2022-11-01 17:40:00+00:00,0.13632,0.13765,0.13752,0.1372,4893713.8,0.137172,671280.5093736,4893713.8,671280.5093736,
2022-11-01 17:45:00+00:00,0.13677,0.13743,0.13712,0.13686,2774375.9,0.137045,380214.3452155,2774375.9,380214.3452155,
2022-11-01 17:50:00+00:00,0.13684,0.14083,0.1369,0.1398,12912401.7,0.138592,1789555.5764064,12912401.7,1789555.5764064,
2022-11-01 17:55:00+00:00,0.13808,0.13996,0.13976,0.13934,6410704.3,0.139285,892914.9484255,6410704.3,892914.9484255,
2022-11-01 18:00:00+00:00,0.13869,0.13998,0.13924,0.13964,6076380.3,0.139388,846974.4972564,6076380.3,846974.4972564,
2022-11-01 18:05:00+00:00,0.13919,0.14049,0.13952,0.14013,10921111.1,0.139832,1527120.8073352,10921111.1,1527120.8073352,
2022-11-01 18:10:00+00:00,0.1381,0.14026,0.14012,0.13819,8391311.4,0.139168,1167802.0249152,8391311.4,1167802.0249152,
2022-11-01 18:15:00+00:00,0.138,0.14011,0.13816,0.14003,8047106.4,0.139075,1119151.32258,8047106.4,1119151.32258,
2022-11-01 18:20:00+00:00,0.13929,0.14051,0.14003,0.13929,7211797.4,0.13978,1008065.040572,7211797.4,1008065.040572,
2022-11-01 18:25:00+00:00,0.13872,0.14008,0.13921,0.13968,6301019.4,0.139422,878500.7267868,6301019.4,878500.7267868,
2022-11-01 18:30:00+00:00,0.13934,0.14102,0.13971,0.14006,8703109.9,0.140032,1218713.8855168,8703109.9,1218713.8855168,
2022-11-01 18:35:00+00:00,0.1388,0.14045,0.14007,0.14027,7135047.4,0.139898,998178.8611652,7135047.4,998178.8611652,
2022-11-01 18:40:00+00:00,0.13986,0.141,0.14031,0.14025,6898623.8,0.140355,968256.343449,6898623.8,968256.343449,
2022-11-01 18:45:00+00:00,0.1394,0.14038,0.14032,0.13981,3881751.5,0.139978,543359.811467,3881751.5,543359.811467,
2022-11-01 18:50:00+00:00,0.13975,0.14051,0.13978,0.14045,3266900.1,0.140122,457764.5758122,3266900.1,457764.5758122,
2022-11-01 18:55:00+00:00,0.13917,0.14128,0.14044,0.13969,8054611.4,0.140145,1128813.514653,8054611.4,1128813.514653,
2022-11-01 19:00:00+00:00,0.13926,0.14016,0.13969,0.13992,3433388.1,0.139758,479843.4540798,3433388.1,479843.4540798,
2022-11-01 19:05:00+00:00,0.13958,0.1404,0.13991,0.14033,2261271.5,0.140055,316702.3799325,2261271.5,316702.3799325,
2022-11-01 19:10:00+00:00,0.13957,0.14039,0.14031,0.13962,3280569.5,0.139972,459187.874054,3280569.5,459187.874054,
2022-11-01 19:15:00+00:00,0.13943,0.14038,0.1396,0.1401,5780851.6,0.139878,808613.9601048,5780851.6,808613.9601048,
2022-11-01 19:20:00+00:00,0.13679,0.1403,0.14006,0.13807,11508578.2,0.138805,1597448.197051,11508578.2,1597448.197051,
2022-11-01 19:25:00+00:00,0.13751,0.13851,0.13808,0.13851,3885312.4,0.138152,536763.6786848,3885312.4,536763.6786848,
2022-11-01 19:30:00+00:00,0.13768,0.13881,0.13845,0.13827,6446979.3,0.138302,891630.1311486,6446979.3,891630.1311486,
2022-11-01 19:35:00+00:00,0.13793,0.13851,0.13842,0.13801,2391762.0,0.138218,330584.560116,2391762.0,330584.560116,
2022-11-01 19:40:00+00:00,0.1378,0.13833,0.13797,0.13796,2198767.2,0.138015,303462.855108,2198767.2,303462.855108,
2022-11-01 19:45:00+00:00,0.13757,0.13814,0.13798,0.13799,3012384.0,0.13792,415468.00128,3012384.0,415468.00128,
2022-11-01 19:50:00+00:00,0.13775,0.13861,0.13799,0.1385,3901144.8,0.138213,539188.9262424,3901144.8,539188.9262424,
2022-11-01 19:55:00+00:00,0.1384,0.13896,0.1385,0.13873,4628677.3,0.138648,641756.8502904,4628677.3,641756.8502904,
2022-11-01 20:00:00+00:00,0.13837,0.13981,0.1387,0.13959,4168863.8,0.139118,579963.9941284,4168863.8,579963.9941284,
2022-11-01 20:05:00+00:00,0.13928,0.13971,0.13962,0.13945,1905662.5,0.139515,265868.5036875,1905662.5,265868.5036875,
2022-11-01 20:10:00+00:00,0.13905,0.13999,0.13944,0.13988,4008923.0,0.13959,559605.56157,4008923.0,559605.56157,
2022-11-01 20:15:00+00:00,0.13958,0.14086,0.13985,0.14007,5541833.5,0.14009,776355.455015,5541833.5,776355.455015,
2022-11-01 20:20:00+00:00,0.13882,0.14014,0.14001,0.13895,4843783.3,0.13948,675610.894684,4843783.3,675610.894684,
2022-11-01 20:25:00+00:00,0.1389,0.1398,0.13901,0.13928,2876262.6,0.139248,400513.8145248,2876262.6,400513.8145248,
2022-11-01 20:30:00+00:00,0.13896,0.14005,0.13919,0.13982,4863011.0,0.139505,678414.349555,4863011.0,678414.349555,
2022-11-01 20:35:00+00:00,0.13948,0.14029,0.13982,0.13951,3745228.0,0.139775,523489.2437,3745228.0,523489.2437,
2022-11-01 20:40:00+00:00,0.13936,0.1399,0.13941,0.13954,1439015.3,0.139552,200817.4631456,1439015.3,200817.4631456,
2022-11-01 20:45:00+00:00,0.13939,0.14,0.13952,0.13959,2456839.5,0.139625,343036.2151875,2456839.5,343036.2151875,
2022-11-01 20:50:00+00:00,0.13903,0.13971,0.13956,0.1393,3440835.2,0.1394,479652.42688,3440835.2,479652.42688,
2022-11-01 20:55:00+00:00,0.13919,0.13954,0.13926,0.13928,2155165.0,0.139317,300251.122305,2155165.0,300251.122305,
2022-11-01 21:00:00+00:00,0.13833,0.13937,0.13936,0.13835,3557450.4,0.138853,493962.6603912,3557450.4,493962.6603912,
2022-11-01 21:05:00+00:00,0.1382,0.13892,0.13839,0.13875,3478605.6,0.138565,482012.984964,3478605.6,482012.984964,
2022-11-01 21:10:00+00:00,0.13759,0.13885,0.13875,0.13766,2738341.7,0.138213,378474.4213821,2738341.7,378474.4213821,
2022-11-01 21:15:00+00:00,0.13762,0.13837,0.13766,0.13809,2039707.5,0.137935,281347.0540125,2039707.5,281347.0540125,
2022-11-01 21:20:00+00:00,0.13743,0.13811,0.13808,0.13776,2746654.3,0.137845,378612.5619835,2746654.3,378612.5619835,
2022-11-01 21:25:00+00:00,0.13732,0.13834,0.13776,0.13826,2350837.9,0.13792,324227.563168,2350837.9,324227.563168,
2022-11-01 21:30:00+00:00,0.13803,0.13858,0.1382,0.13838,1244315.6,0.138298,172086.3588488,1244315.6,172086.3588488,
2022-11-01 21:35:00+00:00,0.13828,0.13894,0.13838,0.13885,2900609.6,0.138612,402059.2978752,2900609.6,402059.2978752,
2022-11-01 21:40:00+00:00,0.13861,0.13901,0.13882,0.13874,2027890.0,0.138795,281460.99255,2027890.0,281460.99255,
2022-11-01 21:45:00+00:00,0.13873,0.14091,0.13874,0.13987,4492446.7,0.139562,626974.8463454,4492446.7,626974.8463454,
2022-11-01 21:50:00+00:00,0.13951,0.14039,0.13983,0.13984,1458617.9,0.139892,204048.9752668,1458617.9,204048.9752668,
2022-11-01 21:55:00+00:00,0.13934,0.14004,0.13989,0.13968,2145140.5,0.139738,299757.643189,2145140.5,299757.643189,
2022-11-01 22:00:00+00:00,0.13964,0.14038,0.13973,0.1397,4197916.7,0.139862,587129.0254954,4197916.7,587129.0254954,
2022-11-01 22:05:00+00:00,0.13911,0.13972,0.13966,0.13964,2799027.8,0.139532,390553.9469896,2799027.8,390553.9469896,
2022-11-01 22:10:00+00:00,0.13954,0.14056,0.13961,0.14003,3566212.6,0.139935,499037.960181,3566212.6,499037.960181,
2022-11-01 22:15:00+00:00,0.13944,0.14029,0.13999,0.13965,4137609.9,0.139842,578611.6436358,4137609.9,578611.6436358,
2022-11-01 22:20:00+00:00,0.13944,0.14132,0.13968,0.14043,7392968.8,0.140218,1036627.2991984,7392968.8,1036627.2991984,
2022-11-01 22:25:00+00:00,0.1396,0.1405,0.14035,0.14001,3530085.2,0.140115,494617.887798,3530085.2,494617.887798,
2022-11-01 22:30:00+00:00,0.13932,0.14013,0.14005,0.13968,2782348.6,0.139795,388958.422537,2782348.6,388958.422537,
2022-11-01 22:35:00+00:00,0.13947,0.13984,0.13961,0.13958,1467026.3,0.139625,204833.5471375,1467026.3,204833.5471375,
2022-11-01 22:40:00+00:00,0.13879,0.13978,0.13961,0.13893,3081737.5,0.139278,429218.235525,3081737.5,429218.235525,
2022-11-01 22:45:00+00:00,0.13872,0.13946,0.13886,0.13912,2069031.2,0.13904,287678.098048,2069031.2,287678.098048,
2022-11-01 22:50:00+00:00,0.13899,0.13991,0.13909,0.13986,2369760.9,0.139463,330493.9643967,2369760.9,330493.9643967,
2022-11-01 22:55:00+00:00,0.13977,0.14038,0.13986,0.14011,2162232.8,0.14003,302777.458984,2162232.8,302777.458984,
2022-11-01 23:00:00+00:00,0.13992,0.14076,0.14011,0.1404,3005239.4,0.140298,421629.0773412,3005239.4,421629.0773412,
2022-11-01 23:05:00+00:00,0.14011,0.14151,0.14043,0.14151,3128556.5,0.14089,440782.325285,3128556.5,440782.325285,
2022-11-01 23:10:00+00:00,0.14073,0.14152,0.14151,0.14129,4023547.0,0.141262,568374.296314,4023547.0,568374.296314,
2022-11-01 23:15:00+00:00,0.14048,0.14169,0.1413,0.14091,5373441.4,0.141095,758165.714333,5373441.4,758165.714333,
2022-11-01 23:20:00+00:00,0.14059,0.14322,0.14097,0.1421,10346662.3,0.14172,1466328.981156,10346662.3,1466328.981156,
2022-11-01 23:25:00+00:00,0.14147,0.1429,0.14211,0.14277,6463559.0,0.142312,919842.008408,6463559.0,919842.008408,
2022-11-01 23:30:00+00:00,0.14205,0.14374,0.14276,0.14318,8521231.0,0.142932,1217956.589292,8521231.0,1217956.589292,
2022-11-01 23:35:00+00:00,0.14255,0.14468,0.14321,0.14424,6325417.9,0.14367,908772.789693,6325417.9,908772.789693,
2022-11-01 23:40:00+00:00,0.1435,0.14441,0.14424,0.14421,6383847.3,0.14409,919848.557457,6383847.3,919848.557457,
2022-11-01 23:45:00+00:00,0.14215,0.14423,0.14412,0.14228,6664033.5,0.143195,954256.2770325,6664033.5,954256.2770325,
2022-11-01 23:50:00+00:00,0.14142,0.1431,0.14224,0.14293,6947608.9,0.142422,989492.3547558,6947608.9,989492.3547558,
2022-11-01 23:55:00+00:00,0.142,0.14298,0.14293,0.14219,3001204.0,0.142525,427746.6001,3001204.0,427746.6001,
2022-11-02 00:00:00+00:00,0.14074,0.14224,0.14221,0.14081,8645927.7,0.1415,1223398.76955,8645927.7,1223398.76955,
2022-11-02 00:05:00+00:00,0.13946,0.14079,0.14078,0.1403,9676729.6,0.140332,1357954.8182272,9676729.6,1357954.8182272,
2022-11-02 00:10:00+00:00,0.14034,0.14153,0.14034,0.14119,5414176.4,0.14085,762586.74594,5414176.4,762586.74594,
2022-11-02 00:15:00+00:00,0.14091,0.14362,0.14118,0.14321,7441608.9,0.14223,1058420.033847,7441608.9,1058420.033847,
2022-11-02 00:20:00+00:00,0.14238,0.14356,0.14313,0.1425,4621169.8,0.142892,660328.1950616,4621169.8,660328.1950616,
2022-11-02 00:25:00+00:00,0.14201,0.1446,0.14242,0.14371,12201103.3,0.143185,1747014.9760105,12201103.3,1747014.9760105,
2022-11-02 00:30:00+00:00,0.1429,0.14435,0.14371,0.14303,5795592.4,0.143498,831655.9182152,5795592.4,831655.9182152,
2022-11-02 00:35:00+00:00,0.14264,0.14506,0.14303,0.14441,10062615.6,0.143785,1446853.184046,10062615.6,1446853.184046,
2022-11-02 00:40:00+00:00,0.14319,0.14447,0.14437,0.14374,4906103.2,0.143942,706194.3068144,4906103.2,706194.3068144,
2022-11-02 00:45:00+00:00,0.14318,0.14467,0.14361,0.14372,5201454.7,0.143795,747943.1785865,5201454.7,747943.1785865,
2022-11-02 00:50:00+00:00,0.14251,0.14373,0.14373,0.14307,6717093.1,0.14326,962290.757506,6717093.1,962290.757506,
2022-11-02 00:55:00+00:00,0.14251,0.14339,0.14301,0.14331,3266429.7,0.143055,467279.1007335,3266429.7,467279.1007335,
2022-11-02 01:00:00+00:00,0.14231,0.14393,0.14336,0.14288,4951400.1,0.14312,708644.382312,4951400.1,708644.382312,
2022-11-02 01:05:00+00:00,0.14238,0.14294,0.14288,0.14248,3632670.3,0.14267,518273.071701,3632670.3,518273.071701,
2022-11-02 01:10:00+00:00,0.1417,0.14298,0.14251,0.14227,4292888.6,0.142365,611157.085539,4292888.6,611157.085539,
2022-11-02 01:15:00+00:00,0.1418,0.14263,0.1422,0.14234,2789000.3,0.142243,396715.7696729,2789000.3,396715.7696729,
2022-11-02 01:20:00+00:00,0.14226,0.14329,0.14226,0.14311,2761632.5,0.14273,394167.806725,2761632.5,394167.806725,
2022-11-02 01:25:00+00:00,0.14274,0.14332,0.1431,0.14311,1533666.9,0.143068,219418.6560492,1533666.9,219418.6560492,
2022-11-02 01:30:00+00:00,0.14116,0.14324,0.14313,0.14171,4900728.7,0.14231,697422.701297,4900728.7,697422.701297,
2022-11-02 01:35:00+00:00,0.14112,0.1419,0.14175,0.14167,2489582.4,0.14161,352549.763664,2489582.4,352549.763664,
2022-11-02 01:40:00+00:00,0.14043,0.14197,0.14169,0.14055,4895990.2,0.14116,691117.976632,4895990.2,691117.976632,
2022-11-02 01:45:00+00:00,0.14012,0.14109,0.1405,0.14085,4252780.4,0.14064,598111.035456,4252780.4,598111.035456,
2022-11-02 01:50:00+00:00,0.13886,0.14097,0.1408,0.13952,11082652.4,0.140038,1551992.4767912,11082652.4,1551992.4767912,
2022-11-02 01:55:00+00:00,0.1389,0.13993,0.13953,0.13906,4734065.0,0.139355,659715.628075,4734065.0,659715.628075,
2022-11-02 02:00:00+00:00,0.13576,0.13918,0.13908,0.13606,25237334.4,0.13752,3470638.226688,25237334.4,3470638.226688,
2022-11-02 02:05:00+00:00,0.13551,0.13674,0.13608,0.1364,8215445.4,0.136182,1118795.7854628,8215445.4,1118795.7854628,
2022-11-02 02:10:00+00:00,0.13575,0.13712,0.13642,0.136,8372494.2,0.136322,1141355.1543324,8372494.2,1141355.1543324,
2022-11-02 02:15:00+00:00,0.13592,0.13723,0.136,0.137,6257588.4,0.136538,854398.6049592,6257588.4,854398.6049592,
2022-11-02 02:20:00+00:00,0.1365,0.13762,0.13702,0.1374,5940677.2,0.137135,814674.767822,5940677.2,814674.767822,
2022-11-02 02:25:00+00:00,0.13683,0.1377,0.1373,0.13702,3653941.2,0.137213,501368.2338756,3653941.2,501368.2338756,
2022-11-02 02:30:00+00:00,0.13691,0.13788,0.13699,0.13749,9076800.7,0.137318,1246408.1185226,9076800.7,1246408.1185226,
2022-11-02 02:35:00+00:00,0.1374,0.14172,0.13747,0.14172,13707815.0,0.139578,1913309.40207,13707815.0,1913309.40207,
2022-11-02 02:40:00+00:00,0.14108,0.14261,0.14142,0.14221,18247605.4,0.14183,2588057.873882,18247605.4,2588057.873882,
2022-11-02 02:45:00+00:00,0.14156,0.14452,0.14218,0.14359,14438066.7,0.142962,2064094.8915654,14438066.7,2064094.8915654,
2022-11-02 02:50:00+00:00,0.14261,0.144,0.14355,0.14312,8847014.8,0.14332,1267954.161136,8847014.8,1267954.161136,
2022-11-02 02:55:00+00:00,0.14244,0.14469,0.14312,0.14284,12402648.4,0.143272,1776952.2415648,12402648.4,1776952.2415648,
2022-11-02 03:00:00+00:00,0.14152,0.14325,0.14284,0.14283,10526447.6,0.14261,1501176.692236,10526447.6,1501176.692236,
2022-11-02 03:05:00+00:00,0.14263,0.1437,0.1428,0.14307,5740520.1,0.14305,821181.400305,5740520.1,821181.400305,
2022-11-02 03:10:00+00:00,0.14247,0.14345,0.143,0.14304,4249680.2,0.14299,607661.771798,4249680.2,607661.771798,
2022-11-02 03:15:00+00:00,0.14215,0.14321,0.14306,0.14271,5570919.2,0.142782,795426.9852144,5570919.2,795426.9852144,
2022-11-02 03:20:00+00:00,0.1427,0.1435,0.1427,0.14315,4506990.5,0.143012,644553.725386,4506990.5,644553.725386,
2022-11-02 03:25:00+00:00,0.14284,0.14375,0.14312,0.14349,6761340.1,0.1433,968900.03633,6761340.1,968900.03633,
2022-11-02 03:30:00+00:00,0.14173,0.14348,0.14342,0.14213,6391987.4,0.14269,912072.682106,6391987.4,912072.682106,
2022-11-02 03:35:00+00:00,0.14201,0.14292,0.14217,0.14232,1763909.3,0.142355,251101.3084015,1763909.3,251101.3084015,
2022-11-02 03:40:00+00:00,0.14051,0.14239,0.14222,0.1411,6786562.2,0.141555,960671.812221,6786562.2,960671.812221,
2022-11-02 03:45:00+00:00,0.1401,0.14207,0.14119,0.14204,11986159.5,0.14135,1694243.645325,11986159.5,1694243.645325,
2022-11-02 03:50:00+00:00,0.13978,0.14222,0.14201,0.14061,7268889.6,0.141155,1026040.111488,7268889.6,1026040.111488,
2022-11-02 03:55:00+00:00,0.14038,0.1415,0.14054,0.14139,5971481.4,0.140952,841692.2462928,5971481.4,841692.2462928,
2022-11-02 04:00:00+00:00,0.14059,0.14279,0.14142,0.14266,6553829.7,0.141865,929759.0503905,6553829.7,929759.0503905,
2022-11-02 04:05:00+00:00,0.14252,0.1478,0.14262,0.14624,27076728.2,0.144795,3920574.859719,27076728.2,3920574.859719,
2022-11-02 04:10:00+00:00,0.14552,0.14769,0.14632,0.14759,10831875.5,0.14678,1589902.68589,10831875.5,1589902.68589,
2022-11-02 04:15:00+00:00,0.14522,0.148,0.14764,0.1458,8502308.3,0.146665,1246991.0468195,8502308.3,1246991.0468195,
2022-11-02 04:20:00+00:00,0.14513,0.14615,0.14576,0.1458,5037105.0,0.14571,733956.56955,5037105.0,733956.56955,
2022-11-02 04:25:00+00:00,0.14487,0.14599,0.1458,0.1453,12619934.1,0.14549,1836074.212209,12619934.1,1836074.212209,
2022-11-02 04:30:00+00:00,0.14396,0.14571,0.14532,0.14411,8247798.4,0.144775,1194075.01336,8247798.4,1194075.01336,
2022-11-02 04:35:00+00:00,0.14273,0.14455,0.14404,0.14302,11770081.5,0.143585,1690007.1521775,11770081.5,1690007.1521775,
2022-11-02 04:40:00+00:00,0.14245,0.14379,0.14307,0.14333,5527007.6,0.14316,791246.408016,5527007.6,791246.408016,
2022-11-02 04:45:00+00:00,0.143,0.14454,0.14332,0.14378,5635512.2,0.14366,809597.682652,5635512.2,809597.682652,
2022-11-02 04:50:00+00:00,0.14334,0.1441,0.14383,0.14339,3248834.9,0.143665,466743.8659085,3248834.9,466743.8659085,
2022-11-02 04:55:00+00:00,0.1432,0.1441,0.14339,0.14387,4909287.4,0.14364,705170.042136,4909287.4,705170.042136,
2022-11-02 05:00:00+00:00,0.14073,0.1466,0.14388,0.14217,24784446.0,0.143345,3552726.41187,24784446.0,3552726.41187,
2022-11-02 05:05:00+00:00,0.14046,0.14267,0.1422,0.14076,7805793.0,0.141522,1104691.436946,7805793.0,1104691.436946,
2022-11-02 05:10:00+00:00,0.14068,0.14201,0.14085,0.14184,5515868.5,0.141345,779640.4331325,5515868.5,779640.4331325,
2022-11-02 05:15:00+00:00,0.14091,0.14215,0.14188,0.14126,4689080.2,0.14155,663739.30231,4689080.2,663739.30231,
2022-11-02 05:20:00+00:00,0.13902,0.14139,0.14127,0.13934,9211325.8,0.140255,1291934.500079,9211325.8,1291934.500079,
2022-11-02 05:25:00+00:00,0.13918,0.14157,0.13942,0.14074,7375805.6,0.140227,1034287.0918712,7375805.6,1034287.0918712,
2022-11-02 05:30:00+00:00,0.13805,0.1412,0.14079,0.13885,10214049.0,0.139722,1427127.354378,10214049.0,1427127.354378,
2022-11-02 05:35:00+00:00,0.13891,0.14073,0.13891,0.13986,12246976.6,0.139602,1709702.4273132,12246976.6,1709702.4273132,
2022-11-02 05:40:00+00:00,0.13952,0.14032,0.13986,0.14011,3571868.6,0.139952,499890.1543072,3571868.6,499890.1543072,
2022-11-02 05:45:00+00:00,0.13977,0.14088,0.14021,0.13992,3676894.4,0.140195,515482.210408,3676894.4,515482.210408,
2022-11-02 05:50:00+00:00,0.13985,0.14098,0.13997,0.1405,3946535.5,0.140325,553797.5940375,3946535.5,553797.5940375,
2022-11-02 05:55:00+00:00,0.14046,0.14144,0.14058,0.14099,9727604.6,0.140868,1370308.2047928,9727604.6,1370308.2047928,
2022-11-02 06:00:00+00:00,0.1376,0.14118,0.14101,0.13823,13750932.8,0.139505,1918323.880264,13750932.8,1918323.880264,
2022-11-02 06:05:00+00:00,0.13803,0.13938,0.13823,0.13886,5261270.5,0.138625,729343.6230625,5261270.5,729343.6230625,
2022-11-02 06:10:00+00:00,0.13825,0.13912,0.13882,0.13832,1487064.4,0.138628,206148.7636432,1487064.4,206148.7636432,
2022-11-02 06:15:00+00:00,0.13819,0.13971,0.13823,0.13858,5901993.9,0.138678,818476.7100642,5901993.9,818476.7100642,
2022-11-02 06:20:00+00:00,0.13659,0.13881,0.13872,0.13794,10512678.3,0.138015,1450907.2955745,10512678.3,1450907.2955745,
2022-11-02 06:25:00+00:00,0.1375,0.13831,0.13796,0.13802,3540373.5,0.137948,488387.443578,3540373.5,488387.443578,
2022-11-02 06:30:00+00:00,0.13802,0.13926,0.13802,0.1385,3552379.4,0.13845,491826.92793,3552379.4,491826.92793,
2022-11-02 06:35:00+00:00,0.13836,0.13909,0.13841,0.13895,2801890.2,0.138702,388627.7745204,2801890.2,388627.7745204,
2022-11-02 06:40:00+00:00,0.13868,0.13967,0.13898,0.13967,2432972.1,0.13925,338791.364925,2432972.1,338791.364925,
2022-11-02 06:45:00+00:00,0.13823,0.1404,0.13967,0.13939,4949003.0,0.139422,689999.896266,4949003.0,689999.896266,
2022-11-02 06:50:00+00:00,0.13885,0.13967,0.13938,0.13905,1599261.2,0.139238,222677.9309656,1599261.2,222677.9309656,
2022-11-02 06:55:00+00:00,0.13891,0.13935,0.13901,0.13929,1468829.6,0.13914,204372.950544,1468829.6,204372.950544,
2022-11-02 07:00:00+00:00,0.13877,0.13957,0.13929,0.13905,2569626.6,0.13917,357614.933922,2569626.6,357614.933922,
2022-11-02 07:05:00+00:00,0.13878,0.13937,0.13897,0.13878,1617892.7,0.138975,224846.6379825,1617892.7,224846.6379825,
2022-11-02 07:10:00+00:00,0.13682,0.13905,0.1387,0.13749,7697672.4,0.138015,1062394.256286,7697672.4,1062394.256286,
2022-11-02 07:15:00+00:00,0.13552,0.13772,0.13754,0.13612,10641780.5,0.136725,1454997.4388625,10641780.5,1454997.4388625,
2022-11-02 07:20:00+00:00,0.1358,0.13723,0.13607,0.13687,5981813.3,0.136493,816475.6427569,5981813.3,816475.6427569,
2022-11-02 07:25:00+00:00,0.13666,0.13827,0.13694,0.13785,4178502.9,0.13743,574251.653547,4178502.9,574251.653547,
2022-11-02 07:30:00+00:00,0.13738,0.13851,0.13774,0.13795,2581604.8,0.137895,355990.393896,2581604.8,355990.393896,
2022-11-02 07:35:00+00:00,0.13769,0.13827,0.13788,0.13773,2228928.8,0.137892,307351.4500896,2228928.8,307351.4500896,
2022-11-02 07:40:00+00:00,0.13745,0.13895,0.13776,0.13832,3286435.9,0.13812,453922.526508,3286435.9,453922.526508,
2022-11-02 07:45:00+00:00,0.13706,0.13848,0.13836,0.13756,4550673.5,0.137865,627378.6020775,4550673.5,627378.6020775,
2022-11-02 07:50:00+00:00,0.13698,0.13804,0.13759,0.1377,4366974.9,0.137578,600799.6727922,4366974.9,600799.6727922,
2022-11-02 07:55:00+00:00,0.13726,0.13792,0.13778,0.13736,3732217.2,0.13758,513478.442376,3732217.2,513478.442376,
2022-11-02 08:00:00+00:00,0.1373,0.13818,0.13737,0.13783,3082297.4,0.13767,424339.883058,3082297.4,424339.883058,
2022-11-02 08:05:00+00:00,0.13609,0.1379,0.1379,0.13673,4278905.1,0.137155,586873.2289905,4278905.1,586873.2289905,
2022-11-02 08:10:00+00:00,0.13656,0.13838,0.13668,0.1379,5621283.9,0.13738,772251.982182,5621283.9,772251.982182,
2022-11-02 08:15:00+00:00,0.13751,0.13891,0.1379,0.13876,7675411.0,0.13827,1061279.07897,7675411.0,1061279.07897,
2022-11-02 08:20:00+00:00,0.13833,0.13917,0.13869,0.13898,4157464.1,0.138792,577022.7573672,4157464.1,577022.7573672,
2022-11-02 08:25:00+00:00,0.13875,0.13948,0.13895,0.13918,3474628.0,0.13909,483286.00852,3474628.0,483286.00852,
2022-11-02 08:30:00+00:00,0.13819,0.1393,0.13914,0.13852,3759440.1,0.138788,521765.1725988,3759440.1,521765.1725988,
2022-11-02 08:35:00+00:00,0.1379,0.1387,0.13854,0.13865,2556604.6,0.138448,353956.7936608,2556604.6,353956.7936608,
2022-11-02 08:40:00+00:00,0.13822,0.13883,0.13865,0.13835,1613128.5,0.138512,223437.654792,1613128.5,223437.654792,
2022-11-02 08:45:00+00:00,0.13735,0.13837,0.13833,0.13803,3069589.6,0.13802,423664.756592,3069589.6,423664.756592,
2022-11-02 08:50:00+00:00,0.13781,0.13838,0.13802,0.13815,1509818.1,0.13809,208490.781429,1509818.1,208490.781429,
2022-11-02 08:55:00+00:00,0.13808,0.13947,0.13815,0.13903,2286864.7,0.138682,317146.9703254,2286864.7,317146.9703254,
2022-11-02 09:00:00+00:00,0.13863,0.13984,0.13903,0.13905,3530702.9,0.139138,491254.9401002,3530702.9,491254.9401002,
2022-11-02 09:05:00+00:00,0.1377,0.139,0.139,0.13788,3984326.0,0.138395,551410.79677,3984326.0,551410.79677,
2022-11-02 09:10:00+00:00,0.13783,0.13837,0.13788,0.13803,2014087.0,0.138028,278000.400436,2014087.0,278000.400436,
2022-11-02 09:15:00+00:00,0.13742,0.13805,0.13805,0.13746,1756752.9,0.137745,241983.9282105,1756752.9,241983.9282105,
2022-11-02 09:20:00+00:00,0.13731,0.13778,0.13745,0.13742,1834175.5,0.13749,252180.789495,1834175.5,252180.789495,
2022-11-02 09:25:00+00:00,0.13634,0.13787,0.13742,0.13634,3007356.7,0.136992,411983.8090464,3007356.7,411983.8090464,
2022-11-02 09:30:00+00:00,0.1294,0.13692,0.13634,0.13296,29394601.0,0.133905,3936084.046905,29394601.0,3936084.046905,
2022-11-02 09:35:00+00:00,0.13222,0.13382,0.13289,0.13256,8033090.0,0.132872,1067372.73448,8033090.0,1067372.73448,
2022-11-02 09:40:00+00:00,0.1323,0.1337,0.13267,0.13332,4399768.9,0.132998,585160.4641622,4399768.9,585160.4641622,
2022-11-02 09:45:00+00:00,0.13286,0.134,0.13329,0.1331,4436769.3,0.133312,591474.5889216,4436769.3,591474.5889216,
2022-11-02 09:50:00+00:00,0.13155,0.13344,0.13304,0.13222,8070150.1,0.132562,1069795.2375562,8070150.1,1069795.2375562,
2022-11-02 09:55:00+00:00,0.13004,0.13236,0.13226,0.13069,9823368.8,0.131338,1290181.6114544,9823368.8,1290181.6114544,
2022-11-02 10:00:00+00:00,0.1281,0.13141,0.13077,0.12946,24557157.2,0.129935,3190834.220782,24557157.2,3190834.220782,
2022-11-02 10:05:00+00:00,0.12854,0.1304,0.12949,0.13031,15491284.4,0.129685,2008987.217414,15491284.4,2008987.217414,
2022-11-02 10:10:00+00:00,0.13003,0.13066,0.13021,0.13034,4837777.8,0.13031,630410.825118,4837777.8,630410.825118,
2022-11-02 10:15:00+00:00,0.12942,0.13078,0.13029,0.1306,6053620.3,0.130273,788623.2773419,6053620.3,788623.2773419,
2022-11-02 10:20:00+00:00,0.12955,0.13065,0.13065,0.13023,4113567.5,0.13027,535874.438225,4113567.5,535874.438225,
2022-11-02 10:25:00+00:00,0.13009,0.13078,0.13023,0.1302,4433204.9,0.130325,577757.4285925,4433204.9,577757.4285925,
2022-11-02 10:30:00+00:00,0.13013,0.13178,0.1302,0.13159,7819873.0,0.130925,1023816.872525,7819873.0,1023816.872525,
2022-11-02 10:35:00+00:00,0.13108,0.13243,0.13156,0.13227,10146231.5,0.131835,1337628.4298025,10146231.5,1337628.4298025,
2022-11-02 10:40:00+00:00,0.13125,0.13239,0.13229,0.13141,9044257.1,0.131835,1192349.6347785,9044257.1,1192349.6347785,
2022-11-02 10:45:00+00:00,0.13012,0.13144,0.13133,0.13105,5596814.4,0.130985,733098.734184,5596814.4,733098.734184,
2022-11-02 10:50:00+00:00,0.13069,0.13165,0.13098,0.13157,3290507.1,0.131222,431786.9226762,3290507.1,431786.9226762,
2022-11-02 10:55:00+00:00,0.13115,0.13181,0.13163,0.13169,3171274.6,0.13157,417244.599122,3171274.6,417244.599122,
2022-11-02 11:00:00+00:00,0.13129,0.13206,0.13162,0.132,4706081.1,0.131742,619988.5362762,4706081.1,619988.5362762,
2022-11-02 11:05:00+00:00,0.13138,0.13201,0.13201,0.13169,2170873.0,0.131772,286060.276956,2170873.0,286060.276956,
2022-11-02 11:10:00+00:00,0.1316,0.1319,0.13169,0.13181,3053859.0,0.13175,402345.92325,3053859.0,402345.92325,
2022-11-02 11:15:00+00:00,0.13052,0.13186,0.13184,0.13094,6209351.9,0.13129,815225.810951,6209351.9,815225.810951,
2022-11-02 11:20:00+00:00,0.13068,0.13099,0.13094,0.13086,2303633.9,0.130868,301471.9612252,2303633.9,301471.9612252,
2022-11-02 11:25:00+00:00,0.13059,0.13141,0.13086,0.13126,2589869.1,0.13103,339350.548173,2589869.1,339350.548173,
2022-11-02 11:30:00+00:00,0.13114,0.1322,0.13121,0.1322,4290891.5,0.131688,565058.919852,4290891.5,565058.919852,
2022-11-02 11:35:00+00:00,0.13206,0.13282,0.13211,0.13241,6021548.1,0.13235,796951.891035,6021548.1,796951.891035,
2022-11-02 11:40:00+00:00,0.13156,0.13261,0.13236,0.13188,2333870.3,0.132102,308308.9343706,2333870.3,308308.9343706,
2022-11-02 11:45:00+00:00,0.13114,0.13197,0.13192,0.13119,2279556.5,0.131555,299887.0553575,2279556.5,299887.0553575,
2022-11-02 11:50:00+00:00,0.13112,0.13173,0.13122,0.13154,2553249.0,0.131402,335502.025098,2553249.0,335502.025098,
2022-11-02 11:55:00+00:00,0.13133,0.13178,0.13151,0.13163,2149957.2,0.131562,282852.6691464,2149957.2,282852.6691464,
2022-11-02 12:00:00+00:00,0.13017,0.13175,0.13165,0.13025,4120026.5,0.130955,539538.0703075,4120026.5,539538.0703075,
2022-11-02 12:05:00+00:00,0.12906,0.13074,0.13029,0.13015,7525153.4,0.13006,978721.451204,7525153.4,978721.451204,
2022-11-02 12:10:00+00:00,0.12952,0.13063,0.13007,0.13061,4634570.9,0.130208,603458.2077472,4634570.9,603458.2077472,
2022-11-02 12:15:00+00:00,0.12704,0.13051,0.13051,0.12951,14345586.5,0.129392,1856204.128408,14345586.5,1856204.128408,
2022-11-02 12:20:00+00:00,0.12894,0.12969,0.12952,0.12918,5266650.9,0.129332,681146.4941988,5266650.9,681146.4941988,
2022-11-02 12:25:00+00:00,0.12723,0.12926,0.1292,0.12802,9425847.9,0.128428,1210542.7941012,9425847.9,1210542.7941012,
2022-11-02 12:30:00+00:00,0.12786,0.12911,0.12802,0.12911,8867531.6,0.128525,1139699.49889,8867531.6,1139699.49889,
2022-11-02 12:35:00+00:00,0.12886,0.12957,0.12901,0.12928,7995603.2,0.12918,1032872.021376,7995603.2,1032872.021376,
2022-11-02 12:40:00+00:00,0.12864,0.12957,0.1293,0.12877,4719016.1,0.12907,609083.408027,4719016.1,609083.408027,
2022-11-02 12:45:00+00:00,0.12865,0.12939,0.12868,0.12914,3749023.4,0.128965,483492.802781,3749023.4,483492.802781,
2022-11-02 12:50:00+00:00,0.12898,0.12934,0.12912,0.12912,3281361.6,0.12914,423755.037024,3281361.6,423755.037024,
2022-11-02 12:55:00+00:00,0.12836,0.12911,0.12911,0.12858,3590997.4,0.12879,462484.555146,3590997.4,462484.555146,
2022-11-02 13:00:00+00:00,0.12798,0.13043,0.12852,0.13018,9762894.5,0.129277,1262117.7122765,9762894.5,1262117.7122765,
2022-11-02 13:05:00+00:00,0.12991,0.13087,0.13023,0.13037,6874789.7,0.130345,896094.4634465,6874789.7,896094.4634465,
2022-11-02 13:10:00+00:00,0.12961,0.13037,0.13031,0.12988,2642459.9,0.130042,343630.7703158,2642459.9,343630.7703158,
2022-11-02 13:15:00+00:00,0.12945,0.13022,0.12995,0.12952,1497296.7,0.129785,194326.6522095,1497296.7,194326.6522095,
2022-11-02 13:20:00+00:00,0.12934,0.13003,0.12948,0.12997,2708088.2,0.129705,351252.579981,2708088.2,351252.579981,
2022-11-02 13:25:00+00:00,0.1298,0.13021,0.12994,0.1298,2252845.5,0.129938,292730.238579,2252845.5,292730.238579,
2022-11-02 13:30:00+00:00,0.12837,0.13,0.12983,0.12879,4972443.3,0.129247,642673.3791951,4972443.3,642673.3791951,
2022-11-02 13:35:00+00:00,0.12854,0.12947,0.12875,0.12887,4593937.9,0.128908,592195.3468132,4593937.9,592195.3468132,
2022-11-02 13:40:00+00:00,0.1288,0.12933,0.12884,0.12906,1805025.6,0.129008,232862.7426048,1805025.6,232862.7426048,
2022-11-02 13:45:00+00:00,0.12885,0.13,0.12901,0.1299,2348862.0,0.12944,304036.69728,2348862.0,304036.69728,
2022-11-02 13:50:00+00:00,0.12974,0.13038,0.12989,0.13004,4175389.3,0.130012,542850.7136716,4175389.3,542850.7136716,
2022-11-02 13:55:00+00:00,0.12969,0.1302,0.13,0.12992,2004723.3,0.129952,260517.8022816,2004723.3,260517.8022816,
2022-11-02 14:00:00+00:00,0.12972,0.13144,0.12989,0.13031,5561515.3,0.13034,724887.904202,5561515.3,724887.904202,
2022-11-02 14:05:00+00:00,0.12993,0.13059,0.13033,0.13027,2695309.6,0.13028,351144.934688,2695309.6,351144.934688,
2022-11-02 14:10:00+00:00,0.13017,0.1317,0.13023,0.13088,9195969.6,0.130745,1202327.045352,9195969.6,1202327.045352,
2022-11-02 14:15:00+00:00,0.13064,0.13162,0.13089,0.13154,4619611.8,0.131172,605963.7190296,4619611.8,605963.7190296,
2022-11-02 14:20:00+00:00,0.13124,0.13194,0.13153,0.1318,5780011.0,0.131628,760811.287908,5780011.0,760811.287908,
2022-11-02 14:25:00+00:00,0.13059,0.13173,0.13171,0.13088,3437557.5,0.131228,451103.79561,3437557.5,451103.79561,
2022-11-02 14:30:00+00:00,0.13025,0.13087,0.13081,0.13073,2210160.0,0.130665,288790.5564,2210160.0,288790.5564,
2022-11-02 14:35:00+00:00,0.13049,0.13155,0.13067,0.13136,3108883.1,0.131018,407319.6459958,3108883.1,407319.6459958,
2022-11-02 14:40:00+00:00,0.1312,0.13231,0.1314,0.13189,8239663.0,0.1317,1085163.6171,8239663.0,1085163.6171,
2022-11-02 14:45:00+00:00,0.13157,0.13258,0.13186,0.13162,3716009.0,0.131907,490167.599163,3716009.0,490167.599163,
2022-11-02 14:50:00+00:00,0.13113,0.13166,0.1316,0.13117,1947507.7,0.13139,255883.036703,1947507.7,255883.036703,
2022-11-02 14:55:00+00:00,0.1309,0.13181,0.1312,0.13159,4453357.2,0.131375,585059.80215,4453357.2,585059.80215,
2022-11-02 15:00:00+00:00,0.13053,0.13168,0.13159,0.13077,3445938.8,0.131142,451907.3061096,3445938.8,451907.3061096,
2022-11-02 15:05:00+00:00,0.1307,0.13122,0.13082,0.13094,3373506.6,0.13092,441659.484072,3373506.6,441659.484072,
2022-11-02 15:10:00+00:00,0.13042,0.13103,0.13093,0.13053,2147310.6,0.130728,280713.6201168,2147310.6,280713.6201168,
2022-11-02 15:15:00+00:00,0.12965,0.13145,0.13054,0.13133,6118102.6,0.130742,799892.9701292,6118102.6,799892.9701292,
2022-11-02 15:20:00+00:00,0.13095,0.13147,0.13138,0.13123,2613369.4,0.131258,343025.6407052,2613369.4,343025.6407052,
2022-11-02 15:25:00+00:00,0.13065,0.13139,0.13126,0.13099,1632622.5,0.131072,213991.09632,1632622.5,213991.09632,
2022-11-02 15:30:00+00:00,0.13019,0.13109,0.13093,0.13026,9638099.6,0.130618,1258909.2935528,9638099.6,1258909.2935528,
2022-11-02 15:35:00+00:00,0.13008,0.13078,0.13023,0.13053,3800870.0,0.130405,495652.45235,3800870.0,495652.45235,
2022-11-02 15:40:00+00:00,0.13037,0.131,0.13051,0.13077,1605430.9,0.130663,209770.4176867,1605430.9,209770.4176867,
2022-11-02 15:45:00+00:00,0.13034,0.13089,0.13074,0.13051,2663051.6,0.13062,347847.799992,2663051.6,347847.799992,
2022-11-02 15:50:00+00:00,0.12998,0.13064,0.13046,0.13023,2019429.5,0.130327,263186.1884465,2019429.5,263186.1884465,
2022-11-02 15:55:00+00:00,0.12978,0.13068,0.13023,0.12999,1962525.5,0.13017,255461.944335,1962525.5,255461.944335,
2022-11-02 16:00:00+00:00,0.12864,0.13083,0.12996,0.13072,9124590.9,0.130037,1186534.4268633,9124590.9,1186534.4268633,
2022-11-02 16:05:00+00:00,0.13054,0.13118,0.13075,0.13084,5016249.6,0.130827,656260.8864192,5016249.6,656260.8864192,
2022-11-02 16:10:00+00:00,0.13057,0.13129,0.13088,0.13064,1881966.3,0.130845,246245.8805235,1881966.3,246245.8805235,
2022-11-02 16:15:00+00:00,0.12967,0.13074,0.13061,0.13002,2976925.7,0.13026,387774.341682,2976925.7,387774.341682,
2022-11-02 16:20:00+00:00,0.12866,0.13017,0.13001,0.12881,4827028.3,0.129412,624675.3863596,4827028.3,624675.3863596,
2022-11-02 16:25:00+00:00,0.12865,0.12944,0.12874,0.12876,3942577.7,0.128898,508190.3803746,3942577.7,508190.3803746,
2022-11-02 16:30:00+00:00,0.12875,0.12973,0.12875,0.12924,3749463.3,0.129118,484123.2023694,3749463.3,484123.2023694,
2022-11-02 16:35:00+00:00,0.12916,0.12981,0.12928,0.12979,2740966.9,0.12951,354982.623219,2740966.9,354982.623219,
2022-11-02 16:40:00+00:00,0.12969,0.13137,0.12978,0.13083,5138841.1,0.130417,670192.2397387,5138841.1,670192.2397387,
2022-11-02 16:45:00+00:00,0.13047,0.1314,0.13079,0.13133,2992283.4,0.130997,391980.1485498,2992283.4,391980.1485498,
2022-11-02 16:50:00+00:00,0.13118,0.13241,0.13121,0.13202,6398202.4,0.131705,842675.247092,6398202.4,842675.247092,
2022-11-02 16:55:00+00:00,0.13172,0.13399,0.13202,0.13309,12953781.4,0.132705,1719031.560687,12953781.4,1719031.560687,
2022-11-02 17:00:00+00:00,0.13148,0.13309,0.13309,0.13183,6013684.4,0.132372,796043.4313968,6013684.4,796043.4313968,
2022-11-02 17:05:00+00:00,0.13162,0.13268,0.13185,0.13257,8022229.7,0.13218,1060378.321746,8022229.7,1060378.321746,
2022-11-02 17:10:00+00:00,0.13197,0.13271,0.13255,0.13227,4240854.3,0.132375,561383.0879625,4240854.3,561383.0879625,
2022-11-02 17:15:00+00:00,0.13153,0.13239,0.13226,0.13166,6364300.7,0.13196,839833.120372,6364300.7,839833.120372,
2022-11-02 17:20:00+00:00,0.13163,0.13245,0.13165,0.13225,3892915.0,0.131995,513845.315425,3892915.0,513845.315425,
2022-11-02 17:25:00+00:00,0.13216,0.13374,0.13223,0.13321,6208437.0,0.132835,824697.728895,6208437.0,824697.728895,
2022-11-02 17:30:00+00:00,0.13203,0.1332,0.13317,0.13244,6239943.0,0.13271,828102.83553,6239943.0,828102.83553,
2022-11-02 17:35:00+00:00,0.13217,0.13289,0.13238,0.13284,3739243.8,0.13257,495711.550566,3739243.8,495711.550566,
2022-11-02 17:40:00+00:00,0.13215,0.13301,0.13285,0.13251,4822999.2,0.13263,639674.383896,4822999.2,639674.383896,
2022-11-02 17:45:00+00:00,0.13131,0.13257,0.1325,0.13176,4641884.6,0.132035,612891.233161,4641884.6,612891.233161,
2022-11-02 17:50:00+00:00,0.13032,0.13242,0.13181,0.13087,6428037.1,0.131355,844354.8132705,6428037.1,844354.8132705,
2022-11-02 17:55:00+00:00,0.12917,0.13213,0.13081,0.13136,10514377.5,0.130868,1375995.55467,10514377.5,1375995.55467,
2022-11-02 18:00:00+00:00,0.12894,0.13888,0.13127,0.1373,43260202.5,0.134098,5801106.634845,43260202.5,5801106.634845,
2022-11-02 18:05:00+00:00,0.13584,0.13976,0.13727,0.13674,21533842.5,0.137402,2958793.027185,21533842.5,2958793.027185,
2022-11-02 18:10:00+00:00,0.13502,0.13806,0.13663,0.13667,14741870.1,0.136595,2013665.7463095,14741870.1,2013665.7463095,
2022-11-02 18:15:00+00:00,0.1363,0.13881,0.13673,0.13742,16630147.9,0.137315,2283568.7588885,16630147.9,2283568.7588885,
2022-11-02 18:20:00+00:00,0.13679,0.13796,0.13726,0.13679,10557994.5,0.1372,1448556.8454,10557994.5,1448556.8454,
2022-11-02 18:25:00+00:00,0.1367,0.13891,0.13679,0.13731,5629613.2,0.137427,773660.8532364,5629613.2,773660.8532364,
2022-11-02 18:30:00+00:00,0.13549,0.13883,0.1373,0.13674,11040270.8,0.13709,1513510.723972,11040270.8,1513510.723972,
2022-11-02 18:35:00+00:00,0.13214,0.13747,0.13674,0.13368,26162332.7,0.135008,3532124.2131616,26162332.7,3532124.2131616,
2022-11-02 18:40:00+00:00,0.13298,0.136,0.13361,0.135,24539274.9,0.134398,3298029.4680102,24539274.9,3298029.4680102,
2022-11-02 18:45:00+00:00,0.13422,0.13565,0.13508,0.13451,10269546.6,0.134865,1385002.402209,10269546.6,1385002.402209,
2022-11-02 18:50:00+00:00,0.1294,0.13459,0.1343,0.13125,29091847.6,0.132385,3851324.244526,29091847.6,3851324.244526,
2022-11-02 18:55:00+00:00,0.12933,0.13161,0.13119,0.13022,15514372.9,0.130588,2025990.9282652,15514372.9,2025990.9282652,
2022-11-02 19:00:00+00:00,0.12972,0.13248,0.13019,0.1324,12130731.9,0.131198,1591527.7638162,12130731.9,1591527.7638162,
2022-11-02 19:05:00+00:00,0.13196,0.13584,0.13244,0.13461,19541300.4,0.133712,2612906.3590848,19541300.4,2612906.3590848,
2022-11-02 19:10:00+00:00,0.13301,0.13467,0.13451,0.13305,7865276.8,0.13381,1052452.688608,7865276.8,1052452.688608,
2022-11-02 19:15:00+00:00,0.13185,0.13361,0.13301,0.13185,7676394.5,0.13258,1017736.38281,7676394.5,1017736.38281,
2022-11-02 19:20:00+00:00,0.1305,0.13236,0.1318,0.13148,6974637.2,0.131535,917408.904102,6974637.2,917408.904102,
2022-11-02 19:25:00+00:00,0.12899,0.13175,0.13151,0.13097,15240994.5,0.130805,1993598.2855725,15240994.5,1993598.2855725,
2022-11-02 19:30:00+00:00,0.13008,0.13139,0.13082,0.13114,7919160.5,0.130858,1036285.504709,7919160.5,1036285.504709,
2022-11-02 19:35:00+00:00,0.13061,0.13236,0.13127,0.13154,8396155.7,0.131445,1103632.6859865,8396155.7,1103632.6859865,
2022-11-02 19:40:00+00:00,0.1308,0.132,0.13147,0.13163,5409687.0,0.131475,711238.598325,5409687.0,711238.598325,
2022-11-02 19:45:00+00:00,0.13111,0.132,0.13156,0.1317,5540373.9,0.131592,729068.8822488,5540373.9,729068.8822488,
2022-11-02 19:50:00+00:00,0.13062,0.13186,0.1317,0.13107,7391679.6,0.131312,970616.2316352,7391679.6,970616.2316352,
2022-11-02 19:55:00+00:00,0.13088,0.13159,0.13101,0.13104,7344348.9,0.13113,963064.471257,7344348.9,963064.471257,
2022-11-02 20:00:00+00:00,0.13022,0.13184,0.13104,0.1316,7750381.4,0.131175,1016656.280145,7750381.4,1016656.280145,
2022-11-02 20:05:00+00:00,0.13101,0.13214,0.13154,0.13114,5263864.8,0.131458,691977.1388784,5263864.8,691977.1388784,
2022-11-02 20:10:00+00:00,0.12908,0.13122,0.13113,0.12927,7138774.9,0.130175,929290.0226075,7138774.9,929290.0226075,
2022-11-02 20:15:00+00:00,0.1262,0.12958,0.12915,0.12768,26641556.3,0.128152,3414168.7229576,26641556.3,3414168.7229576,
2022-11-02 20:20:00+00:00,0.12177,0.12838,0.12759,0.12311,37477870.8,0.125212,4692679.1586096,37477870.8,4692679.1586096,
2022-11-02 20:25:00+00:00,0.12295,0.1259,0.12297,0.12404,23128434.8,0.123965,2867116.419982,23128434.8,2867116.419982,
2022-11-02 20:30:00+00:00,0.12249,0.12496,0.12392,0.12444,11174870.6,0.123952,1385147.5606112,11174870.6,1385147.5606112,
2022-11-02 20:35:00+00:00,0.12327,0.1252,0.12442,0.124,15741483.2,0.124222,1955438.5260704,15741483.2,1955438.5260704,
2022-11-02 20:40:00+00:00,0.12388,0.12456,0.12412,0.12421,9114568.2,0.124192,1131956.4538944,9114568.2,1131956.4538944,
2022-11-02 20:45:00+00:00,0.12329,0.12463,0.12425,0.12431,10179624.4,0.12412,1263494.980528,10179624.4,1263494.980528,
2022-11-02 20:50:00+00:00,0.12381,0.12618,0.12427,0.12608,8304890.7,0.125085,1038817.2532095,8304890.7,1038817.2532095,
2022-11-02 20:55:00+00:00,0.12541,0.12629,0.12601,0.12607,3627851.2,0.125945,456909.719384,3627851.2,456909.719384,
2022-11-02 21:00:00+00:00,0.12544,0.12695,0.1261,0.12653,6284184.0,0.126255,793409.65092,6284184.0,793409.65092,
2022-11-02 21:05:00+00:00,0.12593,0.12707,0.12645,0.1263,9968923.5,0.126437,1260440.7805695,9968923.5,1260440.7805695,
2022-11-02 21:10:00+00:00,0.126,0.12659,0.12628,0.12614,3776738.0,0.126253,476824.502714,3776738.0,476824.502714,
2022-11-02 21:15:00+00:00,0.12571,0.12636,0.12611,0.12609,3172133.6,0.126068,399904.5386848,3172133.6,399904.5386848,
2022-11-02 21:20:00+00:00,0.125,0.12636,0.12613,0.12624,6914295.1,0.125932,870731.0105332,6914295.1,870731.0105332,
2022-11-02 21:25:00+00:00,0.12525,0.1263,0.1262,0.12594,4666396.1,0.125922,587601.9297042,4666396.1,587601.9297042,
2022-11-02 21:30:00+00:00,0.12591,0.1275,0.12591,0.12703,3463751.2,0.126587,438465.8731544,3463751.2,438465.8731544,
2022-11-02 21:35:00+00:00,0.12675,0.12788,0.12706,0.12737,6460299.6,0.127265,822170.028594,6460299.6,822170.028594,
2022-11-02 21:40:00+00:00,0.12714,0.12765,0.12729,0.12737,4430802.5,0.127362,564315.868005,4430802.5,564315.868005,
2022-11-02 21:45:00+00:00,0.12636,0.12739,0.12739,0.12711,1658112.3,0.127063,210684.7231749,1658112.3,210684.7231749,
2022-11-02 21:50:00+00:00,0.1271,0.12849,0.1271,0.1283,2590576.0,0.127747,330938.312272,2590576.0,330938.312272,
2022-11-02 21:55:00+00:00,0.128,0.12871,0.1283,0.12849,2956167.4,0.128375,379497.989975,2956167.4,379497.989975,
2022-11-02 22:00:00+00:00,0.12814,0.12932,0.12847,0.12832,4095193.5,0.128562,526486.266747,4095193.5,526486.266747,
2022-11-02 22:05:00+00:00,0.1278,0.12857,0.12833,0.12802,2872583.6,0.12818,368207.765848,2872583.6,368207.765848,
2022-11-02 22:10:00+00:00,0.12758,0.12833,0.12799,0.12817,2899606.6,0.128018,371201.8377188,2899606.6,371201.8377188,
2022-11-02 22:15:00+00:00,0.12759,0.12847,0.12813,0.12847,2593908.2,0.128165,332448.244453,2593908.2,332448.244453,
2022-11-02 22:20:00+00:00,0.12823,0.12874,0.12845,0.12844,3201952.7,0.128465,411338.8536055,3201952.7,411338.8536055,
2022-11-02 22:25:00+00:00,0.12806,0.12862,0.12844,0.12851,1739950.1,0.128408,223423.5124408,1739950.1,223423.5124408,
2022-11-02 22:30:00+00:00,0.12806,0.12888,0.12846,0.12885,2135098.5,0.128562,274492.533357,2135098.5,274492.533357,
2022-11-02 22:35:00+00:00,0.128,0.12898,0.12886,0.12811,8094890.1,0.128488,1040096.2391688,8094890.1,1040096.2391688,
2022-11-02 22:40:00+00:00,0.1274,0.12831,0.12813,0.12781,5413264.4,0.127913,692426.8891972,5413264.4,692426.8891972,
2022-11-02 22:45:00+00:00,0.12581,0.12782,0.12778,0.12621,10109377.6,0.126905,1282930.564328,10109377.6,1282930.564328,
2022-11-02 22:50:00+00:00,0.12522,0.12677,0.12612,0.12554,7736973.0,0.125913,974185.481349,7736973.0,974185.481349,
2022-11-02 22:55:00+00:00,0.12557,0.1267,0.12563,0.12664,4865560.9,0.126135,613717.5241215,4865560.9,613717.5241215,
2022-11-02 23:00:00+00:00,0.1263,0.127,0.12658,0.12674,3400894.6,0.126655,430740.305563,3400894.6,430740.305563,
2022-11-02 23:05:00+00:00,0.1266,0.12749,0.12673,0.12743,2822811.2,0.127062,358672.0366944,2822811.2,358672.0366944,
2022-11-02 23:10:00+00:00,0.12726,0.12803,0.12743,0.12791,3045941.9,0.127658,388838.8510702,3045941.9,388838.8510702,
2022-11-02 23:15:00+00:00,0.12721,0.12811,0.12786,0.1281,3621409.6,0.12782,462888.575072,3621409.6,462888.575072,
2022-11-02 23:20:00+00:00,0.1279,0.12853,0.12808,0.12793,3476951.9,0.12811,445432.307909,3476951.9,445432.307909,
2022-11-02 23:25:00+00:00,0.12764,0.12815,0.128,0.12806,3717506.7,0.127962,475699.5923454,3717506.7,475699.5923454,
2022-11-02 23:30:00+00:00,0.12792,0.12857,0.12812,0.1282,2632717.7,0.128202,337519.6745754,2632717.7,337519.6745754,
2022-11-02 23:35:00+00:00,0.12749,0.12818,0.12813,0.1277,3126073.8,0.127875,399746.687175,3126073.8,399746.687175,
2022-11-02 23:40:00+00:00,0.12732,0.12821,0.12771,0.12804,3134126.1,0.12782,400603.998102,3134126.1,400603.998102,
2022-11-02 23:45:00+00:00,0.12778,0.12824,0.12801,0.12807,3204936.5,0.128025,410311.9954125,3204936.5,410311.9954125,
2022-11-02 23:50:00+00:00,0.12787,0.12816,0.12805,0.12795,1864272.0,0.128008,238641.730176,1864272.0,238641.730176,
2022-11-02 23:55:00+00:00,0.12748,0.12819,0.12797,0.1276,2450145.2,0.12781,313153.058012,2450145.2,313153.058012,
2022-11-03 00:00:00+00:00,0.12642,0.12783,0.12764,0.12678,6940730.8,0.127167,882631.9136436,6940730.8,882631.9136436,
2022-11-03 00:05:00+00:00,0.12671,0.12721,0.12676,0.12681,2484353.2,0.126872,315194.8591904,2484353.2,315194.8591904,
2022-11-03 00:10:00+00:00,0.12663,0.12716,0.12677,0.12691,3343979.2,0.126868,424243.9531456,3343979.2,424243.9531456,
2022-11-03 00:15:00+00:00,0.12679,0.12843,0.12692,0.12836,4329391.2,0.127625,552538.5519,4329391.2,552538.5519,
2022-11-03 00:20:00+00:00,0.12831,0.13091,0.12838,0.13075,12118749.9,0.129588,1570444.5620412,12118749.9,1570444.5620412,
2022-11-03 00:25:00+00:00,0.13002,0.13079,0.13074,0.13058,4262440.5,0.130532,556384.883346,4262440.5,556384.883346,
2022-11-03 00:30:00+00:00,0.13042,0.13262,0.13057,0.13159,9993386.3,0.1313,1312131.62119,9993386.3,1312131.62119,
2022-11-03 00:35:00+00:00,0.13152,0.13305,0.13161,0.13235,8219719.2,0.132132,1086087.9373344,8219719.2,1086087.9373344,
2022-11-03 00:40:00+00:00,0.13164,0.13242,0.13242,0.13183,5147251.1,0.132078,679838.6307858,5147251.1,679838.6307858,
2022-11-03 00:45:00+00:00,0.13176,0.13285,0.1318,0.13243,3954996.7,0.13221,522890.113707,3954996.7,522890.113707,
2022-11-03 00:50:00+00:00,0.13179,0.13248,0.13244,0.13189,5530562.5,0.13215,730863.834375,5530562.5,730863.834375,
2022-11-03 00:55:00+00:00,0.13101,0.13242,0.13189,0.13131,4595376.5,0.131658,605018.079237,4595376.5,605018.079237,
2022-11-03 01:00:00+00:00,0.13113,0.13226,0.13117,0.13226,3686079.2,0.131705,485475.061036,3686079.2,485475.061036,
2022-11-03 01:05:00+00:00,0.13057,0.13227,0.13225,0.13102,4681828.0,0.131528,615791.473184,4681828.0,615791.473184,
2022-11-03 01:10:00+00:00,0.12987,0.13111,0.13104,0.13013,10773356.5,0.130538,1406332.410797,10773356.5,1406332.410797,
2022-11-03 01:15:00+00:00,0.1301,0.13114,0.13015,0.13104,5968494.4,0.130607,779527.1481008,5968494.4,779527.1481008,
2022-11-03 01:20:00+00:00,0.1309,0.13165,0.13107,0.13163,7007642.6,0.131312,920187.5650912,7007642.6,920187.5650912,
2022-11-03 01:25:00+00:00,0.13148,0.13214,0.13159,0.132,5775654.9,0.131803,761248.6427847,5775654.9,761248.6427847,
2022-11-03 01:30:00+00:00,0.13092,0.13214,0.13195,0.13107,3346409.2,0.13152,440119.737984,3346409.2,440119.737984,
2022-11-03 01:35:00+00:00,0.13097,0.13245,0.13108,0.13235,3166548.0,0.131712,417072.370176,3166548.0,417072.370176,
2022-11-03 01:40:00+00:00,0.13187,0.1325,0.13237,0.13194,2889697.6,0.13217,381931.331792,2889697.6,381931.331792,
2022-11-03 01:45:00+00:00,0.13155,0.13254,0.1319,0.13235,5913928.2,0.132085,781141.206297,5913928.2,781141.206297,
2022-11-03 01:50:00+00:00,0.13197,0.1337,0.13235,0.13318,5518031.4,0.1328,732794.56992,5518031.4,732794.56992,
2022-11-03 01:55:00+00:00,0.13251,0.13344,0.13315,0.13271,4202684.9,0.132952,558755.3628248,4202684.9,558755.3628248,
2022-11-03 02:00:00+00:00,0.1324,0.13341,0.1327,0.13288,4456182.8,0.132848,591994.9726144,4456182.8,591994.9726144,
2022-11-03 02:05:00+00:00,0.13258,0.13358,0.13282,0.13266,4234263.1,0.13291,562775.908621,4234263.1,562775.908621,
2022-11-03 02:10:00+00:00,0.13191,0.13277,0.13267,0.13212,3849428.6,0.132368,509541.1649248,3849428.6,509541.1649248,
2022-11-03 02:15:00+00:00,0.13077,0.13227,0.13211,0.1317,7640264.3,0.131712,1006314.4914816,7640264.3,1006314.4914816,
2022-11-03 02:20:00+00:00,0.131,0.1317,0.1317,0.13154,5183548.1,0.131485,681558.8219285,5183548.1,681558.8219285,
2022-11-03 02:25:00+00:00,0.13126,0.13177,0.13156,0.13169,4259532.7,0.13157,560426.717339,4259532.7,560426.717339,
2022-11-03 02:30:00+00:00,0.13167,0.13272,0.13168,0.13215,7570589.0,0.132055,999734.130395,7570589.0,999734.130395,
2022-11-03 02:35:00+00:00,0.13213,0.13343,0.13224,0.13325,4728323.5,0.132762,627741.684507,4728323.5,627741.684507,
2022-11-03 02:40:00+00:00,0.13255,0.13375,0.13323,0.13287,7502885.9,0.1331,998634.11329,7502885.9,998634.11329,
2022-11-03 02:45:00+00:00,0.13238,0.13306,0.13285,0.13306,2508044.0,0.132838,333163.548872,2508044.0,333163.548872,
2022-11-03 02:50:00+00:00,0.13178,0.13311,0.13307,0.13202,3464019.7,0.132495,458965.2901515,3464019.7,458965.2901515,
2022-11-03 02:55:00+00:00,0.13184,0.13256,0.13194,0.13228,5198887.1,0.132155,687058.9247005,5198887.1,687058.9247005,
2022-11-03 03:00:00+00:00,0.13143,0.13231,0.13229,0.13191,4121266.9,0.131985,543945.4117965,4121266.9,543945.4117965,
2022-11-03 03:05:00+00:00,0.13116,0.132,0.13193,0.13156,7762619.8,0.131663,1022049.8107274,7762619.8,1022049.8107274,
2022-11-03 03:10:00+00:00,0.13128,0.13188,0.13154,0.1317,2958382.1,0.1316,389323.08436,2958382.1,389323.08436,
2022-11-03 03:15:00+00:00,0.1315,0.13205,0.13164,0.13161,3871802.2,0.1317,509916.34974,3871802.2,509916.34974,
2022-11-03 03:20:00+00:00,0.1315,0.13306,0.13162,0.13298,6189429.9,0.13229,818799.681471,6189429.9,818799.681471,
2022-11-03 03:25:00+00:00,0.13253,0.13323,0.13303,0.13259,4609011.5,0.132845,612284.1327175,4609011.5,612284.1327175,
2022-11-03 03:30:00+00:00,0.13208,0.13278,0.13264,0.13223,3790038.2,0.132432,501922.3389024,3790038.2,501922.3389024,
2022-11-03 03:35:00+00:00,0.13195,0.13239,0.1322,0.132,3978614.9,0.132135,525714.2798115,3978614.9,525714.2798115,
2022-11-03 03:40:00+00:00,0.13206,0.13445,0.13206,0.1344,7710177.7,0.133242,1027319.4971034,7710177.7,1027319.4971034,
2022-11-03 03:45:00+00:00,0.1338,0.13553,0.13438,0.13508,16965145.5,0.134698,2285171.168559,16965145.5,2285171.168559,
2022-11-03 03:50:00+00:00,0.13374,0.1352,0.13501,0.134,5422444.5,0.134487,729248.2934715,5422444.5,729248.2934715,
2022-11-03 03:55:00+00:00,0.13366,0.13424,0.13404,0.13383,3726277.7,0.133942,499105.0876934,3726277.7,499105.0876934,
2022-11-03 04:00:00+00:00,0.13346,0.13431,0.13391,0.13421,2521198.1,0.133972,337769.9518532,2521198.1,337769.9518532,
2022-11-03 04:05:00+00:00,0.13337,0.13442,0.13421,0.13442,5375290.0,0.134105,720853.26545,5375290.0,720853.26545,
2022-11-03 04:10:00+00:00,0.13402,0.13511,0.13441,0.1349,5934025.4,0.13461,798779.159094,5934025.4,798779.159094,
2022-11-03 04:15:00+00:00,0.13484,0.13698,0.1349,0.13602,14114649.3,0.135685,1915146.1902705,14114649.3,1915146.1902705,
2022-11-03 04:20:00+00:00,0.1345,0.13638,0.13608,0.13469,10369932.1,0.135413,1404223.6154573,10369932.1,1404223.6154573,
2022-11-03 04:25:00+00:00,0.13421,0.13509,0.13471,0.13438,4983878.3,0.134597,670815.0675451,4983878.3,670815.0675451,
2022-11-03 04:30:00+00:00,0.13359,0.13437,0.13429,0.13383,2757204.1,0.13402,369520.493482,2757204.1,369520.493482,
2022-11-03 04:35:00+00:00,0.13379,0.13476,0.13383,0.13379,2339187.0,0.134042,313549.303854,2339187.0,313549.303854,
2022-11-03 04:40:00+00:00,0.13359,0.13433,0.13385,0.13425,985859.8,0.134005,132110.142499,985859.8,132110.142499,
2022-11-03 04:45:00+00:00,0.13346,0.13467,0.13415,0.13375,2950384.1,0.134008,395375.0724728,2950384.1,395375.0724728,
2022-11-03 04:50:00+00:00,0.13307,0.134,0.13364,0.1337,4005767.3,0.133602,535178.5228146,4005767.3,535178.5228146,
2022-11-03 04:55:00+00:00,0.13354,0.13428,0.13374,0.13411,2004137.3,0.133918,268390.0589414,2004137.3,268390.0589414,
2022-11-03 05:00:00+00:00,0.13317,0.13422,0.13415,0.13323,5709344.2,0.133692,763293.6447864,5709344.2,763293.6447864,
2022-11-03 05:05:00+00:00,0.13272,0.13366,0.13328,0.13312,5471868.9,0.133195,728825.5781355,5471868.9,728825.5781355,
2022-11-03 05:10:00+00:00,0.13245,0.13356,0.13308,0.13276,5005830.7,0.132962,665585.2615334,5005830.7,665585.2615334,
2022-11-03 05:15:00+00:00,0.13254,0.13316,0.13277,0.13277,6614202.9,0.13281,878432.287149,6614202.9,878432.287149,
2022-11-03 05:20:00+00:00,0.13261,0.13302,0.13276,0.13271,3909460.2,0.132775,519078.578055,3909460.2,519078.578055,
2022-11-03 05:25:00+00:00,0.13266,0.13305,0.13272,0.13279,2690512.9,0.132805,357313.5656845,2690512.9,357313.5656845,
2022-11-03 05:30:00+00:00,0.13241,0.13303,0.13284,0.133,3022652.0,0.13282,401468.63864,3022652.0,401468.63864,
2022-11-03 05:35:00+00:00,0.13267,0.13377,0.133,0.13292,4815312.0,0.13309,640869.87408,4815312.0,640869.87408,
2022-11-03 05:40:00+00:00,0.13274,0.13339,0.13286,0.13278,3059053.2,0.132942,406676.6505144,3059053.2,406676.6505144,
2022-11-03 05:45:00+00:00,0.13256,0.1331,0.13277,0.13286,3234541.0,0.132822,429618.204702,3234541.0,429618.204702,
2022-11-03 05:50:00+00:00,0.13258,0.133,0.13287,0.13263,3093366.3,0.13277,410706.243651,3093366.3,410706.243651,
2022-11-03 05:55:00+00:00,0.13207,0.133,0.13266,0.13296,5115881.6,0.132672,678734.2436352,5115881.6,678734.2436352,
2022-11-03 06:00:00+00:00,0.13237,0.1335,0.13295,0.13245,5566691.5,0.132818,739356.831647,5566691.5,739356.831647,
2022-11-03 06:05:00+00:00,0.13117,0.13248,0.13245,0.13189,7481678.7,0.131998,987566.6250426,7481678.7,987566.6250426,
2022-11-03 06:10:00+00:00,0.13144,0.13182,0.13173,0.13176,3563437.9,0.131688,469262.0101752,3563437.9,469262.0101752,
2022-11-03 06:15:00+00:00,0.13154,0.13236,0.13168,0.13186,2804685.3,0.13186,369825.803658,2804685.3,369825.803658,
2022-11-03 06:20:00+00:00,0.13184,0.13223,0.13184,0.13198,3328454.7,0.131972,439262.8236684,3328454.7,439262.8236684,
2022-11-03 06:25:00+00:00,0.13116,0.13209,0.132,0.13173,5525126.0,0.131745,727907.72487,5525126.0,727907.72487,
2022-11-03 06:30:00+00:00,0.13168,0.13228,0.13175,0.13216,2569814.4,0.131968,339133.2667392,2569814.4,339133.2667392,
2022-11-03 06:35:00+00:00,0.13147,0.13224,0.13219,0.13189,2379088.1,0.131948,313915.9166188,2379088.1,313915.9166188,
2022-11-03 06:40:00+00:00,0.13178,0.13215,0.13188,0.13194,3047056.6,0.131937,402019.5066342,3047056.6,402019.5066342,
2022-11-03 06:45:00+00:00,0.13182,0.13238,0.13193,0.13238,1813921.1,0.132128,239669.7671008,1813921.1,239669.7671008,
2022-11-03 06:50:00+00:00,0.13222,0.13269,0.13235,0.13258,2421234.4,0.13246,320716.708624,2421234.4,320716.708624,
2022-11-03 06:55:00+00:00,0.13196,0.13268,0.13255,0.13217,1680550.1,0.13234,222404.000234,1680550.1,222404.000234,
2022-11-03 07:00:00+00:00,0.1322,0.13256,0.13228,0.13229,2141525.9,0.132333,283394.5469247,2141525.9,283394.5469247,
2022-11-03 07:05:00+00:00,0.13224,0.13315,0.13224,0.13296,2511168.2,0.132648,333101.4393936,2511168.2,333101.4393936,
2022-11-03 07:10:00+00:00,0.13257,0.13327,0.13291,0.13285,2462923.2,0.1329,327322.49328,2462923.2,327322.49328,
2022-11-03 07:15:00+00:00,0.13278,0.1332,0.13282,0.13282,1891181.1,0.132905,251347.4240955,1891181.1,251347.4240955,
2022-11-03 07:20:00+00:00,0.13183,0.13293,0.13284,0.13189,2252478.2,0.132372,298165.0442904,2252478.2,298165.0442904,
2022-11-03 07:25:00+00:00,0.1302,0.13195,0.13189,0.1305,8058243.7,0.131135,1056717.7875995,8058243.7,1056717.7875995,
2022-11-03 07:30:00+00:00,0.13046,0.13178,0.13053,0.13146,6199286.4,0.131058,812466.0770112,6199286.4,812466.0770112,
2022-11-03 07:35:00+00:00,0.13074,0.13157,0.13149,0.13109,2304540.8,0.131222,302406.4528576,2304540.8,302406.4528576,
2022-11-03 07:40:00+00:00,0.13086,0.13128,0.13109,0.13087,2065883.2,0.131025,270682.34628,2065883.2,270682.34628,
2022-11-03 07:45:00+00:00,0.13084,0.13171,0.13087,0.13119,2921535.1,0.131152,383165.1714352,2921535.1,383165.1714352,
2022-11-03 07:50:00+00:00,0.13072,0.13128,0.13116,0.13079,2352249.5,0.130988,308116.457506,2352249.5,308116.457506,
2022-11-03 07:55:00+00:00,0.13074,0.13122,0.13085,0.13087,2668635.9,0.13092,349377.812028,2668635.9,349377.812028,
2022-11-03 08:00:00+00:00,0.12872,0.13114,0.1309,0.12988,13761218.6,0.13016,1791160.212976,13761218.6,1791160.212976,
2022-11-03 08:05:00+00:00,0.12964,0.13178,0.12988,0.13165,5393365.5,0.130738,705117.818739,5393365.5,705117.818739,
2022-11-03 08:10:00+00:00,0.13155,0.13218,0.13157,0.13214,3309408.4,0.13186,436378.591624,3309408.4,436378.591624,
2022-11-03 08:15:00+00:00,0.13155,0.13241,0.13216,0.1318,3624023.6,0.13198,478298.634728,3624023.6,478298.634728,
2022-11-03 08:20:00+00:00,0.13111,0.13204,0.13185,0.13111,2833133.9,0.131528,372636.4355992,2833133.9,372636.4355992,
2022-11-03 08:25:00+00:00,0.13058,0.13115,0.13113,0.13083,3257908.3,0.130922,426531.8704526,3257908.3,426531.8704526,
2022-11-03 08:30:00+00:00,0.13041,0.13102,0.13083,0.13094,3355283.1,0.1308,438871.02948,3355283.1,438871.02948,
2022-11-03 08:35:00+00:00,0.13086,0.13142,0.13095,0.13104,2390395.4,0.131068,313304.3442872,2390395.4,313304.3442872,
2022-11-03 08:40:00+00:00,0.13089,0.13134,0.13103,0.13094,2165420.3,0.13105,283778.330315,2165420.3,283778.330315,
2022-11-03 08:45:00+00:00,0.13096,0.13158,0.13096,0.1314,1862738.7,0.131225,244437.8859075,1862738.7,244437.8859075,
2022-11-03 08:50:00+00:00,0.13072,0.13154,0.13136,0.13075,3000700.5,0.131092,393367.829946,3000700.5,393367.829946,
2022-11-03 08:55:00+00:00,0.1306,0.13123,0.13075,0.13121,2328345.9,0.130948,304892.2389132,2328345.9,304892.2389132,
2022-11-03 09:00:00+00:00,0.13113,0.13246,0.13118,0.13196,5907801.9,0.131682,777951.1697958,5907801.9,777951.1697958,
2022-11-03 09:05:00+00:00,0.13134,0.13195,0.13194,0.13136,1983120.6,0.131648,261073.8607488,1983120.6,261073.8607488,
2022-11-03 09:10:00+00:00,0.13139,0.13208,0.13139,0.1319,2276056.7,0.13169,299733.906823,2276056.7,299733.906823,
2022-11-03 09:15:00+00:00,0.13179,0.13202,0.13193,0.13183,1261945.0,0.131892,166440.44994,1261945.0,166440.44994,
2022-11-03 09:20:00+00:00,0.13167,0.13281,0.13178,0.13257,2569420.5,0.132208,339697.945464,2569420.5,339697.945464,
2022-11-03 09:25:00+00:00,0.13185,0.13255,0.13255,0.13211,2330587.3,0.132265,308255.1292345,2330587.3,308255.1292345,
2022-11-03 09:30:00+00:00,0.13191,0.1331,0.13212,0.13289,3798254.3,0.132505,503287.6860215,3798254.3,503287.6860215,
2022-11-03 09:35:00+00:00,0.13263,0.13429,0.13287,0.13414,9825206.1,0.133482,1311488.1606402,9825206.1,1311488.1606402,
2022-11-03 09:40:00+00:00,0.13314,0.13418,0.13413,0.13344,2925030.6,0.133722,391140.9418932,2925030.6,391140.9418932,
2022-11-03 09:45:00+00:00,0.13255,0.13356,0.13342,0.13262,3496598.6,0.133038,465180.4845468,3496598.6,465180.4845468,
2022-11-03 09:50:00+00:00,0.13258,0.13359,0.13266,0.13356,2947158.2,0.133098,392260.8621036,2947158.2,392260.8621036,
2022-11-03 09:55:00+00:00,0.13345,0.13548,0.13347,0.13468,8704582.2,0.13427,1168764.251994,8704582.2,1168764.251994,
2022-11-03 10:00:00+00:00,0.13412,0.13516,0.13477,0.13509,6560865.5,0.134785,884306.2564175,6560865.5,884306.2564175,
2022-11-03 10:05:00+00:00,0.13452,0.13597,0.13503,0.13458,5913823.1,0.135025,798513.9640775,5913823.1,798513.9640775,
2022-11-03 10:10:00+00:00,0.13355,0.13483,0.13459,0.13425,2641207.2,0.134305,354727.332996,2641207.2,354727.332996,
2022-11-03 10:15:00+00:00,0.13383,0.13501,0.13424,0.13389,4704089.1,0.134242,631486.3289622,4704089.1,631486.3289622,
2022-11-03 10:20:00+00:00,0.13291,0.13406,0.13395,0.13352,7896545.0,0.13361,1055057.37745,7896545.0,1055057.37745,
2022-11-03 10:25:00+00:00,0.13314,0.13427,0.13351,0.13353,3746620.9,0.133613,500597.2583117,3746620.9,500597.2583117,
2022-11-03 10:30:00+00:00,0.13322,0.13404,0.13353,0.13373,4234352.4,0.13363,565836.511212,4234352.4,565836.511212,
2022-11-03 10:35:00+00:00,0.13322,0.13394,0.13375,0.13324,1757990.9,0.133538,234758.5888042,1757990.9,234758.5888042,
2022-11-03 10:40:00+00:00,0.13278,0.13351,0.13323,0.13291,4750518.5,0.133108,632332.016498,4750518.5,632332.016498,
2022-11-03 10:45:00+00:00,0.13219,0.13338,0.13292,0.13334,3479159.8,0.132958,462582.1286884,3479159.8,462582.1286884,
2022-11-03 10:50:00+00:00,0.13291,0.13399,0.13334,0.13371,5661244.2,0.133487,755702.5045254,5661244.2,755702.5045254,
2022-11-03 10:55:00+00:00,0.13348,0.1339,0.13369,0.13376,3000113.3,0.133707,401136.1490031,3000113.3,401136.1490031,
2022-11-03 11:00:00+00:00,0.13286,0.13379,0.13375,0.13287,3762538.2,0.133317,501610.3052094,3762538.2,501610.3052094,
2022-11-03 11:05:00+00:00,0.1324,0.13321,0.1329,0.13283,2652554.3,0.132835,352352.0504405,2652554.3,352352.0504405,
2022-11-03 11:10:00+00:00,0.13231,0.13289,0.13276,0.13245,2678363.2,0.132602,355156.3170464,2678363.2,355156.3170464,
2022-11-03 11:15:00+00:00,0.13162,0.13276,0.13246,0.1318,5755980.4,0.13216,760710.369664,5755980.4,760710.369664,
2022-11-03 11:20:00+00:00,0.1313,0.13217,0.13183,0.13183,4029227.6,0.131782,530979.6715832,4029227.6,530979.6715832,
2022-11-03 11:25:00+00:00,0.13157,0.13254,0.13186,0.13244,2749405.4,0.132102,363201.9521508,2749405.4,363201.9521508,
2022-11-03 11:30:00+00:00,0.13064,0.1328,0.13242,0.131,3594909.9,0.131715,473503.5574785,3594909.9,473503.5574785,
2022-11-03 11:35:00+00:00,0.1304,0.13144,0.13095,0.13065,2743227.3,0.13086,358978.724478,2743227.3,358978.724478,
2022-11-03 11:40:00+00:00,0.12958,0.13098,0.13067,0.13018,4943843.3,0.130353,644444.8056849,4943843.3,644444.8056849,
2022-11-03 11:45:00+00:00,0.12797,0.13033,0.13018,0.12905,9616683.3,0.129383,1244235.3354039,9616683.3,1244235.3354039,
2022-11-03 11:50:00+00:00,0.1289,0.1307,0.129,0.13052,5612174.8,0.12978,728348.045544,5612174.8,728348.045544,
2022-11-03 11:55:00+00:00,0.12954,0.13047,0.13047,0.1298,2718251.7,0.13007,353562.998619,2718251.7,353562.998619,
2022-11-03 12:00:00+00:00,0.12883,0.13011,0.12982,0.13008,6351838.0,0.12971,823896.90698,6351838.0,823896.90698,
2022-11-03 12:05:00+00:00,0.12987,0.1308,0.13013,0.13039,4159635.2,0.130298,541992.1472896,4159635.2,541992.1472896,
2022-11-03 12:10:00+00:00,0.12929,0.13046,0.13044,0.12995,2546440.2,0.130035,331126.351407,2546440.2,331126.351407,
2022-11-03 12:15:00+00:00,0.12938,0.13028,0.13002,0.12956,3120374.8,0.12981,405055.852788,3120374.8,405055.852788,
2022-11-03 12:20:00+00:00,0.12866,0.12948,0.12948,0.12902,4121264.3,0.12916,532302.496988,4121264.3,532302.496988,
2022-11-03 12:25:00+00:00,0.12889,0.12949,0.129,0.12935,3422248.6,0.129182,442092.9186452,3422248.6,442092.9186452,
2022-11-03 12:30:00+00:00,0.12919,0.13021,0.12936,0.1299,5146608.6,0.129665,667335.004119,5146608.6,667335.004119,
2022-11-03 12:35:00+00:00,0.12886,0.13006,0.12984,0.12916,3529938.8,0.12948,457056.475824,3529938.8,457056.475824,
2022-11-03 12:40:00+00:00,0.12889,0.12969,0.12916,0.12918,3083347.6,0.12923,398461.010348,3083347.6,398461.010348,
2022-11-03 12:45:00+00:00,0.12662,0.12934,0.1292,0.12725,8012152.0,0.128103,1026380.707656,8012152.0,1026380.707656,
2022-11-03 12:50:00+00:00,0.12689,0.12898,0.12719,0.12828,6952701.7,0.127835,888798.6218195,6952701.7,888798.6218195,
2022-11-03 12:55:00+00:00,0.12819,0.12906,0.12829,0.12864,4046416.7,0.128545,520146.6347015,4046416.7,520146.6347015,
2022-11-03 13:00:00+00:00,0.12835,0.12947,0.1287,0.12915,6739155.4,0.128917,868791.6967018,6739155.4,868791.6967018,
2022-11-03 13:05:00+00:00,0.12861,0.12929,0.12915,0.12921,5189938.5,0.129065,669839.4125025,5189938.5,669839.4125025,
2022-11-03 13:10:00+00:00,0.12889,0.12923,0.12923,0.12908,2774692.2,0.129108,358234.9605576,2774692.2,358234.9605576,
2022-11-03 13:15:00+00:00,0.12837,0.12916,0.12903,0.12855,7558780.8,0.128777,973397.1150816,7558780.8,973397.1150816,
2022-11-03 13:20:00+00:00,0.12802,0.12925,0.12857,0.12911,5252806.9,0.128738,676235.8546922,5252806.9,676235.8546922,
2022-11-03 13:25:00+00:00,0.12901,0.12996,0.12915,0.12975,9088226.0,0.129467,1176625.355542,9088226.0,1176625.355542,
2022-11-03 13:30:00+00:00,0.12869,0.13036,0.12978,0.12981,12102918.9,0.12966,1569264.464574,12102918.9,1569264.464574,
2022-11-03 13:35:00+00:00,0.12933,0.13041,0.12983,0.12999,6722024.8,0.12989,873123.801272,6722024.8,873123.801272,
2022-11-03 13:40:00+00:00,0.12967,0.1304,0.12999,0.12977,8329475.4,0.129958,1082481.9640332,8329475.4,1082481.9640332,
2022-11-03 13:45:00+00:00,0.12931,0.12997,0.12972,0.12956,5659717.4,0.12964,733725.763736,5659717.4,733725.763736,
2022-11-03 13:50:00+00:00,0.12835,0.12962,0.12948,0.12847,3831558.2,0.12898,494194.376636,3831558.2,494194.376636,
2022-11-03 13:55:00+00:00,0.12766,0.12879,0.12846,0.12807,5100744.2,0.128245,654144.939929,5100744.2,654144.939929,
2022-11-03 14:00:00+00:00,0.1281,0.13008,0.1281,0.12983,4138326.1,0.129027,533955.8017047,4138326.1,533955.8017047,
2022-11-03 14:05:00+00:00,0.12907,0.13026,0.1299,0.1293,6574742.3,0.129632,852296.9938336,6574742.3,852296.9938336,
2022-11-03 14:10:00+00:00,0.12921,0.13019,0.12925,0.13016,6207321.9,0.129702,805102.0650738,6207321.9,805102.0650738,
2022-11-03 14:15:00+00:00,0.12989,0.13084,0.13014,0.13029,6693447.0,0.13029,872089.20963,6693447.0,872089.20963,
2022-11-03 14:20:00+00:00,0.13022,0.13107,0.1303,0.13076,6237475.0,0.130588,814539.3853,6237475.0,814539.3853,
2022-11-03 14:25:00+00:00,0.13079,0.1316,0.13079,0.1311,6307400.7,0.13107,826711.009749,6307400.7,826711.009749,
2022-11-03 14:30:00+00:00,0.13042,0.13121,0.13111,0.13074,3209411.7,0.13087,420015.709179,3209411.7,420015.709179,
2022-11-03 14:35:00+00:00,0.13073,0.13137,0.13073,0.13124,3126425.2,0.131018,409617.9768536,3126425.2,409617.9768536,
2022-11-03 14:40:00+00:00,0.13099,0.13181,0.13123,0.13144,3324058.6,0.131368,436674.9301648,3324058.6,436674.9301648,
2022-11-03 14:45:00+00:00,0.13097,0.13181,0.13145,0.13146,4879365.6,0.131423,641260.8652488,4879365.6,641260.8652488,
2022-11-03 14:50:00+00:00,0.13136,0.13204,0.13146,0.13146,4376188.6,0.13158,575818.895988,4376188.6,575818.895988,
2022-11-03 14:55:00+00:00,0.13117,0.13174,0.1315,0.13126,3326435.7,0.131418,437153.5268226,3326435.7,437153.5268226,
2022-11-03 15:00:00+00:00,0.13045,0.13173,0.13125,0.13064,6752372.5,0.131018,884682.340205,6752372.5,884682.340205,
2022-11-03 15:05:00+00:00,0.13043,0.13125,0.13069,0.13125,4346088.0,0.130905,568924.64964,4346088.0,568924.64964,
2022-11-03 15:10:00+00:00,0.13078,0.13145,0.13115,0.13083,3059937.0,0.131053,401013.923661,3059937.0,401013.923661,
2022-11-03 15:15:00+00:00,0.13048,0.13118,0.13085,0.13072,3031787.6,0.130808,396582.0723808,3031787.6,396582.0723808,
2022-11-03 15:20:00+00:00,0.13042,0.13091,0.13072,0.13055,3038407.6,0.13065,396967.95294,3038407.6,396967.95294,
2022-11-03 15:25:00+00:00,0.13036,0.13089,0.13055,0.13048,2254043.5,0.13057,294310.459795,2254043.5,294310.459795,
2022-11-03 15:30:00+00:00,0.12979,0.13063,0.13046,0.12991,3070673.6,0.130198,399795.5613728,3070673.6,399795.5613728,
2022-11-03 15:35:00+00:00,0.12994,0.13129,0.12998,0.13127,2175047.0,0.13062,284104.63914,2175047.0,284104.63914,
2022-11-03 15:40:00+00:00,0.13106,0.13198,0.1313,0.13176,4251385.2,0.131525,559163.43843,4251385.2,559163.43843,
2022-11-03 15:45:00+00:00,0.13109,0.13195,0.13175,0.13117,1552687.2,0.13149,204162.839928,1552687.2,204162.839928,
2022-11-03 15:50:00+00:00,0.13074,0.13144,0.13122,0.13096,3134237.4,0.13109,410867.180766,3134237.4,410867.180766,
2022-11-03 15:55:00+00:00,0.13086,0.13142,0.13092,0.13116,1891613.0,0.13109,247971.54817,1891613.0,247971.54817,
2022-11-03 16:00:00+00:00,0.13097,0.1317,0.13118,0.1316,2160725.1,0.131362,283837.1705862,2160725.1,283837.1705862,
2022-11-03 16:05:00+00:00,0.13072,0.13178,0.13164,0.13081,4364479.1,0.131238,572785.5081258,4364479.1,572785.5081258,
2022-11-03 16:10:00+00:00,0.1307,0.13119,0.13076,0.13097,3623791.2,0.130905,474372.387036,3623791.2,474372.387036,
2022-11-03 16:15:00+00:00,0.13086,0.13129,0.13093,0.13112,2095696.4,0.13105,274641.01322,2095696.4,274641.01322,
2022-11-03 16:20:00+00:00,0.13009,0.13101,0.131,0.13034,3239214.4,0.13061,423073.792784,3239214.4,423073.792784,
2022-11-03 16:25:00+00:00,0.13027,0.13078,0.13034,0.13054,2905440.6,0.130482,379107.7003692,2905440.6,379107.7003692,
2022-11-03 16:30:00+00:00,0.13051,0.1311,0.13054,0.13098,1544404.0,0.130782,201980.243928,1544404.0,201980.243928,
2022-11-03 16:35:00+00:00,0.13017,0.131,0.13096,0.1305,1948538.7,0.130657,254590.2209259,1948538.7,254590.2209259,
2022-11-03 16:40:00+00:00,0.13037,0.13107,0.13049,0.13089,1425149.3,0.130705,186274.1392565,1425149.3,186274.1392565,
2022-11-03 16:45:00+00:00,0.13082,0.13148,0.13086,0.1312,1761743.2,0.13109,230946.916088,1761743.2,230946.916088,
2022-11-03 16:50:00+00:00,0.13119,0.13175,0.13123,0.13136,3720845.1,0.131382,488852.0709282,3720845.1,488852.0709282,
2022-11-03 16:55:00+00:00,0.1311,0.13158,0.13133,0.13133,2636017.7,0.131335,346201.3846295,2636017.7,346201.3846295,
2022-11-03 17:00:00+00:00,0.13083,0.13149,0.13138,0.1309,4957955.6,0.13115,650235.87694,4957955.6,650235.87694,
2022-11-03 17:05:00+00:00,0.13062,0.13111,0.13094,0.13097,2360436.1,0.13091,309004.689851,2360436.1,309004.689851,
2022-11-03 17:10:00+00:00,0.13045,0.13107,0.13097,0.13064,2213866.5,0.130782,289533.888603,2213866.5,289533.888603,
2022-11-03 17:15:00+00:00,0.12964,0.13082,0.1306,0.12984,4023625.2,0.130225,523976.59167,4023625.2,523976.59167,
2022-11-03 17:20:00+00:00,0.12981,0.13015,0.12986,0.12985,1810956.0,0.129917,235273.970652,1810956.0,235273.970652,
2022-11-03 17:25:00+00:00,0.1296,0.13019,0.12987,0.13013,1621295.2,0.129948,210684.0686496,1621295.2,210684.0686496,
2022-11-03 17:30:00+00:00,0.12969,0.1303,0.1301,0.12978,1786968.5,0.129967,232246.9350395,1786968.5,232246.9350395,
2022-11-03 17:35:00+00:00,0.12926,0.13,0.12974,0.12939,3531236.9,0.129598,457641.2397662,3531236.9,457641.2397662,
2022-11-03 17:40:00+00:00,0.12831,0.12944,0.12938,0.12907,4753802.5,0.12905,613478.212625,4753802.5,613478.212625,
2022-11-03 17:45:00+00:00,0.12897,0.12992,0.12907,0.12953,2374708.0,0.129372,307220.723376,2374708.0,307220.723376,
2022-11-03 17:50:00+00:00,0.12811,0.12964,0.12957,0.12826,4479164.1,0.128895,577341.8566695,4479164.1,577341.8566695,
2022-11-03 17:55:00+00:00,0.12692,0.12877,0.12829,0.128,8880027.1,0.127995,1136599.0686645,8880027.1,1136599.0686645,
2022-11-03 18:00:00+00:00,0.12714,0.12842,0.12799,0.12724,9283135.9,0.127698,1185437.8881582,9283135.9,1185437.8881582,
2022-11-03 18:05:00+00:00,0.12728,0.12785,0.12733,0.12732,4363899.2,0.127445,556157.133544,4363899.2,556157.133544,
2022-11-03 18:10:00+00:00,0.12569,0.12746,0.1273,0.127,8472337.2,0.126862,1074817.6418664,8472337.2,1074817.6418664,
2022-11-03 18:15:00+00:00,0.12697,0.12797,0.127,0.12777,3821984.9,0.127428,487027.8918372,3821984.9,487027.8918372,
2022-11-03 18:20:00+00:00,0.12752,0.12796,0.12775,0.12778,3206595.1,0.127752,409648.9372152,3206595.1,409648.9372152,
2022-11-03 18:25:00+00:00,0.12752,0.12799,0.12776,0.12763,3250014.7,0.127725,415108.1275575,3250014.7,415108.1275575,
2022-11-03 18:30:00+00:00,0.12734,0.12799,0.12769,0.12777,5211602.0,0.127698,665511.152196,5211602.0,665511.152196,
2022-11-03 18:35:00+00:00,0.12749,0.12791,0.12776,0.1275,2762425.9,0.127665,352665.1025235,2762425.9,352665.1025235,
2022-11-03 18:40:00+00:00,0.12721,0.12764,0.12746,0.12754,2419047.7,0.127462,308336.6579374,2419047.7,308336.6579374,
2022-11-03 18:45:00+00:00,0.12748,0.12829,0.12752,0.12798,3425890.4,0.127818,437890.4591472,3425890.4,437890.4591472,
2022-11-03 18:50:00+00:00,0.1277,0.12827,0.12802,0.12816,1918172.5,0.128038,245598.970555,1918172.5,245598.970555,
2022-11-03 18:55:00+00:00,0.12806,0.12847,0.12816,0.12837,2444551.6,0.128265,313550.410974,2444551.6,313550.410974,
2022-11-03 19:00:00+00:00,0.12783,0.12847,0.12838,0.12792,2578036.0,0.12815,330375.3134,2578036.0,330375.3134,
2022-11-03 19:05:00+00:00,0.12778,0.12846,0.12791,0.12829,1381332.8,0.12811,176962.545008,1381332.8,176962.545008,
2022-11-03 19:10:00+00:00,0.12783,0.12841,0.12829,0.12828,2091684.8,0.128202,268158.1747296,2091684.8,268158.1747296,
2022-11-03 19:15:00+00:00,0.12796,0.12865,0.12828,0.12841,2472912.4,0.128325,317336.48373,2472912.4,317336.48373,
2022-11-03 19:20:00+00:00,0.128,0.12855,0.12843,0.12817,3567382.7,0.128288,457652.3918176,3567382.7,457652.3918176,
2022-11-03 19:25:00+00:00,0.12814,0.1287,0.12823,0.12868,2483251.4,0.128438,318943.8433132,2483251.4,318943.8433132,
2022-11-03 19:30:00+00:00,0.1286,0.12894,0.1287,0.12889,1875195.3,0.128782,241491.4011246,1875195.3,241491.4011246,
2022-11-03 19:35:00+00:00,0.12828,0.12885,0.12882,0.1288,1871834.7,0.128687,240880.7920389,1871834.7,240880.7920389,
2022-11-03 19:40:00+00:00,0.12845,0.12885,0.1288,0.12848,1432597.3,0.128645,184296.4796585,1432597.3,184296.4796585,
2022-11-03 19:45:00+00:00,0.12814,0.1286,0.1285,0.12827,2227192.6,0.128378,285922.5316028,2227192.6,285922.5316028,
2022-11-03 19:50:00+00:00,0.12794,0.12829,0.12825,0.12808,2963154.6,0.12814,379698.630444,2963154.6,379698.630444,
2022-11-03 19:55:00+00:00,0.12792,0.12845,0.12808,0.12834,1965398.8,0.128198,251960.1953624,1965398.8,251960.1953624,
2022-11-03 20:00:00+00:00,0.12764,0.1285,0.12845,0.12783,5116284.8,0.128105,655421.664304,5116284.8,655421.664304,
2022-11-03 20:05:00+00:00,0.1274,0.12785,0.12785,0.12757,2253845.3,0.127667,287741.6679151,2253845.3,287741.6679151,
2022-11-03 20:10:00+00:00,0.12747,0.12807,0.12755,0.12802,1635575.0,0.127777,208988.866775,1635575.0,208988.866775,
2022-11-03 20:15:00+00:00,0.12763,0.12816,0.128,0.12791,2009431.3,0.127925,257056.4990525,2009431.3,257056.4990525,
2022-11-03 20:20:00+00:00,0.12775,0.12808,0.1279,0.12806,1030023.6,0.127947,131788.4295492,1030023.6,131788.4295492,
2022-11-03 20:25:00+00:00,0.12799,0.12844,0.12804,0.12821,1426094.6,0.12817,182782.544882,1426094.6,182782.544882,
2022-11-03 20:30:00+00:00,0.12812,0.12931,0.12822,0.12885,2420230.3,0.128625,311302.1223375,2420230.3,311302.1223375,
2022-11-03 20:35:00+00:00,0.12878,0.12969,0.12884,0.12969,3777496.5,0.12925,488241.422625,3777496.5,488241.422625,
2022-11-03 20:40:00+00:00,0.12859,0.12971,0.12965,0.12899,1985239.7,0.129235,256562.4526295,1985239.7,256562.4526295,
2022-11-03 20:45:00+00:00,0.12889,0.1298,0.12897,0.12935,4089938.6,0.129252,528632.7439272,4089938.6,528632.7439272,
2022-11-03 20:50:00+00:00,0.12888,0.12947,0.12933,0.129,1821100.7,0.12917,235231.577419,1821100.7,235231.577419,
2022-11-03 20:55:00+00:00,0.12878,0.12945,0.12898,0.12881,3077092.6,0.129005,396960.330863,3077092.6,396960.330863,
2022-11-03 21:00:00+00:00,0.12873,0.12969,0.12882,0.12956,2022613.6,0.1292,261321.67712,2022613.6,261321.67712,
2022-11-03 21:05:00+00:00,0.1295,0.12985,0.1296,0.12968,1670586.7,0.129657,216603.2597619,1670586.7,216603.2597619,
2022-11-03 21:10:00+00:00,0.12952,0.1299,0.12968,0.1299,2973599.5,0.12975,385824.535125,2973599.5,385824.535125,
2022-11-03 21:15:00+00:00,0.12953,0.12996,0.1299,0.12968,2637132.5,0.129768,342215.41026,2637132.5,342215.41026,
2022-11-03 21:20:00+00:00,0.12962,0.13011,0.12963,0.12971,1567574.8,0.129767,203419.4790716,1567574.8,203419.4790716,
2022-11-03 21:25:00+00:00,0.12962,0.12987,0.12972,0.12976,431394.4,0.129742,55969.9722448,431394.4,55969.9722448,
2022-11-03 21:30:00+00:00,0.12957,0.12976,0.12973,0.12965,757043.9,0.129678,98171.9388642,757043.9,98171.9388642,
2022-11-03 21:35:00+00:00,0.12878,0.12973,0.12961,0.12963,2497562.5,0.129438,323279.494875,2497562.5,323279.494875,
2022-11-03 21:40:00+00:00,0.12912,0.12964,0.12956,0.12949,909428.4,0.129452,117727.3252368,909428.4,117727.3252368,
2022-11-03 21:45:00+00:00,0.12916,0.12977,0.1295,0.12934,1171548.0,0.129443,151648.687764,1171548.0,151648.687764,
2022-11-03 21:50:00+00:00,0.12919,0.1295,0.12936,0.12945,1014362.1,0.129375,131233.0966875,1014362.1,131233.0966875,
2022-11-03 21:55:00+00:00,0.12914,0.12946,0.12946,0.1292,497640.2,0.129315,64352.342463,497640.2,64352.342463,
2022-11-03 22:00:00+00:00,0.12797,0.12928,0.12918,0.12864,3693910.0,0.128768,475657.40288,3693910.0,475657.40288,
2022-11-03 22:05:00+00:00,0.12855,0.12891,0.12873,0.12872,1703140.0,0.128728,219241.80592,1703140.0,219241.80592,
2022-11-03 22:10:00+00:00,0.12811,0.12872,0.12872,0.12842,6424209.5,0.128493,825465.9512835,6424209.5,825465.9512835,
2022-11-03 22:15:00+00:00,0.12766,0.12841,0.12841,0.12799,5441027.7,0.128118,697093.5868686,5441027.7,697093.5868686,
2022-11-03 22:20:00+00:00,0.12763,0.1281,0.12799,0.128,2754761.1,0.12793,352416.587523,2754761.1,352416.587523,
2022-11-03 22:25:00+00:00,0.12797,0.12895,0.12801,0.12851,2558568.1,0.12836,328417.801316,2558568.1,328417.801316,
2022-11-03 22:30:00+00:00,0.12748,0.12854,0.12851,0.12748,3292177.8,0.128003,421408.6349334,3292177.8,421408.6349334,
2022-11-03 22:35:00+00:00,0.12739,0.12796,0.12751,0.1275,2623081.1,0.12759,334678.917549,2623081.1,334678.917549,
2022-11-03 22:40:00+00:00,0.12739,0.12798,0.12741,0.12746,5249120.5,0.12756,669577.81098,5249120.5,669577.81098,
2022-11-03 22:45:00+00:00,0.12673,0.12766,0.12744,0.12673,7333665.4,0.12714,932402.218956,7333665.4,932402.218956,
2022-11-03 22:50:00+00:00,0.1245,0.12689,0.12674,0.12532,7899491.0,0.125862,994245.736242,7899491.0,994245.736242,
2022-11-03 22:55:00+00:00,0.12435,0.12533,0.12533,0.12494,11231673.0,0.124988,1403824.344924,11231673.0,1403824.344924,
2022-11-03 23:00:00+00:00,0.12472,0.12634,0.12492,0.1257,9962381.7,0.12542,1249481.912814,9962381.7,1249481.912814,
2022-11-03 23:05:00+00:00,0.12197,0.12588,0.12567,0.12279,18700572.6,0.124078,2320329.6470628,18700572.6,2320329.6470628,
2022-11-03 23:10:00+00:00,0.11953,0.12309,0.12282,0.12004,20379669.2,0.12137,2473480.450804,20379669.2,2473480.450804,
2022-11-03 23:15:00+00:00,0.11999,0.12222,0.12011,0.12203,14358684.4,0.121087,1738650.0179428,14358684.4,1738650.0179428,
2022-11-03 23:20:00+00:00,0.12141,0.12272,0.12201,0.1224,11253516.9,0.122135,1374448.2865815,11253516.9,1374448.2865815,
2022-11-03 23:25:00+00:00,0.12157,0.1225,0.12242,0.12173,4155938.2,0.122055,507253.037001,4155938.2,507253.037001,
2022-11-03 23:30:00+00:00,0.12172,0.12321,0.12173,0.12263,7238461.7,0.122322,885423.1120674,7238461.7,885423.1120674,
2022-11-03 23:35:00+00:00,0.12234,0.1235,0.12257,0.12262,6302205.6,0.122758,773646.1550448,6302205.6,773646.1550448,
2022-11-03 23:40:00+00:00,0.12088,0.12266,0.12259,0.12122,5319030.0,0.121838,648059.97714,5319030.0,648059.97714,
2022-11-03 23:45:00+00:00,0.12101,0.12212,0.12128,0.12208,5615152.5,0.121622,682926.077355,5615152.5,682926.077355,
2022-11-03 23:50:00+00:00,0.12195,0.12274,0.12208,0.12267,5493150.4,0.12236,672141.882944,5493150.4,672141.882944,
2022-11-03 23:55:00+00:00,0.1223,0.1228,0.12262,0.12261,4871765.8,0.122583,597195.6670614,4871765.8,597195.6670614,
2022-11-04 00:00:00+00:00,0.12103,0.12268,0.12256,0.12176,9178258.0,0.122007,1119811.723806,9178258.0,1119811.723806,
2022-11-04 00:05:00+00:00,0.11979,0.12225,0.12177,0.12121,13274046.3,0.121255,1609544.4841065,13274046.3,1609544.4841065,
2022-11-04 00:10:00+00:00,0.11871,0.12134,0.12129,0.12012,12993280.5,0.120365,1563936.2073825,12993280.5,1563936.2073825,
2022-11-04 00:15:00+00:00,0.11989,0.12158,0.12017,0.12149,8996016.0,0.120782,1086556.804512,8996016.0,1086556.804512,
2022-11-04 00:20:00+00:00,0.1213,0.12254,0.12149,0.12213,7557426.4,0.121865,920985.768236,7557426.4,920985.768236,
2022-11-04 00:25:00+00:00,0.12204,0.12274,0.12212,0.12233,6388723.3,0.122308,781391.9693764,6388723.3,781391.9693764,
2022-11-04 00:30:00+00:00,0.12215,0.12311,0.12227,0.12279,5348663.5,0.12258,655639.17183,5348663.5,655639.17183,
2022-11-04 00:35:00+00:00,0.12147,0.12279,0.12279,0.12157,6951482.4,0.122155,849158.332572,6951482.4,849158.332572,
2022-11-04 00:40:00+00:00,0.12086,0.12173,0.12156,0.12124,5469951.9,0.121348,663767.7231612,5469951.9,663767.7231612,
2022-11-04 00:45:00+00:00,0.12048,0.12139,0.12128,0.12056,5902188.1,0.120928,713739.8025568,5902188.1,713739.8025568,
2022-11-04 00:50:00+00:00,0.12039,0.12125,0.12057,0.12046,4480013.3,0.120668,540594.2448844,4480013.3,540594.2448844,
2022-11-04 00:55:00+00:00,0.11922,0.12055,0.1204,0.1196,8984499.9,0.119942,1077618.8870058,8984499.9,1077618.8870058,
2022-11-04 01:00:00+00:00,0.118,0.12031,0.11957,0.11949,13179603.3,0.119342,1572880.2170286,13179603.3,1572880.2170286,
2022-11-04 01:05:00+00:00,0.11933,0.12044,0.11947,0.12041,5773919.0,0.119912,692362.175128,5773919.0,692362.175128,
2022-11-04 01:10:00+00:00,0.11965,0.1205,0.12038,0.11991,6302360.1,0.12011,756976.471611,6302360.1,756976.471611,
2022-11-04 01:15:00+00:00,0.11913,0.12008,0.11994,0.11945,8024131.3,0.11965,960087.310045,8024131.3,960087.310045,
2022-11-04 01:20:00+00:00,0.11798,0.11947,0.11947,0.11813,12158673.0,0.118762,1443988.322826,12158673.0,1443988.322826,
2022-11-04 01:25:00+00:00,0.11587,0.11834,0.1181,0.11665,24649100.3,0.11724,2889860.519172,24649100.3,2889860.519172,
2022-11-04 01:30:00+00:00,0.11545,0.1175,0.11661,0.1169,15573874.5,0.116615,1816147.3748175,15573874.5,1816147.3748175,
2022-11-04 01:35:00+00:00,0.11657,0.11764,0.11687,0.11701,10684663.6,0.117022,1250340.7037992,10684663.6,1250340.7037992,
2022-11-04 01:40:00+00:00,0.11658,0.11827,0.11702,0.11799,7804442.3,0.117465,916748.8147695,7804442.3,916748.8147695,
2022-11-04 01:45:00+00:00,0.11718,0.11822,0.11801,0.11783,7012059.4,0.11781,826090.717914,7012059.4,826090.717914,
2022-11-04 01:50:00+00:00,0.11671,0.11789,0.11784,0.11684,5357906.8,0.11732,628589.625776,5357906.8,628589.625776,
2022-11-04 01:55:00+00:00,0.11598,0.1176,0.11683,0.11754,7578907.4,0.116988,886641.2189112,7578907.4,886641.2189112,
2022-11-04 02:00:00+00:00,0.11739,0.11899,0.11754,0.11862,7391766.2,0.118135,873226.300037,7391766.2,873226.300037,
2022-11-04 02:05:00+00:00,0.11851,0.11963,0.11861,0.11931,10405744.6,0.119015,1238439.693569,10405744.6,1238439.693569,
2022-11-04 02:10:00+00:00,0.11901,0.11958,0.11929,0.11932,4209294.0,0.1193,502168.7742,4209294.0,502168.7742,
2022-11-04 02:15:00+00:00,0.119,0.11947,0.11931,0.11934,3725715.6,0.11928,444403.356768,3725715.6,444403.356768,
2022-11-04 02:20:00+00:00,0.11846,0.1195,0.11929,0.11949,7877652.1,0.119185,938897.9655385,7877652.1,938897.9655385,
2022-11-04 02:25:00+00:00,0.11927,0.11983,0.11945,0.1194,5793163.0,0.119488,692213.460544,5793163.0,692213.460544,
2022-11-04 02:30:00+00:00,0.1192,0.11965,0.11944,0.11935,3582360.4,0.11941,427769.655364,3582360.4,427769.655364,
2022-11-04 02:35:00+00:00,0.11881,0.11947,0.1193,0.11923,2920304.4,0.119202,348106.1250888,2920304.4,348106.1250888,
2022-11-04 02:40:00+00:00,0.119,0.11979,0.11918,0.11978,3445281.3,0.119438,411497.5079094,3445281.3,411497.5079094,
2022-11-04 02:45:00+00:00,0.11818,0.12014,0.11975,0.11892,6806131.0,0.119248,811617.509488,6806131.0,811617.509488,
2022-11-04 02:50:00+00:00,0.11858,0.11905,0.11894,0.11898,2674027.9,0.118888,317909.8289752,2674027.9,317909.8289752,
2022-11-04 02:55:00+00:00,0.11859,0.11913,0.119,0.11869,3048555.2,0.118853,362329.9311856,3048555.2,362329.9311856,
2022-11-04 03:00:00+00:00,0.11852,0.11895,0.11865,0.11861,3275391.6,0.118682,388730.0258712,3275391.6,388730.0258712,
2022-11-04 03:05:00+00:00,0.11759,0.11877,0.1186,0.11759,4739186.5,0.118138,559878.014737,4739186.5,559878.014737,
2022-11-04 03:10:00+00:00,0.11752,0.11835,0.11762,0.11761,3885456.2,0.117775,457609.603955,3885456.2,457609.603955,
2022-11-04 03:15:00+00:00,0.11695,0.11785,0.11763,0.1174,6174332.8,0.117458,725224.7820224,6174332.8,725224.7820224,
2022-11-04 03:20:00+00:00,0.11648,0.11792,0.11742,0.11777,11586085.4,0.117398,1360183.2537892,11586085.4,1360183.2537892,
2022-11-04 03:25:00+00:00,0.11768,0.1188,0.11778,0.11833,7481380.5,0.118148,883910.143314,7481380.5,883910.143314,
2022-11-04 03:30:00+00:00,0.11822,0.11911,0.11834,0.1189,7044414.0,0.118642,835763.365788,7044414.0,835763.365788,
2022-11-04 03:35:00+00:00,0.11857,0.1192,0.11887,0.11887,4579874.5,0.118878,544446.320811,4579874.5,544446.320811,
2022-11-04 03:40:00+00:00,0.11866,0.11931,0.11887,0.11913,3033059.9,0.118992,360909.8636208,3033059.9,360909.8636208,
2022-11-04 03:45:00+00:00,0.11894,0.11945,0.11916,0.11905,2300595.0,0.11915,274115.89425,2300595.0,274115.89425,
2022-11-04 03:50:00+00:00,0.11851,0.11918,0.11902,0.11918,2998654.1,0.118972,356755.8755852,2998654.1,356755.8755852,
2022-11-04 03:55:00+00:00,0.11904,0.11957,0.11921,0.11948,4013652.5,0.119325,478929.0845625,4013652.5,478929.0845625,
2022-11-04 04:00:00+00:00,0.11875,0.11954,0.11951,0.119,3741155.4,0.1192,445945.72368,3741155.4,445945.72368,
2022-11-04 04:05:00+00:00,0.11852,0.11986,0.119,0.11938,6075661.0,0.11919,724158.03459,6075661.0,724158.03459,
2022-11-04 04:10:00+00:00,0.11816,0.11949,0.11937,0.11838,4683730.0,0.11885,556661.3105,4683730.0,556661.3105,
2022-11-04 04:15:00+00:00,0.11761,0.11841,0.1184,0.11839,5756190.8,0.118202,680393.2649416,5756190.8,680393.2649416,
2022-11-04 04:20:00+00:00,0.1183,0.11891,0.1184,0.11858,3359170.6,0.118548,398222.9562888,3359170.6,398222.9562888,
2022-11-04 04:25:00+00:00,0.11777,0.11872,0.11859,0.11854,7248184.6,0.118405,858221.297563,7248184.6,858221.297563,
2022-11-04 04:30:00+00:00,0.11789,0.11875,0.11857,0.11815,4014192.1,0.11834,475039.493114,4014192.1,475039.493114,
2022-11-04 04:35:00+00:00,0.11808,0.11858,0.11813,0.11825,2348805.5,0.11826,277769.73843,2348805.5,277769.73843,
2022-11-04 04:40:00+00:00,0.11805,0.11858,0.11826,0.11843,4150064.8,0.11833,491077.167784,4150064.8,491077.167784,
2022-11-04 04:45:00+00:00,0.11812,0.11892,0.11845,0.11878,4463229.1,0.118567,529191.6846997,4463229.1,529191.6846997,
2022-11-04 04:50:00+00:00,0.11868,0.11944,0.11881,0.11943,3612669.8,0.11909,430232.846482,3612669.8,430232.846482,
2022-11-04 04:55:00+00:00,0.1191,0.11961,0.11944,0.11939,3238744.9,0.119385,386657.5598865,3238744.9,386657.5598865,
2022-11-04 05:00:00+00:00,0.11844,0.11945,0.11937,0.11856,4322332.4,0.118955,514163.050642,4322332.4,514163.050642,
2022-11-04 05:05:00+00:00,0.11795,0.11864,0.11857,0.11805,5047127.1,0.118302,597085.2301842,5047127.1,597085.2301842,
2022-11-04 05:10:00+00:00,0.11765,0.11815,0.11805,0.11803,5910406.0,0.11797,697250.59582,5910406.0,697250.59582,
2022-11-04 05:15:00+00:00,0.11756,0.11845,0.11802,0.11808,4761557.9,0.118028,561997.1558212,4761557.9,561997.1558212,
2022-11-04 05:20:00+00:00,0.11762,0.11846,0.11808,0.1184,4196190.6,0.11814,495737.957484,4196190.6,495737.957484,
2022-11-04 05:25:00+00:00,0.1174,0.11845,0.11839,0.11743,4748511.0,0.117918,559934.920098,4748511.0,559934.920098,
2022-11-04 05:30:00+00:00,0.11719,0.11792,0.11742,0.11763,5951104.3,0.11754,699492.799422,5951104.3,699492.799422,
2022-11-04 05:35:00+00:00,0.11754,0.11914,0.11762,0.11904,9659581.2,0.118335,1143066.541302,9659581.2,1143066.541302,
2022-11-04 05:40:00+00:00,0.11872,0.12158,0.119,0.12127,14222185.0,0.120142,1708681.75027,14222185.0,1708681.75027,
2022-11-04 05:45:00+00:00,0.12092,0.12239,0.12132,0.12166,8555449.4,0.121572,1040103.0944568,8555449.4,1040103.0944568,
2022-11-04 05:50:00+00:00,0.12095,0.1219,0.1216,0.12161,9158934.0,0.121515,1112947.86501,9158934.0,1112947.86501,
2022-11-04 05:55:00+00:00,0.12005,0.12165,0.12163,0.12012,7199449.6,0.120862,870139.8775552,7199449.6,870139.8775552,
2022-11-04 06:00:00+00:00,0.12006,0.12117,0.12015,0.12117,5599899.4,0.120638,675560.6638172,5599899.4,675560.6638172,
2022-11-04 06:05:00+00:00,0.12112,0.12334,0.12115,0.1227,13846301.7,0.122078,1690328.8189326,13846301.7,1690328.8189326,
2022-11-04 06:10:00+00:00,0.12269,0.12438,0.12277,0.12322,11455029.9,0.123265,1412004.2606235,11455029.9,1412004.2606235,
2022-11-04 06:15:00+00:00,0.12313,0.12417,0.12317,0.12394,7057436.2,0.123602,872313.2291924,7057436.2,872313.2291924,
2022-11-04 06:20:00+00:00,0.12304,0.12428,0.12391,0.12314,7319301.9,0.123592,904607.1604248,7319301.9,904607.1604248,
2022-11-04 06:25:00+00:00,0.12217,0.12348,0.12313,0.1226,8077145.3,0.122845,992236.9143785,8077145.3,992236.9143785,
2022-11-04 06:30:00+00:00,0.12225,0.12362,0.12262,0.12318,7182191.0,0.122918,882820.553338,7182191.0,882820.553338,
2022-11-04 06:35:00+00:00,0.12205,0.12325,0.12314,0.1222,4369865.9,0.12266,536007.751294,4369865.9,536007.751294,
2022-11-04 06:40:00+00:00,0.12159,0.12305,0.1221,0.12168,10109421.7,0.122105,1234410.9366785,10109421.7,1234410.9366785,
2022-11-04 06:45:00+00:00,0.12164,0.12227,0.12166,0.12221,3659547.5,0.121945,446263.5198875,3659547.5,446263.5198875,
2022-11-04 06:50:00+00:00,0.12217,0.12324,0.12217,0.12293,4811875.5,0.122628,590070.668814,4811875.5,590070.668814,
2022-11-04 06:55:00+00:00,0.12266,0.12319,0.12297,0.12272,4358923.2,0.122885,535646.277432,4358923.2,535646.277432,
2022-11-04 07:00:00+00:00,0.12245,0.12286,0.12275,0.12255,3238308.5,0.122652,397185.014142,3238308.5,397185.014142,
2022-11-04 07:05:00+00:00,0.12192,0.12253,0.12252,0.12223,2416713.7,0.1223,295564.08551,2416713.7,295564.08551,
2022-11-04 07:10:00+00:00,0.1222,0.12355,0.12222,0.12259,5111373.6,0.12264,626858.858304,5111373.6,626858.858304,
2022-11-04 07:15:00+00:00,0.12172,0.12278,0.12257,0.12187,2646979.0,0.122235,323553.478065,2646979.0,323553.478065,
2022-11-04 07:20:00+00:00,0.12186,0.12255,0.12193,0.12239,2822727.2,0.122182,344886.4547504,2822727.2,344886.4547504,
2022-11-04 07:25:00+00:00,0.12204,0.12249,0.12242,0.12227,2315720.1,0.122305,283224.1468305,2315720.1,283224.1468305,
2022-11-04 07:30:00+00:00,0.12204,0.12291,0.12227,0.1228,4780752.0,0.122505,585666.02376,4780752.0,585666.02376,
2022-11-04 07:35:00+00:00,0.12238,0.1232,0.12282,0.1227,5036534.4,0.122775,618360.51096,5036534.4,618360.51096,
2022-11-04 07:40:00+00:00,0.12242,0.12291,0.12275,0.12267,1396306.4,0.122687,171308.6432968,1396306.4,171308.6432968,
2022-11-04 07:45:00+00:00,0.12268,0.12307,0.12277,0.12277,1999151.0,0.122822,245539.724122,1999151.0,245539.724122,
2022-11-04 07:50:00+00:00,0.12262,0.12304,0.12274,0.12295,2260995.4,0.122838,277736.1529452,2260995.4,277736.1529452,
2022-11-04 07:55:00+00:00,0.12282,0.12301,0.12296,0.12286,1742883.0,0.122913,214222.978179,1742883.0,214222.978179,
2022-11-04 08:00:00+00:00,0.1226,0.12312,0.12288,0.12307,3813841.4,0.122918,468789.7572052,3813841.4,468789.7572052,
2022-11-04 08:05:00+00:00,0.12307,0.12402,0.12309,0.12309,6157195.4,0.123318,759293.0223372,6157195.4,759293.0223372,
2022-11-04 08:10:00+00:00,0.12304,0.12362,0.12307,0.12337,3074622.1,0.123275,379024.0393775,3074622.1,379024.0393775,
2022-11-04 08:15:00+00:00,0.12177,0.12335,0.12335,0.122,4015570.6,0.122618,492381.2358308,4015570.6,492381.2358308,
2022-11-04 08:20:00+00:00,0.1208,0.12207,0.12203,0.1218,3863273.5,0.121675,470063.8031125,3863273.5,470063.8031125,
2022-11-04 08:25:00+00:00,0.12153,0.12234,0.12181,0.12173,3572791.1,0.121852,435351.7411172,3572791.1,435351.7411172,
2022-11-04 08:30:00+00:00,0.12168,0.12224,0.12173,0.12204,1376825.4,0.121922,167865.3064188,1376825.4,167865.3064188,
2022-11-04 08:35:00+00:00,0.12183,0.12245,0.12207,0.12195,2596951.9,0.122075,317022.9031925,2596951.9,317022.9031925,
2022-11-04 08:40:00+00:00,0.12161,0.12206,0.12194,0.12187,1914924.9,0.12187,233371.897563,1914924.9,233371.897563,
2022-11-04 08:45:00+00:00,0.12139,0.12214,0.12187,0.12139,2264583.9,0.121698,275595.3314622,2264583.9,275595.3314622,
2022-11-04 08:50:00+00:00,0.12098,0.12178,0.12144,0.12108,4162190.8,0.12132,504956.987856,4162190.8,504956.987856,
2022-11-04 08:55:00+00:00,0.12032,0.12136,0.12106,0.12066,10684152.7,0.12085,1291179.853795,10684152.7,1291179.853795,
2022-11-04 09:00:00+00:00,0.1203,0.12121,0.12065,0.12046,4599035.1,0.120655,554896.5799905,4599035.1,554896.5799905,
2022-11-04 09:05:00+00:00,0.11989,0.12086,0.12054,0.12014,6658268.4,0.120358,801375.8680872,6658268.4,801375.8680872,
2022-11-04 09:10:00+00:00,0.11842,0.12035,0.12012,0.11925,7291560.2,0.119535,871596.648507,7291560.2,871596.648507,
2022-11-04 09:15:00+00:00,0.11925,0.12017,0.11925,0.11997,4689465.7,0.11966,561141.465662,4689465.7,561141.465662,
2022-11-04 09:20:00+00:00,0.11945,0.12015,0.11997,0.11946,3561904.4,0.119758,426566.5471352,3561904.4,426566.5471352,
2022-11-04 09:25:00+00:00,0.11945,0.12012,0.1195,0.1199,2873212.7,0.119742,344044.2351234,2873212.7,344044.2351234,
2022-11-04 09:30:00+00:00,0.11971,0.1202,0.11989,0.11975,4040130.3,0.119888,484363.1414064,4040130.3,484363.1414064,
2022-11-04 09:35:00+00:00,0.11949,0.11991,0.1197,0.11966,1402855.3,0.11969,167907.750857,1402855.3,167907.750857,
2022-11-04 09:40:00+00:00,0.11944,0.11996,0.11964,0.11947,1925086.0,0.119628,230294.188008,1925086.0,230294.188008,
2022-11-04 09:45:00+00:00,0.11878,0.11959,0.11945,0.11897,2937652.5,0.119198,350162.302695,2937652.5,350162.302695,
2022-11-04 09:50:00+00:00,0.11819,0.11916,0.11899,0.11836,4755294.8,0.118675,564334.61039,4755294.8,564334.61039,
2022-11-04 09:55:00+00:00,0.11807,0.11879,0.11833,0.11873,2740146.5,0.11848,324652.55732,2740146.5,324652.55732,
2022-11-04 10:00:00+00:00,0.11877,0.11953,0.11878,0.11947,2957678.0,0.119138,352371.841564,2957678.0,352371.841564,
2022-11-04 10:05:00+00:00,0.11934,0.12009,0.11941,0.11951,4102779.4,0.119588,490643.1828872,4102779.4,490643.1828872,
2022-11-04 10:10:00+00:00,0.11836,0.11961,0.11949,0.11856,4870985.0,0.119005,579671.569925,4870985.0,579671.569925,
2022-11-04 10:15:00+00:00,0.11801,0.1188,0.11856,0.11869,3397748.7,0.118515,402684.1871805,3397748.7,402684.1871805,
2022-11-04 10:20:00+00:00,0.11871,0.11956,0.11871,0.11938,3650151.4,0.11909,434696.530226,3650151.4,434696.530226,
2022-11-04 10:25:00+00:00,0.11916,0.11962,0.11937,0.11962,1946170.8,0.119442,232454.5326936,1946170.8,232454.5326936,
2022-11-04 10:30:00+00:00,0.11819,0.11984,0.11956,0.11876,5903436.0,0.119088,703028.386368,5903436.0,703028.386368,
2022-11-04 10:35:00+00:00,0.11873,0.11937,0.11873,0.11905,1347886.7,0.11897,160358.080699,1347886.7,160358.080699,
2022-11-04 10:40:00+00:00,0.11884,0.1192,0.11906,0.11905,1263346.9,0.119037,150385.0249353,1263346.9,150385.0249353,
2022-11-04 10:45:00+00:00,0.11894,0.11939,0.11904,0.1193,1426271.7,0.119168,169965.9459456,1426271.7,169965.9459456,
2022-11-04 10:50:00+00:00,0.11894,0.11956,0.11931,0.11899,2886427.1,0.1192,344062.11032,2886427.1,344062.11032,
2022-11-04 10:55:00+00:00,0.11884,0.12037,0.11895,0.11995,8706895.9,0.119528,1040717.8531352,8706895.9,1040717.8531352,
2022-11-04 11:00:00+00:00,0.11918,0.12002,0.11992,0.11955,4053114.6,0.119668,485028.1179528,4053114.6,485028.1179528,
2022-11-04 11:05:00+00:00,0.11892,0.11985,0.11955,0.11948,7571042.0,0.11945,904360.9669,7571042.0,904360.9669,
2022-11-04 11:10:00+00:00,0.11901,0.11976,0.11947,0.11906,4373784.0,0.119325,521901.7758,4373784.0,521901.7758,
2022-11-04 11:15:00+00:00,0.11891,0.11961,0.11902,0.11938,4126241.1,0.11923,491971.726353,4126241.1,491971.726353,
2022-11-04 11:20:00+00:00,0.1192,0.11979,0.11938,0.1197,2359271.8,0.119518,281975.4469924,2359271.8,281975.4469924,
2022-11-04 11:25:00+00:00,0.1197,0.1202,0.11976,0.1199,4096226.9,0.11989,491096.643041,4096226.9,491096.643041,
2022-11-04 11:30:00+00:00,0.11958,0.12011,0.11987,0.11999,4598380.2,0.119888,551290.6054176,4598380.2,551290.6054176,
2022-11-04 11:35:00+00:00,0.11973,0.12038,0.12002,0.12002,3593431.1,0.120038,431348.2823818,3593431.1,431348.2823818,
2022-11-04 11:40:00+00:00,0.1192,0.12013,0.12,0.11926,6119275.4,0.119648,732159.0630592,6119275.4,732159.0630592,
2022-11-04 11:45:00+00:00,0.11923,0.1199,0.11926,0.11949,3877144.3,0.11947,463202.429521,3877144.3,463202.429521,
2022-11-04 11:50:00+00:00,0.11898,0.11968,0.11954,0.1196,2603808.5,0.11945,311024.925325,2603808.5,311024.925325,
2022-11-04 11:55:00+00:00,0.11894,0.11958,0.11957,0.11908,3658648.0,0.119293,436451.095864,3658648.0,436451.095864,
2022-11-04 12:00:00+00:00,0.11865,0.11932,0.11911,0.11876,4173694.3,0.11896,496502.673928,4173694.3,496502.673928,
2022-11-04 12:05:00+00:00,0.11829,0.11906,0.1188,0.11845,11403445.0,0.11865,1353018.74925,11403445.0,1353018.74925,
2022-11-04 12:10:00+00:00,0.11839,0.11884,0.11843,0.11863,4765855.8,0.118572,565097.0539176,4765855.8,565097.0539176,
2022-11-04 12:15:00+00:00,0.11845,0.119,0.1186,0.11866,4991127.2,0.118677,592332.0027144,4991127.2,592332.0027144,
2022-11-04 12:20:00+00:00,0.11856,0.11908,0.11867,0.11871,2051271.8,0.118755,243598.782609,2051271.8,243598.782609,
2022-11-04 12:25:00+00:00,0.11692,0.11892,0.11873,0.11865,7667299.0,0.118305,907079.808195,7667299.0,907079.808195,
2022-11-04 12:30:00+00:00,0.11701,0.1208,0.11873,0.11999,12125627.6,0.119132,1444550.2672432,12125627.6,1444550.2672432,
2022-11-04 12:35:00+00:00,0.1199,0.12213,0.12001,0.12195,15792362.9,0.120998,1910844.3261742,15792362.9,1910844.3261742,
2022-11-04 12:40:00+00:00,0.12053,0.12228,0.12189,0.12083,7554365.7,0.121382,916964.0173974,7554365.7,916964.0173974,
2022-11-04 12:45:00+00:00,0.12091,0.12208,0.12091,0.12133,12315867.4,0.121308,1494013.2425592,12315867.4,1494013.2425592,
2022-11-04 12:50:00+00:00,0.12106,0.12195,0.12135,0.12125,6217722.8,0.121402,754843.9833656,6217722.8,754843.9833656,
2022-11-04 12:55:00+00:00,0.12104,0.12231,0.12137,0.12222,6252969.7,0.121735,761205.2664295,6252969.7,761205.2664295,
2022-11-04 13:00:00+00:00,0.12223,0.12419,0.12223,0.12374,12292460.7,0.123098,1513177.3272486,12292460.7,1513177.3272486,
2022-11-04 13:05:00+00:00,0.12223,0.12381,0.12378,0.12307,7556772.5,0.123223,931168.1777675,7556772.5,931168.1777675,
2022-11-04 13:10:00+00:00,0.12246,0.12321,0.12307,0.12301,14184595.6,0.122938,1743825.8138728,14184595.6,1743825.8138728,
2022-11-04 13:15:00+00:00,0.12291,0.12525,0.12302,0.12446,12773979.1,0.12391,1582823.750281,12773979.1,1582823.750281,
2022-11-04 13:20:00+00:00,0.12381,0.12479,0.12452,0.1244,4572312.6,0.12438,568704.241188,4572312.6,568704.241188,
2022-11-04 13:25:00+00:00,0.12437,0.12655,0.12443,0.12586,8833275.5,0.125302,1106827.086701,8833275.5,1106827.086701,
2022-11-04 13:30:00+00:00,0.12412,0.12717,0.12585,0.12482,15582447.5,0.12549,1955441.336775,15582447.5,1955441.336775,
2022-11-04 13:35:00+00:00,0.12385,0.12511,0.12486,0.12424,6680695.0,0.124515,831846.737925,6680695.0,831846.737925,
2022-11-04 13:40:00+00:00,0.12365,0.12431,0.12424,0.12376,8657605.7,0.12399,1073456.530743,8657605.7,1073456.530743,
2022-11-04 13:45:00+00:00,0.12302,0.12453,0.12377,0.12308,14147893.9,0.1236,1748679.68604,14147893.9,1748679.68604,
2022-11-04 13:50:00+00:00,0.12274,0.12365,0.12308,0.12358,8498749.2,0.123262,1047572.8238904,8498749.2,1047572.8238904,
2022-11-04 13:55:00+00:00,0.12349,0.12418,0.12356,0.124,5391793.3,0.123808,667547.1448864,5391793.3,667547.1448864,
2022-11-04 14:00:00+00:00,0.12356,0.1244,0.12409,0.12403,6236025.4,0.12402,773391.870108,6236025.4,773391.870108,
2022-11-04 14:05:00+00:00,0.12397,0.12502,0.12402,0.12492,8308405.6,0.124482,1034246.9458992,8308405.6,1034246.9458992,
2022-11-04 14:10:00+00:00,0.12471,0.12632,0.12496,0.12632,13149009.2,0.125578,1651226.2773176,13149009.2,1651226.2773176,
2022-11-04 14:15:00+00:00,0.12553,0.12705,0.12628,0.12559,12099981.1,0.126112,1525952.8164832,12099981.1,1525952.8164832,
2022-11-04 14:20:00+00:00,0.12553,0.12803,0.1256,0.12741,11556463.1,0.126643,1463545.1563733,11556463.1,1463545.1563733,
2022-11-04 14:25:00+00:00,0.12694,0.12752,0.1274,0.12723,8074643.6,0.127273,1027684.1149028,8074643.6,1027684.1149028,
2022-11-04 14:30:00+00:00,0.12619,0.12798,0.12725,0.12661,9467940.7,0.127008,1202504.2124256,9467940.7,1202504.2124256,
2022-11-04 14:35:00+00:00,0.12658,0.12718,0.12662,0.12666,5094703.5,0.12676,645804.61566,5094703.5,645804.61566,
2022-11-04 14:40:00+00:00,0.1267,0.12849,0.1267,0.12781,9311693.3,0.127425,1186542.5187525,9311693.3,1186542.5187525,
2022-11-04 14:45:00+00:00,0.12679,0.12788,0.12779,0.12728,6635685.6,0.127435,845618.594436,6635685.6,845618.594436,
2022-11-04 14:50:00+00:00,0.1269,0.1281,0.1273,0.12701,8050530.5,0.127327,1025049.8969735,8050530.5,1025049.8969735,
2022-11-04 14:55:00+00:00,0.12702,0.12859,0.12703,0.12849,8297553.6,0.127782,1060277.9941152,8297553.6,1060277.9941152,
2022-11-04 15:00:00+00:00,0.12792,0.12916,0.1286,0.12796,10094132.4,0.12841,1296187.541484,10094132.4,1296187.541484,
2022-11-04 15:05:00+00:00,0.12647,0.12814,0.12797,0.12671,13404288.4,0.127322,1706660.8076648,13404288.4,1706660.8076648,
2022-11-04 15:10:00+00:00,0.12625,0.12763,0.12674,0.12639,8290024.8,0.126752,1050777.2234496,8290024.8,1050777.2234496,
2022-11-04 15:15:00+00:00,0.12634,0.12723,0.12645,0.1266,6084873.1,0.126655,770679.6024805,6084873.1,770679.6024805,
2022-11-04 15:20:00+00:00,0.12647,0.12715,0.12654,0.12688,5158018.9,0.12676,653830.475764,5158018.9,653830.475764,
2022-11-04 15:25:00+00:00,0.12525,0.12719,0.12687,0.12569,9068508.4,0.12625,1144899.1855,9068508.4,1144899.1855,
2022-11-04 15:30:00+00:00,0.12568,0.12659,0.1257,0.12605,5117287.5,0.126005,644803.8114375,5117287.5,644803.8114375,
2022-11-04 15:35:00+00:00,0.12568,0.12655,0.12607,0.12576,8091247.7,0.126015,1019618.5789155,8091247.7,1019618.5789155,
2022-11-04 15:40:00+00:00,0.12429,0.12598,0.12577,0.12473,9383096.1,0.125193,1174697.9500473,9383096.1,1174697.9500473,
2022-11-04 15:45:00+00:00,0.12463,0.1254,0.12471,0.12503,6551923.0,0.124943,818616.915389,6551923.0,818616.915389,
2022-11-04 15:50:00+00:00,0.12335,0.12506,0.12506,0.1237,8619973.7,0.124292,1071393.7711204,8619973.7,1071393.7711204,
2022-11-04 15:55:00+00:00,0.1226,0.12407,0.12381,0.12285,8689108.9,0.123332,1071645.1788548,8689108.9,1071645.1788548,
2022-11-04 16:00:00+00:00,0.12082,0.12387,0.12283,0.12181,13968072.4,0.122332,1708742.2328368,13968072.4,1708742.2328368,
2022-11-04 16:05:00+00:00,0.12157,0.12314,0.12189,0.12301,10537596.2,0.122402,1289822.8500724,10537596.2,1289822.8500724,
2022-11-04 16:10:00+00:00,0.12262,0.12337,0.12297,0.12294,5678539.3,0.122975,698318.3704175,5678539.3,698318.3704175,
2022-11-04 16:15:00+00:00,0.12287,0.12398,0.1229,0.12343,7606316.7,0.123295,937820.8175265,7606316.7,937820.8175265,
2022-11-04 16:20:00+00:00,0.12257,0.12364,0.12341,0.12268,6246285.4,0.123075,768761.575605,6246285.4,768761.575605,
2022-11-04 16:25:00+00:00,0.12239,0.12364,0.12266,0.12326,4192465.9,0.122988,515622.9961092,4192465.9,515622.9961092,
2022-11-04 16:30:00+00:00,0.12276,0.12384,0.12326,0.12377,6133509.3,0.123407,756917.9821851,6133509.3,756917.9821851,
2022-11-04 16:35:00+00:00,0.1226,0.12383,0.12381,0.12267,3696313.5,0.123228,455489.319978,3696313.5,455489.319978,
2022-11-04 16:40:00+00:00,0.12254,0.12348,0.12268,0.12325,6916915.2,0.122988,850697.5666176,6916915.2,850697.5666176,
2022-11-04 16:45:00+00:00,0.12274,0.12335,0.1233,0.12297,3895599.8,0.12309,479509.379382,3895599.8,479509.379382,
2022-11-04 16:50:00+00:00,0.12289,0.12367,0.12297,0.12328,1926171.8,0.123202,237308.2181036,1926171.8,237308.2181036,
2022-11-04 16:55:00+00:00,0.12311,0.12358,0.12328,0.1233,2597586.4,0.123318,320329.1596752,2597586.4,320329.1596752,
2022-11-04 17:00:00+00:00,0.12279,0.12352,0.12327,0.12317,3526328.2,0.123188,434401.3183016,3526328.2,434401.3183016,
2022-11-04 17:05:00+00:00,0.12199,0.12346,0.12312,0.12221,6479891.4,0.122695,795050.275323,6479891.4,795050.275323,
2022-11-04 17:10:00+00:00,0.12212,0.12313,0.12218,0.12306,4756246.1,0.122623,583225.1655203,4756246.1,583225.1655203,
2022-11-04 17:15:00+00:00,0.12245,0.12318,0.12306,0.12302,4075627.9,0.122928,501008.7864912,4075627.9,501008.7864912,
2022-11-04 17:20:00+00:00,0.1225,0.12317,0.12306,0.123,4119776.6,0.122932,506452.3769912,4119776.6,506452.3769912,
2022-11-04 17:25:00+00:00,0.12232,0.12308,0.12302,0.1225,2742370.1,0.12273,336571.082373,2742370.1,336571.082373,
2022-11-04 17:30:00+00:00,0.12209,0.12279,0.12249,0.12226,4789542.7,0.122407,586273.5532789,4789542.7,586273.5532789,
2022-11-04 17:35:00+00:00,0.12205,0.12305,0.12223,0.12288,2247659.2,0.122552,275455.1302784,2247659.2,275455.1302784,
2022-11-04 17:40:00+00:00,0.12277,0.12341,0.12284,0.12341,2557109.9,0.123108,314800.6855692,2557109.9,314800.6855692,
2022-11-04 17:45:00+00:00,0.1232,0.12407,0.12343,0.12398,3934439.2,0.12367,486572.095864,3934439.2,486572.095864,
2022-11-04 17:50:00+00:00,0.12356,0.12407,0.12398,0.12397,2935166.4,0.123895,363652.441128,2935166.4,363652.441128,
2022-11-04 17:55:00+00:00,0.12313,0.12398,0.12397,0.1233,3313020.3,0.123595,409472.7439785,3313020.3,409472.7439785,
2022-11-04 18:00:00+00:00,0.12279,0.12343,0.12326,0.12284,4389410.1,0.12308,540248.595108,4389410.1,540248.595108,
2022-11-04 18:05:00+00:00,0.12242,0.12295,0.12284,0.12275,2694875.8,0.12274,330769.055692,2694875.8,330769.055692,
2022-11-04 18:10:00+00:00,0.12254,0.1231,0.1227,0.12283,1924155.0,0.122792,236270.84076,1924155.0,236270.84076,
2022-11-04 18:15:00+00:00,0.12275,0.12389,0.12283,0.12375,4390329.9,0.123305,541349.6283195,4390329.9,541349.6283195,
2022-11-04 18:20:00+00:00,0.12298,0.1239,0.12381,0.12386,3759314.2,0.123637,464790.3297454,3759314.2,464790.3297454,
2022-11-04 18:25:00+00:00,0.12368,0.12467,0.12388,0.12458,6187908.6,0.124202,768550.6239372,6187908.6,768550.6239372,
2022-11-04 18:30:00+00:00,0.12427,0.12517,0.12463,0.12468,8060799.8,0.124688,1005085.0054624,8060799.8,1005085.0054624,
2022-11-04 18:35:00+00:00,0.12438,0.12502,0.12462,0.12475,3185146.5,0.124692,397162.287378,3185146.5,397162.287378,
2022-11-04 18:40:00+00:00,0.12453,0.12535,0.12471,0.12521,6041426.9,0.12495,754876.291155,6041426.9,754876.291155,
2022-11-04 18:45:00+00:00,0.12446,0.12536,0.12518,0.12469,7930794.4,0.124922,990730.6980368,7930794.4,990730.6980368,
2022-11-04 18:50:00+00:00,0.12454,0.12502,0.12465,0.12466,3366085.3,0.124718,419811.4264454,3366085.3,419811.4264454,
2022-11-04 18:55:00+00:00,0.12458,0.12523,0.12458,0.12465,4684102.0,0.12476,584388.56552,4684102.0,584388.56552,
2022-11-04 19:00:00+00:00,0.12453,0.12488,0.12473,0.12479,3081202.8,0.124733,384327.6688524,3081202.8,384327.6688524,
2022-11-04 19:05:00+00:00,0.12475,0.12521,0.12476,0.12502,3658573.7,0.124935,457083.9052095,3658573.7,457083.9052095,
2022-11-04 19:10:00+00:00,0.12493,0.12525,0.12501,0.12521,4207750.3,0.1251,526389.56253,4207750.3,526389.56253,
2022-11-04 19:15:00+00:00,0.12468,0.12544,0.12517,0.12468,6254503.0,0.124992,781762.838976,6254503.0,781762.838976,
2022-11-04 19:20:00+00:00,0.12422,0.12494,0.12472,0.12449,3574294.7,0.124592,445328.5252624,3574294.7,445328.5252624,
2022-11-04 19:25:00+00:00,0.12439,0.12492,0.12449,0.12465,3247479.1,0.124612,404674.8656092,3247479.1,404674.8656092,
2022-11-04 19:30:00+00:00,0.12445,0.12502,0.12464,0.12483,2740622.0,0.124735,341851.48517,2740622.0,341851.48517,
2022-11-04 19:35:00+00:00,0.12444,0.125,0.12483,0.12496,3115357.6,0.124808,388821.5513408,3115357.6,388821.5513408,
2022-11-04 19:40:00+00:00,0.12464,0.12534,0.12493,0.12529,3853494.0,0.12505,481879.4247,3853494.0,481879.4247,
2022-11-04 19:45:00+00:00,0.12522,0.1258,0.12529,0.12558,5145653.4,0.125473,645640.5690582,5145653.4,645640.5690582,
2022-11-04 19:50:00+00:00,0.12507,0.12564,0.12555,0.12542,5478126.6,0.12542,687066.638172,5478126.6,687066.638172,
2022-11-04 19:55:00+00:00,0.12509,0.12564,0.12543,0.12563,2765166.0,0.125448,346884.544368,2765166.0,346884.544368,
2022-11-04 20:00:00+00:00,0.12456,0.12571,0.1256,0.12467,4826216.7,0.125135,603928.6267545,4826216.7,603928.6267545,
2022-11-04 20:05:00+00:00,0.12458,0.1254,0.12464,0.12508,3160918.8,0.124925,394877.78109,3160918.8,394877.78109,
2022-11-04 20:10:00+00:00,0.12466,0.12523,0.12506,0.12471,1760207.8,0.124915,219876.357337,1760207.8,219876.357337,
2022-11-04 20:15:00+00:00,0.12456,0.12497,0.12471,0.12475,2404663.4,0.124748,299976.9498232,2404663.4,299976.9498232,
2022-11-04 20:20:00+00:00,0.12454,0.12509,0.12472,0.12462,2000165.4,0.124742,249504.6323268,2000165.4,249504.6323268,
2022-11-04 20:25:00+00:00,0.12456,0.12495,0.12463,0.12486,2614047.7,0.12475,326102.450575,2614047.7,326102.450575,
2022-11-04 20:30:00+00:00,0.12475,0.12538,0.12485,0.12527,2630374.6,0.125062,328959.9082252,2630374.6,328959.9082252,
2022-11-04 20:35:00+00:00,0.12501,0.12607,0.12527,0.12564,5332557.9,0.125498,669225.3513342,5332557.9,669225.3513342,
2022-11-04 20:40:00+00:00,0.12563,0.12617,0.12568,0.12579,3555121.2,0.125818,447298.2391416,3555121.2,447298.2391416,
2022-11-04 20:45:00+00:00,0.12505,0.12613,0.12581,0.12609,2194884.3,0.12577,276050.598411,2194884.3,276050.598411,
2022-11-04 20:50:00+00:00,0.12607,0.12709,0.12612,0.12683,5889112.7,0.126528,745137.6517056,5889112.7,745137.6517056,
2022-11-04 20:55:00+00:00,0.12639,0.12716,0.12679,0.12682,2741299.3,0.12679,347569.338247,2741299.3,347569.338247,
2022-11-04 21:00:00+00:00,0.12593,0.12688,0.12687,0.12594,2044968.2,0.126405,258494.205321,2044968.2,258494.205321,
2022-11-04 21:05:00+00:00,0.12573,0.12617,0.12592,0.12612,3081466.3,0.125985,388218.5318055,3081466.3,388218.5318055,
2022-11-04 21:10:00+00:00,0.12609,0.12628,0.12614,0.12617,1220436.0,0.12617,153982.41012,1220436.0,153982.41012,
2022-11-04 21:15:00+00:00,0.12615,0.1267,0.12615,0.12665,1663002.6,0.126413,210225.1476738,1663002.6,210225.1476738,
2022-11-04 21:20:00+00:00,0.12599,0.12673,0.12663,0.12604,2624318.8,0.126348,331577.4317424,2624318.8,331577.4317424,
2022-11-04 21:25:00+00:00,0.12577,0.12608,0.12604,0.12577,973852.4,0.125915,122622.624946,973852.4,122622.624946,
2022-11-04 21:30:00+00:00,0.12522,0.12585,0.12582,0.12544,4439434.7,0.125582,557513.0884954,4439434.7,557513.0884954,
2022-11-04 21:35:00+00:00,0.12532,0.12576,0.12543,0.12575,2997568.5,0.125565,376389.6887025,2997568.5,376389.6887025,
2022-11-04 21:40:00+00:00,0.12565,0.12606,0.12573,0.12598,1710743.6,0.125855,215305.635778,1710743.6,215305.635778,
2022-11-04 21:45:00+00:00,0.12599,0.12667,0.126,0.12666,987316.8,0.12633,124727.731344,987316.8,124727.731344,
2022-11-04 21:50:00+00:00,0.12662,0.12759,0.12663,0.12691,1901812.1,0.126938,241412.2243498,1901812.1,241412.2243498,
2022-11-04 21:55:00+00:00,0.12685,0.12741,0.12689,0.12722,1968204.1,0.127092,250142.9954772,1968204.1,250142.9954772,
2022-11-04 22:00:00+00:00,0.12641,0.12741,0.12722,0.12654,6531375.7,0.126895,828798.9194515,6531375.7,828798.9194515,
2022-11-04 22:05:00+00:00,0.12639,0.12703,0.12656,0.12686,2168168.6,0.12671,274728.643306,2168168.6,274728.643306,
2022-11-04 22:10:00+00:00,0.12686,0.12755,0.12687,0.12729,4139048.4,0.127142,526246.8916728,4139048.4,526246.8916728,
2022-11-04 22:15:00+00:00,0.12691,0.12767,0.12733,0.12721,2871623.2,0.12728,365500.200896,2871623.2,365500.200896,
2022-11-04 22:20:00+00:00,0.12689,0.1276,0.12715,0.12702,2486738.9,0.127165,316226.1522185,2486738.9,316226.1522185,
2022-11-04 22:25:00+00:00,0.12685,0.12731,0.12706,0.12728,1761189.7,0.127125,223891.2406125,1761189.7,223891.2406125,
2022-11-04 22:30:00+00:00,0.12703,0.1275,0.12724,0.12732,1598157.2,0.127272,203400.6631584,1598157.2,203400.6631584,
2022-11-04 22:35:00+00:00,0.12703,0.1275,0.12729,0.12736,1892857.1,0.127295,240951.2445445,1892857.1,240951.2445445,
2022-11-04 22:40:00+00:00,0.12733,0.12873,0.12736,0.12838,6589211.8,0.12795,843089.64981,6589211.8,843089.64981,
2022-11-04 22:45:00+00:00,0.12714,0.12837,0.12837,0.12733,4339342.4,0.127802,554576.6374048,4339342.4,554576.6374048,
2022-11-04 22:50:00+00:00,0.12686,0.12743,0.12731,0.12727,1957321.7,0.127217,249004.5947089,1957321.7,249004.5947089,
2022-11-04 22:55:00+00:00,0.12709,0.12748,0.12728,0.12713,1540348.6,0.127245,196001.657607,1540348.6,196001.657607,
2022-11-04 23:00:00+00:00,0.12664,0.12741,0.1271,0.12684,3304177.8,0.126997,419620.6680666,3304177.8,419620.6680666,
2022-11-04 23:05:00+00:00,0.12622,0.12701,0.12684,0.12626,1890970.8,0.126583,239364.7567764,1890970.8,239364.7567764,
2022-11-04 23:10:00+00:00,0.12501,0.12642,0.12624,0.1255,11064367.4,0.125792,1391808.9039808,11064367.4,1391808.9039808,
2022-11-04 23:15:00+00:00,0.12527,0.12598,0.12552,0.12582,3026571.5,0.125648,380282.655832,3026571.5,380282.655832,
2022-11-04 23:20:00+00:00,0.12578,0.12608,0.12579,0.12594,1271563.9,0.125898,160087.3518822,1271563.9,160087.3518822,
2022-11-04 23:25:00+00:00,0.12579,0.12646,0.12595,0.12631,1425189.0,0.126128,179756.238192,1425189.0,179756.238192,
2022-11-04 23:30:00+00:00,0.12587,0.12647,0.12636,0.12607,1380010.0,0.126193,174147.60193,1380010.0,174147.60193,
2022-11-04 23:35:00+00:00,0.12535,0.12618,0.12608,0.12549,2534313.5,0.125775,318753.2804625,2534313.5,318753.2804625,
2022-11-04 23:40:00+00:00,0.12547,0.12602,0.1255,0.12592,1956299.4,0.125727,245959.6546638,1956299.4,245959.6546638,
2022-11-04 23:45:00+00:00,0.12595,0.12631,0.12599,0.12602,1523553.7,0.126068,192071.3678516,1523553.7,192071.3678516,
2022-11-04 23:50:00+00:00,0.126,0.12654,0.126,0.12644,1127053.4,0.126245,142284.856483,1127053.4,142284.856483,
2022-11-04 23:55:00+00:00,0.12595,0.12653,0.12644,0.12616,1658015.5,0.12627,209357.617185,1658015.5,209357.617185,
2022-11-05 00:00:00+00:00,0.12612,0.12727,0.12613,0.12659,2804088.4,0.126527,354792.8929868,2804088.4,354792.8929868,
2022-11-05 00:05:00+00:00,0.12506,0.12669,0.12664,0.12514,2557637.4,0.125883,321963.0688242,2557637.4,321963.0688242,
2022-11-05 00:10:00+00:00,0.12364,0.12558,0.1252,0.12416,5764074.1,0.124645,718463.0161945,5764074.1,718463.0161945,
2022-11-05 00:15:00+00:00,0.12421,0.1255,0.12421,0.12506,3477593.7,0.124745,433812.4261065,3477593.7,433812.4261065,
2022-11-05 00:20:00+00:00,0.12441,0.1255,0.12506,0.12505,9695450.9,0.125005,1211979.8397545,9695450.9,1211979.8397545,
2022-11-05 00:25:00+00:00,0.12457,0.12558,0.12505,0.12523,8532354.7,0.125108,1067465.8318076,8532354.7,1067465.8318076,
2022-11-05 00:30:00+00:00,0.12513,0.12579,0.12523,0.12564,2744176.7,0.125447,344248.7344849,2744176.7,344248.7344849,
2022-11-05 00:35:00+00:00,0.12559,0.12655,0.12565,0.12623,3188473.0,0.126005,401763.540365,3188473.0,401763.540365,
2022-11-05 00:40:00+00:00,0.12615,0.1274,0.12625,0.12731,3988913.1,0.126778,505706.4249918,3988913.1,505706.4249918,
2022-11-05 00:45:00+00:00,0.12642,0.12762,0.12739,0.12683,2969662.4,0.127065,377340.152856,2969662.4,377340.152856,
2022-11-05 00:50:00+00:00,0.12672,0.12737,0.12686,0.12695,2081491.8,0.126975,264297.421305,2081491.8,264297.421305,
2022-11-05 00:55:00+00:00,0.1269,0.1274,0.1269,0.12709,1061448.1,0.127072,134880.3329632,1061448.1,134880.3329632,
2022-11-05 01:00:00+00:00,0.12638,0.12718,0.12707,0.12648,1914040.2,0.126777,242656.2744354,1914040.2,242656.2744354,
2022-11-05 01:05:00+00:00,0.126,0.1265,0.12644,0.12625,1584064.9,0.126298,200064.2287402,1584064.9,200064.2287402,
2022-11-05 01:10:00+00:00,0.12609,0.12645,0.12626,0.12633,1037999.6,0.126283,131081.7034868,1037999.6,131081.7034868,
2022-11-05 01:15:00+00:00,0.12536,0.12642,0.12628,0.12548,2760891.3,0.125885,347554.8013005,2760891.3,347554.8013005,
2022-11-05 01:20:00+00:00,0.12539,0.12598,0.12549,0.12574,1688562.4,0.12565,212167.86556,1688562.4,212167.86556,
2022-11-05 01:25:00+00:00,0.12539,0.12588,0.1257,0.12555,1146900.8,0.12563,144085.147504,1146900.8,144085.147504,
2022-11-05 01:30:00+00:00,0.12494,0.12588,0.12554,0.12503,1920313.5,0.125348,240707.456598,1920313.5,240707.456598,
2022-11-05 01:35:00+00:00,0.12468,0.12542,0.12503,0.1251,1528646.7,0.125057,191167.9703619,1528646.7,191167.9703619,
2022-11-05 01:40:00+00:00,0.12464,0.1252,0.12505,0.12487,5254034.5,0.12494,656439.07043,5254034.5,656439.07043,
2022-11-05 01:45:00+00:00,0.12452,0.12508,0.12486,0.12508,2895152.2,0.124885,361561.082497,2895152.2,361561.082497,
2022-11-05 01:50:00+00:00,0.12502,0.12542,0.12507,0.12507,2186370.7,0.125145,273613.3612515,2186370.7,273613.3612515,
2022-11-05 01:55:00+00:00,0.12499,0.12532,0.12508,0.12507,1549987.3,0.125115,193926.6610395,1549987.3,193926.6610395,
2022-11-05 02:00:00+00:00,0.12509,0.12552,0.1251,0.12524,1720712.3,0.125238,215498.5670274,1720712.3,215498.5670274,
2022-11-05 02:05:00+00:00,0.12475,0.1253,0.12527,0.1249,2873547.9,0.125055,359351.5326345,2873547.9,359351.5326345,
2022-11-05 02:10:00+00:00,0.1243,0.12496,0.1249,0.1245,1377211.6,0.124665,171690.084114,1377211.6,171690.084114,
2022-11-05 02:15:00+00:00,0.12446,0.12487,0.12455,0.12463,617641.4,0.124628,76975.4123992,617641.4,76975.4123992,
2022-11-05 02:20:00+00:00,0.12424,0.12482,0.12463,0.1243,1450694.6,0.124498,180608.5763108,1450694.6,180608.5763108,
2022-11-05 02:25:00+00:00,0.1239,0.12474,0.12431,0.12452,1980492.3,0.124368,246309.8663664,1980492.3,246309.8663664,
2022-11-05 02:30:00+00:00,0.12439,0.12476,0.12451,0.12452,964646.1,0.124545,120141.8485245,964646.1,120141.8485245,
2022-11-05 02:35:00+00:00,0.1243,0.12462,0.12452,0.12431,769233.8,0.124438,95721.9156044,769233.8,95721.9156044,
2022-11-05 02:40:00+00:00,0.12395,0.12483,0.12431,0.12483,1983445.9,0.12448,246899.345632,1983445.9,246899.345632,
2022-11-05 02:45:00+00:00,0.12449,0.12483,0.1248,0.1248,901668.5,0.12473,112465.112005,901668.5,112465.112005,
2022-11-05 02:50:00+00:00,0.12465,0.12503,0.12483,0.1249,1210633.1,0.124852,151149.9638012,1210633.1,151149.9638012,
2022-11-05 02:55:00+00:00,0.12472,0.12503,0.12492,0.1249,1177052.6,0.124892,147004.4533192,1177052.6,147004.4533192,
2022-11-05 03:00:00+00:00,0.12477,0.12514,0.12491,0.12508,1104195.7,0.124975,137996.8576075,1104195.7,137996.8576075,
2022-11-05 03:05:00+00:00,0.12506,0.12589,0.12511,0.12536,3961194.8,0.125355,496555.574154,3961194.8,496555.574154,
2022-11-05 03:10:00+00:00,0.1249,0.12542,0.12536,0.12527,1688048.2,0.125238,211407.7804716,1688048.2,211407.7804716,
2022-11-05 03:15:00+00:00,0.12515,0.12564,0.12529,0.1256,1386736.7,0.12542,173924.516914,1386736.7,173924.516914,
2022-11-05 03:20:00+00:00,0.12492,0.1258,0.12559,0.12496,1960715.6,0.125318,245712.9575608,1960715.6,245712.9575608,
2022-11-05 03:25:00+00:00,0.1225,0.12506,0.12497,0.12325,9398621.3,0.123945,1164912.1170285,9398621.3,1164912.1170285,
2022-11-05 03:30:00+00:00,0.12298,0.12407,0.12321,0.12393,2810084.7,0.123548,347180.3445156,2810084.7,347180.3445156,
2022-11-05 03:35:00+00:00,0.12372,0.12412,0.12394,0.12389,1432967.3,0.123918,177570.4418814,1432967.3,177570.4418814,
2022-11-05 03:40:00+00:00,0.12357,0.1241,0.12396,0.1236,1699967.0,0.123808,210469.514336,1699967.0,210469.514336,
2022-11-05 03:45:00+00:00,0.12334,0.12466,0.12355,0.12444,2346193.2,0.123998,290923.2644136,2346193.2,290923.2644136,
2022-11-05 03:50:00+00:00,0.12429,0.12485,0.12439,0.12473,2614406.5,0.124565,325663.5456725,2614406.5,325663.5456725,
2022-11-05 03:55:00+00:00,0.12453,0.12514,0.12467,0.12494,2808658.5,0.12482,350576.75397,2808658.5,350576.75397,
2022-11-05 04:00:00+00:00,0.12457,0.12513,0.12493,0.1246,1304845.3,0.124808,162855.1322024,1304845.3,162855.1322024,
2022-11-05 04:05:00+00:00,0.1244,0.12502,0.12456,0.1248,1412279.7,0.124695,176104.2171915,1412279.7,176104.2171915,
2022-11-05 04:10:00+00:00,0.12479,0.12527,0.12481,0.12515,3307796.1,0.125005,413491.0514805,3307796.1,413491.0514805,
2022-11-05 04:15:00+00:00,0.12477,0.12521,0.12517,0.12508,1307447.5,0.125057,163505.4620075,1307447.5,163505.4620075,
2022-11-05 04:20:00+00:00,0.1246,0.12514,0.12507,0.12486,1332871.0,0.124917,166498.246707,1332871.0,166498.246707,
2022-11-05 04:25:00+00:00,0.12478,0.12526,0.12489,0.12525,2302189.7,0.125045,287877.3110365,2302189.7,287877.3110365,
2022-11-05 04:30:00+00:00,0.12508,0.12605,0.12526,0.12578,4333330.1,0.125542,544014.9274142,4333330.1,544014.9274142,
2022-11-05 04:35:00+00:00,0.12562,0.12692,0.12577,0.12612,3527098.7,0.126107,444791.8357609,3527098.7,444791.8357609,
2022-11-05 04:40:00+00:00,0.12608,0.12672,0.12612,0.12645,2398240.3,0.126343,303000.8742229,2398240.3,303000.8742229,
2022-11-05 04:45:00+00:00,0.12635,0.12792,0.12642,0.12771,5804309.3,0.1271,737727.71203,5804309.3,737727.71203,
2022-11-05 04:50:00+00:00,0.12773,0.1325,0.12773,0.13246,25526485.9,0.130105,3321123.4480195,25526485.9,3321123.4480195,
2022-11-05 04:55:00+00:00,0.13204,0.13457,0.13239,0.13313,21405705.0,0.133032,2847643.74756,21405705.0,2847643.74756,
2022-11-05 05:00:00+00:00,0.13251,0.13545,0.13315,0.13484,18154444.5,0.133987,2432459.5552215,18154444.5,2432459.5552215,
2022-11-05 05:05:00+00:00,0.13327,0.13555,0.13484,0.13428,13539321.0,0.134485,1820835.584685,13539321.0,1820835.584685,
2022-11-05 05:10:00+00:00,0.13405,0.1359,0.1343,0.13535,13663117.8,0.1349,1843154.59122,13663117.8,1843154.59122,
2022-11-05 05:15:00+00:00,0.13354,0.13551,0.13545,0.13403,4685036.6,0.134632,630755.8475312,4685036.6,630755.8475312,
2022-11-05 05:20:00+00:00,0.13335,0.13441,0.1341,0.13365,5925521.5,0.133877,793291.0418555,5925521.5,793291.0418555,
2022-11-05 05:25:00+00:00,0.13238,0.13366,0.13366,0.13283,12534926.2,0.133132,1668799.7948584,12534926.2,1668799.7948584,
2022-11-05 05:30:00+00:00,0.13201,0.13337,0.13282,0.13297,6272573.4,0.132792,832947.5669328,6272573.4,832947.5669328,
2022-11-05 05:35:00+00:00,0.13219,0.13292,0.13289,0.13237,4878990.6,0.132592,646915.1216352,4878990.6,646915.1216352,
2022-11-05 05:40:00+00:00,0.13135,0.13255,0.13235,0.13152,6452093.8,0.131942,851302.1601596,6452093.8,851302.1601596,
2022-11-05 05:45:00+00:00,0.13013,0.13186,0.13158,0.13017,7673489.7,0.130935,1004728.3738695,7673489.7,1004728.3738695,
2022-11-05 05:50:00+00:00,0.12975,0.13055,0.13017,0.12991,8114315.2,0.130095,1055631.835944,8114315.2,1055631.835944,
2022-11-05 05:55:00+00:00,0.12876,0.13075,0.12993,0.13013,9576492.8,0.129892,1243909.8027776,9576492.8,1243909.8027776,
2022-11-05 06:00:00+00:00,0.12951,0.13081,0.1301,0.1307,6092095.7,0.13028,793678.227796,6092095.7,793678.227796,
2022-11-05 06:05:00+00:00,0.12984,0.13107,0.1307,0.13022,4964281.3,0.130458,647630.2098354,4964281.3,647630.2098354,
2022-11-05 06:10:00+00:00,0.13009,0.13093,0.1302,0.13049,4224013.4,0.130428,550929.6197352,4224013.4,550929.6197352,
2022-11-05 06:15:00+00:00,0.13014,0.13138,0.13037,0.13091,3117095.5,0.1307,407404.38185,3117095.5,407404.38185,
2022-11-05 06:20:00+00:00,0.13084,0.13146,0.131,0.1312,4170494.1,0.131125,546856.0388625,4170494.1,546856.0388625,
2022-11-05 06:25:00+00:00,0.13072,0.13132,0.13121,0.131,2658156.1,0.131062,348383.2547782,2658156.1,348383.2547782,
2022-11-05 06:30:00+00:00,0.13015,0.13103,0.13099,0.13063,3670576.7,0.1307,479744.37469,3670576.7,479744.37469,
2022-11-05 06:35:00+00:00,0.13023,0.13095,0.13067,0.13048,2208123.3,0.130583,288343.3648839,2208123.3,288343.3648839,
2022-11-05 06:40:00+00:00,0.13014,0.13068,0.13042,0.13049,2153590.7,0.130432,280897.1421824,2153590.7,280897.1421824,
2022-11-05 06:45:00+00:00,0.13023,0.13056,0.1305,0.13046,2278247.8,0.130438,297170.0865364,2278247.8,297170.0865364,
2022-11-05 06:50:00+00:00,0.13046,0.13094,0.13046,0.13084,2043614.1,0.130675,267049.2725175,2043614.1,267049.2725175,
2022-11-05 06:55:00+00:00,0.13016,0.13084,0.13082,0.13046,4374959.6,0.13057,571238.474972,4374959.6,571238.474972,
2022-11-05 07:00:00+00:00,0.1301,0.13076,0.13044,0.13058,2586053.4,0.13047,337402.387098,2586053.4,337402.387098,
2022-11-05 07:05:00+00:00,0.12986,0.13079,0.13056,0.12996,1786024.0,0.130292,232704.639008,1786024.0,232704.639008,
2022-11-05 07:10:00+00:00,0.12938,0.13015,0.13004,0.12957,4027524.1,0.129785,522712.2153185,4027524.1,522712.2153185,
2022-11-05 07:15:00+00:00,0.1295,0.13014,0.12954,0.12967,2960396.8,0.129713,384001.9501184,2960396.8,384001.9501184,
2022-11-05 07:20:00+00:00,0.12962,0.1299,0.12962,0.12985,1098244.9,0.129747,142493.9810403,1098244.9,142493.9810403,
2022-11-05 07:25:00+00:00,0.12945,0.1299,0.1298,0.12947,1528602.6,0.129655,198190.970103,1528602.6,198190.970103,
2022-11-05 07:30:00+00:00,0.12945,0.12999,0.12946,0.12999,1367854.6,0.129722,177440.8344212,1367854.6,177440.8344212,
2022-11-05 07:35:00+00:00,0.12997,0.1319,0.13002,0.13102,5720090.7,0.130728,747776.0170296,5720090.7,747776.0170296,
2022-11-05 07:40:00+00:00,0.13078,0.1314,0.13113,0.13087,2009744.0,0.131045,263366.90248,2009744.0,263366.90248,
2022-11-05 07:45:00+00:00,0.13072,0.13121,0.13088,0.13115,1968379.6,0.13099,257838.043804,1968379.6,257838.043804,
2022-11-05 07:50:00+00:00,0.13112,0.13208,0.13112,0.13203,6291561.2,0.131588,827893.9551856,6291561.2,827893.9551856,
2022-11-05 07:55:00+00:00,0.13165,0.13224,0.13204,0.13206,7224833.8,0.131998,953663.6119324,7224833.8,953663.6119324,
2022-11-05 08:00:00+00:00,0.131,0.13204,0.13203,0.13104,2757078.9,0.131528,362633.0735592,2757078.9,362633.0735592,
2022-11-05 08:05:00+00:00,0.12985,0.13115,0.13101,0.12989,5913266.2,0.130475,771533.407445,5913266.2,771533.407445,
2022-11-05 08:10:00+00:00,0.12976,0.13053,0.12989,0.13044,2875632.7,0.130155,374277.9740685,2875632.7,374277.9740685,
2022-11-05 08:15:00+00:00,0.12909,0.13046,0.13045,0.12993,3949074.8,0.129982,513308.6406536,3949074.8,513308.6406536,
2022-11-05 08:20:00+00:00,0.12987,0.13128,0.12995,0.13088,3218169.4,0.130495,419955.015853,3218169.4,419955.015853,
2022-11-05 08:25:00+00:00,0.13024,0.1313,0.13092,0.1307,2111534.6,0.13079,276167.610334,2111534.6,276167.610334,
2022-11-05 08:30:00+00:00,0.13045,0.13126,0.13067,0.13103,1723105.7,0.130853,225473.5501621,1723105.7,225473.5501621,
2022-11-05 08:35:00+00:00,0.13013,0.13126,0.13104,0.13027,1954531.3,0.130675,255408.3776275,1954531.3,255408.3776275,
2022-11-05 08:40:00+00:00,0.12975,0.13071,0.13035,0.12981,2167699.7,0.130155,282136.9544535,2167699.7,282136.9544535,
2022-11-05 08:45:00+00:00,0.1273,0.13013,0.12976,0.1289,7880513.7,0.129022,1016759.6386014,7880513.7,1016759.6386014,
2022-11-05 08:50:00+00:00,0.12864,0.12939,0.12883,0.12925,3229459.2,0.129027,416687.4321984,3229459.2,416687.4321984,
2022-11-05 08:55:00+00:00,0.12869,0.12937,0.1292,0.12907,2935905.4,0.129083,378975.4767482,2935905.4,378975.4767482,
2022-11-05 09:00:00+00:00,0.12801,0.12934,0.12901,0.12814,4307135.5,0.128625,554005.3036875,4307135.5,554005.3036875,
2022-11-05 09:05:00+00:00,0.12811,0.12879,0.12815,0.12865,2121019.9,0.128425,272391.9806575,2121019.9,272391.9806575,
2022-11-05 09:10:00+00:00,0.12844,0.12944,0.12857,0.12941,2269735.5,0.128965,292716.4387575,2269735.5,292716.4387575,
2022-11-05 09:15:00+00:00,0.12865,0.12939,0.12935,0.12912,1883973.4,0.129128,243273.7171952,1883973.4,243273.7171952,
2022-11-05 09:20:00+00:00,0.12828,0.12918,0.1291,0.12868,2777820.3,0.12881,357811.032843,2777820.3,357811.032843,
2022-11-05 09:25:00+00:00,0.12804,0.12888,0.1287,0.12804,3314626.8,0.128415,425647.800522,3314626.8,425647.800522,
2022-11-05 09:30:00+00:00,0.12774,0.12841,0.1281,0.12781,2684570.7,0.128015,343665.3181605,2684570.7,343665.3181605,
2022-11-05 09:35:00+00:00,0.12632,0.12796,0.12779,0.12688,7800437.5,0.127238,992512.066625,7800437.5,992512.066625,
2022-11-05 09:40:00+00:00,0.12686,0.12741,0.12689,0.12741,3742345.9,0.127142,475809.3424178,3742345.9,475809.3424178,
2022-11-05 09:45:00+00:00,0.12699,0.12762,0.12741,0.12756,2624346.0,0.127395,334328.55867,2624346.0,334328.55867,
2022-11-05 09:50:00+00:00,0.12747,0.12794,0.12753,0.12762,2251592.4,0.12764,287393.253936,2251592.4,287393.253936,
2022-11-05 09:55:00+00:00,0.12709,0.12807,0.12767,0.12801,2399058.2,0.12771,306383.722722,2399058.2,306383.722722,
2022-11-05 10:00:00+00:00,0.12766,0.12818,0.128,0.12811,3167546.8,0.127987,405404.8122916,3167546.8,405404.8122916,
2022-11-05 10:05:00+00:00,0.12792,0.12823,0.12808,0.12797,2603278.4,0.12805,333349.79912,2603278.4,333349.79912,
2022-11-05 10:10:00+00:00,0.12773,0.12824,0.12797,0.12813,2845041.3,0.128018,364216.4971434,2845041.3,364216.4971434,
2022-11-05 10:15:00+00:00,0.12806,0.12871,0.12812,0.12848,3098244.8,0.128342,397634.9341216,3098244.8,397634.9341216,
2022-11-05 10:20:00+00:00,0.12814,0.12865,0.12847,0.12844,1858572.7,0.128425,238687.1989975,1858572.7,238687.1989975,
2022-11-05 10:25:00+00:00,0.12785,0.12849,0.12838,0.12787,2698972.6,0.128148,345867.9407448,2698972.6,345867.9407448,
2022-11-05 10:30:00+00:00,0.1275,0.12825,0.1279,0.12776,3440474.5,0.127853,439874.9862485,3440474.5,439874.9862485,
2022-11-05 10:35:00+00:00,0.12769,0.1284,0.12778,0.12822,1390874.9,0.128022,178062.5864478,1390874.9,178062.5864478,
2022-11-05 10:40:00+00:00,0.12823,0.12864,0.12823,0.12841,3097696.7,0.128378,397676.1069526,3097696.7,397676.1069526,
2022-11-05 10:45:00+00:00,0.12774,0.12872,0.12842,0.12786,1903743.8,0.128185,244031.399003,1903743.8,244031.399003,
2022-11-05 10:50:00+00:00,0.12766,0.1283,0.12786,0.12806,1081407.7,0.12797,138387.743369,1081407.7,138387.743369,
2022-11-05 10:55:00+00:00,0.12799,0.12832,0.12804,0.1283,632550.3,0.128162,81068.9115486,632550.3,81068.9115486,
2022-11-05 11:00:00+00:00,0.12815,0.12898,0.1283,0.12884,2468778.0,0.128568,317405.849904,2468778.0,317405.849904,
2022-11-05 11:05:00+00:00,0.12847,0.12908,0.12881,0.12899,2160013.7,0.128838,278291.8450806,2160013.7,278291.8450806,
2022-11-05 11:10:00+00:00,0.1286,0.12913,0.12907,0.12869,1934740.9,0.128872,249333.9292648,1934740.9,249333.9292648,
2022-11-05 11:15:00+00:00,0.1286,0.12893,0.12871,0.12869,1443261.8,0.128732,185793.9780376,1443261.8,185793.9780376,
2022-11-05 11:20:00+00:00,0.12862,0.12902,0.12869,0.12902,1595555.1,0.128838,205568.1279738,1595555.1,205568.1279738,
2022-11-05 11:25:00+00:00,0.12886,0.12913,0.129,0.12912,930959.7,0.129027,120118.9372119,930959.7,120118.9372119,
2022-11-05 11:30:00+00:00,0.12853,0.1297,0.12913,0.12864,2847450.5,0.129,367321.1145,2847450.5,367321.1145,
2022-11-05 11:35:00+00:00,0.12843,0.12999,0.12863,0.1289,5434507.3,0.128987,700980.7931051,5434507.3,700980.7931051,
2022-11-05 11:40:00+00:00,0.1288,0.12947,0.12889,0.129,1713993.9,0.12904,221173.772856,1713993.9,221173.772856,
2022-11-05 11:45:00+00:00,0.12861,0.12942,0.12902,0.12891,1864980.0,0.12899,240563.7702,1864980.0,240563.7702,
2022-11-05 11:50:00+00:00,0.1281,0.12909,0.12897,0.12856,2606297.4,0.12868,335378.349432,2606297.4,335378.349432,
2022-11-05 11:55:00+00:00,0.12817,0.12861,0.12855,0.12856,1230556.7,0.128472,158092.0803624,1230556.7,158092.0803624,
2022-11-05 12:00:00+00:00,0.12831,0.12917,0.12859,0.12838,2155085.9,0.128613,277172.0628567,2155085.9,277172.0628567,
2022-11-05 12:05:00+00:00,0.12778,0.12852,0.12835,0.12839,2532476.3,0.12826,324815.410238,2532476.3,324815.410238,
2022-11-05 12:10:00+00:00,0.12785,0.12841,0.1284,0.12807,4525729.2,0.128182,580117.0203144,4525729.2,580117.0203144,
2022-11-05 12:15:00+00:00,0.12744,0.12845,0.12809,0.12749,3587298.5,0.127868,458700.684598,3587298.5,458700.684598,
2022-11-05 12:20:00+00:00,0.12713,0.128,0.12748,0.12781,2824062.8,0.127605,360364.533594,2824062.8,360364.533594,
2022-11-05 12:25:00+00:00,0.12775,0.12842,0.12782,0.12832,4921821.7,0.128078,630377.0796926,4921821.7,630377.0796926,
2022-11-05 12:30:00+00:00,0.1275,0.12846,0.12834,0.1277,5696451.4,0.128,729145.7792,5696451.4,729145.7792,
2022-11-05 12:35:00+00:00,0.12772,0.12826,0.12775,0.12785,1745017.7,0.127895,223179.0387415,1745017.7,223179.0387415,
2022-11-05 12:40:00+00:00,0.12787,0.12815,0.12787,0.12807,1252664.9,0.12799,160328.580551,1252664.9,160328.580551,
2022-11-05 12:45:00+00:00,0.12774,0.12839,0.12802,0.12838,2163778.6,0.128132,277249.2795752,2163778.6,277249.2795752,
2022-11-05 12:50:00+00:00,0.12812,0.12871,0.12833,0.12839,1527005.1,0.128387,196047.6037737,1527005.1,196047.6037737,
2022-11-05 12:55:00+00:00,0.12781,0.12844,0.12838,0.12799,1736744.8,0.128155,222572.529844,1736744.8,222572.529844,
2022-11-05 13:00:00+00:00,0.12785,0.12841,0.12803,0.12821,1492607.9,0.128125,191240.3871875,1492607.9,191240.3871875,
2022-11-05 13:05:00+00:00,0.12812,0.12911,0.12821,0.1287,1604712.1,0.128535,206261.6697735,1604712.1,206261.6697735,
2022-11-05 13:10:00+00:00,0.12863,0.1294,0.12869,0.1294,1495550.4,0.12903,192970.868112,1495550.4,192970.868112,
2022-11-05 13:15:00+00:00,0.12865,0.12942,0.12933,0.12867,2824452.5,0.129018,364405.212645,2824452.5,364405.212645,
2022-11-05 13:20:00+00:00,0.1281,0.12877,0.12867,0.12819,1500218.4,0.128432,192676.0495488,1500218.4,192676.0495488,
2022-11-05 13:25:00+00:00,0.12734,0.12817,0.12817,0.12734,2274252.8,0.127755,290547.166464,2274252.8,290547.166464,
2022-11-05 13:30:00+00:00,0.12728,0.12845,0.12733,0.12838,1697369.8,0.12786,217025.702628,1697369.8,217025.702628,
2022-11-05 13:35:00+00:00,0.12784,0.1285,0.12838,0.12786,1187971.0,0.128145,152232.543795,1187971.0,152232.543795,
2022-11-05 13:40:00+00:00,0.12775,0.12823,0.12787,0.12811,1248511.7,0.12799,159797.012483,1248511.7,159797.012483,
2022-11-05 13:45:00+00:00,0.12804,0.12862,0.12814,0.12862,1216454.3,0.128355,156137.9916765,1216454.3,156137.9916765,
2022-11-05 13:50:00+00:00,0.1281,0.12869,0.12858,0.12818,1158545.6,0.128387,148742.1939472,1158545.6,148742.1939472,
2022-11-05 13:55:00+00:00,0.12752,0.12845,0.12818,0.1276,2507313.1,0.127937,320778.1160747,2507313.1,320778.1160747,
2022-11-05 14:00:00+00:00,0.12757,0.12836,0.12757,0.1282,1550042.0,0.127925,198289.12285,1550042.0,198289.12285,
2022-11-05 14:05:00+00:00,0.12803,0.12855,0.12819,0.12848,899113.7,0.128312,115367.0770744,899113.7,115367.0770744,
2022-11-05 14:10:00+00:00,0.12798,0.12855,0.12845,0.12802,1476110.2,0.12825,189311.13315,1476110.2,189311.13315,
2022-11-05 14:15:00+00:00,0.12741,0.12814,0.12803,0.12747,1785315.5,0.127762,228095.478911,1785315.5,228095.478911,
2022-11-05 14:20:00+00:00,0.12538,0.12775,0.12743,0.12601,9233595.7,0.126642,1169361.0266394,9233595.7,1169361.0266394,
2022-11-05 14:25:00+00:00,0.12546,0.12647,0.12598,0.12626,5265488.5,0.126042,663672.701517,5265488.5,663672.701517,
2022-11-05 14:30:00+00:00,0.12593,0.12658,0.12628,0.12632,5243449.8,0.126277,662127.1103946,5243449.8,662127.1103946,
2022-11-05 14:35:00+00:00,0.12576,0.12651,0.1263,0.12584,2915162.9,0.126102,367607.8720158,2915162.9,367607.8720158,
2022-11-05 14:40:00+00:00,0.12519,0.12595,0.12584,0.12569,5399501.9,0.125667,678539.2052673,5399501.9,678539.2052673,
2022-11-05 14:45:00+00:00,0.12521,0.12604,0.1257,0.12584,3226327.7,0.125698,405542.9392346,3226327.7,405542.9392346,
2022-11-05 14:50:00+00:00,0.12566,0.12652,0.12585,0.1263,3334552.0,0.126082,420426.985264,3334552.0,420426.985264,
2022-11-05 14:55:00+00:00,0.12611,0.12639,0.12633,0.12628,1615529.8,0.126277,204004.2565546,1615529.8,204004.2565546,
2022-11-05 15:00:00+00:00,0.12606,0.12677,0.12627,0.12658,2268384.2,0.12642,286769.130564,2268384.2,286769.130564,
2022-11-05 15:05:00+00:00,0.12631,0.1267,0.12655,0.12668,1393859.7,0.12656,176406.883632,1393859.7,176406.883632,
2022-11-05 15:10:00+00:00,0.12626,0.12666,0.12666,0.12664,1481702.2,0.126555,187516.821921,1481702.2,187516.821921,
2022-11-05 15:15:00+00:00,0.12652,0.12697,0.12661,0.1268,2154534.3,0.126725,273033.3591675,2154534.3,273033.3591675,
2022-11-05 15:20:00+00:00,0.12681,0.12737,0.12681,0.12712,3731961.3,0.127028,474063.5800164,3731961.3,474063.5800164,
2022-11-05 15:25:00+00:00,0.12673,0.12721,0.12711,0.12696,2224678.2,0.127002,282538.5807564,2224678.2,282538.5807564,
2022-11-05 15:30:00+00:00,0.12677,0.12735,0.12697,0.12729,1932826.5,0.127095,245652.5840175,1932826.5,245652.5840175,
2022-11-05 15:35:00+00:00,0.12701,0.12741,0.12733,0.12711,2910048.3,0.127215,370201.7944845,2910048.3,370201.7944845,
2022-11-05 15:40:00+00:00,0.12634,0.12725,0.12715,0.12673,1729003.3,0.126868,219355.1906644,1729003.3,219355.1906644,
2022-11-05 15:45:00+00:00,0.12606,0.1269,0.12675,0.12654,2572176.7,0.126563,325542.3996821,2572176.7,325542.3996821,
2022-11-05 15:50:00+00:00,0.12626,0.12678,0.12653,0.12654,1594933.0,0.126528,201803.682624,1594933.0,201803.682624,
2022-11-05 15:55:00+00:00,0.12652,0.12686,0.12652,0.12659,1029091.8,0.126622,130305.6618996,1029091.8,130305.6618996,
2022-11-05 16:00:00+00:00,0.12659,0.12692,0.12659,0.12684,1531802.4,0.126735,194132.977164,1531802.4,194132.977164,
2022-11-05 16:05:00+00:00,0.12682,0.12741,0.12685,0.127,2075283.6,0.12702,263602.522872,2075283.6,263602.522872,
2022-11-05 16:10:00+00:00,0.12639,0.12703,0.127,0.12661,1967940.3,0.126758,249452.1765474,1967940.3,249452.1765474,
2022-11-05 16:15:00+00:00,0.12632,0.12685,0.12661,0.12654,1565815.9,0.12658,198200.976622,1565815.9,198200.976622,
2022-11-05 16:20:00+00:00,0.12585,0.12654,0.12654,0.12647,2531702.6,0.12635,319880.62351,2531702.6,319880.62351,
2022-11-05 16:25:00+00:00,0.12644,0.12779,0.12645,0.12763,3578492.1,0.127078,454747.6190838,3578492.1,454747.6190838,
2022-11-05 16:30:00+00:00,0.12733,0.12861,0.12763,0.12786,5554609.0,0.127858,710201.197522,5554609.0,710201.197522,
2022-11-05 16:35:00+00:00,0.12745,0.12794,0.12783,0.12764,1955378.2,0.127715,249731.126813,1955378.2,249731.126813,
2022-11-05 16:40:00+00:00,0.12747,0.128,0.12759,0.12753,1942644.6,0.127648,247974.6979008,1942644.6,247974.6979008,
2022-11-05 16:45:00+00:00,0.12745,0.12791,0.1275,0.12748,1199899.3,0.127585,153089.1521905,1199899.3,153089.1521905,
2022-11-05 16:50:00+00:00,0.12739,0.12788,0.12746,0.12745,1019090.3,0.127545,129979.8723135,1019090.3,129979.8723135,
2022-11-05 16:55:00+00:00,0.12692,0.12763,0.12741,0.12737,2437018.8,0.127332,310310.4778416,2437018.8,310310.4778416,
2022-11-05 17:00:00+00:00,0.12667,0.12739,0.12735,0.12702,2519236.0,0.127107,320212.530252,2519236.0,320212.530252,
2022-11-05 17:05:00+00:00,0.12647,0.12735,0.127,0.12668,2268541.2,0.126875,287821.16475,2268541.2,287821.16475,
2022-11-05 17:10:00+00:00,0.1266,0.12718,0.12666,0.12709,1717406.9,0.126882,217908.0222858,1717406.9,217908.0222858,
2022-11-05 17:15:00+00:00,0.12678,0.12733,0.12709,0.12729,1413399.7,0.127122,179674.1966634,1413399.7,179674.1966634,
2022-11-05 17:20:00+00:00,0.12732,0.12764,0.12732,0.12761,1790921.3,0.127472,228292.3199536,1790921.3,228292.3199536,
2022-11-05 17:25:00+00:00,0.127,0.12762,0.12757,0.12744,1207334.8,0.127408,153824.1121984,1207334.8,153824.1121984,
2022-11-05 17:30:00+00:00,0.12737,0.12829,0.12739,0.12794,2652572.3,0.127748,338860.8061804,2652572.3,338860.8061804,
2022-11-05 17:35:00+00:00,0.12771,0.12874,0.12788,0.12831,4860185.7,0.12816,622881.399312,4860185.7,622881.399312,
2022-11-05 17:40:00+00:00,0.12802,0.12833,0.12832,0.12803,1612670.3,0.128175,206704.0157025,1612670.3,206704.0157025,
2022-11-05 17:45:00+00:00,0.12778,0.12837,0.12802,0.12781,2447238.3,0.127995,313234.2662085,2447238.3,313234.2662085,
2022-11-05 17:50:00+00:00,0.12736,0.12811,0.12779,0.12797,2175532.6,0.127808,278050.4705408,2175532.6,278050.4705408,
2022-11-05 17:55:00+00:00,0.12789,0.12823,0.12798,0.12792,1423421.8,0.128005,182205.107509,1423421.8,182205.107509,
2022-11-05 18:00:00+00:00,0.12766,0.12824,0.12796,0.12771,1916042.6,0.127892,245046.5201992,1916042.6,245046.5201992,
2022-11-05 18:05:00+00:00,0.12768,0.12813,0.12768,0.12787,1010302.5,0.12784,129157.0716,1010302.5,129157.0716,
2022-11-05 18:10:00+00:00,0.12735,0.12785,0.12784,0.12774,3112654.2,0.127695,397470.378069,3112654.2,397470.378069,
2022-11-05 18:15:00+00:00,0.12745,0.12774,0.1277,0.12763,1619757.4,0.12763,206729.636962,1619757.4,206729.636962,
2022-11-05 18:20:00+00:00,0.12693,0.12768,0.12762,0.12721,3581128.9,0.12736,456092.576704,3581128.9,456092.576704,
2022-11-05 18:25:00+00:00,0.12683,0.12724,0.12717,0.12699,2170113.2,0.127057,275728.0728524,2170113.2,275728.0728524,
2022-11-05 18:30:00+00:00,0.127,0.12752,0.127,0.12723,1714122.8,0.127188,218015.8506864,1714122.8,218015.8506864,
2022-11-05 18:35:00+00:00,0.12709,0.12759,0.12724,0.12757,2073961.5,0.127372,264164.624178,2073961.5,264164.624178,
2022-11-05 18:40:00+00:00,0.12719,0.12759,0.12756,0.12737,1598445.2,0.127428,203686.6749456,1598445.2,203686.6749456,
2022-11-05 18:45:00+00:00,0.12625,0.12741,0.1274,0.12658,3109827.4,0.12691,394668.195334,3109827.4,394668.195334,
2022-11-05 18:50:00+00:00,0.12594,0.12654,0.12653,0.12639,3141840.9,0.12635,396971.597715,3141840.9,396971.597715,
2022-11-05 18:55:00+00:00,0.12601,0.12655,0.12643,0.1265,1596207.8,0.126372,201715.9721016,1596207.8,201715.9721016,
2022-11-05 19:00:00+00:00,0.1262,0.12657,0.12652,0.1265,1691749.2,0.126447,213916.6110924,1691749.2,213916.6110924,
2022-11-05 19:05:00+00:00,0.12647,0.127,0.12647,0.12694,2011530.3,0.12672,254901.119616,2011530.3,254901.119616,
2022-11-05 19:10:00+00:00,0.12652,0.12707,0.12698,0.12666,1256310.6,0.126807,159308.9782542,1256310.6,159308.9782542,
2022-11-05 19:15:00+00:00,0.12631,0.12681,0.12663,0.12676,1537427.2,0.126628,194681.3314816,1537427.2,194681.3314816,
2022-11-05 19:20:00+00:00,0.12672,0.12752,0.12673,0.12729,1874265.2,0.127065,238153.507638,1874265.2,238153.507638,
2022-11-05 19:25:00+00:00,0.12695,0.12741,0.12725,0.12717,1045981.9,0.127195,133043.6677705,1045981.9,133043.6677705,
2022-11-05 19:30:00+00:00,0.12676,0.12736,0.12717,0.12704,1083233.7,0.127082,137659.5050634,1083233.7,137659.5050634,
2022-11-05 19:35:00+00:00,0.12702,0.12737,0.12702,0.12723,1498027.4,0.12716,190489.164184,1498027.4,190489.164184,
2022-11-05 19:40:00+00:00,0.12677,0.12722,0.12722,0.1269,1245593.3,0.127028,158225.2257124,1245593.3,158225.2257124,
2022-11-05 19:45:00+00:00,0.12672,0.12698,0.1269,0.12684,934637.8,0.12686,118568.151308,934637.8,118568.151308,
2022-11-05 19:50:00+00:00,0.12684,0.12731,0.12685,0.12717,1010145.0,0.127042,128330.84109,1010145.0,128330.84109,
2022-11-05 19:55:00+00:00,0.12691,0.12719,0.12716,0.12704,1550190.3,0.127075,196990.4323725,1550190.3,196990.4323725,
2022-11-05 20:00:00+00:00,0.1268,0.12738,0.127,0.12724,1051959.0,0.127105,133709.248695,1051959.0,133709.248695,
2022-11-05 20:05:00+00:00,0.12703,0.12744,0.12725,0.12714,819955.6,0.127215,104310.651654,819955.6,104310.651654,
2022-11-05 20:10:00+00:00,0.1271,0.12743,0.12712,0.12732,768313.0,0.127242,97761.682746,768313.0,97761.682746,
2022-11-05 20:15:00+00:00,0.12716,0.12739,0.12732,0.12739,541103.0,0.127315,68890.528445,541103.0,68890.528445,
2022-11-05 20:20:00+00:00,0.12691,0.12739,0.12736,0.12696,994874.9,0.127155,126503.3179095,994874.9,126503.3179095,
2022-11-05 20:25:00+00:00,0.12694,0.12739,0.12694,0.12739,1172697.7,0.127165,149126.1030205,1172697.7,149126.1030205,
2022-11-05 20:30:00+00:00,0.12704,0.12741,0.12739,0.12712,1268267.0,0.12724,161374.29308,1268267.0,161374.29308,
2022-11-05 20:35:00+00:00,0.12708,0.12734,0.12712,0.12728,667115.5,0.127205,84860.4271775,667115.5,84860.4271775,
2022-11-05 20:40:00+00:00,0.12695,0.12787,0.1273,0.12702,3728603.0,0.127285,474595.232855,3728603.0,474595.232855,
2022-11-05 20:45:00+00:00,0.12695,0.12744,0.12706,0.12736,1567761.7,0.127202,199422.4237634,1567761.7,199422.4237634,
2022-11-05 20:50:00+00:00,0.12712,0.12742,0.12731,0.12721,1381695.5,0.127265,175841.4778075,1381695.5,175841.4778075,
2022-11-05 20:55:00+00:00,0.12709,0.12749,0.12721,0.12744,1458545.5,0.127307,185683.0519685,1458545.5,185683.0519685,
2022-11-05 21:00:00+00:00,0.12729,0.12751,0.12743,0.1275,875396.9,0.127432,111553.5777608,875396.9,111553.5777608,
2022-11-05 21:05:00+00:00,0.12711,0.12753,0.12753,0.12721,808378.2,0.127345,102942.921879,808378.2,102942.921879,
2022-11-05 21:10:00+00:00,0.12696,0.12732,0.12718,0.12698,729278.9,0.12711,92698.640979,729278.9,92698.640979,
2022-11-05 21:15:00+00:00,0.12689,0.12706,0.12699,0.12698,763009.2,0.12698,96886.908216,763009.2,96886.908216,
2022-11-05 21:20:00+00:00,0.12582,0.12715,0.12696,0.12618,2902189.4,0.126527,367205.3182138,2902189.4,367205.3182138,
2022-11-05 21:25:00+00:00,0.12614,0.12649,0.12618,0.12645,1441928.1,0.126315,182137.1479515,1441928.1,182137.1479515,
2022-11-05 21:30:00+00:00,0.12635,0.12671,0.12646,0.12667,914618.2,0.126547,115742.1893554,914618.2,115742.1893554,
2022-11-05 21:35:00+00:00,0.12667,0.12709,0.12667,0.12706,2089331.4,0.126872,265077.6533808,2089331.4,265077.6533808,
2022-11-05 21:40:00+00:00,0.12695,0.12742,0.12699,0.1272,998580.8,0.12714,126959.562912,998580.8,126959.562912,
2022-11-05 21:45:00+00:00,0.12693,0.12722,0.12717,0.12694,509037.6,0.127065,64680.862644,509037.6,64680.862644,
2022-11-05 21:50:00+00:00,0.12658,0.1271,0.12696,0.12671,489310.6,0.126837,62062.6885722,489310.6,62062.6885722,
2022-11-05 21:55:00+00:00,0.12669,0.12721,0.12671,0.12717,286208.7,0.126945,36332.7634215,286208.7,36332.7634215,
2022-11-05 22:00:00+00:00,0.12679,0.12722,0.12717,0.12689,556825.4,0.127018,70726.8486572,556825.4,70726.8486572,
2022-11-05 22:05:00+00:00,0.12618,0.12693,0.1269,0.12635,1525496.2,0.12659,193112.563958,1525496.2,193112.563958,
2022-11-05 22:10:00+00:00,0.12634,0.12685,0.12638,0.12667,751069.9,0.12656,95055.406544,751069.9,95055.406544,
2022-11-05 22:15:00+00:00,0.12655,0.12685,0.1267,0.12663,637490.2,0.126682,80758.5335164,637490.2,80758.5335164,
2022-11-05 22:20:00+00:00,0.12615,0.12737,0.12662,0.12728,2076827.5,0.126855,263455.9525125,2076827.5,263455.9525125,
2022-11-05 22:25:00+00:00,0.12691,0.12755,0.12721,0.1271,1546996.8,0.127192,196765.6169856,1546996.8,196765.6169856,
2022-11-05 22:30:00+00:00,0.12685,0.12747,0.12707,0.12726,1523075.5,0.127163,193678.8498065,1523075.5,193678.8498065,
2022-11-05 22:35:00+00:00,0.12683,0.12738,0.12723,0.12684,2435280.1,0.12707,309451.042307,2435280.1,309451.042307,
2022-11-05 22:40:00+00:00,0.12669,0.12696,0.12684,0.12671,1680966.0,0.1268,213146.4888,1680966.0,213146.4888,
2022-11-05 22:45:00+00:00,0.12665,0.12707,0.12669,0.12687,2337275.6,0.12682,296413.291592,2337275.6,296413.291592,
2022-11-05 22:50:00+00:00,0.12678,0.12709,0.12688,0.12696,779774.9,0.126928,98975.2685072,779774.9,98975.2685072,
2022-11-05 22:55:00+00:00,0.12659,0.12707,0.12695,0.12671,1563382.1,0.12683,198283.751743,1563382.1,198283.751743,
2022-11-05 23:00:00+00:00,0.12644,0.127,0.12671,0.12646,1003587.8,0.126652,127106.4020456,1003587.8,127106.4020456,
2022-11-05 23:05:00+00:00,0.12034,0.1265,0.12646,0.12285,15256175.9,0.124038,1892345.5462842,15256175.9,1892345.5462842,
2022-11-05 23:10:00+00:00,0.12249,0.12426,0.12272,0.12361,4348274.1,0.12327,536011.748307,4348274.1,536011.748307,
2022-11-05 23:15:00+00:00,0.12365,0.125,0.12365,0.12448,3277258.6,0.124195,407019.131827,3277258.6,407019.131827,
2022-11-05 23:20:00+00:00,0.12422,0.12502,0.12454,0.12422,1986842.7,0.1245,247361.91615,1986842.7,247361.91615,
2022-11-05 23:25:00+00:00,0.1236,0.12461,0.12423,0.12389,3327885.7,0.124082,412930.7134274,3327885.7,412930.7134274,
2022-11-05 23:30:00+00:00,0.12373,0.12445,0.12391,0.1238,1855502.9,0.123973,230032.2610217,1855502.9,230032.2610217,
2022-11-05 23:35:00+00:00,0.12342,0.12436,0.12379,0.1242,2767472.6,0.123942,343006.0889892,2767472.6,343006.0889892,
2022-11-05 23:40:00+00:00,0.12425,0.12484,0.12425,0.1246,1354765.9,0.124485,168648.0330615,1354765.9,168648.0330615,
2022-11-05 23:45:00+00:00,0.12423,0.12487,0.12461,0.12476,1449061.1,0.124617,180577.6470987,1449061.1,180577.6470987,
2022-11-05 23:50:00+00:00,0.12415,0.12476,0.12475,0.12432,1518854.2,0.124495,189089.753629,1518854.2,189089.753629,
2022-11-05 23:55:00+00:00,0.12396,0.12461,0.12436,0.12448,2386408.3,0.124352,296754.6449216,2386408.3,296754.6449216,
2022-11-06 00:00:00+00:00,0.12407,0.12471,0.1245,0.12446,1994855.5,0.124435,248229.8441425,1994855.5,248229.8441425,
2022-11-06 00:05:00+00:00,0.12437,0.12499,0.12447,0.12454,942804.2,0.124592,117465.8608864,942804.2,117465.8608864,
2022-11-06 00:10:00+00:00,0.12372,0.12464,0.12454,0.12377,1463550.6,0.124168,181726.1509008,1463550.6,181726.1509008,
2022-11-06 00:15:00+00:00,0.1221,0.12395,0.12374,0.12249,5754697.4,0.12307,708230.609018,5754697.4,708230.609018,
2022-11-06 00:20:00+00:00,0.12255,0.12378,0.12255,0.12336,1955026.0,0.12306,240585.49956,1955026.0,240585.49956,
2022-11-06 00:25:00+00:00,0.12279,0.12349,0.12341,0.12302,1384992.5,0.123178,170600.606165,1384992.5,170600.606165,
2022-11-06 00:30:00+00:00,0.12301,0.12369,0.12301,0.12354,2603658.0,0.123312,321062.275296,2603658.0,321062.275296,
2022-11-06 00:35:00+00:00,0.12348,0.12447,0.12352,0.12428,3472306.5,0.123937,430347.2506905,3472306.5,430347.2506905,
2022-11-06 00:40:00+00:00,0.12392,0.1245,0.12429,0.12406,1052344.6,0.124192,130692.7805632,1052344.6,130692.7805632,
2022-11-06 00:45:00+00:00,0.12356,0.12438,0.12402,0.12372,3260987.7,0.12392,404101.595784,3260987.7,404101.595784,
2022-11-06 00:50:00+00:00,0.1235,0.12402,0.12368,0.1236,1576363.6,0.1237,194996.17732,1576363.6,194996.17732,
2022-11-06 00:55:00+00:00,0.12314,0.12379,0.1236,0.12371,2187453.3,0.12356,270281.729748,2187453.3,270281.729748,
2022-11-06 01:00:00+00:00,0.12333,0.12382,0.12368,0.12366,1225982.6,0.123622,151558.4209772,1225982.6,151558.4209772,
2022-11-06 01:05:00+00:00,0.12357,0.12432,0.1237,0.12418,1340586.4,0.123943,166156.3001752,1340586.4,166156.3001752,
2022-11-06 01:10:00+00:00,0.12391,0.1243,0.12423,0.12427,969610.1,0.124178,120404.2429978,969610.1,120404.2429978,
2022-11-06 01:15:00+00:00,0.12392,0.12442,0.12425,0.12437,1671996.4,0.12424,207728.832736,1671996.4,207728.832736,
2022-11-06 01:20:00+00:00,0.1233,0.12436,0.12436,0.12331,1394869.8,0.123833,172730.9119434,1394869.8,172730.9119434,
2022-11-06 01:25:00+00:00,0.12322,0.12379,0.12329,0.12353,2025746.7,0.123458,250094.6360886,2025746.7,250094.6360886,
2022-11-06 01:30:00+00:00,0.1233,0.12385,0.1235,0.12368,1082372.6,0.123583,133762.8530258,1082372.6,133762.8530258,
2022-11-06 01:35:00+00:00,0.1237,0.12416,0.12371,0.12397,796439.9,0.123885,98666.9570115,796439.9,98666.9570115,
2022-11-06 01:40:00+00:00,0.12375,0.12424,0.12396,0.12377,620419.9,0.12393,76888.638207,620419.9,76888.638207,
2022-11-06 01:45:00+00:00,0.1234,0.12402,0.12376,0.12357,1198990.0,0.123688,148300.67512,1198990.0,148300.67512,
2022-11-06 01:50:00+00:00,0.12238,0.12359,0.12356,0.12288,3798164.9,0.123102,467561.6955198,3798164.9,467561.6955198,
2022-11-06 01:55:00+00:00,0.1219,0.12291,0.12291,0.12207,3734318.4,0.122448,457259.8194432,3734318.4,457259.8194432,
2022-11-06 02:00:00+00:00,0.12198,0.12368,0.12201,0.12342,3358649.5,0.122772,412348.116414,3358649.5,412348.116414,
2022-11-06 02:05:00+00:00,0.12285,0.12363,0.12344,0.1229,1235285.3,0.123205,152193.3253865,1235285.3,152193.3253865,
2022-11-06 02:10:00+00:00,0.12273,0.12328,0.12291,0.12307,1618866.1,0.122998,199117.2925678,1618866.1,199117.2925678,
2022-11-06 02:15:00+00:00,0.12308,0.12356,0.12308,0.12341,1950811.3,0.123282,240499.9186866,1950811.3,240499.9186866,
2022-11-06 02:20:00+00:00,0.12332,0.12378,0.12345,0.12338,1286716.6,0.123482,158886.3392012,1286716.6,158886.3392012,
2022-11-06 02:25:00+00:00,0.12312,0.12348,0.12341,0.12318,994922.3,0.123298,122671.9297454,994922.3,122671.9297454,
2022-11-06 02:30:00+00:00,0.12293,0.12357,0.12318,0.12356,1069943.9,0.12331,131934.782309,1069943.9,131934.782309,
2022-11-06 02:35:00+00:00,0.12356,0.1242,0.12356,0.1239,1523497.8,0.123805,188616.645129,1523497.8,188616.645129,
2022-11-06 02:40:00+00:00,0.12361,0.12402,0.12393,0.12378,1202014.7,0.123835,148851.4903745,1202014.7,148851.4903745,
2022-11-06 02:45:00+00:00,0.12361,0.12419,0.12381,0.12385,2536482.9,0.123865,314181.4544085,2536482.9,314181.4544085,
2022-11-06 02:50:00+00:00,0.12329,0.12407,0.12383,0.12397,2526211.7,0.12379,312719.746343,2526211.7,312719.746343,
2022-11-06 02:55:00+00:00,0.1239,0.12416,0.12395,0.12398,1773529.2,0.123998,219914.0737416,1773529.2,219914.0737416,
2022-11-06 03:00:00+00:00,0.124,0.12485,0.124,0.1243,2544587.6,0.124288,316261.7036288,2544587.6,316261.7036288,
2022-11-06 03:05:00+00:00,0.12421,0.1246,0.1243,0.12451,2701823.3,0.124405,336120.3276365,2701823.3,336120.3276365,
2022-11-06 03:10:00+00:00,0.12411,0.12452,0.12451,0.12411,1451725.5,0.124312,180466.900356,1451725.5,180466.900356,
2022-11-06 03:15:00+00:00,0.12404,0.12492,0.12405,0.12474,1450630.9,0.124438,180513.6079342,1450630.9,180513.6079342,
2022-11-06 03:20:00+00:00,0.12453,0.12479,0.12471,0.12473,551159.4,0.12469,68724.065586,551159.4,68724.065586,
2022-11-06 03:25:00+00:00,0.12459,0.12573,0.1247,0.12554,3853639.4,0.12514,482244.434516,3853639.4,482244.434516,
2022-11-06 03:30:00+00:00,0.12497,0.12551,0.12551,0.12503,1826481.7,0.125255,228775.9653335,1826481.7,228775.9653335,
2022-11-06 03:35:00+00:00,0.12492,0.12526,0.12504,0.12508,2222481.8,0.125075,277976.911135,2222481.8,277976.911135,
2022-11-06 03:40:00+00:00,0.12475,0.12537,0.12498,0.12521,1253637.5,0.125078,156802.471225,1253637.5,156802.471225,
2022-11-06 03:45:00+00:00,0.12484,0.12516,0.12516,0.12507,911899.5,0.125057,114039.4157715,911899.5,114039.4157715,
2022-11-06 03:50:00+00:00,0.12475,0.12515,0.12507,0.12501,1716406.5,0.124995,214542.2304675,1716406.5,214542.2304675,
2022-11-06 03:55:00+00:00,0.12475,0.12511,0.12497,0.12496,614642.3,0.124948,76798.3261004,614642.3,76798.3261004,
2022-11-06 04:00:00+00:00,0.12493,0.1252,0.12501,0.12518,1447841.3,0.12508,181095.989804,1447841.3,181095.989804,
2022-11-06 04:05:00+00:00,0.12508,0.12546,0.12522,0.12544,794697.9,0.1253,99575.64687,794697.9,99575.64687,
2022-11-06 04:10:00+00:00,0.12499,0.12546,0.12542,0.1251,1097667.3,0.125242,137474.0479866,1097667.3,137474.0479866,
2022-11-06 04:15:00+00:00,0.12438,0.1251,0.1251,0.12473,2153771.4,0.124828,268850.9763192,2153771.4,268850.9763192,
2022-11-06 04:20:00+00:00,0.12463,0.125,0.12474,0.125,1024590.9,0.124843,127913.0017287,1024590.9,127913.0017287,
2022-11-06 04:25:00+00:00,0.12477,0.12516,0.12497,0.12516,915767.2,0.125015,114484.636508,915767.2,114484.636508,
2022-11-06 04:30:00+00:00,0.12497,0.12544,0.12516,0.12537,1122507.5,0.125235,140577.2267625,1122507.5,140577.2267625,
2022-11-06 04:35:00+00:00,0.12488,0.12541,0.12537,0.12503,1369782.7,0.125172,171458.4401244,1369782.7,171458.4401244,
2022-11-06 04:40:00+00:00,0.12478,0.12517,0.12497,0.12485,1422484.2,0.124943,177729.4434006,1422484.2,177729.4434006,
2022-11-06 04:45:00+00:00,0.12473,0.12495,0.12489,0.12488,768065.4,0.124862,95902.1819748,768065.4,95902.1819748,
2022-11-06 04:50:00+00:00,0.1247,0.12509,0.12486,0.12473,673846.0,0.124845,84126.30387,673846.0,84126.30387,
2022-11-06 04:55:00+00:00,0.1246,0.12516,0.12473,0.12507,1095562.1,0.12489,136824.750669,1095562.1,136824.750669,
2022-11-06 05:00:00+00:00,0.12471,0.12531,0.12506,0.1249,976778.1,0.124995,122092.3786095,976778.1,122092.3786095,
2022-11-06 05:05:00+00:00,0.12479,0.12568,0.1249,0.12541,1977820.3,0.125195,247613.2124585,1977820.3,247613.2124585,
2022-11-06 05:10:00+00:00,0.12508,0.12549,0.12539,0.12533,1276394.0,0.125322,159960.248868,1276394.0,159960.248868,
2022-11-06 05:15:00+00:00,0.12487,0.12539,0.12536,0.12493,1191205.1,0.125138,149065.0238038,1191205.1,149065.0238038,
2022-11-06 05:20:00+00:00,0.12447,0.12509,0.12493,0.12486,882949.7,0.124837,110224.7916989,882949.7,110224.7916989,
2022-11-06 05:25:00+00:00,0.12428,0.12489,0.12481,0.1247,1334962.3,0.12467,166429.749941,1334962.3,166429.749941,
2022-11-06 05:30:00+00:00,0.12397,0.12468,0.12466,0.1241,1688992.1,0.124352,210029.5456192,1688992.1,210029.5456192,
2022-11-06 05:35:00+00:00,0.12368,0.12437,0.1241,0.12424,1599449.1,0.124098,198488.4344118,1599449.1,198488.4344118,
2022-11-06 05:40:00+00:00,0.1237,0.12424,0.12424,0.12393,1838706.2,0.124028,228051.0525736,1838706.2,228051.0525736,
2022-11-06 05:45:00+00:00,0.12355,0.124,0.12387,0.1239,2332829.3,0.12383,288874.252219,2332829.3,288874.252219,
2022-11-06 05:50:00+00:00,0.12374,0.12417,0.12389,0.12417,1368106.0,0.123992,169634.199152,1368106.0,169634.199152,
2022-11-06 05:55:00+00:00,0.12382,0.1243,0.12416,0.1241,1073655.7,0.124095,133235.3040915,1073655.7,133235.3040915,
2022-11-06 06:00:00+00:00,0.12388,0.12446,0.12409,0.12427,1661505.9,0.124175,206317.4951325,1661505.9,206317.4951325,
2022-11-06 06:05:00+00:00,0.12381,0.12431,0.12425,0.12386,620554.7,0.124057,76984.1544179,620554.7,76984.1544179,
2022-11-06 06:10:00+00:00,0.12361,0.124,0.12385,0.12374,1656316.5,0.1238,205051.9827,1656316.5,205051.9827,
2022-11-06 06:15:00+00:00,0.12358,0.12391,0.12375,0.12358,779802.4,0.123705,96465.455892,779802.4,96465.455892,
2022-11-06 06:20:00+00:00,0.1231,0.12376,0.1236,0.12322,2293935.2,0.12342,283117.482384,2293935.2,283117.482384,
2022-11-06 06:25:00+00:00,0.12325,0.12372,0.12325,0.12361,731503.7,0.123458,90309.9837946,731503.7,90309.9837946,
2022-11-06 06:30:00+00:00,0.12357,0.124,0.12359,0.1238,1017045.7,0.12374,125849.234918,1017045.7,125849.234918,
2022-11-06 06:35:00+00:00,0.12361,0.12387,0.12381,0.12373,1377752.9,0.123755,170503.8101395,1377752.9,170503.8101395,
2022-11-06 06:40:00+00:00,0.12287,0.12373,0.12373,0.12297,1793415.2,0.123325,221172.92954,1793415.2,221172.92954,
2022-11-06 06:45:00+00:00,0.12296,0.12344,0.12299,0.12334,2142374.4,0.123182,263901.9633408,2142374.4,263901.9633408,
2022-11-06 06:50:00+00:00,0.12326,0.12354,0.12337,0.12342,856351.7,0.123398,105672.0870766,856351.7,105672.0870766,
2022-11-06 06:55:00+00:00,0.12319,0.12345,0.1234,0.12337,947161.6,0.123352,116834.2776832,947161.6,116834.2776832,
2022-11-06 07:00:00+00:00,0.12329,0.12356,0.12338,0.12354,768530.5,0.123442,94868.941981,768530.5,94868.941981,
2022-11-06 07:05:00+00:00,0.1235,0.12425,0.1235,0.12367,1669395.2,0.12373,206554.268096,1669395.2,206554.268096,
2022-11-06 07:10:00+00:00,0.12365,0.12388,0.12366,0.12375,333466.8,0.123735,41261.514498,333466.8,41261.514498,
2022-11-06 07:15:00+00:00,0.12354,0.12373,0.12372,0.12355,572521.3,0.123635,70783.6709255,572521.3,70783.6709255,
2022-11-06 07:20:00+00:00,0.1231,0.12357,0.12356,0.12337,1503342.0,0.1234,185512.4028,1503342.0,185512.4028,
2022-11-06 07:25:00+00:00,0.12337,0.12381,0.12339,0.12379,312457.1,0.12359,38616.572989,312457.1,38616.572989,
2022-11-06 07:30:00+00:00,0.1237,0.12387,0.12381,0.12382,779136.1,0.1238,96457.04918,779136.1,96457.04918,
2022-11-06 07:35:00+00:00,0.12382,0.12423,0.12382,0.12414,1031999.7,0.124002,127970.0267994,1031999.7,127970.0267994,
2022-11-06 07:40:00+00:00,0.12387,0.12421,0.12412,0.124,1802178.3,0.12405,223560.218115,1802178.3,223560.218115,
2022-11-06 07:45:00+00:00,0.12384,0.12412,0.124,0.12398,418337.1,0.123985,51867.5253435,418337.1,51867.5253435,
2022-11-06 07:50:00+00:00,0.12383,0.12403,0.12397,0.12403,633204.0,0.123965,78495.13386,633204.0,78495.13386,
2022-11-06 07:55:00+00:00,0.12373,0.12405,0.124,0.12377,1082716.5,0.123888,134135.581752,1082716.5,134135.581752,
2022-11-06 08:00:00+00:00,0.12336,0.12396,0.12378,0.12365,977086.2,0.123687,120852.8608194,977086.2,120852.8608194,
2022-11-06 08:05:00+00:00,0.12336,0.12374,0.12367,0.12351,948956.5,0.12357,117262.554705,948956.5,117262.554705,
2022-11-06 08:10:00+00:00,0.12321,0.12356,0.1235,0.12355,899580.5,0.123455,111057.7106275,899580.5,111057.7106275,
2022-11-06 08:15:00+00:00,0.12324,0.1237,0.12355,0.12335,1006050.3,0.12346,124206.970038,1006050.3,124206.970038,
2022-11-06 08:20:00+00:00,0.12318,0.12368,0.1233,0.12353,1021385.6,0.123422,126061.4535232,1021385.6,126061.4535232,
2022-11-06 08:25:00+00:00,0.12325,0.12352,0.12352,0.12328,821689.0,0.123392,101389.849088,821689.0,101389.849088,
2022-11-06 08:30:00+00:00,0.1231,0.12345,0.12327,0.12327,796405.8,0.123272,98174.5357776,796405.8,98174.5357776,
2022-11-06 08:35:00+00:00,0.12318,0.12391,0.12327,0.12391,943650.8,0.123568,116605.0420544,943650.8,116605.0420544,
2022-11-06 08:40:00+00:00,0.12372,0.12437,0.12391,0.12427,1909829.8,0.124068,236948.7636264,1909829.8,236948.7636264,
2022-11-06 08:45:00+00:00,0.12421,0.12479,0.12422,0.12455,1976228.9,0.124442,245925.8767738,1976228.9,245925.8767738,
2022-11-06 08:50:00+00:00,0.12429,0.12464,0.12451,0.1244,1609318.6,0.12446,200295.792956,1609318.6,200295.792956,
2022-11-06 08:55:00+00:00,0.1241,0.12438,0.12438,0.12429,936510.2,0.124288,116396.9797376,936510.2,116396.9797376,
2022-11-06 09:00:00+00:00,0.12417,0.1245,0.12432,0.12444,460984.2,0.124358,57327.0731436,460984.2,57327.0731436,
2022-11-06 09:05:00+00:00,0.12439,0.12455,0.12447,0.12451,441282.2,0.12448,54930.808256,441282.2,54930.808256,
2022-11-06 09:10:00+00:00,0.12397,0.12455,0.12449,0.12431,820432.0,0.12433,102004.31056,820432.0,102004.31056,
2022-11-06 09:15:00+00:00,0.12429,0.12464,0.12434,0.12448,699837.4,0.124437,87085.6665438,699837.4,87085.6665438,
2022-11-06 09:20:00+00:00,0.12441,0.12472,0.1245,0.12462,758787.8,0.124562,94516.1259436,758787.8,94516.1259436,
2022-11-06 09:25:00+00:00,0.12435,0.12461,0.12461,0.1244,527228.3,0.124492,65635.7055236,527228.3,65635.7055236,
2022-11-06 09:30:00+00:00,0.12438,0.12461,0.12441,0.12459,531899.6,0.124498,66220.4364008,531899.6,66220.4364008,
2022-11-06 09:35:00+00:00,0.12463,0.12498,0.12464,0.12477,645360.0,0.124755,80511.8868,645360.0,80511.8868,
2022-11-06 09:40:00+00:00,0.12467,0.1249,0.12476,0.12485,1154093.2,0.124795,144025.060894,1154093.2,144025.060894,
2022-11-06 09:45:00+00:00,0.12436,0.12483,0.12483,0.1244,870128.6,0.124605,108422.374203,870128.6,108422.374203,
2022-11-06 09:50:00+00:00,0.12431,0.12456,0.1244,0.12453,1003267.1,0.12445,124856.590595,1003267.1,124856.590595,
2022-11-06 09:55:00+00:00,0.12428,0.12468,0.12454,0.12434,642386.2,0.12446,79951.386452,642386.2,79951.386452,
2022-11-06 10:00:00+00:00,0.12405,0.12441,0.12434,0.12428,884960.3,0.12427,109974.016481,884960.3,109974.016481,
2022-11-06 10:05:00+00:00,0.12422,0.12443,0.12424,0.12439,239556.3,0.12432,29781.639216,239556.3,29781.639216,
2022-11-06 10:10:00+00:00,0.1241,0.12445,0.1244,0.12426,364041.5,0.124302,45251.086533,364041.5,45251.086533,
2022-11-06 10:15:00+00:00,0.12405,0.12434,0.12425,0.1241,754126.6,0.124185,93651.211821,754126.6,93651.211821,
2022-11-06 10:20:00+00:00,0.1241,0.12437,0.1241,0.1243,409984.0,0.124218,50927.392512,409984.0,50927.392512,
2022-11-06 10:25:00+00:00,0.12411,0.12444,0.12426,0.12444,386008.5,0.124312,47985.488652,386008.5,47985.488652,
2022-11-06 10:30:00+00:00,0.12411,0.12442,0.12442,0.12426,458319.1,0.124302,56969.9807682,458319.1,56969.9807682,
2022-11-06 10:35:00+00:00,0.12423,0.12466,0.12424,0.12463,474070.2,0.12444,58993.295688,474070.2,58993.295688,
2022-11-06 10:40:00+00:00,0.12448,0.12467,0.12467,0.1246,638660.0,0.124605,79580.2293,638660.0,79580.2293,
2022-11-06 10:45:00+00:00,0.12425,0.12461,0.12461,0.12443,493934.5,0.124475,61482.4968875,493934.5,61482.4968875,
2022-11-06 10:50:00+00:00,0.1243,0.12451,0.12443,0.12442,537866.6,0.124415,66918.673039,537866.6,66918.673039,
2022-11-06 10:55:00+00:00,0.12357,0.12445,0.12444,0.12383,1541193.1,0.124072,191218.9103032,1541193.1,191218.9103032,
2022-11-06 11:00:00+00:00,0.12356,0.12402,0.12384,0.12381,1540200.6,0.123808,190689.1558848,1540200.6,190689.1558848,
2022-11-06 11:05:00+00:00,0.12381,0.12417,0.12381,0.12399,655578.3,0.123945,81255.6523935,655578.3,81255.6523935,
2022-11-06 11:10:00+00:00,0.12379,0.12411,0.12401,0.1238,589138.3,0.123928,73010.7312424,589138.3,73010.7312424,
2022-11-06 11:15:00+00:00,0.12302,0.12391,0.12386,0.12323,1211892.0,0.123505,149674.72146,1211892.0,149674.72146,
2022-11-06 11:20:00+00:00,0.1232,0.12357,0.12334,0.12324,1330576.4,0.123338,164110.6320232,1330576.4,164110.6320232,
2022-11-06 11:25:00+00:00,0.12245,0.12338,0.1232,0.12303,2236205.6,0.123015,275086.831884,2236205.6,275086.831884,
2022-11-06 11:30:00+00:00,0.12244,0.12301,0.12299,0.12294,1636033.3,0.122845,200978.5107385,1636033.3,200978.5107385,
2022-11-06 11:35:00+00:00,0.12294,0.12342,0.12294,0.12326,966007.5,0.12314,118954.16355,966007.5,118954.16355,
2022-11-06 11:40:00+00:00,0.12304,0.12345,0.12331,0.12309,1383525.8,0.123223,170482.1996534,1383525.8,170482.1996534,
2022-11-06 11:45:00+00:00,0.12287,0.12342,0.12304,0.12325,1071627.7,0.123145,131965.5931165,1071627.7,131965.5931165,
2022-11-06 11:50:00+00:00,0.12317,0.12342,0.12321,0.12321,1076690.4,0.123252,132704.2451808,1076690.4,132704.2451808,
2022-11-06 11:55:00+00:00,0.12316,0.12338,0.1232,0.12328,658500.5,0.123255,81163.4791275,658500.5,81163.4791275,
2022-11-06 12:00:00+00:00,0.12267,0.12328,0.12328,0.12276,1547189.2,0.122998,190301.1772216,1547189.2,190301.1772216,
2022-11-06 12:05:00+00:00,0.12278,0.12333,0.12278,0.12323,577865.5,0.12303,71094.792465,577865.5,71094.792465,
2022-11-06 12:10:00+00:00,0.12311,0.12364,0.1232,0.12364,884214.1,0.123398,109110.2515118,884214.1,109110.2515118,
2022-11-06 12:15:00+00:00,0.12319,0.12363,0.12363,0.12342,1295529.7,0.123468,159956.4609996,1295529.7,159956.4609996,
2022-11-06 12:20:00+00:00,0.12306,0.1234,0.1234,0.12309,545058.5,0.123238,67171.919423,545058.5,67171.919423,
2022-11-06 12:25:00+00:00,0.12302,0.12333,0.12308,0.12325,1133422.2,0.12317,139603.612374,1133422.2,139603.612374,
2022-11-06 12:30:00+00:00,0.12306,0.1234,0.12323,0.12317,481728.3,0.123215,59356.1524845,481728.3,59356.1524845,
2022-11-06 12:35:00+00:00,0.12299,0.12333,0.12316,0.12324,985772.3,0.12318,121427.431914,985772.3,121427.431914,
2022-11-06 12:40:00+00:00,0.12315,0.12354,0.12319,0.12345,1123337.4,0.123332,138543.4482168,1123337.4,138543.4482168,
2022-11-06 12:45:00+00:00,0.12321,0.12344,0.12344,0.12327,661983.0,0.12334,81648.98322,661983.0,81648.98322,
2022-11-06 12:50:00+00:00,0.12286,0.12329,0.12321,0.12298,1723506.9,0.123085,212137.8467865,1723506.9,212137.8467865,
2022-11-06 12:55:00+00:00,0.12296,0.1234,0.12297,0.12311,536460.9,0.12311,66043.701399,536460.9,66043.701399,
2022-11-06 13:00:00+00:00,0.12294,0.12345,0.12311,0.1233,965578.0,0.1232,118959.2096,965578.0,118959.2096,
2022-11-06 13:05:00+00:00,0.12296,0.12347,0.12331,0.12296,659070.9,0.123175,81181.0581075,659070.9,81181.0581075,
2022-11-06 13:10:00+00:00,0.12255,0.12329,0.12294,0.12322,1696124.6,0.123,208623.3258,1696124.6,208623.3258,
2022-11-06 13:15:00+00:00,0.12299,0.12333,0.12325,0.12324,709520.2,0.123202,87414.3076804,709520.2,87414.3076804,
2022-11-06 13:20:00+00:00,0.12314,0.12345,0.12323,0.12333,1055613.3,0.123288,130144.4525304,1055613.3,130144.4525304,
2022-11-06 13:25:00+00:00,0.12324,0.12358,0.12331,0.1235,1265770.5,0.123408,156206.205864,1265770.5,156206.205864,
2022-11-06 13:30:00+00:00,0.12332,0.12382,0.1235,0.12367,829267.2,0.123578,102479.1820416,829267.2,102479.1820416,
2022-11-06 13:35:00+00:00,0.12355,0.12418,0.12372,0.12409,1129997.4,0.123885,139989.727899,1129997.4,139989.727899,
2022-11-06 13:40:00+00:00,0.12407,0.12436,0.12412,0.12418,811736.5,0.124182,100803.062043,811736.5,100803.062043,
2022-11-06 13:45:00+00:00,0.12373,0.12422,0.12418,0.12403,846466.6,0.12404,104995.717064,846466.6,104995.717064,
2022-11-06 13:50:00+00:00,0.12383,0.12415,0.12399,0.12387,799066.9,0.12396,99052.332924,799066.9,99052.332924,
2022-11-06 13:55:00+00:00,0.12374,0.1242,0.12388,0.12398,1006347.8,0.12395,124736.80981,1006347.8,124736.80981,
2022-11-06 14:00:00+00:00,0.12367,0.12404,0.12404,0.12369,957202.5,0.12386,118559.10165,957202.5,118559.10165,
2022-11-06 14:05:00+00:00,0.12343,0.12379,0.12369,0.12359,758039.9,0.123625,93712.6826375,758039.9,93712.6826375,
2022-11-06 14:10:00+00:00,0.12342,0.12397,0.12363,0.12382,957798.0,0.12371,118489.19058,957798.0,118489.19058,
2022-11-06 14:15:00+00:00,0.12377,0.1255,0.12385,0.12535,2371632.9,0.124617,295545.7770993,2371632.9,295545.7770993,
2022-11-06 14:20:00+00:00,0.12524,0.12771,0.12535,0.12717,5350490.6,0.126368,676130.7961408,5350490.6,676130.7961408,
2022-11-06 14:25:00+00:00,0.12539,0.12722,0.12716,0.12545,2851030.4,0.126305,360099.394672,2851030.4,360099.394672,
2022-11-06 14:30:00+00:00,0.12424,0.12542,0.12542,0.12487,3454348.1,0.124988,431752.0603228,3454348.1,431752.0603228,
2022-11-06 14:35:00+00:00,0.12462,0.12513,0.1249,0.12496,1588766.9,0.124902,198440.1633438,1588766.9,198440.1633438,
2022-11-06 14:40:00+00:00,0.12461,0.12541,0.12497,0.1252,1926704.6,0.125048,240930.5568208,1926704.6,240930.5568208,
2022-11-06 14:45:00+00:00,0.1252,0.12622,0.1252,0.12552,1757621.9,0.125535,220643.0652165,1757621.9,220643.0652165,
2022-11-06 14:50:00+00:00,0.12518,0.12578,0.12548,0.12526,1304250.1,0.125425,163585.5687925,1304250.1,163585.5687925,
2022-11-06 14:55:00+00:00,0.12463,0.12538,0.12524,0.12512,1128442.8,0.125092,141159.1667376,1128442.8,141159.1667376,
2022-11-06 15:00:00+00:00,0.12503,0.12562,0.12512,0.12534,1265411.5,0.125278,158528.221897,1265411.5,158528.221897,
2022-11-06 15:05:00+00:00,0.12506,0.12573,0.1253,0.12569,1511483.0,0.125445,189607.984935,1511483.0,189607.984935,
2022-11-06 15:10:00+00:00,0.12532,0.12618,0.12572,0.12583,1577472.7,0.125762,198386.1216974,1577472.7,198386.1216974,
2022-11-06 15:15:00+00:00,0.1253,0.12596,0.12582,0.12541,1765467.4,0.125622,221781.5457228,1765467.4,221781.5457228,
2022-11-06 15:20:00+00:00,0.12526,0.12567,0.12537,0.1256,3178539.1,0.125475,398827.1935725,3178539.1,398827.1935725,
2022-11-06 15:25:00+00:00,0.1253,0.12572,0.12561,0.12544,2946779.7,0.125518,369873.8943846,2946779.7,369873.8943846,
2022-11-06 15:30:00+00:00,0.12488,0.12553,0.12543,0.12519,1413893.4,0.125258,177101.4594972,1413893.4,177101.4594972,
2022-11-06 15:35:00+00:00,0.12499,0.12547,0.12516,0.12509,862158.0,0.125178,107923.214124,862158.0,107923.214124,
2022-11-06 15:40:00+00:00,0.12499,0.12523,0.12511,0.12503,660804.9,0.12509,82660.084941,660804.9,82660.084941,
2022-11-06 15:45:00+00:00,0.12455,0.12524,0.12502,0.12489,1587146.9,0.124925,198274.3264825,1587146.9,198274.3264825,
2022-11-06 15:50:00+00:00,0.12456,0.12509,0.1249,0.12505,679233.4,0.1249,84836.25166,679233.4,84836.25166,
2022-11-06 15:55:00+00:00,0.12451,0.12501,0.12501,0.1246,1042253.8,0.124782,130054.5136716,1042253.8,130054.5136716,
2022-11-06 16:00:00+00:00,0.12175,0.1246,0.12459,0.12262,8988402.1,0.12339,1109078.935119,8988402.1,1109078.935119,
2022-11-06 16:05:00+00:00,0.12189,0.12383,0.12254,0.12366,4356616.0,0.12298,535776.63568,4356616.0,535776.63568,
2022-11-06 16:10:00+00:00,0.12327,0.12392,0.12363,0.12343,1553265.6,0.123562,191924.6040672,1553265.6,191924.6040672,
2022-11-06 16:15:00+00:00,0.12313,0.12394,0.12348,0.12326,2581654.9,0.123452,318710.4607148,2581654.9,318710.4607148,
2022-11-06 16:20:00+00:00,0.12301,0.12372,0.12327,0.12346,1287032.5,0.123365,158774.7643625,1287032.5,158774.7643625,
2022-11-06 16:25:00+00:00,0.12344,0.1239,0.12347,0.12377,768770.5,0.123645,95054.6284725,768770.5,95054.6284725,
2022-11-06 16:30:00+00:00,0.12346,0.12397,0.12372,0.12392,1476098.8,0.123768,182693.7962784,1476098.8,182693.7962784,
2022-11-06 16:35:00+00:00,0.12364,0.12416,0.12387,0.12412,657534.1,0.123948,81500.0366268,657534.1,81500.0366268,
2022-11-06 16:40:00+00:00,0.12371,0.12431,0.12409,0.12376,1695584.2,0.123968,210198.1821056,1695584.2,210198.1821056,
2022-11-06 16:45:00+00:00,0.12337,0.12401,0.12378,0.12398,1664129.7,0.123785,205994.2949145,1664129.7,205994.2949145,
2022-11-06 16:50:00+00:00,0.12368,0.12401,0.12397,0.12377,1054152.7,0.123858,130565.2451166,1054152.7,130565.2451166,
2022-11-06 16:55:00+00:00,0.1236,0.12393,0.12383,0.12375,783224.7,0.123777,96945.2036919,783224.7,96945.2036919,
2022-11-06 17:00:00+00:00,0.12339,0.12377,0.12372,0.12355,1074245.2,0.123608,132785.3006816,1074245.2,132785.3006816,
2022-11-06 17:05:00+00:00,0.12352,0.12388,0.12355,0.12372,510398.6,0.123668,63119.9740648,510398.6,63119.9740648,
2022-11-06 17:10:00+00:00,0.12363,0.12405,0.12366,0.12387,462733.5,0.123802,57287.332767,462733.5,57287.332767,
2022-11-06 17:15:00+00:00,0.12313,0.12394,0.12392,0.12316,1080305.7,0.123538,133458.8055666,1080305.7,133458.8055666,
2022-11-06 17:20:00+00:00,0.12284,0.12343,0.12331,0.123,1819715.3,0.123145,224088.8406185,1819715.3,224088.8406185,
2022-11-06 17:25:00+00:00,0.12289,0.12316,0.12303,0.12297,1376819.3,0.123012,169365.2957316,1376819.3,169365.2957316,
2022-11-06 17:30:00+00:00,0.12287,0.12347,0.12293,0.12302,1124817.6,0.123072,138433.5516672,1124817.6,138433.5516672,
2022-11-06 17:35:00+00:00,0.12297,0.12324,0.12301,0.123,777572.0,0.123055,95684.12246,777572.0,95684.12246,
2022-11-06 17:40:00+00:00,0.12285,0.12336,0.12306,0.12293,1372400.1,0.12305,168873.832305,1372400.1,168873.832305,
2022-11-06 17:45:00+00:00,0.12273,0.12322,0.12291,0.12319,1724084.9,0.123012,212083.1317188,1724084.9,212083.1317188,
2022-11-06 17:50:00+00:00,0.12303,0.12328,0.1231,0.12316,448568.4,0.123142,55237.6099128,448568.4,55237.6099128,
2022-11-06 17:55:00+00:00,0.12303,0.12347,0.12312,0.12338,1135523.7,0.12325,139953.296025,1135523.7,139953.296025,
2022-11-06 18:00:00+00:00,0.12301,0.12349,0.12336,0.12319,1380495.5,0.123262,170162.636321,1380495.5,170162.636321,
2022-11-06 18:05:00+00:00,0.12306,0.12344,0.12316,0.12331,1400737.6,0.123242,172629.7032992,1400737.6,172629.7032992,
2022-11-06 18:10:00+00:00,0.12294,0.12334,0.12327,0.12299,1040065.7,0.123135,128068.4899695,1040065.7,128068.4899695,
2022-11-06 18:15:00+00:00,0.12235,0.12315,0.12298,0.12273,4296666.3,0.122803,527643.5116389,4296666.3,527643.5116389,
2022-11-06 18:20:00+00:00,0.12136,0.12283,0.12272,0.12187,6172255.9,0.122195,754218.8097005,6172255.9,754218.8097005,
2022-11-06 18:25:00+00:00,0.12035,0.12194,0.12188,0.12127,5352693.0,0.12136,649602.82248,5352693.0,649602.82248,
2022-11-06 18:30:00+00:00,0.12085,0.12177,0.12124,0.12168,2993756.7,0.121385,363397.1570295,2993756.7,363397.1570295,
2022-11-06 18:35:00+00:00,0.12159,0.1219,0.12165,0.12163,1254913.9,0.121693,152714.2372327,1254913.9,152714.2372327,
2022-11-06 18:40:00+00:00,0.121,0.12171,0.12164,0.12161,2332768.9,0.12149,283408.093661,2332768.9,283408.093661,
2022-11-06 18:45:00+00:00,0.12076,0.12191,0.12164,0.1209,2904848.2,0.121303,352366.8012046,2904848.2,352366.8012046,
2022-11-06 18:50:00+00:00,0.12008,0.12112,0.12081,0.12089,4075468.3,0.120725,492010.9105175,4075468.3,492010.9105175,
2022-11-06 18:55:00+00:00,0.12089,0.12141,0.1209,0.1213,3280776.6,0.121125,397384.065675,3280776.6,397384.065675,
2022-11-06 19:00:00+00:00,0.12049,0.12138,0.12137,0.12093,3751809.8,0.121042,454126.5618116,3751809.8,454126.5618116,
2022-11-06 19:05:00+00:00,0.12061,0.12118,0.12092,0.12083,2659856.4,0.120885,321536.740914,2659856.4,321536.740914,
2022-11-06 19:10:00+00:00,0.12078,0.1215,0.12083,0.12116,1893225.6,0.121068,229209.0369408,1893225.6,229209.0369408,
2022-11-06 19:15:00+00:00,0.1198,0.12136,0.12117,0.12055,6454982.5,0.12072,779245.4874,6454982.5,779245.4874,
2022-11-06 19:20:00+00:00,0.12043,0.12114,0.12049,0.12081,2582869.8,0.120718,311798.8765164,2582869.8,311798.8765164,
2022-11-06 19:25:00+00:00,0.1203,0.12089,0.12084,0.12081,2646396.1,0.12071,319446.473231,2646396.1,319446.473231,
2022-11-06 19:30:00+00:00,0.12019,0.12088,0.12079,0.12021,1369832.2,0.120518,165089.4370796,1369832.2,165089.4370796,
2022-11-06 19:35:00+00:00,0.11957,0.12039,0.12021,0.1197,5189604.0,0.119968,622586.412672,5189604.0,622586.412672,
2022-11-06 19:40:00+00:00,0.11824,0.11971,0.11971,0.1192,5977898.9,0.119215,712655.2173635,5977898.9,712655.2173635,
2022-11-06 19:45:00+00:00,0.11918,0.11987,0.11925,0.11963,1846466.8,0.119482,220619.5461976,1846466.8,220619.5461976,
2022-11-06 19:50:00+00:00,0.11941,0.12027,0.11966,0.12005,3096492.5,0.119848,371108.43314,3096492.5,371108.43314,
2022-11-06 19:55:00+00:00,0.12004,0.1203,0.12006,0.12014,1990711.4,0.120135,239154.114039,1990711.4,239154.114039,
2022-11-06 20:00:00+00:00,0.1199,0.12053,0.12014,0.12042,2610653.5,0.120248,313925.862068,2610653.5,313925.862068,
2022-11-06 20:05:00+00:00,0.12006,0.12053,0.12039,0.12026,1023098.8,0.12031,123089.016628,1023098.8,123089.016628,
2022-11-06 20:10:00+00:00,0.12005,0.12044,0.12032,0.12037,1175303.2,0.120295,141383.098444,1175303.2,141383.098444,
2022-11-06 20:15:00+00:00,0.12005,0.12055,0.1204,0.12022,1930917.1,0.120305,232298.9817155,1930917.1,232298.9817155,
2022-11-06 20:20:00+00:00,0.11982,0.12025,0.12022,0.11994,1144156.8,0.120058,137365.1770944,1144156.8,137365.1770944,
2022-11-06 20:25:00+00:00,0.11989,0.12042,0.11993,0.12015,1449603.8,0.120098,174094.5171724,1449603.8,174094.5171724,
2022-11-06 20:30:00+00:00,0.12,0.12036,0.12015,0.12032,987476.4,0.120208,118702.5630912,987476.4,118702.5630912,
2022-11-06 20:35:00+00:00,0.12008,0.12044,0.12036,0.12013,631753.9,0.120253,75970.3017367,631753.9,75970.3017367,
2022-11-06 20:40:00+00:00,0.12001,0.12034,0.12014,0.12003,1080409.4,0.12013,129789.581222,1080409.4,129789.581222,
2022-11-06 20:45:00+00:00,0.11989,0.12039,0.12002,0.12001,1506753.4,0.120078,180927.9347652,1506753.4,180927.9347652,
2022-11-06 20:50:00+00:00,0.11997,0.12049,0.12001,0.12043,1258994.4,0.120225,151362.60174,1258994.4,151362.60174,
2022-11-06 20:55:00+00:00,0.1203,0.12092,0.12042,0.12076,2043130.0,0.1206,246401.478,2043130.0,246401.478,
2022-11-06 21:00:00+00:00,0.12028,0.12083,0.12075,0.12041,1691240.5,0.120568,203909.484604,1691240.5,203909.484604,
2022-11-06 21:05:00+00:00,0.12008,0.12042,0.12038,0.12031,995360.2,0.120298,119739.8413396,995360.2,119739.8413396,
2022-11-06 21:10:00+00:00,0.12004,0.1204,0.12034,0.12011,975918.1,0.120222,117326.8258182,975918.1,117326.8258182,
2022-11-06 21:15:00+00:00,0.12003,0.12018,0.12012,0.12007,709113.4,0.1201,85164.51934,709113.4,85164.51934,
2022-11-06 21:20:00+00:00,0.11945,0.12009,0.12008,0.11982,2998809.0,0.11986,359437.24674,2998809.0,359437.24674,
2022-11-06 21:25:00+00:00,0.11961,0.11998,0.11978,0.11976,2632812.5,0.119782,315363.546875,2632812.5,315363.546875,
2022-11-06 21:30:00+00:00,0.11961,0.11995,0.11978,0.11991,1274636.8,0.119812,152716.7842816,1274636.8,152716.7842816,
2022-11-06 21:35:00+00:00,0.11941,0.11994,0.11992,0.11948,1150586.7,0.119688,137711.4209496,1150586.7,137711.4209496,
2022-11-06 21:40:00+00:00,0.1192,0.11973,0.11948,0.11962,1246353.4,0.119508,148949.2021272,1246353.4,148949.2021272,
2022-11-06 21:45:00+00:00,0.11881,0.11962,0.11962,0.11935,2789823.4,0.11935,332965.42279,2789823.4,332965.42279,
2022-11-06 21:50:00+00:00,0.11885,0.11936,0.11936,0.11886,4431770.7,0.119108,527859.3445356,4431770.7,527859.3445356,
2022-11-06 21:55:00+00:00,0.11855,0.11903,0.11884,0.11858,2732063.9,0.11875,324432.588125,2732063.9,324432.588125,
2022-11-06 22:00:00+00:00,0.11856,0.11927,0.1186,0.11895,1184635.7,0.118845,140788.0297665,1184635.7,140788.0297665,
2022-11-06 22:05:00+00:00,0.11882,0.11927,0.119,0.11917,1587544.3,0.119065,189020.9620795,1587544.3,189020.9620795,
2022-11-06 22:10:00+00:00,0.11801,0.11927,0.11919,0.11807,4763819.8,0.118635,565155.761973,4763819.8,565155.761973,
2022-11-06 22:15:00+00:00,0.11734,0.11836,0.11811,0.11754,8099596.7,0.117838,954440.2759346,8099596.7,954440.2759346,
2022-11-06 22:20:00+00:00,0.11758,0.11823,0.11758,0.11812,3926958.7,0.117878,462902.0376386,3926958.7,462902.0376386,
2022-11-06 22:25:00+00:00,0.11816,0.11886,0.11817,0.11885,1764846.8,0.11851,209151.994268,1764846.8,209151.994268,
2022-11-06 22:30:00+00:00,0.11822,0.11887,0.11886,0.11829,1371144.5,0.11856,162562.89192,1371144.5,162562.89192,
2022-11-06 22:35:00+00:00,0.11829,0.11881,0.11831,0.11851,2213712.1,0.11848,262280.609608,2213712.1,262280.609608,
2022-11-06 22:40:00+00:00,0.11818,0.11892,0.11851,0.11887,1964078.3,0.11862,232978.967946,1964078.3,232978.967946,
2022-11-06 22:45:00+00:00,0.11842,0.11924,0.11884,0.11922,1367071.4,0.11893,162585.801602,1367071.4,162585.801602,
2022-11-06 22:50:00+00:00,0.11873,0.11935,0.1192,0.11923,2064056.1,0.119128,245886.8750808,2064056.1,245886.8750808,
2022-11-06 22:55:00+00:00,0.11903,0.11931,0.11926,0.11912,732132.0,0.11918,87255.49176,732132.0,87255.49176,
2022-11-06 23:00:00+00:00,0.11854,0.11915,0.11909,0.11876,4985219.0,0.118885,592667.760815,4985219.0,592667.760815,
2022-11-06 23:05:00+00:00,0.11739,0.11882,0.11874,0.11745,5603713.9,0.1181,661798.61159,5603713.9,661798.61159,
2022-11-06 23:10:00+00:00,0.11335,0.11795,0.1175,0.11412,21651105.1,0.11573,2505682.393223,21651105.1,2505682.393223,
2022-11-06 23:15:00+00:00,0.11403,0.11573,0.11403,0.11468,11198625.8,0.114618,1283564.0919444,11198625.8,1283564.0919444,
2022-11-06 23:20:00+00:00,0.11386,0.11512,0.11472,0.11426,8924652.9,0.11449,1021783.510521,8924652.9,1021783.510521,
2022-11-06 23:25:00+00:00,0.11422,0.11514,0.11431,0.11451,6218130.8,0.114545,712255.792486,6218130.8,712255.792486,
2022-11-06 23:30:00+00:00,0.11381,0.11496,0.1145,0.11407,6807130.5,0.114335,778293.2657175,6807130.5,778293.2657175,
2022-11-06 23:35:00+00:00,0.11194,0.11435,0.11406,0.11295,13463621.8,0.113325,1525764.940485,13463621.8,1525764.940485,
2022-11-06 23:40:00+00:00,0.11281,0.11412,0.1129,0.114,9334046.9,0.113457,1059012.9591333,9334046.9,1059012.9591333,
2022-11-06 23:45:00+00:00,0.11308,0.11471,0.11401,0.11442,10163889.3,0.114055,1159242.3941115,10163889.3,1159242.3941115,
2022-11-06 23:50:00+00:00,0.11395,0.11471,0.11434,0.11448,5074578.1,0.11437,580379.497297,5074578.1,580379.497297,
2022-11-06 23:55:00+00:00,0.11415,0.11497,0.11449,0.11479,4320408.7,0.1146,495118.83702,4320408.7,495118.83702,
2022-11-07 00:00:00+00:00,0.11444,0.11497,0.11479,0.11488,7418589.4,0.11477,851431.505438,7418589.4,851431.505438,
2022-11-07 00:05:00+00:00,0.11461,0.11574,0.11487,0.11533,6908432.3,0.115137,795416.1697251,6908432.3,795416.1697251,
2022-11-07 00:10:00+00:00,0.11478,0.11557,0.11533,0.11508,5578389.8,0.11519,642574.721062,5578389.8,642574.721062,
2022-11-07 00:15:00+00:00,0.11501,0.11598,0.11507,0.11549,5526995.6,0.115388,637748.9682928,5526995.6,637748.9682928,
2022-11-07 00:20:00+00:00,0.11536,0.11577,0.1155,0.11561,3669698.6,0.11556,424070.370216,3669698.6,424070.370216,
2022-11-07 00:25:00+00:00,0.11536,0.11579,0.11561,0.11572,2844799.0,0.11562,328915.66038,2844799.0,328915.66038,
2022-11-07 00:30:00+00:00,0.11521,0.11587,0.11571,0.11546,5826728.1,0.115563,673354.1794203,5826728.1,673354.1794203,
2022-11-07 00:35:00+00:00,0.11518,0.11607,0.11547,0.11582,6449180.3,0.115635,745750.9639905,6449180.3,745750.9639905,
2022-11-07 00:40:00+00:00,0.11519,0.11579,0.11578,0.11536,4406877.4,0.11553,509126.546022,4406877.4,509126.546022,
2022-11-07 00:45:00+00:00,0.115,0.11549,0.11537,0.11512,5530371.9,0.115245,637347.7096155,5530371.9,637347.7096155,
2022-11-07 00:50:00+00:00,0.11459,0.11517,0.11512,0.11516,4197451.5,0.11501,482748.897015,4197451.5,482748.897015,
2022-11-07 00:55:00+00:00,0.11493,0.1155,0.1152,0.11497,3638688.8,0.11515,418995.01532,3638688.8,418995.01532,
2022-11-07 01:00:00+00:00,0.11473,0.11528,0.11495,0.11507,3549531.9,0.115008,408224.5647552,3549531.9,408224.5647552,
2022-11-07 01:05:00+00:00,0.11468,0.11509,0.11507,0.11468,2468872.6,0.11488,283624.084288,2468872.6,283624.084288,
2022-11-07 01:10:00+00:00,0.11419,0.11481,0.11465,0.1146,4552327.7,0.114562,521523.7659674,4552327.7,521523.7659674,
2022-11-07 01:15:00+00:00,0.11444,0.11499,0.11461,0.11487,2760570.1,0.114728,316714.6864328,2760570.1,316714.6864328,
2022-11-07 01:20:00+00:00,0.11438,0.11492,0.11485,0.11463,2582144.3,0.114695,296159.0404885,2582144.3,296159.0404885,
2022-11-07 01:25:00+00:00,0.11456,0.11523,0.11462,0.11517,2759022.3,0.114895,316997.8671585,2759022.3,316997.8671585,
2022-11-07 01:30:00+00:00,0.11498,0.11573,0.11521,0.11549,3881500.6,0.115352,447738.8572112,3881500.6,447738.8572112,
2022-11-07 01:35:00+00:00,0.11532,0.11641,0.11542,0.11628,4641860.0,0.115857,537791.97402,4641860.0,537791.97402,
2022-11-07 01:40:00+00:00,0.11588,0.11761,0.11631,0.11689,5330089.0,0.116672,621872.143808,5330089.0,621872.143808,
2022-11-07 01:45:00+00:00,0.11638,0.11705,0.11688,0.11701,5510132.7,0.11683,643748.803341,5510132.7,643748.803341,
2022-11-07 01:50:00+00:00,0.11673,0.1178,0.11701,0.11719,5490460.5,0.117183,643388.6327715,5490460.5,643388.6327715,
2022-11-07 01:55:00+00:00,0.11702,0.11759,0.11721,0.11733,3035053.7,0.117288,355975.3783656,3035053.7,355975.3783656,
2022-11-07 02:00:00+00:00,0.117,0.11735,0.11731,0.11711,3326061.0,0.117192,389787.740712,3326061.0,389787.740712,
2022-11-07 02:05:00+00:00,0.11711,0.11781,0.11711,0.11781,2490480.4,0.11746,292531.827784,2490480.4,292531.827784,
2022-11-07 02:10:00+00:00,0.11778,0.11848,0.11781,0.11827,5191066.4,0.118085,612987.075844,5191066.4,612987.075844,
2022-11-07 02:15:00+00:00,0.11759,0.11849,0.11827,0.11825,5670286.5,0.11815,669944.349975,5670286.5,669944.349975,
2022-11-07 02:20:00+00:00,0.1176,0.11825,0.11824,0.11774,2492453.6,0.117958,294004.8417488,2492453.6,294004.8417488,
2022-11-07 02:25:00+00:00,0.11733,0.11778,0.11772,0.11734,1542351.6,0.117542,181291.0917672,1542351.6,181291.0917672,
2022-11-07 02:30:00+00:00,0.11717,0.11776,0.11736,0.1177,3306464.7,0.117498,388502.9893206,3306464.7,388502.9893206,
2022-11-07 02:35:00+00:00,0.11732,0.11791,0.11768,0.11768,2105322.5,0.117648,247686.98148,2105322.5,247686.98148,
2022-11-07 02:40:00+00:00,0.11759,0.11798,0.11766,0.11781,2791080.7,0.11776,328677.663232,2791080.7,328677.663232,
2022-11-07 02:45:00+00:00,0.11759,0.11846,0.11778,0.11817,2576092.1,0.118,303978.8678,2576092.1,303978.8678,
2022-11-07 02:50:00+00:00,0.11768,0.11822,0.11822,0.11802,1868811.9,0.118035,220585.2126165,1868811.9,220585.2126165,
2022-11-07 02:55:00+00:00,0.11771,0.11812,0.11803,0.11794,1882020.8,0.11795,221984.35336,1882020.8,221984.35336,
2022-11-07 03:00:00+00:00,0.11759,0.11796,0.11794,0.1176,1593455.8,0.117772,187664.4764776,1593455.8,187664.4764776,
2022-11-07 03:05:00+00:00,0.11741,0.11775,0.11763,0.11769,2446219.2,0.11762,287724.302304,2446219.2,287724.302304,
2022-11-07 03:10:00+00:00,0.11748,0.11782,0.11769,0.1175,1606724.4,0.117622,188986.1373768,1606724.4,188986.1373768,
2022-11-07 03:15:00+00:00,0.1175,0.1178,0.11752,0.11755,2359007.1,0.117592,277400.3629032,2359007.1,277400.3629032,
2022-11-07 03:20:00+00:00,0.11735,0.11772,0.11757,0.11735,2215939.6,0.117498,260368.4711208,2215939.6,260368.4711208,
2022-11-07 03:25:00+00:00,0.11735,0.11826,0.11735,0.11803,3426868.0,0.117748,403506.853264,3426868.0,403506.853264,
2022-11-07 03:30:00+00:00,0.11797,0.11865,0.118,0.11839,3703299.1,0.118252,437922.5251732,3703299.1,437922.5251732,
2022-11-07 03:35:00+00:00,0.11824,0.11878,0.11835,0.11859,2466822.7,0.11849,292293.821723,2466822.7,292293.821723,
2022-11-07 03:40:00+00:00,0.118,0.11857,0.11856,0.11839,3663971.1,0.11838,433740.898818,3663971.1,433740.898818,
2022-11-07 03:45:00+00:00,0.11811,0.11848,0.11836,0.11828,2176936.7,0.118308,257549.0271036,2176936.7,257549.0271036,
2022-11-07 03:50:00+00:00,0.11816,0.11855,0.11827,0.11843,2362992.1,0.118352,279664.8410192,2362992.1,279664.8410192,
2022-11-07 03:55:00+00:00,0.11808,0.11855,0.11843,0.11835,1636396.2,0.118352,193670.7630624,1636396.2,193670.7630624,
2022-11-07 04:00:00+00:00,0.1178,0.11833,0.11833,0.11793,3701457.7,0.118098,437134.7514546,3701457.7,437134.7514546,
2022-11-07 04:05:00+00:00,0.11751,0.11794,0.11793,0.11751,2530571.3,0.117723,297906.4451499,2530571.3,297906.4451499,
2022-11-07 04:10:00+00:00,0.11736,0.11789,0.11752,0.11749,2045485.1,0.117565,240477.4557815,2045485.1,240477.4557815,
2022-11-07 04:15:00+00:00,0.11748,0.1178,0.11749,0.1177,1635526.2,0.117618,192367.3205916,1635526.2,192367.3205916,
2022-11-07 04:20:00+00:00,0.11668,0.11773,0.11771,0.11744,5433575.0,0.11739,637847.36925,5433575.0,637847.36925,
2022-11-07 04:25:00+00:00,0.11718,0.11751,0.11746,0.11729,2586307.0,0.11736,303528.98952,2586307.0,303528.98952,
2022-11-07 04:30:00+00:00,0.11711,0.11758,0.11729,0.11739,2257082.9,0.117342,264850.6216518,2257082.9,264850.6216518,
2022-11-07 04:35:00+00:00,0.11722,0.11762,0.11736,0.11743,2558133.3,0.117408,300345.3144864,2558133.3,300345.3144864,
2022-11-07 04:40:00+00:00,0.11731,0.11781,0.11741,0.1177,2211527.6,0.117558,259982.7616008,2211527.6,259982.7616008,
2022-11-07 04:45:00+00:00,0.11729,0.11767,0.11766,0.11737,2002404.6,0.117498,235278.5356908,2002404.6,235278.5356908,
2022-11-07 04:50:00+00:00,0.11736,0.11767,0.11738,0.11751,1311230.6,0.11748,154043.370888,1311230.6,154043.370888,
2022-11-07 04:55:00+00:00,0.11743,0.11797,0.11752,0.11779,1172645.5,0.117678,137994.577149,1172645.5,137994.577149,
2022-11-07 05:00:00+00:00,0.11767,0.11824,0.11779,0.11824,2530263.8,0.117985,298533.174443,2530263.8,298533.174443,
2022-11-07 05:05:00+00:00,0.11783,0.11826,0.11826,0.11787,1907835.9,0.118055,225229.5671745,1907835.9,225229.5671745,
2022-11-07 05:10:00+00:00,0.11751,0.11809,0.11785,0.11777,864413.8,0.117805,101832.267709,864413.8,101832.267709,
2022-11-07 05:15:00+00:00,0.11741,0.11784,0.11774,0.11758,1194921.9,0.117643,140574.1970817,1194921.9,140574.1970817,
2022-11-07 05:20:00+00:00,0.11726,0.1176,0.11758,0.11743,1599114.4,0.117468,187844.7703392,1599114.4,187844.7703392,
2022-11-07 05:25:00+00:00,0.11727,0.11751,0.11742,0.11745,598268.5,0.117412,70243.901122,598268.5,70243.901122,
2022-11-07 05:30:00+00:00,0.11749,0.11907,0.11749,0.11898,2669321.3,0.118257,315665.9289741,2669321.3,315665.9289741,
2022-11-07 05:35:00+00:00,0.11834,0.11901,0.11901,0.11851,2221546.4,0.118718,263737.5455152,2221546.4,263737.5455152,
2022-11-07 05:40:00+00:00,0.11805,0.11854,0.11849,0.11812,1678645.4,0.1183,198583.75082,1678645.4,198583.75082,
2022-11-07 05:45:00+00:00,0.1174,0.11808,0.11808,0.11764,1997309.6,0.1178,235283.07088,1997309.6,235283.07088,
2022-11-07 05:50:00+00:00,0.11741,0.11785,0.11765,0.11746,1208985.4,0.117592,142167.0111568,1208985.4,142167.0111568,
2022-11-07 05:55:00+00:00,0.11727,0.11768,0.11751,0.11738,2107751.4,0.11746,247576.479444,2107751.4,247576.479444,
2022-11-07 06:00:00+00:00,0.117,0.11754,0.11737,0.11736,7293603.6,0.117318,855670.9871448,7293603.6,855670.9871448,
2022-11-07 06:05:00+00:00,0.11704,0.11758,0.11736,0.1175,1483877.0,0.11737,174162.64349,1483877.0,174162.64349,
2022-11-07 06:10:00+00:00,0.11669,0.11755,0.1175,0.11699,2586559.6,0.117182,303098.2270472,2586559.6,303098.2270472,
2022-11-07 06:15:00+00:00,0.11656,0.11743,0.11699,0.1174,1994443.6,0.117095,233539.373342,1994443.6,233539.373342,
2022-11-07 06:20:00+00:00,0.11712,0.11764,0.11737,0.11729,1923354.1,0.117355,225715.2204055,1923354.1,225715.2204055,
2022-11-07 06:25:00+00:00,0.11684,0.11727,0.11727,0.117,1145404.5,0.117095,134121.1399275,1145404.5,134121.1399275,
2022-11-07 06:30:00+00:00,0.1168,0.11737,0.11699,0.1172,1253175.7,0.11709,146734.342713,1253175.7,146734.342713,
2022-11-07 06:35:00+00:00,0.11716,0.1175,0.11718,0.11741,879367.9,0.117312,103160.4070848,879367.9,103160.4070848,
2022-11-07 06:40:00+00:00,0.11715,0.11744,0.11738,0.11736,1084459.7,0.117332,127241.8255204,1084459.7,127241.8255204,
2022-11-07 06:45:00+00:00,0.11696,0.11741,0.11737,0.11706,1025585.9,0.1172,120198.66748,1025585.9,120198.66748,
2022-11-07 06:50:00+00:00,0.11701,0.11731,0.11706,0.11718,700373.5,0.11714,82041.75179,700373.5,82041.75179,
2022-11-07 06:55:00+00:00,0.11666,0.1172,0.11717,0.11694,3227114.6,0.116992,377546.5912832,3227114.6,377546.5912832,
2022-11-07 07:00:00+00:00,0.11585,0.11699,0.11693,0.11629,3172429.5,0.116515,369635.6231925,3172429.5,369635.6231925,
2022-11-07 07:05:00+00:00,0.1154,0.11646,0.1163,0.11593,3323333.7,0.116022,385579.8225414,3323333.7,385579.8225414,
2022-11-07 07:10:00+00:00,0.11592,0.11633,0.11602,0.11595,507617.5,0.116055,58911.5489625,507617.5,58911.5489625,
2022-11-07 07:15:00+00:00,0.1156,0.11633,0.11601,0.11567,1286953.3,0.115902,149160.4613766,1286953.3,149160.4613766,
2022-11-07 07:20:00+00:00,0.11567,0.11619,0.11568,0.11575,923918.8,0.115823,107011.0471724,923918.8,107011.0471724,
2022-11-07 07:25:00+00:00,0.11578,0.11638,0.11578,0.11614,957937.4,0.11602,111139.897148,957937.4,111139.897148,
2022-11-07 07:30:00+00:00,0.11609,0.11656,0.11614,0.11609,1083480.3,0.11622,125922.080466,1083480.3,125922.080466,
2022-11-07 07:35:00+00:00,0.11532,0.11635,0.11611,0.11545,1807407.4,0.115808,209312.2361792,1807407.4,209312.2361792,
2022-11-07 07:40:00+00:00,0.11453,0.11563,0.11546,0.1146,8723789.0,0.115055,1003715.543395,8723789.0,1003715.543395,
2022-11-07 07:45:00+00:00,0.11445,0.11507,0.11461,0.11459,3305319.8,0.11468,379054.074664,3305319.8,379054.074664,
2022-11-07 07:50:00+00:00,0.11256,0.11459,0.11459,0.11365,6115140.7,0.113847,696190.4232729,6115140.7,696190.4232729,
2022-11-07 07:55:00+00:00,0.11292,0.1137,0.11365,0.11331,2342215.8,0.113395,265595.560641,2342215.8,265595.560641,
2022-11-07 08:00:00+00:00,0.11209,0.11412,0.1133,0.11405,4407632.5,0.11339,499781.449175,4407632.5,499781.449175,
2022-11-07 08:05:00+00:00,0.11379,0.11428,0.11405,0.11421,1327507.1,0.114082,151444.6649822,1327507.1,151444.6649822,
2022-11-07 08:10:00+00:00,0.11415,0.11486,0.1142,0.1147,1849721.0,0.114478,211752.360638,1849721.0,211752.360638,
2022-11-07 08:15:00+00:00,0.11461,0.11512,0.11462,0.11477,1308473.9,0.11478,150186.634242,1308473.9,150186.634242,
2022-11-07 08:20:00+00:00,0.11409,0.11488,0.11479,0.11411,2186929.5,0.114467,250331.2590765,2186929.5,250331.2590765,
2022-11-07 08:25:00+00:00,0.11392,0.11455,0.11412,0.11438,2736854.8,0.114242,312663.7660616,2736854.8,312663.7660616,
2022-11-07 08:30:00+00:00,0.11437,0.11515,0.11439,0.11493,1854271.4,0.11471,212703.472294,1854271.4,212703.472294,
2022-11-07 08:35:00+00:00,0.11477,0.11534,0.11485,0.11502,1217798.3,0.114995,140040.7155085,1217798.3,140040.7155085,
2022-11-07 08:40:00+00:00,0.11495,0.1154,0.115,0.11513,1512462.4,0.11512,174114.671488,1512462.4,174114.671488,
2022-11-07 08:45:00+00:00,0.11504,0.11534,0.11508,0.1153,1001504.2,0.11519,115363.268798,1001504.2,115363.268798,
2022-11-07 08:50:00+00:00,0.11488,0.1153,0.1153,0.11525,901527.8,0.115182,103839.7750596,901527.8,103839.7750596,
2022-11-07 08:55:00+00:00,0.11514,0.11557,0.11526,0.11527,1179670.1,0.11531,136027.759231,1179670.1,136027.759231,
2022-11-07 09:00:00+00:00,0.11503,0.11554,0.11527,0.11553,1211829.9,0.115343,139776.0961557,1211829.9,139776.0961557,
2022-11-07 09:05:00+00:00,0.11529,0.11554,0.11552,0.11548,664424.9,0.115457,76712.5056793,664424.9,76712.5056793,
2022-11-07 09:10:00+00:00,0.11494,0.11559,0.11545,0.1152,1800428.9,0.115295,207580.4500255,1800428.9,207580.4500255,
2022-11-07 09:15:00+00:00,0.11482,0.11524,0.1152,0.11507,1127278.4,0.115082,129729.4528288,1127278.4,129729.4528288,
2022-11-07 09:20:00+00:00,0.11482,0.11525,0.11511,0.11506,1316503.2,0.11506,151476.858192,1316503.2,151476.858192,
2022-11-07 09:25:00+00:00,0.1148,0.11537,0.115,0.11535,720802.2,0.11513,82985.957286,720802.2,82985.957286,
2022-11-07 09:30:00+00:00,0.11498,0.11532,0.11532,0.11502,931169.6,0.11516,107233.491136,931169.6,107233.491136,
2022-11-07 09:35:00+00:00,0.11467,0.11516,0.11504,0.11477,1722973.2,0.11491,197986.850412,1722973.2,197986.850412,
2022-11-07 09:40:00+00:00,0.11459,0.11503,0.11476,0.11503,762727.3,0.114852,87600.7558596,762727.3,87600.7558596,
2022-11-07 09:45:00+00:00,0.11437,0.11502,0.11502,0.11451,1353380.2,0.11473,155273.310346,1353380.2,155273.310346,
2022-11-07 09:50:00+00:00,0.11447,0.11484,0.11451,0.11463,1112508.8,0.114612,127506.8585856,1112508.8,127506.8585856,
2022-11-07 09:55:00+00:00,0.11433,0.11468,0.11464,0.11447,505111.5,0.11453,57850.420095,505111.5,57850.420095,
2022-11-07 10:00:00+00:00,0.11436,0.11532,0.11447,0.11531,1207831.2,0.114865,138737.530788,1207831.2,138737.530788,
2022-11-07 10:05:00+00:00,0.11536,0.11695,0.11536,0.11644,2698995.3,0.116028,313159.0266684,2698995.3,313159.0266684,
2022-11-07 10:10:00+00:00,0.11609,0.11755,0.11643,0.11721,2240251.2,0.11682,261706.145184,2240251.2,261706.145184,
2022-11-07 10:15:00+00:00,0.11669,0.11747,0.11724,0.11715,1449828.6,0.117138,169830.0225468,1449828.6,169830.0225468,
2022-11-07 10:20:00+00:00,0.1164,0.11731,0.11721,0.1164,1257103.1,0.11683,146867.355173,1257103.1,146867.355173,
2022-11-07 10:25:00+00:00,0.11618,0.11662,0.11638,0.11649,802592.0,0.116418,93436.155456,802592.0,93436.155456,
2022-11-07 10:30:00+00:00,0.11626,0.11691,0.11647,0.11685,2178134.4,0.116622,254018.3899968,2178134.4,254018.3899968,
2022-11-07 10:35:00+00:00,0.11608,0.11681,0.11681,0.11619,1106827.0,0.116472,128914.354344,1106827.0,128914.354344,
2022-11-07 10:40:00+00:00,0.11613,0.11647,0.11619,0.11628,727439.1,0.116268,84577.8892788,727439.1,84577.8892788,
2022-11-07 10:45:00+00:00,0.11606,0.11638,0.11621,0.11619,2497842.7,0.11621,290274.300167,2497842.7,290274.300167,
2022-11-07 10:50:00+00:00,0.11583,0.11636,0.11621,0.116,2167392.1,0.1161,251634.22281,2167392.1,251634.22281,
2022-11-07 10:55:00+00:00,0.11596,0.11642,0.11601,0.11638,1014240.2,0.116192,117846.5973184,1014240.2,117846.5973184,
2022-11-07 11:00:00+00:00,0.11617,0.1167,0.11639,0.11655,1670593.6,0.116452,194543.9659072,1670593.6,194543.9659072,
2022-11-07 11:05:00+00:00,0.1163,0.11677,0.11652,0.11649,974844.0,0.11652,113588.82288,974844.0,113588.82288,
2022-11-07 11:10:00+00:00,0.11621,0.11659,0.11648,0.11649,808201.7,0.116442,94108.6223514,808201.7,94108.6223514,
2022-11-07 11:15:00+00:00,0.11624,0.11653,0.11648,0.11646,762052.5,0.116428,88724.24847,762052.5,88724.24847,
2022-11-07 11:20:00+00:00,0.11615,0.11646,0.1164,0.11636,856775.4,0.116343,99679.8203622,856775.4,99679.8203622,
2022-11-07 11:25:00+00:00,0.11627,0.117,0.11627,0.11662,1537465.5,0.11654,179176.22937,1537465.5,179176.22937,
2022-11-07 11:30:00+00:00,0.11658,0.11704,0.11662,0.11688,1688662.5,0.11678,197202.00675,1688662.5,197202.00675,
2022-11-07 11:35:00+00:00,0.11638,0.11694,0.11689,0.11645,942015.4,0.116665,109900.226641,942015.4,109900.226641,
2022-11-07 11:40:00+00:00,0.11622,0.11655,0.11646,0.11642,1674801.9,0.116412,194967.0387828,1674801.9,194967.0387828,
2022-11-07 11:45:00+00:00,0.11611,0.11668,0.1164,0.11657,594612.5,0.11644,69236.6795,594612.5,69236.6795,
2022-11-07 11:50:00+00:00,0.11623,0.11662,0.11657,0.11637,718460.4,0.116448,83663.2766592,718460.4,83663.2766592,
2022-11-07 11:55:00+00:00,0.11633,0.11661,0.11637,0.11648,671064.3,0.116448,78144.0956064,671064.3,78144.0956064,
2022-11-07 12:00:00+00:00,0.11603,0.11669,0.11649,0.11664,1572791.9,0.116462,183170.4902578,1572791.9,183170.4902578,
2022-11-07 12:05:00+00:00,0.11667,0.11736,0.1167,0.11718,1741528.8,0.116978,203720.5559664,1741528.8,203720.5559664,
2022-11-07 12:10:00+00:00,0.11684,0.11738,0.11717,0.11694,1089611.2,0.117082,127573.8585184,1089611.2,127573.8585184,
2022-11-07 12:15:00+00:00,0.11674,0.11728,0.11694,0.11674,1037666.8,0.116925,121329.19059,1037666.8,121329.19059,
2022-11-07 12:20:00+00:00,0.11629,0.11687,0.11673,0.11646,1580618.8,0.116588,184281.1846544,1580618.8,184281.1846544,
2022-11-07 12:25:00+00:00,0.11625,0.11669,0.11652,0.11638,2008439.1,0.11646,233902.817586,2008439.1,233902.817586,
2022-11-07 12:30:00+00:00,0.1161,0.11668,0.11638,0.11644,1362056.0,0.1164,158543.3184,1362056.0,158543.3184,
2022-11-07 12:35:00+00:00,0.11624,0.11653,0.11643,0.11643,760562.8,0.116408,88535.5944224,760562.8,88535.5944224,
2022-11-07 12:40:00+00:00,0.11621,0.11666,0.11638,0.11654,1866467.2,0.116448,217346.3725056,1866467.2,217346.3725056,
2022-11-07 12:45:00+00:00,0.11629,0.11675,0.11656,0.11648,1009882.4,0.11652,117671.497248,1009882.4,117671.497248,
2022-11-07 12:50:00+00:00,0.11605,0.11656,0.11651,0.11622,1439086.7,0.116335,167416.1512445,1439086.7,167416.1512445,
2022-11-07 12:55:00+00:00,0.1161,0.11814,0.11622,0.11788,2579609.6,0.117085,302033.590016,2579609.6,302033.590016,
2022-11-07 13:00:00+00:00,0.11696,0.11877,0.11799,0.1184,4406079.8,0.11803,520049.598794,4406079.8,520049.598794,
2022-11-07 13:05:00+00:00,0.11749,0.11831,0.11831,0.11756,2049804.9,0.117918,241708.8941982,2049804.9,241708.8941982,
2022-11-07 13:10:00+00:00,0.11714,0.11795,0.11756,0.11743,2370249.9,0.11752,278551.768248,2370249.9,278551.768248,
2022-11-07 13:15:00+00:00,0.11713,0.11766,0.1175,0.11715,3510446.7,0.11736,411986.024712,3510446.7,411986.024712,
2022-11-07 13:20:00+00:00,0.1161,0.11714,0.11711,0.11659,2192543.4,0.116735,255946.553799,2192543.4,255946.553799,
2022-11-07 13:25:00+00:00,0.11638,0.11679,0.11662,0.11646,1365509.0,0.116562,159166.460058,1365509.0,159166.460058,
2022-11-07 13:30:00+00:00,0.11636,0.11672,0.11646,0.1164,2288438.8,0.116485,266568.793618,2288438.8,266568.793618,
2022-11-07 13:35:00+00:00,0.11628,0.11689,0.11642,0.11655,1903391.3,0.116535,221811.7051455,1903391.3,221811.7051455,
2022-11-07 13:40:00+00:00,0.11628,0.11669,0.11659,0.11638,647609.1,0.116485,75436.7460135,647609.1,75436.7460135,
2022-11-07 13:45:00+00:00,0.11622,0.11666,0.11635,0.11622,801202.4,0.116362,93229.5136688,801202.4,93229.5136688,
2022-11-07 13:50:00+00:00,0.11612,0.11661,0.1162,0.11618,766471.2,0.116278,89123.7381936,766471.2,89123.7381936,
2022-11-07 13:55:00+00:00,0.11524,0.11656,0.11615,0.1162,3895563.1,0.116037,452029.4554347,3895563.1,452029.4554347,
2022-11-07 14:00:00+00:00,0.11558,0.11643,0.11617,0.1159,2983215.1,0.11602,346112.615902,2983215.1,346112.615902,
2022-11-07 14:05:00+00:00,0.11542,0.11596,0.11589,0.11579,1739136.7,0.115765,201331.1600755,1739136.7,201331.1600755,
2022-11-07 14:10:00+00:00,0.11565,0.11601,0.11578,0.11589,1751140.8,0.115832,202838.1411456,1751140.8,202838.1411456,
2022-11-07 14:15:00+00:00,0.11583,0.11651,0.11585,0.11639,1510723.3,0.116145,175462.9576785,1510723.3,175462.9576785,
2022-11-07 14:20:00+00:00,0.11626,0.1167,0.11637,0.11629,899421.7,0.116405,104697.1829885,899421.7,104697.1829885,
2022-11-07 14:25:00+00:00,0.11621,0.11644,0.11627,0.11637,1083590.0,0.116322,126045.35598,1083590.0,126045.35598,
2022-11-07 14:30:00+00:00,0.11567,0.11701,0.11637,0.11608,4288351.3,0.116282,498658.0658666,4288351.3,498658.0658666,
2022-11-07 14:35:00+00:00,0.11538,0.11641,0.1161,0.11605,3318027.8,0.115985,384841.454383,3318027.8,384841.454383,
2022-11-07 14:40:00+00:00,0.11605,0.11663,0.11607,0.11635,2002867.0,0.116275,232883.360425,2002867.0,232883.360425,
2022-11-07 14:45:00+00:00,0.11573,0.11647,0.11633,0.11584,2617176.4,0.116092,303833.2426288,2617176.4,303833.2426288,
2022-11-07 14:50:00+00:00,0.11506,0.11598,0.11582,0.11557,5068360.2,0.115608,585942.9860016,5068360.2,585942.9860016,
2022-11-07 14:55:00+00:00,0.11532,0.11595,0.11557,0.11565,2189235.0,0.115623,253125.918405,2189235.0,253125.918405,
2022-11-07 15:00:00+00:00,0.11557,0.11629,0.11565,0.11629,3096096.4,0.11595,358992.37758,3096096.4,358992.37758,
2022-11-07 15:05:00+00:00,0.11596,0.11641,0.11628,0.11626,1863171.2,0.116228,216552.6622336,1863171.2,216552.6622336,
2022-11-07 15:10:00+00:00,0.11593,0.11641,0.11629,0.11609,2238541.8,0.11618,260073.786324,2238541.8,260073.786324,
2022-11-07 15:15:00+00:00,0.11586,0.1165,0.11606,0.11634,1964390.9,0.11619,228242.578671,1964390.9,228242.578671,
2022-11-07 15:20:00+00:00,0.11598,0.11644,0.11634,0.11617,2202358.1,0.116232,255984.4866792,2202358.1,255984.4866792,
2022-11-07 15:25:00+00:00,0.11576,0.1162,0.1162,0.11606,2236407.7,0.116055,259546.2956235,2236407.7,259546.2956235,
2022-11-07 15:30:00+00:00,0.11554,0.11608,0.11606,0.11579,2674631.7,0.115868,309904.2258156,2674631.7,309904.2258156,
2022-11-07 15:35:00+00:00,0.11542,0.11595,0.11579,0.11549,1470974.8,0.115662,170135.8873176,1470974.8,170135.8873176,
2022-11-07 15:40:00+00:00,0.11524,0.11565,0.11547,0.11552,2010034.5,0.11547,232098.683715,2010034.5,232098.683715,
2022-11-07 15:45:00+00:00,0.11522,0.11581,0.11552,0.11569,3639173.9,0.11556,420542.935884,3639173.9,420542.935884,
2022-11-07 15:50:00+00:00,0.1156,0.11633,0.1157,0.11607,2016555.2,0.115925,233769.16156,2016555.2,233769.16156,
2022-11-07 15:55:00+00:00,0.11605,0.1165,0.11611,0.11639,1601072.9,0.116262,186143.9374998,1601072.9,186143.9374998,
2022-11-07 16:00:00+00:00,0.11618,0.11765,0.11646,0.11756,1923997.5,0.116962,225034.595595,1923997.5,225034.595595,
2022-11-07 16:05:00+00:00,0.11653,0.11758,0.11755,0.1168,2046232.4,0.117115,239644.507526,2046232.4,239644.507526,
2022-11-07 16:10:00+00:00,0.11655,0.11696,0.11682,0.1167,2846147.7,0.116757,332307.6670089,2846147.7,332307.6670089,
2022-11-07 16:15:00+00:00,0.11668,0.11727,0.1167,0.11678,7297517.5,0.116858,852773.300015,7297517.5,852773.300015,
2022-11-07 16:20:00+00:00,0.11655,0.11705,0.1168,0.11667,1509313.2,0.116768,176239.4837376,1509313.2,176239.4837376,
2022-11-07 16:25:00+00:00,0.11654,0.11703,0.11668,0.11669,1374253.3,0.116735,160423.4589755,1374253.3,160423.4589755,
2022-11-07 16:30:00+00:00,0.11674,0.11715,0.11681,0.1171,1584973.1,0.11695,185362.604045,1584973.1,185362.604045,
2022-11-07 16:35:00+00:00,0.1168,0.11719,0.11712,0.117,955148.7,0.117028,111779.1420636,955148.7,111779.1420636,
2022-11-07 16:40:00+00:00,0.11595,0.117,0.11697,0.11595,1969327.1,0.116468,229363.5886828,1969327.1,229363.5886828,
2022-11-07 16:45:00+00:00,0.11584,0.11633,0.11599,0.11601,1134717.2,0.116042,131674.8533224,1134717.2,131674.8533224,
2022-11-07 16:50:00+00:00,0.11578,0.11608,0.116,0.1159,1175174.6,0.11594,136249.743124,1175174.6,136249.743124,
2022-11-07 16:55:00+00:00,0.11476,0.11594,0.11588,0.11497,3275705.9,0.115388,377977.1523892,3275705.9,377977.1523892,
2022-11-07 17:00:00+00:00,0.1146,0.11543,0.11501,0.11521,2413376.8,0.115063,277690.3747384,2413376.8,277690.3747384,
2022-11-07 17:05:00+00:00,0.11476,0.11535,0.11516,0.11521,2990239.5,0.11512,344236.37124,2990239.5,344236.37124,
2022-11-07 17:10:00+00:00,0.1147,0.11527,0.11517,0.11477,2080904.7,0.114978,239258.2605966,2080904.7,239258.2605966,
2022-11-07 17:15:00+00:00,0.114,0.115,0.11476,0.11482,3312590.1,0.114645,379771.8920145,3312590.1,379771.8920145,
2022-11-07 17:20:00+00:00,0.11473,0.1151,0.11482,0.11502,1452962.9,0.114918,166971.5905422,1452962.9,166971.5905422,
2022-11-07 17:25:00+00:00,0.11471,0.11504,0.11503,0.11482,1775207.4,0.1149,203971.33026,1775207.4,203971.33026,
2022-11-07 17:30:00+00:00,0.11446,0.11493,0.11481,0.11477,4723776.8,0.114742,542015.5975856,4723776.8,542015.5975856,
2022-11-07 17:35:00+00:00,0.11462,0.11516,0.11476,0.11502,1222092.6,0.11489,140406.218814,1222092.6,140406.218814,
2022-11-07 17:40:00+00:00,0.11488,0.11522,0.11502,0.11511,1402334.5,0.115058,161349.802901,1402334.5,161349.802901,
2022-11-07 17:45:00+00:00,0.11461,0.1151,0.1151,0.11489,1396583.7,0.114925,160502.3817225,1396583.7,160502.3817225,
2022-11-07 17:50:00+00:00,0.11455,0.11489,0.11489,0.11468,2560451.1,0.114752,293816.8846272,2560451.1,293816.8846272,
2022-11-07 17:55:00+00:00,0.11463,0.115,0.11469,0.11495,3079003.2,0.114818,353524.9894176,3079003.2,353524.9894176,
2022-11-07 18:00:00+00:00,0.11474,0.11509,0.11497,0.115,1439550.0,0.11495,165476.2725,1439550.0,165476.2725,
2022-11-07 18:05:00+00:00,0.11471,0.11503,0.11498,0.11486,1088781.7,0.114895,125095.5734215,1088781.7,125095.5734215,
2022-11-07 18:10:00+00:00,0.11458,0.11494,0.11486,0.11458,1563532.6,0.11474,179399.730524,1563532.6,179399.730524,
2022-11-07 18:15:00+00:00,0.11423,0.11466,0.11458,0.1145,1431611.2,0.114492,163908.0295104,1431611.2,163908.0295104,
2022-11-07 18:20:00+00:00,0.1143,0.11482,0.11449,0.11463,1280191.9,0.11456,146658.784064,1280191.9,146658.784064,
2022-11-07 18:25:00+00:00,0.11452,0.11501,0.11463,0.11499,1103711.2,0.114788,126692.8012256,1103711.2,126692.8012256,
2022-11-07 18:30:00+00:00,0.11483,0.11558,0.11498,0.11533,1713856.4,0.11518,197401.980152,1713856.4,197401.980152,
2022-11-07 18:35:00+00:00,0.11495,0.11536,0.11526,0.1153,1267894.1,0.115218,146084.2224138,1267894.1,146084.2224138,
2022-11-07 18:40:00+00:00,0.11487,0.1153,0.1153,0.11511,1307812.5,0.115145,150588.0703125,1307812.5,150588.0703125,
2022-11-07 18:45:00+00:00,0.11505,0.11543,0.1151,0.11538,928256.9,0.11524,106972.325156,928256.9,106972.325156,
2022-11-07 18:50:00+00:00,0.11506,0.11544,0.1154,0.11532,695239.3,0.115305,80164.5674865,695239.3,80164.5674865,
2022-11-07 18:55:00+00:00,0.11495,0.11536,0.11534,0.11499,671486.8,0.11516,77328.419888,671486.8,77328.419888,
2022-11-07 19:00:00+00:00,0.11493,0.11511,0.11499,0.11505,1001626.0,0.11502,115207.02252,1001626.0,115207.02252,
2022-11-07 19:05:00+00:00,0.11472,0.11522,0.11504,0.11486,1249697.9,0.11496,143665.270584,1249697.9,143665.270584,
2022-11-07 19:10:00+00:00,0.1148,0.11519,0.11484,0.11502,797336.9,0.114963,91664.2420347,797336.9,91664.2420347,
2022-11-07 19:15:00+00:00,0.11501,0.11595,0.11501,0.11574,2333411.3,0.115428,269340.9995364,2333411.3,269340.9995364,
2022-11-07 19:20:00+00:00,0.11549,0.11579,0.11577,0.11574,1016028.6,0.115698,117552.4769628,1016028.6,117552.4769628,
2022-11-07 19:25:00+00:00,0.11545,0.11583,0.11566,0.11548,1302522.5,0.115605,150578.1136125,1302522.5,150578.1136125,
2022-11-07 19:30:00+00:00,0.11549,0.11597,0.11549,0.11592,900099.6,0.115718,104157.7255128,900099.6,104157.7255128,
2022-11-07 19:35:00+00:00,0.11585,0.11706,0.11594,0.11691,2870372.2,0.11644,334226.138968,2870372.2,334226.138968,
2022-11-07 19:40:00+00:00,0.11671,0.11701,0.11694,0.11697,1505415.1,0.116908,175995.0685108,1505415.1,175995.0685108,
2022-11-07 19:45:00+00:00,0.11674,0.11713,0.11701,0.11676,955631.1,0.11691,111722.831901,955631.1,111722.831901,
2022-11-07 19:50:00+00:00,0.11678,0.11743,0.11678,0.1171,1476577.3,0.117022,172792.0288006,1476577.3,172792.0288006,
2022-11-07 19:55:00+00:00,0.11679,0.11743,0.11703,0.1173,3657833.6,0.117138,428471.3122368,3657833.6,428471.3122368,
2022-11-07 20:00:00+00:00,0.11716,0.118,0.11731,0.11777,3655296.0,0.11756,429716.59776,3655296.0,429716.59776,
2022-11-07 20:05:00+00:00,0.11731,0.11777,0.11775,0.11761,1214110.4,0.11761,142791.524144,1214110.4,142791.524144,
2022-11-07 20:10:00+00:00,0.11734,0.11774,0.1176,0.11761,1255855.9,0.117572,147653.4898748,1255855.9,147653.4898748,
2022-11-07 20:15:00+00:00,0.11715,0.11781,0.11765,0.11726,1445871.2,0.117468,169843.5981216,1445871.2,169843.5981216,
2022-11-07 20:20:00+00:00,0.11725,0.1175,0.11726,0.11745,785148.0,0.117365,92148.89502,785148.0,92148.89502,
2022-11-07 20:25:00+00:00,0.1168,0.11752,0.11741,0.11682,1895314.2,0.117137,222011.4194454,1895314.2,222011.4194454,
2022-11-07 20:30:00+00:00,0.1165,0.11711,0.11678,0.11683,1793626.9,0.116805,209504.5900545,1793626.9,209504.5900545,
2022-11-07 20:35:00+00:00,0.11655,0.11699,0.11681,0.11671,717368.8,0.116765,83763.567932,717368.8,83763.567932,
2022-11-07 20:40:00+00:00,0.11662,0.11703,0.11675,0.11681,1017035.8,0.116802,118791.8155116,1017035.8,118791.8155116,
2022-11-07 20:45:00+00:00,0.11655,0.1169,0.1168,0.11683,1516168.3,0.11677,177042.972391,1516168.3,177042.972391,
2022-11-07 20:50:00+00:00,0.11635,0.11685,0.11684,0.11639,922776.9,0.116608,107603.1687552,922776.9,107603.1687552,
2022-11-07 20:55:00+00:00,0.11625,0.11671,0.11642,0.11655,1269668.8,0.116482,147893.5611616,1269668.8,147893.5611616,
2022-11-07 21:00:00+00:00,0.11636,0.11685,0.1165,0.1165,943303.0,0.116552,109943.851256,943303.0,109943.851256,
2022-11-07 21:05:00+00:00,0.1161,0.11672,0.11647,0.11631,717578.9,0.1164,83526.18396,717578.9,83526.18396,
2022-11-07 21:10:00+00:00,0.11593,0.11631,0.11628,0.1161,1104464.1,0.116155,128289.0275355,1104464.1,128289.0275355,
2022-11-07 21:15:00+00:00,0.11597,0.11627,0.1161,0.11607,889188.7,0.116102,103236.5864474,889188.7,103236.5864474,
2022-11-07 21:20:00+00:00,0.116,0.1162,0.1161,0.11606,514510.1,0.11609,59729.477509,514510.1,59729.477509,
2022-11-07 21:25:00+00:00,0.11571,0.11617,0.11614,0.11571,919943.0,0.115932,106650.831876,919943.0,106650.831876,
2022-11-07 21:30:00+00:00,0.11479,0.11599,0.11572,0.11499,2489559.9,0.115372,287225.5047828,2489559.9,287225.5047828,
2022-11-07 21:35:00+00:00,0.1135,0.11501,0.11501,0.1137,5189862.0,0.114305,593227.17591,5189862.0,593227.17591,
2022-11-07 21:40:00+00:00,0.11344,0.11412,0.11369,0.11412,3342209.8,0.113842,380483.8480516,3342209.8,380483.8480516,
2022-11-07 21:45:00+00:00,0.11394,0.11466,0.11409,0.11416,1724047.4,0.114212,196906.9016488,1724047.4,196906.9016488,
2022-11-07 21:50:00+00:00,0.11387,0.1146,0.11412,0.1141,2467828.8,0.114172,281756.9497536,2467828.8,281756.9497536,
2022-11-07 21:55:00+00:00,0.11365,0.11425,0.1141,0.11411,1875272.0,0.114027,213831.640344,1875272.0,213831.640344,
2022-11-07 22:00:00+00:00,0.11379,0.11415,0.11415,0.11388,1209548.6,0.113992,137878.8640112,1209548.6,137878.8640112,
2022-11-07 22:05:00+00:00,0.11292,0.11401,0.11389,0.11399,3601972.2,0.113702,409551.4430844,3601972.2,409551.4430844,
2022-11-07 22:10:00+00:00,0.1139,0.11424,0.11399,0.114,1707467.6,0.114032,194705.9453632,1707467.6,194705.9453632,
2022-11-07 22:15:00+00:00,0.11256,0.11422,0.11399,0.11291,2454974.6,0.11342,278443.219132,2454974.6,278443.219132,
2022-11-07 22:20:00+00:00,0.10963,0.11317,0.11294,0.1111,16770975.4,0.11171,1873485.661934,16770975.4,1873485.661934,
2022-11-07 22:25:00+00:00,0.107,0.11113,0.11111,0.10895,21120258.6,0.109547,2313660.9688542,21120258.6,2313660.9688542,
2022-11-07 22:30:00+00:00,0.10784,0.10954,0.10895,0.10887,11457876.0,0.1088,1246616.9088,11457876.0,1246616.9088,
2022-11-07 22:35:00+00:00,0.10792,0.10938,0.10894,0.1088,9648735.4,0.10876,1049396.462104,9648735.4,1049396.462104,
2022-11-07 22:40:00+00:00,0.10869,0.10939,0.1088,0.10922,4552196.5,0.109025,496303.2234125,4552196.5,496303.2234125,
2022-11-07 22:45:00+00:00,0.10808,0.10953,0.10928,0.10867,4862045.2,0.10889,529428.101828,4862045.2,529428.101828,
2022-11-07 22:50:00+00:00,0.10862,0.10954,0.10866,0.10939,2212383.3,0.109052,241264.8236316,2212383.3,241264.8236316,
2022-11-07 22:55:00+00:00,0.1087,0.11014,0.10938,0.10896,6389117.9,0.109295,698298.6408805,6389117.9,698298.6408805,
2022-11-07 23:00:00+00:00,0.10894,0.10979,0.10899,0.10967,2585849.4,0.109348,282757.4601912,2585849.4,282757.4601912,
2022-11-07 23:05:00+00:00,0.10931,0.10968,0.10962,0.10956,3845578.3,0.109542,421252.3381386,3845578.3,421252.3381386,
2022-11-07 23:10:00+00:00,0.10905,0.10966,0.10958,0.10953,4520603.3,0.109455,494802.6342015,4520603.3,494802.6342015,
2022-11-07 23:15:00+00:00,0.10956,0.11034,0.10958,0.11017,5049708.9,0.109912,555023.6046168,5049708.9,555023.6046168,
2022-11-07 23:20:00+00:00,0.10992,0.11067,0.11024,0.11044,4717739.3,0.110318,520451.5640974,4717739.3,520451.5640974,
2022-11-07 23:25:00+00:00,0.11019,0.11075,0.11046,0.11047,2576749.3,0.110468,284648.3416724,2576749.3,284648.3416724,
2022-11-07 23:30:00+00:00,0.11017,0.11061,0.11049,0.11017,2726110.6,0.11036,300853.565816,2726110.6,300853.565816,
2022-11-07 23:35:00+00:00,0.11007,0.11056,0.11019,0.11048,2936297.0,0.110325,323946.966525,2936297.0,323946.966525,
2022-11-07 23:40:00+00:00,0.11035,0.11077,0.11048,0.11061,4366806.2,0.110552,482759.1590224,4366806.2,482759.1590224,
2022-11-07 23:45:00+00:00,0.11042,0.11121,0.1106,0.11115,3781856.4,0.110845,419199.872658,3781856.4,419199.872658,
2022-11-07 23:50:00+00:00,0.11093,0.11171,0.11113,0.11137,5075882.9,0.111285,564869.6285265,5075882.9,564869.6285265,
2022-11-07 23:55:00+00:00,0.11115,0.11145,0.11138,0.11128,1556673.7,0.111315,173281.1329155,1556673.7,173281.1329155,
2022-11-08 00:00:00+00:00,0.11125,0.11251,0.11128,0.11222,4095578.5,0.111815,457947.1099775,4095578.5,457947.1099775,
2022-11-08 00:05:00+00:00,0.11204,0.11251,0.11227,0.11213,2380218.2,0.112238,267150.9303316,2380218.2,267150.9303316,
2022-11-08 00:10:00+00:00,0.11168,0.11231,0.11212,0.11211,2017067.0,0.112055,226022.442685,2017067.0,226022.442685,
2022-11-08 00:15:00+00:00,0.11154,0.11225,0.11211,0.11156,3632050.2,0.111865,406299.295623,3632050.2,406299.295623,
2022-11-08 00:20:00+00:00,0.11134,0.11177,0.11159,0.11152,1585934.3,0.111555,176918.9008365,1585934.3,176918.9008365,
2022-11-08 00:25:00+00:00,0.11144,0.11188,0.11146,0.11163,1309864.9,0.111602,146183.5425698,1309864.9,146183.5425698,
2022-11-08 00:30:00+00:00,0.1115,0.11204,0.11159,0.11161,1782728.5,0.111685,199104.0325225,1782728.5,199104.0325225,
2022-11-08 00:35:00+00:00,0.11141,0.11174,0.1116,0.11159,1057428.5,0.111585,117993.1591725,1057428.5,117993.1591725,
2022-11-08 00:40:00+00:00,0.11127,0.11163,0.11152,0.1113,1801578.1,0.11143,200749.847683,1801578.1,200749.847683,
2022-11-08 00:45:00+00:00,0.11066,0.11144,0.11131,0.11112,8425217.2,0.111132,936311.2378704,8425217.2,936311.2378704,
2022-11-08 00:50:00+00:00,0.11035,0.11123,0.11115,0.11069,3109523.5,0.110855,344706.2275925,3109523.5,344706.2275925,
2022-11-08 00:55:00+00:00,0.11043,0.11082,0.11065,0.11068,1784103.6,0.110645,197402.142822,1784103.6,197402.142822,
2022-11-08 01:00:00+00:00,0.11001,0.11072,0.11066,0.11068,3372235.2,0.110517,372689.3175984,3372235.2,372689.3175984,
2022-11-08 01:05:00+00:00,0.1104,0.11084,0.11068,0.11069,2254490.8,0.110652,249463.9160016,2254490.8,249463.9160016,
2022-11-08 01:10:00+00:00,0.11045,0.11115,0.1107,0.11112,869026.5,0.110855,96335.9326575,869026.5,96335.9326575,
2022-11-08 01:15:00+00:00,0.11088,0.11173,0.11107,0.1117,1341269.2,0.111345,149343.619074,1341269.2,149343.619074,
2022-11-08 01:20:00+00:00,0.11143,0.11183,0.1117,0.11148,1289966.6,0.11161,143973.172226,1289966.6,143973.172226,
2022-11-08 01:25:00+00:00,0.11141,0.11169,0.11145,0.11161,918914.9,0.11154,102495.767946,918914.9,102495.767946,
2022-11-08 01:30:00+00:00,0.111,0.11182,0.11164,0.11126,6363619.0,0.11143,709098.06517,6363619.0,709098.06517,
2022-11-08 01:35:00+00:00,0.11099,0.11139,0.11123,0.11107,1295801.2,0.11117,144054.219404,1295801.2,144054.219404,
2022-11-08 01:40:00+00:00,0.11089,0.11129,0.111,0.11108,1170302.4,0.111065,129979.636056,1170302.4,129979.636056,
2022-11-08 01:45:00+00:00,0.11102,0.11138,0.11109,0.11114,1041564.6,0.111158,115778.2378068,1041564.6,115778.2378068,
2022-11-08 01:50:00+00:00,0.11106,0.1115,0.11112,0.11138,1476933.9,0.111265,164331.0503835,1476933.9,164331.0503835,
2022-11-08 01:55:00+00:00,0.11135,0.11153,0.1114,0.11146,690613.1,0.111435,76958.4707985,690613.1,76958.4707985,
2022-11-08 02:00:00+00:00,0.11136,0.11179,0.11145,0.11164,1075660.0,0.11156,120000.6296,1075660.0,120000.6296,
2022-11-08 02:05:00+00:00,0.11137,0.11181,0.11164,0.11147,1194916.2,0.111572,133319.1902664,1194916.2,133319.1902664,
2022-11-08 02:10:00+00:00,0.11112,0.11146,0.11143,0.11133,797870.2,0.111335,88830.878717,797870.2,88830.878717,
2022-11-08 02:15:00+00:00,0.11114,0.11198,0.11127,0.11192,911529.2,0.111578,101706.6050776,911529.2,101706.6050776,
2022-11-08 02:20:00+00:00,0.11166,0.11197,0.11188,0.11188,603325.9,0.111847,67480.1919373,603325.9,67480.1919373,
2022-11-08 02:25:00+00:00,0.1117,0.112,0.11188,0.11187,1061854.7,0.111862,118781.1904514,1061854.7,118781.1904514,
2022-11-08 02:30:00+00:00,0.11147,0.11217,0.11189,0.11192,1912098.4,0.111862,213891.1512208,1912098.4,213891.1512208,
2022-11-08 02:35:00+00:00,0.11145,0.11203,0.11191,0.11156,952757.8,0.111737,106458.2982986,952757.8,106458.2982986,
2022-11-08 02:40:00+00:00,0.1112,0.11169,0.11158,0.11156,8064041.2,0.111508,899205.1061296,8064041.2,899205.1061296,
2022-11-08 02:45:00+00:00,0.11095,0.11175,0.11153,0.11101,1673103.9,0.11131,186233.195109,1673103.9,186233.195109,
2022-11-08 02:50:00+00:00,0.10868,0.11109,0.11101,0.10874,6230017.7,0.10988,684554.344876,6230017.7,684554.344876,
2022-11-08 02:55:00+00:00,0.1078,0.10938,0.10887,0.10818,4306692.0,0.108558,467525.870136,4306692.0,467525.870136,
2022-11-08 03:00:00+00:00,0.1059,0.10906,0.10818,0.10799,13961929.5,0.107782,1504844.685369,13961929.5,1504844.685369,
2022-11-08 03:05:00+00:00,0.1074,0.10834,0.10799,0.10825,3274434.6,0.107995,353622.564627,3274434.6,353622.564627,
2022-11-08 03:10:00+00:00,0.10791,0.10869,0.10831,0.10832,5541262.7,0.108308,600163.0805116,5541262.7,600163.0805116,
2022-11-08 03:15:00+00:00,0.10504,0.1087,0.10833,0.106,10139513.6,0.107017,1085100.3269312,10139513.6,1085100.3269312,
2022-11-08 03:20:00+00:00,0.10538,0.10742,0.10604,0.10691,6031404.0,0.106438,641970.578952,6031404.0,641970.578952,
2022-11-08 03:25:00+00:00,0.10542,0.10722,0.10698,0.10575,7191614.4,0.106342,764770.6585248,7191614.4,764770.6585248,
2022-11-08 03:30:00+00:00,0.10564,0.10705,0.10574,0.10676,7582070.5,0.106297,805951.3479385,7582070.5,805951.3479385,
2022-11-08 03:35:00+00:00,0.10613,0.10696,0.10687,0.10623,3120666.6,0.106548,332500.7848968,3120666.6,332500.7848968,
2022-11-08 03:40:00+00:00,0.10395,0.10641,0.10624,0.1041,15234606.6,0.105175,1602299.749155,15234606.6,1602299.749155,
2022-11-08 03:45:00+00:00,0.10363,0.105,0.10422,0.10383,10919803.3,0.10417,1137515.909761,10919803.3,1137515.909761,
2022-11-08 03:50:00+00:00,0.10356,0.105,0.10385,0.10376,8352227.1,0.104042,868982.4119382,8352227.1,868982.4119382,
2022-11-08 03:55:00+00:00,0.10128,0.104,0.10375,0.10211,14022360.3,0.102785,1441288.3034355,14022360.3,1441288.3034355,
2022-11-08 04:00:00+00:00,0.10184,0.10373,0.10218,0.10331,9302993.0,0.102765,956022.075645,9302993.0,956022.075645,
2022-11-08 04:05:00+00:00,0.10123,0.10338,0.1033,0.10123,9956003.2,0.102285,1018349.787312,9956003.2,1018349.787312,
2022-11-08 04:10:00+00:00,0.09518,0.10207,0.10125,0.0977,24904164.0,0.09905,2466757.4442,24904164.0,2466757.4442,
2022-11-08 04:15:00+00:00,0.0972,0.0995,0.09776,0.09928,12630121.7,0.098435,1243246.0295395,12630121.7,1243246.0295395,
2022-11-08 04:20:00+00:00,0.09873,0.10182,0.0992,0.10071,15895323.3,0.100115,1591360.2921795,15895323.3,1591360.2921795,
2022-11-08 04:25:00+00:00,0.10051,0.10199,0.10063,0.1014,7959974.2,0.101132,805008.1107944,7959974.2,805008.1107944,
2022-11-08 04:30:00+00:00,0.10076,0.10159,0.10138,0.10078,7954349.5,0.101128,804407.456236,7954349.5,804407.456236,
2022-11-08 04:35:00+00:00,0.09924,0.10106,0.10079,0.10026,10018162.6,0.100338,1005202.3989588,10018162.6,1005202.3989588,
2022-11-08 04:40:00+00:00,0.09981,0.10073,0.10023,0.0999,5357633.2,0.100167,536658.0447444,5357633.2,536658.0447444,
2022-11-08 04:45:00+00:00,0.09909,0.10134,0.09983,0.10119,4791141.7,0.100362,480848.5632954,4791141.7,480848.5632954,
2022-11-08 04:50:00+00:00,0.1004,0.10132,0.10119,0.10067,4193386.8,0.100895,423091.761186,4193386.8,423091.761186,
2022-11-08 04:55:00+00:00,0.09945,0.1007,0.10069,0.09987,3981391.0,0.100178,398847.787598,3981391.0,398847.787598,
2022-11-08 05:00:00+00:00,0.09954,0.101,0.09986,0.10091,3568638.2,0.100328,358034.3333296,3568638.2,358034.3333296,
2022-11-08 05:05:00+00:00,0.09998,0.10099,0.10091,0.1,2906591.6,0.10047,292025.258052,2906591.6,292025.258052,
2022-11-08 05:10:00+00:00,0.0981,0.09995,0.09993,0.09928,5609977.1,0.099315,557154.8756865,5609977.1,557154.8756865,
2022-11-08 05:15:00+00:00,0.09909,0.10026,0.09928,0.09962,2940807.3,0.099562,292792.6564026,2940807.3,292792.6564026,
2022-11-08 05:20:00+00:00,0.0976,0.09959,0.09956,0.09817,6232540.7,0.09873,615338.743311,6232540.7,615338.743311,
2022-11-08 05:25:00+00:00,0.09698,0.09977,0.09826,0.09976,8408495.4,0.098692,829851.2280168,8408495.4,829851.2280168,
2022-11-08 05:30:00+00:00,0.0993,0.10034,0.09972,0.09973,3913829.1,0.099772,390490.5569652,3913829.1,390490.5569652,
2022-11-08 05:35:00+00:00,0.09957,0.10072,0.09972,0.10015,4914444.8,0.10004,491641.057792,4914444.8,491641.057792,
2022-11-08 05:40:00+00:00,0.09973,0.10034,0.10018,0.10013,2556074.2,0.100095,255850.247049,2556074.2,255850.247049,
2022-11-08 05:45:00+00:00,0.09955,0.10081,0.1001,0.10045,3656347.8,0.100227,366464.7709506,3656347.8,366464.7709506,
2022-11-08 05:50:00+00:00,0.09932,0.10045,0.10043,0.1,10188253.2,0.10005,1019334.73266,10188253.2,1019334.73266,
2022-11-08 05:55:00+00:00,0.09953,0.10042,0.1,0.10005,10778021.3,0.1,1077802.13,10778021.3,1077802.13,
2022-11-08 06:00:00+00:00,0.09935,0.10005,0.10005,0.09989,6705928.1,0.099835,669486.3318635,6705928.1,669486.3318635,
2022-11-08 06:05:00+00:00,0.09977,0.10035,0.09984,0.10013,1610005.7,0.100022,161035.9901254,1610005.7,161035.9901254,
2022-11-08 06:10:00+00:00,0.09943,0.10025,0.10012,0.09975,5140254.7,0.099888,513449.7614736,5140254.7,513449.7614736,
2022-11-08 06:15:00+00:00,0.09949,0.10063,0.09971,0.10059,1975465.8,0.100105,197754.003909,1975465.8,197754.003909,
2022-11-08 06:20:00+00:00,0.10021,0.10134,0.10063,0.10127,2531473.0,0.100862,255329.429726,2531473.0,255329.429726,
2022-11-08 06:25:00+00:00,0.10077,0.10145,0.10112,0.10091,6473504.8,0.101062,654225.3420976,6473504.8,654225.3420976,
2022-11-08 06:30:00+00:00,0.10069,0.1023,0.10089,0.1019,5135722.6,0.101445,520993.379157,5135722.6,520993.379157,
2022-11-08 06:35:00+00:00,0.1009,0.10189,0.10189,0.10141,4819965.7,0.101522,489332.5577954,4819965.7,489332.5577954,
2022-11-08 06:40:00+00:00,0.10138,0.10201,0.10142,0.10185,4512991.5,0.101665,458813.2808475,4512991.5,458813.2808475,
2022-11-08 06:45:00+00:00,0.10159,0.10238,0.10185,0.1018,3989462.0,0.101905,406546.12511,3989462.0,406546.12511,
2022-11-08 06:50:00+00:00,0.10155,0.10216,0.10181,0.1021,2624807.6,0.101905,267481.018478,2624807.6,267481.018478,
2022-11-08 06:55:00+00:00,0.10188,0.10231,0.10206,0.10194,2907874.2,0.102048,296742.7463616,2907874.2,296742.7463616,
2022-11-08 07:00:00+00:00,0.10133,0.10199,0.10195,0.10173,1661217.5,0.10175,169028.880625,1661217.5,169028.880625,
2022-11-08 07:05:00+00:00,0.10104,0.10181,0.10172,0.10126,2709842.8,0.101458,274935.2308024,2709842.8,274935.2308024,
2022-11-08 07:10:00+00:00,0.10092,0.10145,0.10126,0.10116,1793446.1,0.101198,181493.1584278,1793446.1,181493.1584278,
2022-11-08 07:15:00+00:00,0.10078,0.10129,0.10117,0.1012,1535291.9,0.10111,155233.364009,1535291.9,155233.364009,
2022-11-08 07:20:00+00:00,0.10111,0.10151,0.10119,0.10137,2515635.9,0.101295,254821.3384905,2515635.9,254821.3384905,
2022-11-08 07:25:00+00:00,0.1012,0.10165,0.10135,0.10165,1950465.7,0.101463,197900.1013191,1950465.7,197900.1013191,
2022-11-08 07:30:00+00:00,0.10124,0.10169,0.10163,0.10142,719845.0,0.101495,73060.668275,719845.0,73060.668275,
2022-11-08 07:35:00+00:00,0.10137,0.10251,0.10142,0.10246,2338322.1,0.10194,238368.554874,2338322.1,238368.554874,
2022-11-08 07:40:00+00:00,0.10195,0.10339,0.10248,0.10317,3082821.1,0.102747,316750.6195617,3082821.1,316750.6195617,
2022-11-08 07:45:00+00:00,0.10261,0.10339,0.10305,0.10336,2252711.9,0.103103,232261.3550257,2252711.9,232261.3550257,
2022-11-08 07:50:00+00:00,0.10273,0.10338,0.10338,0.10305,1457938.9,0.103135,150364.5284515,1457938.9,150364.5284515,
2022-11-08 07:55:00+00:00,0.10278,0.10321,0.10307,0.10278,2564842.0,0.10296,264076.13232,2564842.0,264076.13232,
2022-11-08 08:00:00+00:00,0.10213,0.10282,0.10279,0.1024,2160811.7,0.102535,221558.8276595,2160811.7,221558.8276595,
2022-11-08 08:05:00+00:00,0.10209,0.10267,0.10236,0.10211,1059682.9,0.102308,108414.0381332,1059682.9,108414.0381332,
2022-11-08 08:10:00+00:00,0.10125,0.10216,0.10213,0.10163,2100389.3,0.101793,213804.9280149,2100389.3,213804.9280149,
2022-11-08 08:15:00+00:00,0.10128,0.10184,0.10159,0.10166,2073785.2,0.101592,210679.9860384,2073785.2,210679.9860384,
2022-11-08 08:20:00+00:00,0.10127,0.1019,0.10162,0.10139,1489521.2,0.101545,151253.430254,1489521.2,151253.430254,
2022-11-08 08:25:00+00:00,0.10142,0.10193,0.10142,0.10179,1006590.1,0.10164,102309.817764,1006590.1,102309.817764,
2022-11-08 08:30:00+00:00,0.10163,0.10222,0.10175,0.10222,1965046.4,0.101955,200346.305712,1965046.4,200346.305712,
2022-11-08 08:35:00+00:00,0.10209,0.10254,0.10217,0.10245,980816.3,0.102312,100349.2772856,980816.3,100349.2772856,
2022-11-08 08:40:00+00:00,0.10209,0.10247,0.10239,0.10225,1283184.4,0.1023,131269.76412,1283184.4,131269.76412,
2022-11-08 08:45:00+00:00,0.10117,0.10221,0.10221,0.10163,1685582.4,0.101805,171600.716232,1685582.4,171600.716232,
2022-11-08 08:50:00+00:00,0.10124,0.10164,0.10161,0.10128,783498.4,0.101442,79479.6446928,783498.4,79479.6446928,
2022-11-08 08:55:00+00:00,0.10127,0.10167,0.10131,0.10144,1205681.0,0.101422,122282.578382,1205681.0,122282.578382,
2022-11-08 09:00:00+00:00,0.101,0.10168,0.10143,0.10129,1641473.7,0.10135,166363.359495,1641473.7,166363.359495,
2022-11-08 09:05:00+00:00,0.10114,0.10157,0.10121,0.10132,949526.8,0.10131,96196.560108,949526.8,96196.560108,
2022-11-08 09:10:00+00:00,0.1013,0.10187,0.1013,0.10149,1322766.1,0.10149,134247.531489,1322766.1,134247.531489,
2022-11-08 09:15:00+00:00,0.10108,0.10193,0.10151,0.10166,1000658.5,0.101545,101611.8673825,1000658.5,101611.8673825,
2022-11-08 09:20:00+00:00,0.10155,0.10196,0.10168,0.10161,672860.2,0.1017,68429.88234,672860.2,68429.88234,
2022-11-08 09:25:00+00:00,0.10136,0.10226,0.10161,0.10199,1450803.1,0.101805,147699.0095955,1450803.1,147699.0095955,
2022-11-08 09:30:00+00:00,0.10178,0.10336,0.10193,0.1031,2867996.2,0.102543,294092.9343366,2867996.2,294092.9343366,
2022-11-08 09:35:00+00:00,0.10256,0.10314,0.10314,0.10296,1644495.9,0.10295,169300.852905,1644495.9,169300.852905,
2022-11-08 09:40:00+00:00,0.10281,0.10361,0.10295,0.10349,2063969.5,0.103215,213032.6119425,2063969.5,213032.6119425,
2022-11-08 09:45:00+00:00,0.10278,0.10356,0.10351,0.10304,4710952.4,0.103223,486278.6395852,4710952.4,486278.6395852,
2022-11-08 09:50:00+00:00,0.1028,0.10316,0.10301,0.10284,1075982.9,0.102952,110774.5915208,1075982.9,110774.5915208,
2022-11-08 09:55:00+00:00,0.10274,0.10341,0.10284,0.10304,1650687.1,0.103008,170033.9767968,1650687.1,170033.9767968,
2022-11-08 10:00:00+00:00,0.1025,0.10301,0.10301,0.10258,1302770.5,0.102775,133892.2381375,1302770.5,133892.2381375,
2022-11-08 10:05:00+00:00,0.10224,0.1029,0.10255,0.1024,1324410.0,0.102522,135781.16202,1324410.0,135781.16202,
2022-11-08 10:10:00+00:00,0.10223,0.10274,0.1024,0.10271,1322655.5,0.10252,135598.64186,1322655.5,135598.64186,
2022-11-08 10:15:00+00:00,0.10229,0.10269,0.10269,0.10233,1256768.8,0.1025,128818.802,1256768.8,128818.802,
2022-11-08 10:20:00+00:00,0.10164,0.10242,0.10234,0.10177,1645358.5,0.102043,167897.3174155,1645358.5,167897.3174155,
2022-11-08 10:25:00+00:00,0.10159,0.10196,0.10179,0.10178,1528896.1,0.10178,155611.045058,1528896.1,155611.045058,
2022-11-08 10:30:00+00:00,0.10136,0.10196,0.10178,0.10148,3524606.2,0.101645,358258.597199,3524606.2,358258.597199,
2022-11-08 10:35:00+00:00,0.10142,0.10182,0.10145,0.10169,1105464.7,0.101595,112309.6861965,1105464.7,112309.6861965,
2022-11-08 10:40:00+00:00,0.10163,0.10199,0.1017,0.10168,990652.1,0.10175,100798.851175,990652.1,100798.851175,
2022-11-08 10:45:00+00:00,0.10166,0.10242,0.10166,0.10222,1523940.5,0.10199,155426.691595,1523940.5,155426.691595,
2022-11-08 10:50:00+00:00,0.10177,0.10228,0.10221,0.10202,2546843.5,0.10207,259956.316045,2546843.5,259956.316045,
2022-11-08 10:55:00+00:00,0.10143,0.10203,0.10203,0.10173,2009693.7,0.101805,204596.8671285,2009693.7,204596.8671285,
2022-11-08 11:00:00+00:00,0.09907,0.10172,0.10171,0.10051,6996706.4,0.100752,704932.1632128,6996706.4,704932.1632128,
2022-11-08 11:05:00+00:00,0.10054,0.10195,0.10054,0.10173,2868104.3,0.10119,290223.474117,2868104.3,290223.474117,
2022-11-08 11:10:00+00:00,0.10147,0.10208,0.10177,0.10201,2175004.6,0.101832,221485.0684272,2175004.6,221485.0684272,
2022-11-08 11:15:00+00:00,0.10198,0.10244,0.10203,0.10221,2299455.6,0.102165,234923.881374,2299455.6,234923.881374,
2022-11-08 11:20:00+00:00,0.10178,0.10222,0.10218,0.10204,1955205.5,0.102055,199538.4973025,1955205.5,199538.4973025,
2022-11-08 11:25:00+00:00,0.10174,0.10215,0.10202,0.10188,2231018.1,0.101948,227447.8332588,2231018.1,227447.8332588,
2022-11-08 11:30:00+00:00,0.10127,0.10206,0.10194,0.10129,2872796.0,0.10164,291990.98544,2872796.0,291990.98544,
2022-11-08 11:35:00+00:00,0.10097,0.10161,0.10119,0.10131,2539104.6,0.10127,257135.122842,2539104.6,257135.122842,
2022-11-08 11:40:00+00:00,0.10097,0.10158,0.10132,0.10114,2126925.5,0.101252,215355.460726,2126925.5,215355.460726,
2022-11-08 11:45:00+00:00,0.10094,0.10136,0.10112,0.10116,2917057.7,0.101145,295045.8010665,2917057.7,295045.8010665,
2022-11-08 11:50:00+00:00,0.10079,0.10126,0.10113,0.10085,1653797.8,0.101008,167046.8081824,1653797.8,167046.8081824,
2022-11-08 11:55:00+00:00,0.10082,0.10119,0.10089,0.10096,1106723.8,0.100965,111740.368467,1106723.8,111740.368467,
2022-11-08 12:00:00+00:00,0.10078,0.10153,0.10099,0.10122,2614024.2,0.10113,264356.267346,2614024.2,264356.267346,
2022-11-08 12:05:00+00:00,0.10113,0.10196,0.10124,0.10172,2199827.5,0.101512,223308.88918,2199827.5,223308.88918,
2022-11-08 12:10:00+00:00,0.10157,0.10204,0.10174,0.10197,1727437.1,0.10183,175904.919893,1727437.1,175904.919893,
2022-11-08 12:15:00+00:00,0.10131,0.10198,0.10196,0.10146,1438648.1,0.101678,146278.8615118,1438648.1,146278.8615118,
2022-11-08 12:20:00+00:00,0.1013,0.10171,0.10153,0.10153,1039263.3,0.101518,105503.9316894,1039263.3,105503.9316894,
2022-11-08 12:25:00+00:00,0.10114,0.10168,0.10156,0.10122,1796737.7,0.1014,182189.20278,1796737.7,182189.20278,
2022-11-08 12:30:00+00:00,0.10085,0.10149,0.1012,0.10115,3582495.8,0.101172,362448.2650776,3582495.8,362448.2650776,
2022-11-08 12:35:00+00:00,0.10009,0.10119,0.10114,0.10044,5213615.5,0.100715,525089.2850825,5213615.5,525089.2850825,
2022-11-08 12:40:00+00:00,0.10041,0.10097,0.10046,0.10045,2185796.1,0.100572,219829.8853692,2185796.1,219829.8853692,
2022-11-08 12:45:00+00:00,0.10035,0.10102,0.10046,0.10098,3051917.8,0.100702,307334.2262956,3051917.8,307334.2262956,
2022-11-08 12:50:00+00:00,0.10098,0.10128,0.10101,0.10122,2979811.9,0.101122,301324.5389518,2979811.9,301324.5389518,
2022-11-08 12:55:00+00:00,0.10109,0.10154,0.10124,0.10143,2412405.3,0.101325,244436.9670225,2412405.3,244436.9670225,
2022-11-08 13:00:00+00:00,0.1012,0.10196,0.1015,0.10183,3730939.9,0.101622,379145.5745178,3730939.9,379145.5745178,
2022-11-08 13:05:00+00:00,0.10141,0.10201,0.10181,0.10179,4706587.9,0.101755,478918.8517645,4706587.9,478918.8517645,
2022-11-08 13:10:00+00:00,0.10156,0.1019,0.10182,0.10166,2702812.9,0.101735,274970.6703815,2702812.9,274970.6703815,
2022-11-08 13:15:00+00:00,0.10093,0.10185,0.10166,0.10107,3287140.3,0.101378,333243.7093334,3287140.3,333243.7093334,
2022-11-08 13:20:00+00:00,0.10065,0.10115,0.10113,0.10085,5461210.1,0.100945,551281.8535445,5461210.1,551281.8535445,
2022-11-08 13:25:00+00:00,0.1007,0.10126,0.10091,0.1009,2440913.4,0.100942,246390.6804228,2440913.4,246390.6804228,
2022-11-08 13:30:00+00:00,0.10066,0.10133,0.10092,0.10128,1426929.6,0.101048,144188.3822208,1426929.6,144188.3822208,
2022-11-08 13:35:00+00:00,0.10121,0.10194,0.10129,0.10171,2014544.2,0.101538,204552.7889796,2014544.2,204552.7889796,
2022-11-08 13:40:00+00:00,0.10165,0.1023,0.10171,0.10199,1856505.8,0.101912,189200.2190896,1856505.8,189200.2190896,
2022-11-08 13:45:00+00:00,0.1018,0.10227,0.10201,0.10218,2540808.3,0.102065,259327.5991395,2540808.3,259327.5991395,
2022-11-08 13:50:00+00:00,0.10088,0.1022,0.10217,0.10121,2251504.0,0.101615,228786.57896,2251504.0,228786.57896,
2022-11-08 13:55:00+00:00,0.10055,0.10134,0.10124,0.10088,3228326.0,0.101002,326067.382652,3228326.0,326067.382652,
2022-11-08 14:00:00+00:00,0.09956,0.10144,0.1008,0.10144,2972443.6,0.10081,299652.039316,2972443.6,299652.039316,
2022-11-08 14:05:00+00:00,0.1009,0.10182,0.10145,0.10095,2265695.8,0.10128,229469.670624,2265695.8,229469.670624,
2022-11-08 14:10:00+00:00,0.10033,0.10105,0.1009,0.10085,2457940.3,0.100782,247716.1393146,2457940.3,247716.1393146,
2022-11-08 14:15:00+00:00,0.1,0.10087,0.10087,0.10006,1819293.1,0.10045,182747.991895,1819293.1,182747.991895,
2022-11-08 14:20:00+00:00,0.0998,0.1004,0.10005,0.10009,6688268.5,0.100085,669395.3528225,6688268.5,669395.3528225,
2022-11-08 14:25:00+00:00,0.09825,0.10059,0.10013,0.09899,6260626.6,0.09949,622869.740434,6260626.6,622869.740434,
2022-11-08 14:30:00+00:00,0.09813,0.09935,0.09899,0.09836,6424645.3,0.098708,634163.8882724,6424645.3,634163.8882724,
2022-11-08 14:35:00+00:00,0.09635,0.09866,0.09843,0.09683,12931354.0,0.097568,1261686.347072,12931354.0,1261686.347072,
2022-11-08 14:40:00+00:00,0.0962,0.09826,0.09702,0.09817,9957181.4,0.097412,969948.9545368,9957181.4,969948.9545368,
2022-11-08 14:45:00+00:00,0.09702,0.09836,0.09813,0.09778,11050056.4,0.097822,1080938.6171608,11050056.4,1080938.6171608,
2022-11-08 14:50:00+00:00,0.09663,0.09904,0.09785,0.09892,10057952.2,0.09811,986785.690342,10057952.2,986785.690342,
2022-11-08 14:55:00+00:00,0.09824,0.09911,0.09888,0.09827,3261490.0,0.098625,321664.45125,3261490.0,321664.45125,
2022-11-08 15:00:00+00:00,0.09795,0.09909,0.09829,0.09817,3555993.5,0.098375,349820.8605625,3555993.5,349820.8605625,
2022-11-08 15:05:00+00:00,0.09791,0.09925,0.09815,0.09913,2978380.5,0.09861,293698.101105,2978380.5,293698.101105,
2022-11-08 15:10:00+00:00,0.09886,0.09954,0.09909,0.09901,4340578.7,0.099125,430259.8636375,4340578.7,430259.8636375,
2022-11-08 15:15:00+00:00,0.09835,0.09961,0.09898,0.09842,4687496.9,0.09884,463312.193596,4687496.9,463312.193596,
2022-11-08 15:20:00+00:00,0.09797,0.09879,0.09845,0.09803,4766770.2,0.09831,468621.178362,4766770.2,468621.178362,
2022-11-08 15:25:00+00:00,0.09663,0.09829,0.09804,0.09716,6074063.2,0.09753,592403.383896,6074063.2,592403.383896,
2022-11-08 15:30:00+00:00,0.09699,0.09789,0.09713,0.0973,6114931.3,0.097328,595154.0335664,6114931.3,595154.0335664,
2022-11-08 15:35:00+00:00,0.09701,0.09785,0.09739,0.09753,2949576.9,0.097445,287421.5210205,2949576.9,287421.5210205,
2022-11-08 15:40:00+00:00,0.09726,0.09824,0.09755,0.09784,2953002.1,0.097722,288573.2712162,2953002.1,288573.2712162,
2022-11-08 15:45:00+00:00,0.09731,0.09836,0.09784,0.09836,2800946.1,0.097968,274403.0875248,2800946.1,274403.0875248,
2022-11-08 15:50:00+00:00,0.0983,0.0989,0.09839,0.09872,8365603.4,0.098578,824664.4519652,8365603.4,824664.4519652,
2022-11-08 15:55:00+00:00,0.09863,0.09963,0.0987,0.09947,6081866.1,0.099108,602761.5854388,6081866.1,602761.5854388,
2022-11-08 16:00:00+00:00,0.09878,0.10192,0.09942,0.1017,10792963.5,0.100455,1084207.1483925,10792963.5,1084207.1483925,
2022-11-08 16:05:00+00:00,0.10128,0.10746,0.10174,0.1068,19636299.1,0.10432,2048458.722112,19636299.1,2048458.722112,
2022-11-08 16:10:00+00:00,0.10407,0.10796,0.10677,0.10697,15817028.0,0.106442,1683596.094376,15817028.0,1683596.094376,
2022-11-08 16:15:00+00:00,0.10509,0.1085,0.10697,0.10512,11197927.5,0.10642,1191683.44455,11197927.5,1191683.44455,
2022-11-08 16:20:00+00:00,0.10504,0.10765,0.1053,0.10725,6814340.3,0.10631,724432.517293,6814340.3,724432.517293,
2022-11-08 16:25:00+00:00,0.10686,0.1085,0.10719,0.10748,7584247.7,0.107508,815367.3017316,7584247.7,815367.3017316,
2022-11-08 16:30:00+00:00,0.10673,0.1099,0.10739,0.10941,13925626.3,0.108358,1508953.0146154,13925626.3,1508953.0146154,
2022-11-08 16:35:00+00:00,0.10862,0.11156,0.10911,0.11089,10616417.1,0.110045,1168283.6197695,10616417.1,1168283.6197695,
2022-11-08 16:40:00+00:00,0.11059,0.113,0.11084,0.11153,11488746.2,0.11149,1280880.313838,11488746.2,1280880.313838,
2022-11-08 16:45:00+00:00,0.10921,0.11168,0.11143,0.10951,9449714.1,0.110458,1043796.5200578,9449714.1,1043796.5200578,
2022-11-08 16:50:00+00:00,0.10871,0.10988,0.10946,0.10901,3605694.4,0.109265,393976.198616,3605694.4,393976.198616,
2022-11-08 16:55:00+00:00,0.10776,0.10913,0.109,0.10804,7018381.4,0.108483,761375.0694162,7018381.4,761375.0694162,
2022-11-08 17:00:00+00:00,0.10741,0.10928,0.1081,0.10791,5596794.0,0.108175,605433.19095,5596794.0,605433.19095,
2022-11-08 17:05:00+00:00,0.10681,0.10853,0.1079,0.1084,8158494.6,0.10791,880383.152286,8158494.6,880383.152286,
2022-11-08 17:10:00+00:00,0.10756,0.10909,0.10826,0.10756,4683798.2,0.108117,506398.2099894,4683798.2,506398.2099894,
2022-11-08 17:15:00+00:00,0.10678,0.10833,0.10759,0.10686,10349496.6,0.10739,1111432.439874,10349496.6,1111432.439874,
2022-11-08 17:20:00+00:00,0.10548,0.107,0.1069,0.10602,13083139.2,0.10635,1391391.85392,13083139.2,1391391.85392,
2022-11-08 17:25:00+00:00,0.10374,0.10642,0.10594,0.10515,11592855.4,0.105312,1220866.7878848,11592855.4,1220866.7878848,
2022-11-08 17:30:00+00:00,0.1046,0.10642,0.10525,0.10629,4672746.3,0.10564,493628.919132,4672746.3,493628.919132,
2022-11-08 17:35:00+00:00,0.10491,0.10629,0.10629,0.10572,2481196.2,0.105802,262515.5203524,2481196.2,262515.5203524,
2022-11-08 17:40:00+00:00,0.10419,0.10583,0.10568,0.10462,2865213.7,0.10508,301076.655596,2865213.7,301076.655596,
2022-11-08 17:45:00+00:00,0.10346,0.10496,0.10455,0.10435,5296506.6,0.10433,552584.533578,5296506.6,552584.533578,
2022-11-08 17:50:00+00:00,0.09883,0.1045,0.10442,0.10062,10920209.9,0.102092,1114866.0691108,10920209.9,1114866.0691108,
2022-11-08 17:55:00+00:00,0.0992,0.10143,0.10058,0.09942,9504691.2,0.100158,951970.8612096,9504691.2,951970.8612096,
2022-11-08 18:00:00+00:00,0.09917,0.10227,0.09947,0.0992,11279334.5,0.100028,1128249.271366,11279334.5,1128249.271366,
2022-11-08 18:05:00+00:00,0.09124,0.09996,0.09928,0.09372,25925912.3,0.09605,2490183.876415,25925912.3,2490183.876415,
2022-11-08 18:10:00+00:00,0.0925,0.09603,0.09349,0.09482,15437980.6,0.09421,1454412.152326,15437980.6,1454412.152326,
2022-11-08 18:15:00+00:00,0.09119,0.09495,0.09481,0.09189,16257308.6,0.09321,1515343.734606,16257308.6,1515343.734606,
2022-11-08 18:20:00+00:00,0.08842,0.0948,0.09183,0.09351,19207250.1,0.09214,1769756.024214,19207250.1,1769756.024214,
2022-11-08 18:25:00+00:00,0.0922,0.09417,0.09334,0.0941,9349441.4,0.093453,873733.3471542,9349441.4,873733.3471542,
2022-11-08 18:30:00+00:00,0.09314,0.09608,0.09387,0.096,10767146.8,0.094773,1020434.8036764,10767146.8,1020434.8036764,
2022-11-08 18:35:00+00:00,0.09412,0.09629,0.0959,0.09468,9001109.3,0.095248,857337.6586064,9001109.3,857337.6586064,
2022-11-08 18:40:00+00:00,0.09225,0.09481,0.09459,0.09381,7922633.0,0.093865,743657.946545,7922633.0,743657.946545,
2022-11-08 18:45:00+00:00,0.09269,0.09491,0.09376,0.09356,8578042.6,0.09373,804019.932898,8578042.6,804019.932898,
2022-11-08 18:50:00+00:00,0.0908,0.0941,0.09348,0.09251,9937668.0,0.092722,921440.452296,9937668.0,921440.452296,
2022-11-08 18:55:00+00:00,0.0901,0.09265,0.09242,0.09048,11699840.7,0.091413,1069517.5379091,11699840.7,1069517.5379091,
2022-11-08 19:00:00+00:00,0.08993,0.09205,0.09033,0.09148,7792658.3,0.090948,708726.6870684,7792658.3,708726.6870684,
2022-11-08 19:05:00+00:00,0.09058,0.09185,0.09143,0.09073,8604901.8,0.091147,784310.9843646,8604901.8,784310.9843646,
2022-11-08 19:10:00+00:00,0.0888,0.09086,0.09075,0.08968,12462665.2,0.090022,1121914.0466344,12462665.2,1121914.0466344,
2022-11-08 19:15:00+00:00,0.08958,0.09086,0.08979,0.09007,6751155.8,0.090075,608110.358685,6751155.8,608110.358685,
2022-11-08 19:20:00+00:00,0.08222,0.09029,0.09008,0.08306,26310045.8,0.086412,2273503.6776696,26310045.8,2273503.6776696,
2022-11-08 19:25:00+00:00,0.08074,0.08409,0.08303,0.08157,16150829.2,0.082358,1330149.9912536,16150829.2,1330149.9912536,
2022-11-08 19:30:00+00:00,0.07748,0.08572,0.08141,0.08416,30690435.0,0.082192,2522508.23352,30690435.0,2522508.23352,
2022-11-08 19:35:00+00:00,0.0838,0.08879,0.08466,0.08756,22168484.6,0.086202,1910967.7094892,22168484.6,1910967.7094892,
2022-11-08 19:40:00+00:00,0.08513,0.08808,0.08756,0.0865,13315666.9,0.086817,1156026.2532573,13315666.9,1156026.2532573,
2022-11-08 19:45:00+00:00,0.08602,0.09058,0.08667,0.08937,18055243.1,0.08816,1591750.231696,18055243.1,1591750.231696,
2022-11-08 19:50:00+00:00,0.08655,0.08966,0.08941,0.08712,14844115.3,0.088185,1309028.3077305,14844115.3,1309028.3077305,
2022-11-08 19:55:00+00:00,0.08619,0.08858,0.08727,0.08788,10931597.8,0.08748,956296.175544,10931597.8,956296.175544,
2022-11-08 20:00:00+00:00,0.08762,0.08977,0.08775,0.08919,13080949.0,0.088583,1158749.705267,13080949.0,1158749.705267,
2022-11-08 20:05:00+00:00,0.08463,0.08918,0.08918,0.08731,16674793.2,0.087575,1460295.01449,16674793.2,1460295.01449,
2022-11-08 20:10:00+00:00,0.08462,0.08857,0.0872,0.08797,18933232.8,0.08709,1648895.244552,18933232.8,1648895.244552,
2022-11-08 20:15:00+00:00,0.0869,0.08893,0.08792,0.08861,12678747.1,0.08809,1116870.832039,12678747.1,1116870.832039,
2022-11-08 20:20:00+00:00,0.08655,0.08884,0.08846,0.08669,9597559.9,0.087635,841082.1618365,9597559.9,841082.1618365,
2022-11-08 20:25:00+00:00,0.08635,0.08743,0.08674,0.0873,9665691.7,0.086955,840480.2217735,9665691.7,840480.2217735,
2022-11-08 20:30:00+00:00,0.08716,0.08874,0.08724,0.088,6524357.4,0.087785,572740.714359,6524357.4,572740.714359,
2022-11-08 20:35:00+00:00,0.08737,0.08879,0.08801,0.08803,7778067.9,0.08805,684858.878595,7778067.9,684858.878595,
2022-11-08 20:40:00+00:00,0.08757,0.08905,0.08809,0.0884,16935675.6,0.088278,1495047.5706168,16935675.6,1495047.5706168,
2022-11-08 20:45:00+00:00,0.08807,0.08967,0.08846,0.08891,6996813.8,0.088778,621163.1355364,6996813.8,621163.1355364,
2022-11-08 20:50:00+00:00,0.08718,0.08901,0.089,0.08794,3789833.6,0.088282,334574.0898752,3789833.6,334574.0898752,
2022-11-08 20:55:00+00:00,0.08741,0.08855,0.08789,0.08762,8017552.0,0.087867,704478.241584,8017552.0,704478.241584,
2022-11-08 21:00:00+00:00,0.08708,0.08793,0.08763,0.08734,3045738.7,0.087495,266486.9075565,3045738.7,266486.9075565,
2022-11-08 21:05:00+00:00,0.0873,0.08949,0.08733,0.0876,5542710.7,0.08793,487370.551851,5542710.7,487370.551851,
2022-11-08 21:10:00+00:00,0.08717,0.0888,0.08761,0.08829,3897534.2,0.087968,342858.2885056,3897534.2,342858.2885056,
2022-11-08 21:15:00+00:00,0.0866,0.08835,0.08829,0.08663,4161925.5,0.087467,364031.1377085,4161925.5,364031.1377085,
2022-11-08 21:20:00+00:00,0.08655,0.08764,0.0866,0.08732,4890075.7,0.087028,425573.5080196,4890075.7,425573.5080196,
2022-11-08 21:25:00+00:00,0.08673,0.0877,0.08724,0.08725,4487525.7,0.08723,391446.866811,4487525.7,391446.866811,
2022-11-08 21:30:00+00:00,0.08639,0.08763,0.08727,0.08714,6558237.9,0.087108,571274.9869932,6558237.9,571274.9869932,
2022-11-08 21:35:00+00:00,0.08706,0.0878,0.08714,0.0878,3188493.0,0.08745,278833.71285,3188493.0,278833.71285,
2022-11-08 21:40:00+00:00,0.08755,0.0889,0.08773,0.08869,5106394.0,0.088218,450475.865892,5106394.0,450475.865892,
2022-11-08 21:45:00+00:00,0.08752,0.08899,0.08867,0.08806,3357905.4,0.08831,296536.625874,3357905.4,296536.625874,
2022-11-08 21:50:00+00:00,0.08792,0.08952,0.08806,0.08883,5022848.1,0.088583,444938.9532423,5022848.1,444938.9532423,
2022-11-08 21:55:00+00:00,0.08807,0.08899,0.08893,0.08848,5018759.7,0.088618,444752.4470946,5018759.7,444752.4470946,
2022-11-08 22:00:00+00:00,0.08795,0.08908,0.08835,0.08804,3661982.6,0.088355,323554.472623,3661982.6,323554.472623,
2022-11-08 22:05:00+00:00,0.08693,0.0881,0.08793,0.08722,3786351.9,0.087545,331476.1770855,3786351.9,331476.1770855,
2022-11-08 22:10:00+00:00,0.0869,0.08758,0.08721,0.08711,3417201.0,0.0872,297979.9272,3417201.0,297979.9272,
2022-11-08 22:15:00+00:00,0.08682,0.08827,0.08705,0.08817,1854143.0,0.087578,162382.135654,1854143.0,162382.135654,
2022-11-08 22:20:00+00:00,0.08799,0.08845,0.08826,0.08838,1669150.8,0.08827,147335.941116,1669150.8,147335.941116,
2022-11-08 22:25:00+00:00,0.08784,0.08837,0.0883,0.08785,2433033.2,0.08809,214325.894588,2433033.2,214325.894588,
2022-11-08 22:30:00+00:00,0.08745,0.08807,0.08774,0.0876,2181627.2,0.087715,191361.429848,2181627.2,191361.429848,
2022-11-08 22:35:00+00:00,0.08697,0.08765,0.08762,0.08697,3054196.1,0.087302,266637.4279222,3054196.1,266637.4279222,
2022-11-08 22:40:00+00:00,0.08683,0.08738,0.08697,0.08702,2715344.3,0.08705,236370.721315,2715344.3,236370.721315,
2022-11-08 22:45:00+00:00,0.08571,0.08708,0.08705,0.08571,2783653.0,0.086388,240474.215364,2783653.0,240474.215364,
2022-11-08 22:50:00+00:00,0.08543,0.08665,0.08577,0.08618,3854980.3,0.086008,331559.1456424,3854980.3,331559.1456424,
2022-11-08 22:55:00+00:00,0.08547,0.08635,0.08617,0.08575,3599133.6,0.085935,309291.545916,3599133.6,309291.545916,
2022-11-08 23:00:00+00:00,0.08519,0.08657,0.08572,0.08646,2887592.7,0.085985,248289.6583095,2887592.7,248289.6583095,
2022-11-08 23:05:00+00:00,0.08638,0.08704,0.0865,0.08683,2161736.2,0.086688,187396.5877056,2161736.2,187396.5877056,
2022-11-08 23:10:00+00:00,0.08663,0.08727,0.08675,0.08679,2410492.8,0.08686,209375.404608,2410492.8,209375.404608,
2022-11-08 23:15:00+00:00,0.08594,0.0871,0.08682,0.08622,3189117.0,0.08652,275922.40284,3189117.0,275922.40284,
2022-11-08 23:20:00+00:00,0.0856,0.08641,0.08622,0.08627,4004830.9,0.086125,344916.0612625,4004830.9,344916.0612625,
2022-11-08 23:25:00+00:00,0.08598,0.08677,0.08622,0.08673,3632150.6,0.086425,313908.615605,3632150.6,313908.615605,
2022-11-08 23:30:00+00:00,0.08637,0.08732,0.08672,0.08727,3034927.9,0.08692,263795.933068,3034927.9,263795.933068,
2022-11-08 23:35:00+00:00,0.08715,0.08968,0.08729,0.08968,4537328.7,0.08845,401326.723515,4537328.7,401326.723515,
2022-11-08 23:40:00+00:00,0.08885,0.08989,0.08958,0.08972,5751417.8,0.08951,514809.407278,5751417.8,514809.407278,
2022-11-08 23:45:00+00:00,0.08845,0.08987,0.08986,0.08886,3870806.6,0.08926,345508.197116,3870806.6,345508.197116,
2022-11-08 23:50:00+00:00,0.08795,0.08884,0.08884,0.08802,3308491.1,0.088412,292510.3151332,3308491.1,292510.3151332,
2022-11-08 23:55:00+00:00,0.08768,0.08862,0.08799,0.08835,3187129.4,0.08816,280977.327904,3187129.4,280977.327904,
2022-11-09 00:00:00+00:00,0.08721,0.08888,0.08827,0.08746,7467689.2,0.087955,656820.603586,7467689.2,656820.603586,
2022-11-09 00:05:00+00:00,0.08725,0.08797,0.08742,0.08765,3254855.7,0.087572,285034.2233604,3254855.7,285034.2233604,
2022-11-09 00:10:00+00:00,0.08729,0.08805,0.08762,0.08803,5069091.5,0.087747,444797.5718505,5069091.5,444797.5718505,
2022-11-09 00:15:00+00:00,0.08793,0.09002,0.08796,0.08943,4422652.7,0.088835,392886.3526045,4422652.7,392886.3526045,
2022-11-09 00:20:00+00:00,0.0889,0.08974,0.08942,0.08909,2543042.8,0.089287,227060.6624836,2543042.8,227060.6624836,
2022-11-09 00:25:00+00:00,0.08827,0.08912,0.08912,0.08876,2386249.9,0.088818,211941.9436182,2386249.9,211941.9436182,
2022-11-09 00:30:00+00:00,0.0886,0.09009,0.08873,0.0891,4628890.8,0.08913,412573.037004,4628890.8,412573.037004,
2022-11-09 00:35:00+00:00,0.08871,0.08941,0.08904,0.08893,3203101.1,0.089022,285146.4661242,3203101.1,285146.4661242,
2022-11-09 00:40:00+00:00,0.08872,0.08967,0.08895,0.08947,2834011.5,0.089202,252799.493823,2834011.5,252799.493823,
2022-11-09 00:45:00+00:00,0.08749,0.08956,0.08952,0.0878,3351081.3,0.088592,296878.9945296,3351081.3,296878.9945296,
2022-11-09 00:50:00+00:00,0.08682,0.0881,0.08779,0.08741,2978610.1,0.08753,260717.742053,2978610.1,260717.742053,
2022-11-09 00:55:00+00:00,0.08616,0.08734,0.08734,0.08649,4856185.0,0.086832,421672.25592,4856185.0,421672.25592,
2022-11-09 01:00:00+00:00,0.0856,0.08696,0.0865,0.08685,4047952.9,0.086478,350058.8708862,4047952.9,350058.8708862,
2022-11-09 01:05:00+00:00,0.08683,0.08797,0.08685,0.08773,3441417.4,0.087345,300590.602803,3441417.4,300590.602803,
2022-11-09 01:10:00+00:00,0.08698,0.08819,0.08771,0.08713,3710667.7,0.087502,324690.8450854,3710667.7,324690.8450854,
2022-11-09 01:15:00+00:00,0.08677,0.08792,0.08715,0.08791,2829576.7,0.087438,247412.5274946,2829576.7,247412.5274946,
2022-11-09 01:20:00+00:00,0.08713,0.08832,0.08791,0.08753,2846293.5,0.087722,249682.558407,2846293.5,249682.558407,
2022-11-09 01:25:00+00:00,0.08654,0.08777,0.08751,0.08663,3707876.8,0.087112,323000.5638016,3707876.8,323000.5638016,
2022-11-09 01:30:00+00:00,0.08653,0.08812,0.08664,0.08788,2957142.1,0.087293,258137.8053353,2957142.1,258137.8053353,
2022-11-09 01:35:00+00:00,0.08728,0.08807,0.08791,0.08743,2924064.7,0.087672,256358.6003784,2924064.7,256358.6003784,
2022-11-09 01:40:00+00:00,0.08695,0.08763,0.08743,0.08728,2861152.5,0.087322,249841.558605,2861152.5,249841.558605,
2022-11-09 01:45:00+00:00,0.08713,0.08787,0.08722,0.08771,3156243.5,0.087482,276114.493867,3156243.5,276114.493867,
2022-11-09 01:50:00+00:00,0.08667,0.08796,0.08766,0.08676,4043801.8,0.087262,352870.2326716,4043801.8,352870.2326716,
2022-11-09 01:55:00+00:00,0.08646,0.08681,0.08668,0.08663,3037743.0,0.086645,263205.242235,3037743.0,263205.242235,
2022-11-09 02:00:00+00:00,0.08585,0.0869,0.08662,0.08608,3944936.3,0.086362,340692.5887406,3944936.3,340692.5887406,
2022-11-09 02:05:00+00:00,0.08595,0.08706,0.0861,0.08606,4414884.9,0.086292,380969.2477908,4414884.9,380969.2477908,
2022-11-09 02:10:00+00:00,0.08556,0.08704,0.08606,0.0863,6115527.8,0.08624,527403.117472,6115527.8,527403.117472,
2022-11-09 02:15:00+00:00,0.08615,0.0872,0.08636,0.087,2725214.2,0.086677,236213.3912134,2725214.2,236213.3912134,
2022-11-09 02:20:00+00:00,0.08676,0.08741,0.08709,0.08706,2129575.4,0.08708,185443.425832,2129575.4,185443.425832,
2022-11-09 02:25:00+00:00,0.08657,0.08726,0.0871,0.08693,2215582.0,0.086965,192678.08863,2215582.0,192678.08863,
2022-11-09 02:30:00+00:00,0.0858,0.08693,0.08692,0.08586,3691907.4,0.086378,318899.5773972,3691907.4,318899.5773972,
2022-11-09 02:35:00+00:00,0.08505,0.08611,0.08586,0.08514,2936736.8,0.08554,251208.465872,2936736.8,251208.465872,
2022-11-09 02:40:00+00:00,0.08467,0.08527,0.0851,0.08472,9239525.7,0.08494,784805.312958,9239525.7,784805.312958,
2022-11-09 02:45:00+00:00,0.08465,0.0853,0.08472,0.08524,3452874.6,0.084978,293418.3777588,3452874.6,293418.3777588,
2022-11-09 02:50:00+00:00,0.0838,0.08544,0.08522,0.08406,7790745.5,0.08463,659330.791665,7790745.5,659330.791665,
2022-11-09 02:55:00+00:00,0.08196,0.0841,0.08404,0.08252,7781583.5,0.083155,647077.5759425,7781583.5,647077.5759425,
2022-11-09 03:00:00+00:00,0.08209,0.08305,0.0825,0.08292,6273502.9,0.08264,518442.279656,6273502.9,518442.279656,
2022-11-09 03:05:00+00:00,0.0828,0.08373,0.08293,0.08292,5305514.8,0.083095,440861.752306,5305514.8,440861.752306,
2022-11-09 03:10:00+00:00,0.08154,0.08312,0.08295,0.08181,8650242.8,0.082355,712390.745794,8650242.8,712390.745794,
2022-11-09 03:15:00+00:00,0.08172,0.08386,0.08176,0.08367,7331036.7,0.082752,606657.9489984,7331036.7,606657.9489984,
2022-11-09 03:20:00+00:00,0.08305,0.08411,0.08365,0.08316,3618732.4,0.083493,302138.8242732,3618732.4,302138.8242732,
2022-11-09 03:25:00+00:00,0.0831,0.08412,0.0831,0.08374,5098795.6,0.083515,425825.914534,5098795.6,425825.914534,
2022-11-09 03:30:00+00:00,0.0828,0.08384,0.08368,0.08294,2688883.3,0.083315,224024.3121395,2688883.3,224024.3121395,
2022-11-09 03:35:00+00:00,0.08272,0.0834,0.08295,0.08323,4150129.3,0.083075,344771.9915975,4150129.3,344771.9915975,
2022-11-09 03:40:00+00:00,0.08283,0.08408,0.08321,0.08408,3338553.9,0.08355,278936.178345,3338553.9,278936.178345,
2022-11-09 03:45:00+00:00,0.08396,0.08515,0.08407,0.08496,4357318.2,0.084535,368345.894037,4357318.2,368345.894037,
2022-11-09 03:50:00+00:00,0.08466,0.08587,0.08499,0.08539,5865589.8,0.085228,499912.4874744,5865589.8,499912.4874744,
2022-11-09 03:55:00+00:00,0.08475,0.08549,0.0853,0.08513,3844491.5,0.085168,327427.652072,3844491.5,327427.652072,
2022-11-09 04:00:00+00:00,0.08434,0.08523,0.08522,0.08448,2654947.6,0.084817,225184.6905892,2654947.6,225184.6905892,
2022-11-09 04:05:00+00:00,0.0842,0.08471,0.08449,0.08467,2249407.0,0.084518,190115.380826,2249407.0,190115.380826,
2022-11-09 04:10:00+00:00,0.08454,0.08583,0.08466,0.08567,5109710.7,0.085175,435219.6088725,5109710.7,435219.6088725,
2022-11-09 04:15:00+00:00,0.08492,0.08586,0.0857,0.08555,2579094.7,0.085508,220533.2296076,2579094.7,220533.2296076,
2022-11-09 04:20:00+00:00,0.0854,0.08661,0.08553,0.08579,3443189.4,0.085832,295535.8325808,3443189.4,295535.8325808,
2022-11-09 04:25:00+00:00,0.08564,0.08663,0.0858,0.08619,2890920.7,0.086065,248807.0900455,2890920.7,248807.0900455,
2022-11-09 04:30:00+00:00,0.08603,0.08665,0.08614,0.08637,3306195.5,0.086298,285318.059259,3306195.5,285318.059259,
2022-11-09 04:35:00+00:00,0.08565,0.08677,0.0863,0.08598,3425099.1,0.086175,295157.9149425,3425099.1,295157.9149425,
2022-11-09 04:40:00+00:00,0.08551,0.08603,0.08592,0.08561,1821018.9,0.085768,156185.1490152,1821018.9,156185.1490152,
2022-11-09 04:45:00+00:00,0.08539,0.08621,0.08557,0.08552,3919452.6,0.085672,335787.3431472,3919452.6,335787.3431472,
2022-11-09 04:50:00+00:00,0.08545,0.0859,0.08553,0.08571,872179.8,0.085648,74700.4555104,872179.8,74700.4555104,
2022-11-09 04:55:00+00:00,0.08522,0.08622,0.08565,0.0862,2405141.3,0.085823,206416.4417899,2405141.3,206416.4417899,
2022-11-09 05:00:00+00:00,0.08552,0.08673,0.08617,0.08635,2683843.4,0.086192,231325.8303328,2683843.4,231325.8303328,
2022-11-09 05:05:00+00:00,0.08489,0.08635,0.08635,0.08505,2546568.6,0.08566,218139.066276,2546568.6,218139.066276,
2022-11-09 05:10:00+00:00,0.0847,0.08543,0.08507,0.08515,1570342.7,0.085088,133617.3196576,1570342.7,133617.3196576,
2022-11-09 05:15:00+00:00,0.0851,0.0857,0.08519,0.08523,1272322.3,0.085305,108535.4538015,1272322.3,108535.4538015,
2022-11-09 05:20:00+00:00,0.08472,0.08574,0.08523,0.08482,1399369.8,0.085128,119125.5523344,1399369.8,119125.5523344,
2022-11-09 05:25:00+00:00,0.08476,0.08778,0.08484,0.08732,2382985.9,0.086175,205353.8099325,2382985.9,205353.8099325,
2022-11-09 05:30:00+00:00,0.08716,0.08829,0.08738,0.08751,3720980.9,0.087585,325902.1121265,3720980.9,325902.1121265,
2022-11-09 05:35:00+00:00,0.08737,0.08791,0.08756,0.08763,2295599.5,0.087618,201135.836991,2295599.5,201135.836991,
2022-11-09 05:40:00+00:00,0.08748,0.08912,0.0876,0.08863,4601972.3,0.088208,405930.7726384,4601972.3,405930.7726384,
2022-11-09 05:45:00+00:00,0.08827,0.08946,0.08865,0.0887,3394603.9,0.08877,301338.988203,3394603.9,301338.988203,
2022-11-09 05:50:00+00:00,0.08769,0.08878,0.08856,0.08774,2528407.5,0.088192,222985.31424,2528407.5,222985.31424,
2022-11-09 05:55:00+00:00,0.08759,0.08804,0.08768,0.08772,1836990.8,0.087758,161210.6386264,1836990.8,161210.6386264,
2022-11-09 06:00:00+00:00,0.08728,0.08805,0.08774,0.08772,2510664.5,0.087698,220180.255321,2510664.5,220180.255321,
2022-11-09 06:05:00+00:00,0.0875,0.08827,0.08778,0.08764,1558839.6,0.087797,136861.4403612,1558839.6,136861.4403612,
2022-11-09 06:10:00+00:00,0.08724,0.08837,0.08767,0.08766,4148315.0,0.087735,363952.416525,4148315.0,363952.416525,
2022-11-09 06:15:00+00:00,0.08745,0.08845,0.08762,0.08757,1828472.7,0.087772,160488.7058244,1828472.7,160488.7058244,
2022-11-09 06:20:00+00:00,0.08741,0.08779,0.08755,0.08772,1020807.4,0.087618,89441.1027732,1020807.4,89441.1027732,
2022-11-09 06:25:00+00:00,0.08765,0.08847,0.08769,0.08831,4182376.1,0.08803,368174.568083,4182376.1,368174.568083,
2022-11-09 06:30:00+00:00,0.08769,0.08844,0.08827,0.08816,1179116.2,0.08814,103927.301868,1179116.2,103927.301868,
2022-11-09 06:35:00+00:00,0.08752,0.08815,0.08811,0.08752,1339305.3,0.087825,117624.4879725,1339305.3,117624.4879725,
2022-11-09 06:40:00+00:00,0.08741,0.08832,0.08759,0.08805,797477.1,0.087842,70051.9834182,797477.1,70051.9834182,
2022-11-09 06:45:00+00:00,0.0878,0.08917,0.08809,0.08878,2284747.4,0.08846,202108.755004,2284747.4,202108.755004,
2022-11-09 06:50:00+00:00,0.0876,0.08925,0.08877,0.08776,2866075.6,0.088345,253203.448882,2866075.6,253203.448882,
2022-11-09 06:55:00+00:00,0.08735,0.08803,0.08782,0.08738,1244342.2,0.087645,109060.372119,1244342.2,109060.372119,
2022-11-09 07:00:00+00:00,0.08743,0.08801,0.08743,0.08797,989643.1,0.08771,86801.596301,989643.1,86801.596301,
2022-11-09 07:05:00+00:00,0.08753,0.08802,0.08795,0.08785,951559.3,0.087838,83583.0657934,951559.3,83583.0657934,
2022-11-09 07:10:00+00:00,0.08748,0.08819,0.08777,0.08774,1655451.3,0.087795,145340.3468835,1655451.3,145340.3468835,
2022-11-09 07:15:00+00:00,0.08702,0.08821,0.08762,0.08816,2494792.9,0.087752,218923.0665608,2494792.9,218923.0665608,
2022-11-09 07:20:00+00:00,0.0878,0.08833,0.08819,0.08802,2865098.3,0.088085,252372.1837555,2865098.3,252372.1837555,
2022-11-09 07:25:00+00:00,0.08784,0.08851,0.08809,0.08838,2048929.9,0.088205,180725.8618295,2048929.9,180725.8618295,
2022-11-09 07:30:00+00:00,0.08779,0.0888,0.08842,0.08809,1205875.2,0.088275,106448.63328,1205875.2,106448.63328,
2022-11-09 07:35:00+00:00,0.0873,0.08832,0.08808,0.08792,2470917.6,0.087905,217206.011628,2470917.6,217206.011628,
2022-11-09 07:40:00+00:00,0.08727,0.08804,0.08797,0.0873,2107564.3,0.087645,184717.4730735,2107564.3,184717.4730735,
2022-11-09 07:45:00+00:00,0.086,0.08761,0.08727,0.08654,4530292.3,0.086855,393478.5377165,4530292.3,393478.5377165,
2022-11-09 07:50:00+00:00,0.0865,0.08751,0.08655,0.08676,1287881.9,0.08683,111826.785377,1287881.9,111826.785377,
2022-11-09 07:55:00+00:00,0.08663,0.08712,0.08678,0.08681,1047730.3,0.086835,90979.6606005,1047730.3,90979.6606005,
2022-11-09 08:00:00+00:00,0.08549,0.08696,0.08683,0.08608,6839824.0,0.08634,590550.40416,6839824.0,590550.40416,
2022-11-09 08:05:00+00:00,0.08602,0.08709,0.08613,0.08618,2157736.4,0.086355,186331.326822,2157736.4,186331.326822,
2022-11-09 08:10:00+00:00,0.08524,0.08656,0.0862,0.08565,2992004.7,0.085912,257049.1077864,2992004.7,257049.1077864,
2022-11-09 08:15:00+00:00,0.08557,0.08664,0.08566,0.08607,1591582.0,0.085985,136852.17827,1591582.0,136852.17827,
2022-11-09 08:20:00+00:00,0.08552,0.08671,0.08606,0.08588,4087833.1,0.086042,351725.3355902,4087833.1,351725.3355902,
2022-11-09 08:25:00+00:00,0.0854,0.08623,0.08584,0.08584,4733247.2,0.085828,406245.1406816,4733247.2,406245.1406816,
2022-11-09 08:30:00+00:00,0.08474,0.08624,0.08582,0.08489,4507068.8,0.085422,385002.8310336,4507068.8,385002.8310336,
2022-11-09 08:35:00+00:00,0.0844,0.08528,0.08491,0.08485,3799600.8,0.08486,322434.123888,3799600.8,322434.123888,
2022-11-09 08:40:00+00:00,0.08473,0.08683,0.08473,0.08656,5071141.2,0.085712,434657.6545344,5071141.2,434657.6545344,
2022-11-09 08:45:00+00:00,0.08541,0.08669,0.08652,0.08601,1954888.8,0.086158,168429.3092304,1954888.8,168429.3092304,
2022-11-09 08:50:00+00:00,0.08555,0.08638,0.08601,0.08593,1681379.4,0.085968,144544.8242592,1681379.4,144544.8242592,
2022-11-09 08:55:00+00:00,0.08575,0.08662,0.08592,0.08617,1466934.1,0.086115,126325.0300215,1466934.1,126325.0300215,
2022-11-09 09:00:00+00:00,0.08538,0.08626,0.08618,0.08545,1826705.4,0.085817,156762.3773118,1826705.4,156762.3773118,
2022-11-09 09:05:00+00:00,0.08344,0.08557,0.08547,0.08347,6721303.0,0.084488,567869.447864,6721303.0,567869.447864,
2022-11-09 09:10:00+00:00,0.08285,0.08389,0.08352,0.08285,5887718.1,0.083277,490311.5002137,5887718.1,490311.5002137,
2022-11-09 09:15:00+00:00,0.08203,0.08332,0.08284,0.0822,7264058.4,0.082598,599996.6957232,7264058.4,599996.6957232,
2022-11-09 09:20:00+00:00,0.08209,0.08479,0.08209,0.08418,5194846.6,0.083288,432668.3836208,5194846.6,432668.3836208,
2022-11-09 09:25:00+00:00,0.08323,0.08434,0.08421,0.08337,3451655.8,0.083788,289207.3361704,3451655.8,289207.3361704,
2022-11-09 09:30:00+00:00,0.08208,0.08366,0.08343,0.08258,3757389.7,0.082938,311630.3869386,3757389.7,311630.3869386,
2022-11-09 09:35:00+00:00,0.08216,0.08331,0.08247,0.0822,4006379.7,0.082535,330666.5485395,4006379.7,330666.5485395,
2022-11-09 09:40:00+00:00,0.08162,0.08303,0.08221,0.08237,4212826.8,0.082308,346749.3482544,4212826.8,346749.3482544,
2022-11-09 09:45:00+00:00,0.08122,0.08298,0.08235,0.08182,5179007.3,0.082092,425155.0672716,5179007.3,425155.0672716,
2022-11-09 09:50:00+00:00,0.08035,0.08236,0.08173,0.08094,6874890.6,0.081345,559237.975857,6874890.6,559237.975857,
2022-11-09 09:55:00+00:00,0.08051,0.08241,0.08088,0.08241,4784463.3,0.081552,390182.5510416,4784463.3,390182.5510416,
2022-11-09 10:00:00+00:00,0.08197,0.08322,0.0824,0.08223,3378030.1,0.082455,278535.4718955,3378030.1,278535.4718955,
2022-11-09 10:05:00+00:00,0.08059,0.08233,0.08228,0.08114,4832676.8,0.081585,394273.936728,4832676.8,394273.936728,
2022-11-09 10:10:00+00:00,0.08027,0.08193,0.08107,0.08071,6628483.2,0.080995,536873.996784,6628483.2,536873.996784,
2022-11-09 10:15:00+00:00,0.07939,0.08163,0.08069,0.0795,8096586.8,0.080302,650172.1132136,8096586.8,650172.1132136,
2022-11-09 10:20:00+00:00,0.07899,0.08173,0.07954,0.0811,8363204.6,0.08034,671899.857564,8363204.6,671899.857564,
2022-11-09 10:25:00+00:00,0.08014,0.08134,0.08115,0.08115,5624420.4,0.080945,455268.709278,5624420.4,455268.709278,
2022-11-09 10:30:00+00:00,0.08044,0.08228,0.08115,0.08117,6404089.9,0.08126,520396.345274,6404089.9,520396.345274,
2022-11-09 10:35:00+00:00,0.08086,0.08313,0.08126,0.08225,5553068.2,0.081875,454657.458875,5553068.2,454657.458875,
2022-11-09 10:40:00+00:00,0.08163,0.08247,0.08228,0.08232,4469017.9,0.082175,367241.5459325,4469017.9,367241.5459325,
2022-11-09 10:45:00+00:00,0.08212,0.08322,0.08233,0.08268,5322580.8,0.082588,439581.3031104,5322580.8,439581.3031104,
2022-11-09 10:50:00+00:00,0.08191,0.08293,0.08263,0.08276,2760978.6,0.082557,227938.1102802,2760978.6,227938.1102802,
2022-11-09 10:55:00+00:00,0.08211,0.08317,0.08281,0.08225,4326518.8,0.082585,357305.555098,4326518.8,357305.555098,
2022-11-09 11:00:00+00:00,0.0815,0.08272,0.08226,0.08176,3793821.6,0.08206,311321.000496,3793821.6,311321.000496,
2022-11-09 11:05:00+00:00,0.08119,0.08207,0.08187,0.08188,2289790.5,0.081752,187194.952956,2289790.5,187194.952956,
2022-11-09 11:10:00+00:00,0.08189,0.08309,0.08189,0.08305,2380870.6,0.08248,196374.207088,2380870.6,196374.207088,
2022-11-09 11:15:00+00:00,0.08267,0.08401,0.08304,0.08401,3503397.0,0.083432,292295.418504,3503397.0,292295.418504,
2022-11-09 11:20:00+00:00,0.08396,0.08523,0.08396,0.08432,3125980.1,0.084368,263732.6890768,3125980.1,263732.6890768,
2022-11-09 11:25:00+00:00,0.084,0.08457,0.08429,0.08443,1132706.6,0.084323,95513.2186318,1132706.6,95513.2186318,
2022-11-09 11:30:00+00:00,0.08395,0.08496,0.08441,0.08475,3303805.5,0.084518,279231.033249,3303805.5,279231.033249,
2022-11-09 11:35:00+00:00,0.08408,0.08485,0.0848,0.08416,2651858.3,0.084472,224007.7743176,2651858.3,224007.7743176,
2022-11-09 11:40:00+00:00,0.08377,0.08479,0.08421,0.08466,2349409.8,0.084358,198191.5119084,2349409.8,198191.5119084,
2022-11-09 11:45:00+00:00,0.08458,0.08534,0.08469,0.08487,2709550.5,0.08487,229959.550935,2709550.5,229959.550935,
2022-11-09 11:50:00+00:00,0.08477,0.08648,0.08486,0.08647,4500345.5,0.085645,385432.0903475,4500345.5,385432.0903475,
2022-11-09 11:55:00+00:00,0.08581,0.08683,0.08653,0.08656,2699312.5,0.086432,233306.978,2699312.5,233306.978,
2022-11-09 12:00:00+00:00,0.08608,0.08897,0.08659,0.08845,4097396.0,0.087522,358612.292712,4097396.0,358612.292712,
2022-11-09 12:05:00+00:00,0.08704,0.09,0.08847,0.08821,8458129.0,0.08843,747952.34747,8458129.0,747952.34747,
2022-11-09 12:10:00+00:00,0.08787,0.09054,0.08816,0.09026,3796261.9,0.089208,338656.9315752,3796261.9,338656.9315752,
2022-11-09 12:15:00+00:00,0.0881,0.09035,0.09021,0.0887,4236527.2,0.08934,378491.340048,4236527.2,378491.340048,
2022-11-09 12:20:00+00:00,0.08733,0.08879,0.08865,0.08775,2348884.3,0.08813,207007.173359,2348884.3,207007.173359,
2022-11-09 12:25:00+00:00,0.08775,0.0887,0.08775,0.08853,1625799.4,0.088182,143366.2426908,1625799.4,143366.2426908,
2022-11-09 12:30:00+00:00,0.08842,0.08918,0.08846,0.08899,1965236.5,0.088762,174438.322213,1965236.5,174438.322213,
2022-11-09 12:35:00+00:00,0.08879,0.08989,0.08899,0.08937,3112181.9,0.08926,277793.356394,3112181.9,277793.356394,
2022-11-09 12:40:00+00:00,0.0889,0.0898,0.08947,0.0892,2807484.9,0.089342,250826.3159358,2807484.9,250826.3159358,
2022-11-09 12:45:00+00:00,0.08892,0.09146,0.08926,0.08952,5258046.3,0.08979,472119.977277,5258046.3,472119.977277,
2022-11-09 12:50:00+00:00,0.08936,0.0909,0.08968,0.09012,3776640.0,0.090015,339954.2496,3776640.0,339954.2496,
2022-11-09 12:55:00+00:00,0.088,0.09027,0.09012,0.0895,6046577.2,0.089473,541005.4018156,6046577.2,541005.4018156,
2022-11-09 13:00:00+00:00,0.08916,0.09206,0.08937,0.09177,6123326.1,0.09059,554712.111399,6123326.1,554712.111399,
2022-11-09 13:05:00+00:00,0.08767,0.09177,0.09159,0.08767,7888250.5,0.089675,707378.8635875,7888250.5,707378.8635875,
2022-11-09 13:10:00+00:00,0.0875,0.09006,0.08769,0.08943,5739689.2,0.08867,508938.241364,5739689.2,508938.241364,
2022-11-09 13:15:00+00:00,0.08796,0.08977,0.08933,0.08876,3091157.6,0.088955,274973.924308,3091157.6,274973.924308,
2022-11-09 13:20:00+00:00,0.08854,0.0909,0.08879,0.0901,12085945.2,0.089582,1082683.1429064,12085945.2,1082683.1429064,
2022-11-09 13:25:00+00:00,0.08954,0.0905,0.09001,0.08963,4065093.4,0.08992,365533.198528,4065093.4,365533.198528,
2022-11-09 13:30:00+00:00,0.0891,0.09045,0.08966,0.08914,5076721.2,0.089588,454813.2988656,5076721.2,454813.2988656,
2022-11-09 13:35:00+00:00,0.08866,0.08975,0.08917,0.08892,4274979.7,0.089125,381007.5657625,4274979.7,381007.5657625,
2022-11-09 13:40:00+00:00,0.08869,0.0908,0.0888,0.09028,3539780.8,0.089643,317316.5702544,3539780.8,317316.5702544,
2022-11-09 13:45:00+00:00,0.08983,0.09047,0.09038,0.09018,1956772.7,0.090215,176530.2491305,1956772.7,176530.2491305,
2022-11-09 13:50:00+00:00,0.089,0.09042,0.09011,0.09007,2505188.4,0.0899,225216.43716,2505188.4,225216.43716,
2022-11-09 13:55:00+00:00,0.08909,0.09039,0.09002,0.08951,3163235.4,0.089753,283909.8668562,3163235.4,283909.8668562,
2022-11-09 14:00:00+00:00,0.08874,0.09018,0.08949,0.0889,3565263.5,0.089328,318477.857928,3565263.5,318477.857928,
2022-11-09 14:05:00+00:00,0.08877,0.09002,0.08892,0.08986,2373504.9,0.089392,212172.3500208,2373504.9,212172.3500208,
2022-11-09 14:10:00+00:00,0.08968,0.09032,0.08978,0.08976,5389657.9,0.089885,484449.4003415,5389657.9,484449.4003415,
2022-11-09 14:15:00+00:00,0.08917,0.08988,0.08979,0.08921,2680079.1,0.089512,239899.2403992,2680079.1,239899.2403992,
2022-11-09 14:20:00+00:00,0.08876,0.08969,0.08922,0.08928,2814056.6,0.089238,251120.7828708,2814056.6,251120.7828708,
2022-11-09 14:25:00+00:00,0.08772,0.08956,0.0893,0.08841,5517469.3,0.088748,489664.3654364,5517469.3,489664.3654364,
2022-11-09 14:30:00+00:00,0.08666,0.08843,0.08834,0.08743,5611302.4,0.087715,492195.390016,5611302.4,492195.390016,
2022-11-09 14:35:00+00:00,0.08686,0.08853,0.08736,0.08732,5395754.9,0.087518,472225.6773382,5395754.9,472225.6773382,
2022-11-09 14:40:00+00:00,0.0872,0.09038,0.08725,0.09034,5889153.2,0.088792,522909.6909344,5889153.2,522909.6909344,
2022-11-09 14:45:00+00:00,0.08975,0.09257,0.09037,0.09081,7553620.4,0.090875,686435.25385,7553620.4,686435.25385,
2022-11-09 14:50:00+00:00,0.08957,0.09092,0.0909,0.09063,4213237.2,0.090505,381319.032786,4213237.2,381319.032786,
2022-11-09 14:55:00+00:00,0.08942,0.09099,0.09064,0.09018,3060026.6,0.090308,276344.8821928,3060026.6,276344.8821928,
2022-11-09 15:00:00+00:00,0.08968,0.09152,0.09012,0.09133,2741885.3,0.090662,248584.8050686,2741885.3,248584.8050686,
2022-11-09 15:05:00+00:00,0.09039,0.092,0.09125,0.091,5149492.9,0.09116,469427.772764,5149492.9,469427.772764,
2022-11-09 15:10:00+00:00,0.09026,0.09127,0.09099,0.09041,3645548.4,0.090732,330767.8974288,3645548.4,330767.8974288,
2022-11-09 15:15:00+00:00,0.08967,0.09114,0.09032,0.09007,3639710.5,0.0903,328665.85815,3639710.5,328665.85815,
2022-11-09 15:20:00+00:00,0.08976,0.09085,0.09005,0.0904,3252037.3,0.090265,293545.1468845,3252037.3,293545.1468845,
2022-11-09 15:25:00+00:00,0.08925,0.09043,0.09035,0.08953,2649386.0,0.08989,238153.30754,2649386.0,238153.30754,
2022-11-09 15:30:00+00:00,0.08802,0.09007,0.0895,0.08874,4739434.1,0.089082,422198.2684962,4739434.1,422198.2684962,
2022-11-09 15:35:00+00:00,0.08597,0.08886,0.08828,0.08717,11639544.3,0.08757,1019274.894351,11639544.3,1019274.894351,
2022-11-09 15:40:00+00:00,0.08404,0.08753,0.08719,0.08584,13084157.1,0.08615,1127200.134165,13084157.1,1127200.134165,
2022-11-09 15:45:00+00:00,0.08552,0.08698,0.08592,0.08631,5503796.2,0.086182,474328.1641084,5503796.2,474328.1641084,
2022-11-09 15:50:00+00:00,0.08522,0.0864,0.08628,0.08539,5205187.5,0.085822,446719.601625,5205187.5,446719.601625,
2022-11-09 15:55:00+00:00,0.08344,0.08544,0.08539,0.08385,8337891.8,0.08453,704801.993854,8337891.8,704801.993854,
2022-11-09 16:00:00+00:00,0.08348,0.08552,0.08382,0.08466,9360159.5,0.08437,789716.657015,9360159.5,789716.657015,
2022-11-09 16:05:00+00:00,0.08379,0.08492,0.08457,0.08479,3464183.0,0.084518,292785.818794,3464183.0,292785.818794,
2022-11-09 16:10:00+00:00,0.08394,0.08506,0.08483,0.08402,3084189.4,0.084462,260496.8051028,3084189.4,260496.8051028,
2022-11-09 16:15:00+00:00,0.08307,0.08511,0.08394,0.08352,5421163.9,0.08391,454889.862849,5421163.9,454889.862849,
2022-11-09 16:20:00+00:00,0.08168,0.0843,0.08357,0.08251,11403726.5,0.083015,946680.3553975,11403726.5,946680.3553975,
2022-11-09 16:25:00+00:00,0.08065,0.08339,0.08241,0.08244,11878415.6,0.082222,976667.0874632,11878415.6,976667.0874632,
2022-11-09 16:30:00+00:00,0.08089,0.08335,0.08244,0.08302,11903991.5,0.082425,981186.4993875,11903991.5,981186.4993875,
2022-11-09 16:35:00+00:00,0.08225,0.08393,0.08301,0.08353,6503246.0,0.08318,540940.00228,6503246.0,540940.00228,
2022-11-09 16:40:00+00:00,0.08335,0.08585,0.08359,0.08555,14884445.8,0.084585,1259000.847993,14884445.8,1259000.847993,
2022-11-09 16:45:00+00:00,0.08445,0.08587,0.08544,0.08449,4917169.0,0.085062,418264.229478,4917169.0,418264.229478,
2022-11-09 16:50:00+00:00,0.08435,0.08505,0.08453,0.08466,2442306.3,0.084648,206736.3436824,2442306.3,206736.3436824,
2022-11-09 16:55:00+00:00,0.0836,0.0851,0.08467,0.08381,2095548.8,0.084295,176644.286096,2095548.8,176644.286096,
2022-11-09 17:00:00+00:00,0.08306,0.08415,0.08382,0.084,2538339.5,0.083758,212606.239841,2538339.5,212606.239841,
2022-11-09 17:05:00+00:00,0.08377,0.0848,0.08402,0.08421,1624529.5,0.0842,136785.3839,1624529.5,136785.3839,
2022-11-09 17:10:00+00:00,0.08375,0.08517,0.08419,0.08517,1849081.9,0.08457,156376.856283,1849081.9,156376.856283,
2022-11-09 17:15:00+00:00,0.08501,0.08671,0.08511,0.08519,3598347.9,0.085505,307676.7371895,3598347.9,307676.7371895,
2022-11-09 17:20:00+00:00,0.08323,0.08536,0.08515,0.08344,4141482.3,0.084295,349106.2504785,4141482.3,349106.2504785,
2022-11-09 17:25:00+00:00,0.08252,0.08389,0.08349,0.08261,7882569.4,0.083128,655262.2290832,7882569.4,655262.2290832,
2022-11-09 17:30:00+00:00,0.08261,0.08377,0.08265,0.08358,5292760.2,0.083152,440103.5961504,5292760.2,440103.5961504,
2022-11-09 17:35:00+00:00,0.08115,0.08391,0.08354,0.08298,12711288.8,0.082895,1053702.285076,12711288.8,1053702.285076,
2022-11-09 17:40:00+00:00,0.08295,0.08408,0.08303,0.08372,6828270.6,0.083445,569785.040217,6828270.6,569785.040217,
2022-11-09 17:45:00+00:00,0.08312,0.08408,0.0837,0.08348,2974436.2,0.083595,248647.994139,2974436.2,248647.994139,
2022-11-09 17:50:00+00:00,0.0833,0.08421,0.08348,0.08413,2819157.6,0.08378,236189.023728,2819157.6,236189.023728,
2022-11-09 17:55:00+00:00,0.0827,0.0845,0.08415,0.08283,3037455.6,0.083545,253764.228102,3037455.6,253764.228102,
2022-11-09 18:00:00+00:00,0.08204,0.08325,0.08281,0.08204,4452270.0,0.082535,367468.10445,4452270.0,367468.10445,
2022-11-09 18:05:00+00:00,0.0808,0.08252,0.08215,0.08109,5230548.4,0.08164,427021.971376,5230548.4,427021.971376,
2022-11-09 18:10:00+00:00,0.08019,0.08146,0.08105,0.08063,7770506.6,0.080832,628105.5894912,7770506.6,628105.5894912,
2022-11-09 18:15:00+00:00,0.08006,0.08133,0.08066,0.08065,6887646.8,0.080675,555660.90559,6887646.8,555660.90559,
2022-11-09 18:20:00+00:00,0.07983,0.08117,0.08066,0.08,8103353.6,0.080415,651631.179744,8103353.6,651631.179744,
2022-11-09 18:25:00+00:00,0.07964,0.08076,0.08002,0.07977,4155441.7,0.080048,332634.7972016,4155441.7,332634.7972016,
2022-11-09 18:30:00+00:00,0.0795,0.08114,0.07979,0.08011,5202839.4,0.080135,416929.535319,5202839.4,416929.535319,
2022-11-09 18:35:00+00:00,0.07809,0.08034,0.08014,0.07843,8067678.0,0.07925,639363.4815,8067678.0,639363.4815,
2022-11-09 18:40:00+00:00,0.07775,0.07921,0.07844,0.07826,8605177.9,0.078415,674775.0250285,8605177.9,674775.0250285,
2022-11-09 18:45:00+00:00,0.07772,0.08101,0.07812,0.0806,8870248.5,0.079362,703960.661457,8870248.5,703960.661457,
2022-11-09 18:50:00+00:00,0.07942,0.08086,0.08051,0.07963,6014066.9,0.080105,481756.8290245,6014066.9,481756.8290245,
2022-11-09 18:55:00+00:00,0.07902,0.07982,0.07971,0.0795,3249676.3,0.079512,258388.2619656,3249676.3,258388.2619656,
2022-11-09 19:00:00+00:00,0.07931,0.08157,0.07953,0.08137,4449116.5,0.080445,357909.1768425,4449116.5,357909.1768425,
2022-11-09 19:05:00+00:00,0.08029,0.08128,0.08125,0.08061,4360977.6,0.080858,352619.9267808,4360977.6,352619.9267808,
2022-11-09 19:10:00+00:00,0.08005,0.08112,0.0806,0.08079,3717161.1,0.08064,299751.871104,3717161.1,299751.871104,
2022-11-09 19:15:00+00:00,0.08026,0.08206,0.08072,0.082,4601550.4,0.08126,373921.985504,4601550.4,373921.985504,
2022-11-09 19:20:00+00:00,0.08142,0.0831,0.08195,0.08266,5052990.8,0.082282,415770.1890056,5052990.8,415770.1890056,
2022-11-09 19:25:00+00:00,0.08209,0.0847,0.08264,0.0835,9355320.3,0.083232,778662.0192096,9355320.3,778662.0192096,
2022-11-09 19:30:00+00:00,0.08322,0.08483,0.08355,0.08377,9007810.4,0.083842,755232.8395568,9007810.4,755232.8395568,
2022-11-09 19:35:00+00:00,0.08276,0.08425,0.0838,0.08424,6449202.3,0.083762,540198.0830526,6449202.3,540198.0830526,
2022-11-09 19:40:00+00:00,0.08377,0.0846,0.08423,0.08397,3027594.0,0.084142,254747.814348,3027594.0,254747.814348,
2022-11-09 19:45:00+00:00,0.08292,0.08411,0.08397,0.08334,3347928.8,0.083585,279836.628748,3347928.8,279836.628748,
2022-11-09 19:50:00+00:00,0.0822,0.08336,0.08335,0.08257,5948918.2,0.08287,492986.851234,5948918.2,492986.851234,
2022-11-09 19:55:00+00:00,0.0825,0.08344,0.08256,0.0833,2860086.6,0.08295,237244.18347,2860086.6,237244.18347,
2022-11-09 20:00:00+00:00,0.08185,0.08336,0.08325,0.08222,6665369.4,0.08267,551026.088298,6665369.4,551026.088298,
2022-11-09 20:05:00+00:00,0.08173,0.08237,0.08223,0.08199,2714857.8,0.08208,222835.528224,2714857.8,222835.528224,
2022-11-09 20:10:00+00:00,0.08169,0.0824,0.08196,0.08176,3381453.6,0.081952,277116.8854272,3381453.6,277116.8854272,
2022-11-09 20:15:00+00:00,0.08168,0.0833,0.08169,0.08326,3629977.1,0.082482,299407.7711622,3629977.1,299407.7711622,
2022-11-09 20:20:00+00:00,0.08209,0.08358,0.08324,0.08214,5220808.9,0.082762,432084.5861818,5220808.9,432084.5861818,
2022-11-09 20:25:00+00:00,0.08204,0.08275,0.08212,0.08265,3832951.3,0.08239,315796.857607,3832951.3,315796.857607,
2022-11-09 20:30:00+00:00,0.08246,0.0839,0.08273,0.08375,4072941.0,0.08321,338909.42061,4072941.0,338909.42061,
2022-11-09 20:35:00+00:00,0.08331,0.08434,0.08375,0.08365,3034654.6,0.083762,254188.7386052,3034654.6,254188.7386052,
2022-11-09 20:40:00+00:00,0.08034,0.08361,0.08361,0.08089,8801515.5,0.082112,722710.040736,8801515.5,722710.040736,
2022-11-09 20:45:00+00:00,0.08026,0.08192,0.08088,0.08076,6337116.9,0.080955,513021.2986395,6337116.9,513021.2986395,
2022-11-09 20:50:00+00:00,0.08032,0.0815,0.08077,0.0815,4746127.7,0.081022,384540.7585094,4746127.7,384540.7585094,
2022-11-09 20:55:00+00:00,0.08076,0.08179,0.08154,0.08092,5126696.3,0.081252,416554.3277676,5126696.3,416554.3277676,
2022-11-09 21:00:00+00:00,0.07928,0.08101,0.08091,0.07933,9014677.7,0.080133,722373.1681341,9014677.7,722373.1681341,
2022-11-09 21:05:00+00:00,0.07816,0.07946,0.07933,0.07859,7434632.3,0.078885,586480.9689855,7434632.3,586480.9689855,
2022-11-09 21:10:00+00:00,0.0781,0.07917,0.07856,0.07901,7801797.4,0.07871,614079.473354,7801797.4,614079.473354,
2022-11-09 21:15:00+00:00,0.07541,0.07918,0.07895,0.07568,12287127.2,0.077305,949856.368196,12287127.2,949856.368196,
2022-11-09 21:20:00+00:00,0.07398,0.07597,0.07569,0.07487,13568980.9,0.075128,1019410.3970552,13568980.9,1019410.3970552,
2022-11-09 21:25:00+00:00,0.0705,0.07529,0.07481,0.0723,24490438.8,0.073225,1793312.38113,24490438.8,1793312.38113,
2022-11-09 21:30:00+00:00,0.07216,0.07526,0.07219,0.07506,17569711.9,0.073668,1294325.5362492,17569711.9,1294325.5362492,
2022-11-09 21:35:00+00:00,0.07322,0.07525,0.07514,0.07367,9168042.8,0.07432,681368.940896,9168042.8,681368.940896,
2022-11-09 21:40:00+00:00,0.07089,0.07402,0.07358,0.0715,9685476.5,0.072498,702177.675297,9685476.5,702177.675297,
2022-11-09 21:45:00+00:00,0.07043,0.07317,0.0715,0.07207,14589189.5,0.071793,1047401.6817735,14589189.5,1047401.6817735,
2022-11-09 21:50:00+00:00,0.07082,0.07279,0.07207,0.07209,8716322.7,0.071942,627069.6876834,8716322.7,627069.6876834,
2022-11-09 21:55:00+00:00,0.07154,0.0727,0.07212,0.07196,10020705.8,0.07208,722292.474064,10020705.8,722292.474064,
2022-11-09 22:00:00+00:00,0.07112,0.07341,0.07197,0.07339,8481087.9,0.072473,614649.8833767,8481087.9,614649.8833767,
2022-11-09 22:05:00+00:00,0.07035,0.07336,0.07331,0.07123,7784116.9,0.072062,560939.0320478,7784116.9,560939.0320478,
2022-11-09 22:10:00+00:00,0.07108,0.07252,0.07112,0.07234,6115699.4,0.071765,438893.167441,6115699.4,438893.167441,
2022-11-09 22:15:00+00:00,0.07211,0.07321,0.07229,0.07264,11904818.5,0.072562,863837.439997,11904818.5,863837.439997,
2022-11-09 22:20:00+00:00,0.07258,0.07376,0.07261,0.07312,3731357.0,0.073018,272456.225426,3731357.0,272456.225426,
2022-11-09 22:25:00+00:00,0.07313,0.07426,0.07314,0.07362,3900302.0,0.073538,286820.408476,3900302.0,286820.408476,
2022-11-09 22:30:00+00:00,0.07292,0.07399,0.07369,0.07301,2614539.4,0.073403,191915.0355782,2614539.4,191915.0355782,
2022-11-09 22:35:00+00:00,0.0729,0.07375,0.073,0.0736,2107712.7,0.073312,154520.6334624,2107712.7,154520.6334624,
2022-11-09 22:40:00+00:00,0.07308,0.07405,0.07356,0.07343,5400405.6,0.07353,397091.823768,5400405.6,397091.823768,
2022-11-09 22:45:00+00:00,0.07321,0.07385,0.0734,0.07327,2860080.0,0.073432,210021.39456,2860080.0,210021.39456,
2022-11-09 22:50:00+00:00,0.07291,0.07348,0.07325,0.07347,3767379.8,0.073278,276066.0569844,3767379.8,276066.0569844,
2022-11-09 22:55:00+00:00,0.07287,0.07371,0.07345,0.07296,3348229.4,0.073248,245251.1070912,3348229.4,245251.1070912,
2022-11-09 23:00:00+00:00,0.0722,0.07332,0.073,0.07248,5201517.9,0.07275,378410.427225,5201517.9,378410.427225,
2022-11-09 23:05:00+00:00,0.07151,0.07484,0.07249,0.07454,7269958.3,0.073345,533215.0915135,7269958.3,533215.0915135,
2022-11-09 23:10:00+00:00,0.07309,0.07496,0.07445,0.07394,5619734.8,0.07411,416478.546028,5619734.8,416478.546028,
2022-11-09 23:15:00+00:00,0.07311,0.07411,0.07392,0.07336,3773156.1,0.073625,277798.6178625,3773156.1,277798.6178625,
2022-11-09 23:20:00+00:00,0.07227,0.07386,0.07336,0.07293,4579910.1,0.073105,334814.3278605,4579910.1,334814.3278605,
2022-11-09 23:25:00+00:00,0.07238,0.07322,0.07298,0.07317,3675099.3,0.072938,268054.3927434,3675099.3,268054.3927434,
2022-11-09 23:30:00+00:00,0.07251,0.07337,0.07315,0.07263,2291368.6,0.072915,167075.141469,2291368.6,167075.141469,
2022-11-09 23:35:00+00:00,0.0721,0.07393,0.07264,0.07368,3431940.8,0.073088,250833.6891904,3431940.8,250833.6891904,
2022-11-09 23:40:00+00:00,0.07351,0.07434,0.07371,0.07418,3733211.9,0.073935,276015.0218265,3733211.9,276015.0218265,
2022-11-09 23:45:00+00:00,0.07354,0.07472,0.07422,0.07402,3470394.4,0.074125,257242.9849,3470394.4,257242.9849,
2022-11-09 23:50:00+00:00,0.07328,0.07443,0.07404,0.07335,1428179.8,0.073775,105363.964745,1428179.8,105363.964745,
2022-11-09 23:55:00+00:00,0.07332,0.07446,0.07334,0.07446,2266412.2,0.073895,167476.529519,2266412.2,167476.529519,
2022-11-10 00:00:00+00:00,0.07292,0.07476,0.07445,0.07387,4402680.4,0.074,325798.3496,4402680.4,325798.3496,
2022-11-10 00:05:00+00:00,0.07375,0.07442,0.07391,0.07399,1974640.7,0.074018,146158.9553326,1974640.7,146158.9553326,
2022-11-10 00:10:00+00:00,0.07388,0.07705,0.07388,0.07557,8465685.4,0.075095,635730.645113,8465685.4,635730.645113,
2022-11-10 00:15:00+00:00,0.07475,0.07627,0.07563,0.07508,3528945.5,0.075432,266195.416956,3528945.5,266195.416956,
2022-11-10 00:20:00+00:00,0.07493,0.07622,0.0751,0.07619,3809144.1,0.07561,288009.385401,3809144.1,288009.385401,
2022-11-10 00:25:00+00:00,0.07574,0.07641,0.07622,0.07627,4521523.4,0.07616,344359.222144,4521523.4,344359.222144,
2022-11-10 00:30:00+00:00,0.07556,0.07685,0.07623,0.07669,6021474.7,0.076332,459631.2068004,6021474.7,459631.2068004,
2022-11-10 00:35:00+00:00,0.07646,0.07783,0.07668,0.07655,11239953.3,0.07688,864127.609704,11239953.3,864127.609704,
2022-11-10 00:40:00+00:00,0.07564,0.07686,0.07652,0.07608,3343411.5,0.076275,255018.7121625,3343411.5,255018.7121625,
2022-11-10 00:45:00+00:00,0.07549,0.07662,0.07608,0.07662,3119338.9,0.076202,237699.8628578,3119338.9,237699.8628578,
2022-11-10 00:50:00+00:00,0.07606,0.07692,0.0766,0.07686,3211999.2,0.07661,246071.258712,3211999.2,246071.258712,
2022-11-10 00:55:00+00:00,0.07673,0.07739,0.07684,0.07739,3955927.6,0.077088,304954.5468288,3955927.6,304954.5468288,
2022-11-10 01:00:00+00:00,0.07655,0.07838,0.07732,0.07826,6621864.2,0.077628,514042.0741176,6621864.2,514042.0741176,
2022-11-10 01:05:00+00:00,0.07714,0.07821,0.07815,0.07747,3773701.6,0.077742,293375.1097872,3773701.6,293375.1097872,
2022-11-10 01:10:00+00:00,0.07667,0.07747,0.07747,0.07699,2871938.6,0.07715,221570.06299,2871938.6,221570.06299,
2022-11-10 01:15:00+00:00,0.07603,0.07724,0.07701,0.07637,4056070.2,0.076662,310946.4536724,4056070.2,310946.4536724,
2022-11-10 01:20:00+00:00,0.0752,0.07637,0.07637,0.07544,3245148.2,0.075845,246128.265229,3245148.2,246128.265229,
2022-11-10 01:25:00+00:00,0.075,0.07561,0.07546,0.07516,2883848.7,0.075308,217176.8778996,2883848.7,217176.8778996,
2022-11-10 01:30:00+00:00,0.075,0.07563,0.07511,0.07537,3843190.1,0.075278,289307.6643478,3843190.1,289307.6643478,
2022-11-10 01:35:00+00:00,0.07517,0.0759,0.07535,0.07546,2543884.7,0.07547,191986.978309,2543884.7,191986.978309,
2022-11-10 01:40:00+00:00,0.07465,0.07546,0.07546,0.07521,4880135.4,0.075195,366961.781403,4880135.4,366961.781403,
2022-11-10 01:45:00+00:00,0.07462,0.07538,0.07517,0.07477,5646341.5,0.074985,423390.9173775,5646341.5,423390.9173775,
2022-11-10 01:50:00+00:00,0.07408,0.07504,0.07472,0.07494,3562243.2,0.074695,266081.755824,3562243.2,266081.755824,
2022-11-10 01:55:00+00:00,0.07482,0.07526,0.07498,0.07511,1370836.8,0.075042,102870.3351456,1370836.8,102870.3351456,
2022-11-10 02:00:00+00:00,0.07437,0.07526,0.07511,0.07459,2736036.3,0.074832,204743.0684016,2736036.3,204743.0684016,
2022-11-10 02:05:00+00:00,0.07439,0.07492,0.07458,0.0748,1319730.6,0.074672,98546.9233632,1319730.6,98546.9233632,
2022-11-10 02:10:00+00:00,0.07474,0.0755,0.07479,0.07514,1403031.6,0.075042,105286.2973272,1403031.6,105286.2973272,
2022-11-10 02:15:00+00:00,0.0751,0.07578,0.07517,0.07538,2199684.4,0.075358,165763.8170152,2199684.4,165763.8170152,
2022-11-10 02:20:00+00:00,0.07521,0.07596,0.07533,0.07557,1899334.9,0.075517,143432.0736433,1899334.9,143432.0736433,
2022-11-10 02:25:00+00:00,0.07522,0.07597,0.07551,0.07531,2272751.3,0.075502,171597.2686526,2272751.3,171597.2686526,
2022-11-10 02:30:00+00:00,0.07482,0.07619,0.07533,0.07597,2263916.5,0.075577,171100.0173205,2263916.5,171100.0173205,
2022-11-10 02:35:00+00:00,0.07554,0.07644,0.07596,0.07632,2440581.8,0.076065,185642.854617,2440581.8,185642.854617,
2022-11-10 02:40:00+00:00,0.07605,0.07653,0.07632,0.07638,2737071.1,0.07632,208893.266352,2737071.1,208893.266352,
2022-11-10 02:45:00+00:00,0.0752,0.07636,0.07627,0.07538,3655445.3,0.075802,277090.0646306,3655445.3,277090.0646306,
2022-11-10 02:50:00+00:00,0.07519,0.0758,0.07533,0.07538,4008156.2,0.075425,302315.181385,4008156.2,302315.181385,
2022-11-10 02:55:00+00:00,0.0752,0.07605,0.07534,0.07599,2915129.1,0.075645,220514.9407695,2915129.1,220514.9407695,
2022-11-10 03:00:00+00:00,0.07598,0.07754,0.07607,0.07714,2637192.8,0.076682,202225.2182896,2637192.8,202225.2182896,
2022-11-10 03:05:00+00:00,0.07696,0.07869,0.07712,0.07806,5548804.5,0.077708,431186.500086,5548804.5,431186.500086,
2022-11-10 03:10:00+00:00,0.07708,0.07833,0.07802,0.07737,4315328.7,0.0777,335301.03999,4315328.7,335301.03999,
2022-11-10 03:15:00+00:00,0.0774,0.07922,0.0774,0.07889,5274519.0,0.078227,412609.797813,5274519.0,412609.797813,
2022-11-10 03:20:00+00:00,0.0786,0.07909,0.07892,0.07894,7292329.1,0.078888,575277.2580408,7292329.1,575277.2580408,
2022-11-10 03:25:00+00:00,0.07833,0.07908,0.07892,0.07845,3702973.7,0.078695,291405.5153215,3702973.7,291405.5153215,
2022-11-10 03:30:00+00:00,0.07782,0.07934,0.07843,0.07932,2852274.8,0.078728,224553.8904544,2852274.8,224553.8904544,
2022-11-10 03:35:00+00:00,0.07819,0.08029,0.07931,0.07981,5254761.7,0.0794,417228.07898,5254761.7,417228.07898,
2022-11-10 03:40:00+00:00,0.07955,0.08102,0.07978,0.08101,4609872.3,0.08034,370357.140582,4609872.3,370357.140582,
2022-11-10 03:45:00+00:00,0.0795,0.0813,0.08091,0.07955,6877476.0,0.080315,552364.48494,6877476.0,552364.48494,
2022-11-10 03:50:00+00:00,0.07907,0.07979,0.07953,0.07929,5713345.7,0.07942,453753.915494,5713345.7,453753.915494,
2022-11-10 03:55:00+00:00,0.07918,0.07977,0.07925,0.07948,3497021.1,0.07942,277733.415762,3497021.1,277733.415762,
2022-11-10 04:00:00+00:00,0.07899,0.08011,0.07948,0.07977,3748001.3,0.079588,298295.9274644,3748001.3,298295.9274644,
2022-11-10 04:05:00+00:00,0.07933,0.08022,0.07976,0.07938,3272833.2,0.079672,260753.1667104,3272833.2,260753.1667104,
2022-11-10 04:10:00+00:00,0.0793,0.08014,0.0793,0.08002,3328265.4,0.07969,265229.469726,3328265.4,265229.469726,
2022-11-10 04:15:00+00:00,0.07971,0.08122,0.08002,0.08087,3616550.1,0.080455,290969.5382955,3616550.1,290969.5382955,
2022-11-10 04:20:00+00:00,0.08075,0.08141,0.08095,0.08092,3821250.7,0.081008,309551.8767056,3821250.7,309551.8767056,
2022-11-10 04:25:00+00:00,0.07907,0.0809,0.08088,0.07907,3739035.2,0.07998,299048.035296,3739035.2,299048.035296,
2022-11-10 04:30:00+00:00,0.07852,0.07938,0.07903,0.07931,3833723.9,0.07906,303094.211534,3833723.9,303094.211534,
2022-11-10 04:35:00+00:00,0.07891,0.07965,0.0793,0.07912,3730565.6,0.079245,295628.670972,3730565.6,295628.670972,
2022-11-10 04:40:00+00:00,0.07891,0.07952,0.07907,0.07943,2859586.2,0.079232,226570.7337984,2859586.2,226570.7337984,
2022-11-10 04:45:00+00:00,0.07944,0.08033,0.07944,0.0802,2396450.1,0.079852,191361.3333852,2396450.1,191361.3333852,
2022-11-10 04:50:00+00:00,0.07968,0.08051,0.08022,0.08016,3474219.4,0.080142,278430.8911548,3474219.4,278430.8911548,
2022-11-10 04:55:00+00:00,0.07996,0.08075,0.08014,0.08061,2462738.4,0.080365,197917.971516,2462738.4,197917.971516,
2022-11-10 05:00:00+00:00,0.08054,0.08275,0.08059,0.08269,4646892.3,0.081642,379381.5811566,4646892.3,379381.5811566,
2022-11-10 05:05:00+00:00,0.08177,0.08292,0.08265,0.08236,7033802.1,0.082425,579761.1380925,7033802.1,579761.1380925,
2022-11-10 05:10:00+00:00,0.08146,0.08271,0.08228,0.08236,6431151.4,0.082203,528659.9385342,6431151.4,528659.9385342,
2022-11-10 05:15:00+00:00,0.08114,0.08265,0.08243,0.08203,3899898.9,0.082062,320033.5035318,3899898.9,320033.5035318,
2022-11-10 05:20:00+00:00,0.08089,0.08213,0.08194,0.08131,3216317.7,0.081568,262348.6021536,3216317.7,262348.6021536,
2022-11-10 05:25:00+00:00,0.08071,0.08189,0.08131,0.08172,4304941.8,0.081408,350456.7020544,4304941.8,350456.7020544,
2022-11-10 05:30:00+00:00,0.08107,0.08214,0.08157,0.0821,2841044.2,0.08172,232170.132024,2841044.2,232170.132024,
2022-11-10 05:35:00+00:00,0.08166,0.0821,0.08198,0.08182,2174640.1,0.08189,178081.277789,2174640.1,178081.277789,
2022-11-10 05:40:00+00:00,0.0813,0.08195,0.08173,0.08148,2980247.9,0.081615,243232.9323585,2980247.9,243232.9323585,
2022-11-10 05:45:00+00:00,0.08112,0.08171,0.08143,0.08164,2784520.6,0.081475,226868.815885,2784520.6,226868.815885,
2022-11-10 05:50:00+00:00,0.08161,0.08246,0.08165,0.08189,2311627.2,0.081902,189326.8909344,2311627.2,189326.8909344,
2022-11-10 05:55:00+00:00,0.08175,0.08271,0.08187,0.08243,2056186.9,0.08219,168998.001311,2056186.9,168998.001311,
2022-11-10 06:00:00+00:00,0.08146,0.08274,0.08233,0.08262,3764742.6,0.082288,309793.1390688,3764742.6,309793.1390688,
2022-11-10 06:05:00+00:00,0.08174,0.08265,0.08265,0.08204,2541682.9,0.08227,209104.252183,2541682.9,209104.252183,
2022-11-10 06:10:00+00:00,0.0817,0.08242,0.082,0.0818,3343631.5,0.08198,274110.91037,3343631.5,274110.91037,
2022-11-10 06:15:00+00:00,0.08111,0.08193,0.08183,0.08133,2454005.2,0.08155,200124.12406,2454005.2,200124.12406,
2022-11-10 06:20:00+00:00,0.08088,0.08155,0.08129,0.08155,2203232.6,0.081318,179162.4685668,2203232.6,179162.4685668,
2022-11-10 06:25:00+00:00,0.08153,0.08425,0.08153,0.08358,5324270.7,0.082722,440434.3208454,5324270.7,440434.3208454,
2022-11-10 06:30:00+00:00,0.08274,0.08392,0.08362,0.08277,4078767.9,0.083262,339606.3728898,4078767.9,339606.3728898,
2022-11-10 06:35:00+00:00,0.0828,0.08524,0.0828,0.08424,4320359.6,0.08377,361916.523692,4320359.6,361916.523692,
2022-11-10 06:40:00+00:00,0.08321,0.08479,0.08424,0.08354,4019087.8,0.083945,337382.325371,4019087.8,337382.325371,
2022-11-10 06:45:00+00:00,0.08287,0.08358,0.08345,0.08314,2557890.8,0.08326,212969.988008,2557890.8,212969.988008,
2022-11-10 06:50:00+00:00,0.08302,0.08409,0.08305,0.08394,1968665.5,0.083525,164432.7858875,1968665.5,164432.7858875,
2022-11-10 06:55:00+00:00,0.08317,0.08425,0.08387,0.0833,982214.8,0.083648,82160.3035904,982214.8,82160.3035904,
2022-11-10 07:00:00+00:00,0.08329,0.08465,0.08346,0.08423,4153386.0,0.083908,348502.312488,4153386.0,348502.312488,
2022-11-10 07:05:00+00:00,0.08237,0.08461,0.08429,0.08252,8214564.9,0.083448,685489.0117752,8214564.9,685489.0117752,
2022-11-10 07:10:00+00:00,0.0824,0.08305,0.08243,0.08304,6878477.0,0.08273,569056.40221,6878477.0,569056.40221,
2022-11-10 07:15:00+00:00,0.08281,0.08372,0.08304,0.08289,2094222.8,0.083115,174061.328022,2094222.8,174061.328022,
2022-11-10 07:20:00+00:00,0.08261,0.08339,0.08281,0.08297,1949831.0,0.082945,161728.732295,1949831.0,161728.732295,
2022-11-10 07:25:00+00:00,0.08295,0.08368,0.08295,0.0833,5343075.8,0.08322,444650.768076,5343075.8,444650.768076,
2022-11-10 07:30:00+00:00,0.08321,0.08401,0.08327,0.08397,3502429.3,0.083615,292855.6259195,3502429.3,292855.6259195,
2022-11-10 07:35:00+00:00,0.08383,0.08455,0.08402,0.08442,3021191.3,0.084205,254399.4134165,3021191.3,254399.4134165,
2022-11-10 07:40:00+00:00,0.08328,0.08454,0.0843,0.08381,5937565.6,0.083982,498648.6342192,5937565.6,498648.6342192,
2022-11-10 07:45:00+00:00,0.08355,0.08414,0.08382,0.08391,1862651.7,0.083855,156192.6583035,1862651.7,156192.6583035,
2022-11-10 07:50:00+00:00,0.08305,0.08382,0.08382,0.08316,1508613.8,0.083463,125913.4335894,1508613.8,125913.4335894,
2022-11-10 07:55:00+00:00,0.0822,0.08316,0.08306,0.08273,2562045.9,0.082787,212104.0939233,2562045.9,212104.0939233,
2022-11-10 08:00:00+00:00,0.08141,0.08298,0.08268,0.08142,4870884.0,0.082122,400006.735848,4870884.0,400006.735848,
2022-11-10 08:05:00+00:00,0.08058,0.08189,0.08149,0.08081,3066359.3,0.081192,248963.8442856,3066359.3,248963.8442856,
2022-11-10 08:10:00+00:00,0.08062,0.08116,0.08088,0.08062,2093607.1,0.08082,169205.325822,2093607.1,169205.325822,
2022-11-10 08:15:00+00:00,0.07959,0.08098,0.08063,0.07966,5204989.3,0.080215,417518.2166995,5204989.3,417518.2166995,
2022-11-10 08:20:00+00:00,0.0794,0.08013,0.07972,0.0794,3490439.7,0.079662,278055.4073814,3490439.7,278055.4073814,
2022-11-10 08:25:00+00:00,0.07939,0.08055,0.0794,0.0804,3030026.8,0.079935,242205.192258,3030026.8,242205.192258,
2022-11-10 08:30:00+00:00,0.07989,0.08055,0.08041,0.07996,3538411.4,0.080203,283791.2095142,3538411.4,283791.2095142,
2022-11-10 08:35:00+00:00,0.07994,0.08173,0.07998,0.08153,3692934.0,0.080795,298370.60253,3692934.0,298370.60253,
2022-11-10 08:40:00+00:00,0.08047,0.08177,0.08147,0.08085,3729827.5,0.08114,302638.20335,3729827.5,302638.20335,
2022-11-10 08:45:00+00:00,0.08046,0.08159,0.08085,0.08138,4051220.8,0.08107,328432.470256,4051220.8,328432.470256,
2022-11-10 08:50:00+00:00,0.08139,0.08323,0.08143,0.08323,9207645.6,0.08232,757973.385792,9207645.6,757973.385792,
2022-11-10 08:55:00+00:00,0.08237,0.08375,0.08327,0.08255,3474393.2,0.082985,288322.519702,3474393.2,288322.519702,
2022-11-10 09:00:00+00:00,0.08239,0.08329,0.08262,0.08303,2983157.5,0.082832,247100.90204,2983157.5,247100.90204,
2022-11-10 09:05:00+00:00,0.08302,0.08469,0.08307,0.08424,3609534.7,0.083755,302316.5787985,3609534.7,302316.5787985,
2022-11-10 09:10:00+00:00,0.08391,0.08446,0.0841,0.08404,2161518.3,0.084128,181844.2115424,2161518.3,181844.2115424,
2022-11-10 09:15:00+00:00,0.08403,0.08517,0.08403,0.08461,1584078.1,0.08446,133791.236326,1584078.1,133791.236326,
2022-11-10 09:20:00+00:00,0.08315,0.08467,0.08467,0.0833,3563159.3,0.083948,299120.0969164,3563159.3,299120.0969164,
2022-11-10 09:25:00+00:00,0.08323,0.0844,0.08323,0.08422,3008527.2,0.08377,252024.323544,3008527.2,252024.323544,
2022-11-10 09:30:00+00:00,0.08286,0.08427,0.08422,0.08301,4503357.6,0.08359,376435.661784,4503357.6,376435.661784,
2022-11-10 09:35:00+00:00,0.083,0.08374,0.08306,0.08336,2395129.4,0.08329,199490.327726,2395129.4,199490.327726,
2022-11-10 09:40:00+00:00,0.08331,0.08428,0.08338,0.08418,1928377.6,0.083787,161572.9739712,1928377.6,161572.9739712,
2022-11-10 09:45:00+00:00,0.08351,0.08428,0.08411,0.08354,1807970.1,0.08386,151616.372586,1807970.1,151616.372586,
2022-11-10 09:50:00+00:00,0.08297,0.08382,0.08363,0.08372,2815958.6,0.083535,235231.101651,2815958.6,235231.101651,
2022-11-10 09:55:00+00:00,0.08331,0.08393,0.08372,0.08332,1381261.6,0.08357,115432.031912,1381261.6,115432.031912,
2022-11-10 10:00:00+00:00,0.08296,0.08377,0.08322,0.08327,2466654.1,0.083305,205484.6198005,2466654.1,205484.6198005,
2022-11-10 10:05:00+00:00,0.08292,0.08345,0.08327,0.08342,725133.5,0.083265,60378.2408775,725133.5,60378.2408775,
2022-11-10 10:10:00+00:00,0.08139,0.08344,0.08342,0.08172,4890714.7,0.082493,403449.7277471,4890714.7,403449.7277471,
2022-11-10 10:15:00+00:00,0.08151,0.08233,0.08168,0.08233,1923241.1,0.081962,157632.6870382,1923241.1,157632.6870382,
2022-11-10 10:20:00+00:00,0.08171,0.08239,0.08234,0.0818,1081771.8,0.08206,88770.193908,1081771.8,88770.193908,
2022-11-10 10:25:00+00:00,0.08172,0.08228,0.08181,0.08172,1391431.9,0.081883,113934.6182677,1391431.9,113934.6182677,
2022-11-10 10:30:00+00:00,0.08111,0.08178,0.08171,0.08156,1488466.4,0.08154,121369.550256,1488466.4,121369.550256,
2022-11-10 10:35:00+00:00,0.08093,0.08207,0.08153,0.08201,2740381.4,0.081635,223711.035589,2740381.4,223711.035589,
2022-11-10 10:40:00+00:00,0.08123,0.08234,0.082,0.08141,2739617.4,0.081745,223950.024363,2739617.4,223950.024363,
2022-11-10 10:45:00+00:00,0.08072,0.08137,0.08134,0.08082,3213571.3,0.081062,260498.5167206,3213571.3,260498.5167206,
2022-11-10 10:50:00+00:00,0.07961,0.08084,0.08083,0.07998,3269516.6,0.080315,262591.225729,3269516.6,262591.225729,
2022-11-10 10:55:00+00:00,0.07986,0.08037,0.08002,0.08037,2133252.2,0.080155,170990.830091,2133252.2,170990.830091,
2022-11-10 11:00:00+00:00,0.0801,0.08089,0.08033,0.08073,2695690.2,0.080512,217035.4093824,2695690.2,217035.4093824,
2022-11-10 11:05:00+00:00,0.08072,0.0811,0.08075,0.08095,1322656.7,0.08088,106976.473896,1322656.7,106976.473896,
2022-11-10 11:10:00+00:00,0.08045,0.08107,0.08099,0.08073,2822448.4,0.08081,228082.055204,2822448.4,228082.055204,
2022-11-10 11:15:00+00:00,0.0801,0.08104,0.08073,0.08029,1890287.2,0.08054,152243.731088,1890287.2,152243.731088,
2022-11-10 11:20:00+00:00,0.07986,0.08051,0.08035,0.08051,1232900.6,0.080308,99011.7813848,1232900.6,99011.7813848,
2022-11-10 11:25:00+00:00,0.08035,0.083,0.08047,0.08147,4516267.8,0.081322,367271.9300316,4516267.8,367271.9300316,
2022-11-10 11:30:00+00:00,0.0813,0.08195,0.08154,0.08173,969435.6,0.08163,79135.028028,969435.6,79135.028028,
2022-11-10 11:35:00+00:00,0.08138,0.08196,0.08172,0.08189,528830.8,0.081738,43225.5719304,528830.8,43225.5719304,
2022-11-10 11:40:00+00:00,0.08117,0.08191,0.08186,0.08117,2839575.6,0.081528,231504.9195168,2839575.6,231504.9195168,
2022-11-10 11:45:00+00:00,0.08093,0.08166,0.08123,0.08094,3947092.5,0.08119,320464.440075,3947092.5,320464.440075,
2022-11-10 11:50:00+00:00,0.08087,0.08204,0.08093,0.08165,1661308.8,0.081372,135184.0196736,1661308.8,135184.0196736,
2022-11-10 11:55:00+00:00,0.08043,0.08165,0.08165,0.08052,2609905.1,0.081062,211564.1272162,2609905.1,211564.1272162,
2022-11-10 12:00:00+00:00,0.08035,0.08294,0.08044,0.08249,3487175.4,0.081555,284396.589747,3487175.4,284396.589747,
2022-11-10 12:05:00+00:00,0.08154,0.08307,0.08254,0.08186,3451586.6,0.082252,283899.9010232,3451586.6,283899.9010232,
2022-11-10 12:10:00+00:00,0.08176,0.08256,0.08176,0.08233,4446550.8,0.082102,365070.7137816,4446550.8,365070.7137816,
2022-11-10 12:15:00+00:00,0.08203,0.08341,0.08227,0.08217,4969435.1,0.08247,409829.312697,4969435.1,409829.312697,
2022-11-10 12:20:00+00:00,0.0807,0.08236,0.08218,0.08151,6498058.0,0.081688,530813.361904,6498058.0,530813.361904,
2022-11-10 12:25:00+00:00,0.08087,0.08245,0.08163,0.08134,4229289.7,0.081572,344991.6194084,4229289.7,344991.6194084,
2022-11-10 12:30:00+00:00,0.0812,0.08285,0.08136,0.08271,3446292.9,0.08203,282699.406587,3446292.9,282699.406587,
2022-11-10 12:35:00+00:00,0.08155,0.08264,0.08259,0.08197,3465133.7,0.082188,284792.4085356,3465133.7,284792.4085356,
2022-11-10 12:40:00+00:00,0.08135,0.08214,0.08192,0.08162,3804938.3,0.081758,311084.1455314,3804938.3,311084.1455314,
2022-11-10 12:45:00+00:00,0.08157,0.08252,0.08159,0.08196,2374265.5,0.08191,194476.087105,2374265.5,194476.087105,
2022-11-10 12:50:00+00:00,0.08153,0.08219,0.08189,0.08185,1649246.2,0.081865,135015.540163,1649246.2,135015.540163,
2022-11-10 12:55:00+00:00,0.08166,0.08261,0.08193,0.08227,2499404.8,0.082118,205246.1233664,2499404.8,205246.1233664,
2022-11-10 13:00:00+00:00,0.08195,0.08303,0.08224,0.08296,2436960.0,0.082545,201158.8632,2436960.0,201158.8632,
2022-11-10 13:05:00+00:00,0.08195,0.08298,0.08296,0.08274,2641247.2,0.082658,218320.2110576,2641247.2,218320.2110576,
2022-11-10 13:10:00+00:00,0.08239,0.08276,0.08268,0.08261,2600414.2,0.08261,214820.217062,2600414.2,214820.217062,
2022-11-10 13:15:00+00:00,0.08225,0.08305,0.08261,0.08234,3696995.6,0.082563,305235.0477228,3696995.6,305235.0477228,
2022-11-10 13:20:00+00:00,0.08226,0.08259,0.0823,0.08235,1470386.8,0.082375,121123.11265,1470386.8,121123.11265,
2022-11-10 13:25:00+00:00,0.08184,0.08237,0.08231,0.08229,2242034.8,0.082202,184299.7446296,2242034.8,184299.7446296,
2022-11-10 13:30:00+00:00,0.08188,0.09286,0.08219,0.09066,20231470.8,0.086898,1758074.3495784,20231470.8,1758074.3495784,
2022-11-10 13:35:00+00:00,0.08736,0.09108,0.09072,0.0874,13048412.2,0.08914,1163135.463508,13048412.2,1163135.463508,
2022-11-10 13:40:00+00:00,0.08715,0.09039,0.08757,0.08926,8839100.0,0.088592,783073.5472,8839100.0,783073.5472,
2022-11-10 13:45:00+00:00,0.08879,0.0902,0.08928,0.08979,10018429.0,0.089515,896799.671935,10018429.0,896799.671935,
2022-11-10 13:50:00+00:00,0.08956,0.0918,0.0898,0.09125,6841574.1,0.090602,619860.2966082,6841574.1,619860.2966082,
2022-11-10 13:55:00+00:00,0.09015,0.09163,0.09125,0.09085,5977805.9,0.09097,543801.002723,5977805.9,543801.002723,
2022-11-10 14:00:00+00:00,0.08842,0.09077,0.09077,0.08842,12652672.1,0.089595,1133616.1567995,12652672.1,1133616.1567995,
2022-11-10 14:05:00+00:00,0.08853,0.09041,0.08858,0.08964,8346360.5,0.08929,745246.529045,8346360.5,745246.529045,
2022-11-10 14:10:00+00:00,0.08947,0.09128,0.08957,0.09007,6647745.2,0.090098,598948.5470296,6647745.2,598948.5470296,
2022-11-10 14:15:00+00:00,0.0892,0.09035,0.09008,0.08924,4100757.1,0.089717,367907.6247407,4100757.1,367907.6247407,
2022-11-10 14:20:00+00:00,0.08903,0.09,0.08928,0.08972,5383016.9,0.089507,481817.6936683,5383016.9,481817.6936683,
2022-11-10 14:25:00+00:00,0.08964,0.09112,0.08965,0.09112,4468575.8,0.090382,403878.8179556,4468575.8,403878.8179556,
2022-11-10 14:30:00+00:00,0.08981,0.09188,0.09099,0.09028,5782329.7,0.09074,524688.596978,5782329.7,524688.596978,
2022-11-10 14:35:00+00:00,0.08966,0.09088,0.09032,0.08991,2938404.1,0.090192,265020.5425872,2938404.1,265020.5425872,
2022-11-10 14:40:00+00:00,0.08942,0.09009,0.08995,0.09001,3883561.3,0.089868,349007.8869084,3883561.3,349007.8869084,
2022-11-10 14:45:00+00:00,0.0898,0.0908,0.08999,0.09074,2641400.2,0.090332,238602.9628664,2641400.2,238602.9628664,
2022-11-10 14:50:00+00:00,0.09061,0.09178,0.09071,0.0914,15028902.8,0.091125,1369508.76765,15028902.8,1369508.76765,
2022-11-10 14:55:00+00:00,0.09109,0.0925,0.09143,0.09214,4034966.2,0.09179,370369.547498,4034966.2,370369.547498,
2022-11-10 15:00:00+00:00,0.09159,0.094,0.09205,0.09268,8949369.7,0.09258,828532.646826,8949369.7,828532.646826,
2022-11-10 15:05:00+00:00,0.09189,0.09365,0.09262,0.09361,13307352.3,0.092942,1236811.9374666,13307352.3,1236811.9374666,
2022-11-10 15:10:00+00:00,0.09199,0.09371,0.0936,0.09206,11075428.3,0.09284,1028242.763372,11075428.3,1028242.763372,
2022-11-10 15:15:00+00:00,0.09123,0.09283,0.09216,0.09159,8324721.6,0.091952,765474.8005632,8324721.6,765474.8005632,
2022-11-10 15:20:00+00:00,0.0911,0.09212,0.09143,0.0918,3612355.7,0.091612,330935.1303884,3612355.7,330935.1303884,
2022-11-10 15:25:00+00:00,0.09056,0.09182,0.09174,0.09092,4391148.1,0.09126,400736.175606,4391148.1,400736.175606,
2022-11-10 15:30:00+00:00,0.08896,0.09111,0.09098,0.09029,7452438.6,0.090335,673216.040931,7452438.6,673216.040931,
2022-11-10 15:35:00+00:00,0.08991,0.09087,0.09022,0.08999,3473297.9,0.090248,313458.1888792,3473297.9,313458.1888792,
2022-11-10 15:40:00+00:00,0.08989,0.09062,0.08994,0.09008,5291750.2,0.090132,476956.0290264,5291750.2,476956.0290264,
2022-11-10 15:45:00+00:00,0.08966,0.09079,0.09004,0.08972,2481679.6,0.090053,223482.6930188,2481679.6,223482.6930188,
2022-11-10 15:50:00+00:00,0.08969,0.09078,0.08972,0.09058,4257673.6,0.090192,384008.0973312,4257673.6,384008.0973312,
2022-11-10 15:55:00+00:00,0.09028,0.0916,0.0905,0.09115,3259455.2,0.090882,296225.8074864,3259455.2,296225.8074864,
2022-11-10 16:00:00+00:00,0.08995,0.0916,0.09115,0.09031,3951234.1,0.090752,358582.3970432,3951234.1,358582.3970432,
2022-11-10 16:05:00+00:00,0.09031,0.09144,0.09031,0.09126,2407987.0,0.09083,218717.45921,2407987.0,218717.45921,
2022-11-10 16:10:00+00:00,0.0906,0.09133,0.09123,0.09101,6976953.1,0.091042,635195.7641302,6976953.1,635195.7641302,
2022-11-10 16:15:00+00:00,0.0907,0.092,0.09108,0.09082,11221384.5,0.09115,1022829.197175,11221384.5,1022829.197175,
2022-11-10 16:20:00+00:00,0.09073,0.09158,0.09073,0.09102,3764916.8,0.091015,342663.902552,3764916.8,342663.902552,
2022-11-10 16:25:00+00:00,0.0907,0.09211,0.09096,0.09166,7082638.7,0.091358,647055.7063546,7082638.7,647055.7063546,
2022-11-10 16:30:00+00:00,0.09082,0.09177,0.09161,0.09107,3728174.2,0.091318,340449.4115956,3728174.2,340449.4115956,
2022-11-10 16:35:00+00:00,0.09088,0.0915,0.09103,0.09122,3659705.5,0.091158,333611.433969,3659705.5,333611.433969,
2022-11-10 16:40:00+00:00,0.09131,0.0924,0.09133,0.09208,2862869.3,0.09178,262754.144354,2862869.3,262754.144354,
2022-11-10 16:45:00+00:00,0.09092,0.0922,0.0921,0.09108,3948660.0,0.091575,361598.5395,3948660.0,361598.5395,
2022-11-10 16:50:00+00:00,0.09085,0.09137,0.09107,0.09091,2051319.8,0.09105,186772.66779,2051319.8,186772.66779,
2022-11-10 16:55:00+00:00,0.08988,0.09112,0.09089,0.08988,5315637.8,0.090443,480762.2295454,5315637.8,480762.2295454,
2022-11-10 17:00:00+00:00,0.08945,0.09073,0.0899,0.09035,2703420.8,0.090108,243599.8414464,2703420.8,243599.8414464,
2022-11-10 17:05:00+00:00,0.08973,0.09039,0.09032,0.08995,3261465.5,0.090098,293851.518619,3261465.5,293851.518619,
2022-11-10 17:10:00+00:00,0.08992,0.09056,0.08996,0.09051,1343439.1,0.090238,121229.2575058,1343439.1,121229.2575058,
2022-11-10 17:15:00+00:00,0.08974,0.09046,0.09046,0.08974,2317138.8,0.0901,208774.20588,2317138.8,208774.20588,
2022-11-10 17:20:00+00:00,0.08975,0.09019,0.08987,0.08999,1145631.6,0.08995,103049.56242,1145631.6,103049.56242,
2022-11-10 17:25:00+00:00,0.08886,0.09004,0.08998,0.08949,1969290.0,0.089592,176432.62968,1969290.0,176432.62968,
2022-11-10 17:30:00+00:00,0.08722,0.08961,0.08953,0.0875,8179720.8,0.088465,723619.000572,8179720.8,723619.000572,
2022-11-10 17:35:00+00:00,0.08576,0.088,0.08756,0.08624,13065755.9,0.08689,1135283.530151,13065755.9,1135283.530151,
2022-11-10 17:40:00+00:00,0.08604,0.08696,0.08612,0.08643,5178893.2,0.086388,447394.2257616,5178893.2,447394.2257616,
2022-11-10 17:45:00+00:00,0.08501,0.08671,0.08638,0.08639,6709172.8,0.086122,577807.3798816,6709172.8,577807.3798816,
2022-11-10 17:50:00+00:00,0.08618,0.08687,0.08631,0.08636,3203652.6,0.08643,276891.694218,3203652.6,276891.694218,
2022-11-10 17:55:00+00:00,0.08591,0.08655,0.0863,0.08635,4016848.7,0.086278,346565.6721386,4016848.7,346565.6721386,
2022-11-10 18:00:00+00:00,0.0863,0.0877,0.08634,0.08737,5407350.5,0.086928,470050.164264,5407350.5,470050.164264,
2022-11-10 18:05:00+00:00,0.08733,0.08793,0.08734,0.08755,3404496.1,0.087538,298022.7796018,3404496.1,298022.7796018,
2022-11-10 18:10:00+00:00,0.08754,0.08831,0.08754,0.08783,4426225.1,0.087805,388644.6949055,4426225.1,388644.6949055,
2022-11-10 18:15:00+00:00,0.08732,0.08798,0.08783,0.0874,1967237.5,0.087632,172392.9566,1967237.5,172392.9566,
2022-11-10 18:20:00+00:00,0.08671,0.0875,0.0874,0.08704,3414625.1,0.087162,297625.5529662,3414625.1,297625.5529662,
2022-11-10 18:25:00+00:00,0.0861,0.0874,0.08703,0.0864,3205200.7,0.086732,277993.4671124,3205200.7,277993.4671124,
2022-11-10 18:30:00+00:00,0.08641,0.08743,0.08641,0.08739,2006814.6,0.08691,174412.256886,2006814.6,174412.256886,
2022-11-10 18:35:00+00:00,0.08729,0.088,0.08738,0.08755,1809126.0,0.087555,158398.02693,1809126.0,158398.02693,
2022-11-10 18:40:00+00:00,0.08753,0.08814,0.08761,0.08785,1778211.2,0.087782,156094.9355584,1778211.2,156094.9355584,
2022-11-10 18:45:00+00:00,0.08755,0.0884,0.08785,0.08798,1156181.2,0.087945,101680.355634,1156181.2,101680.355634,
2022-11-10 18:50:00+00:00,0.0874,0.08801,0.08796,0.08778,1674256.3,0.087787,146977.9378081,1674256.3,146977.9378081,
2022-11-10 18:55:00+00:00,0.0877,0.08856,0.08774,0.08828,2480001.5,0.08807,218413.732105,2480001.5,218413.732105,
2022-11-10 19:00:00+00:00,0.08808,0.08926,0.08827,0.08871,3564466.1,0.08858,315740.407138,3564466.1,315740.407138,
2022-11-10 19:05:00+00:00,0.08811,0.08877,0.08869,0.08864,1995636.8,0.088552,176717.6299136,1995636.8,176717.6299136,
2022-11-10 19:10:00+00:00,0.08783,0.08865,0.08859,0.08807,1365992.1,0.088285,120596.6125485,1365992.1,120596.6125485,
2022-11-10 19:15:00+00:00,0.08731,0.08841,0.08808,0.08745,1319932.5,0.087813,115907.2326225,1319932.5,115907.2326225,
2022-11-10 19:20:00+00:00,0.08747,0.08821,0.0875,0.08813,1050888.2,0.087827,92296.3579414,1050888.2,92296.3579414,
2022-11-10 19:25:00+00:00,0.08812,0.08899,0.0882,0.08861,1858212.9,0.08848,164414.677392,1858212.9,164414.677392,
2022-11-10 19:30:00+00:00,0.08851,0.08883,0.08856,0.08872,2329485.4,0.088655,206520.528137,2329485.4,206520.528137,
2022-11-10 19:35:00+00:00,0.08843,0.08879,0.08872,0.08849,2211969.8,0.088608,195998.2200384,2211969.8,195998.2200384,
2022-11-10 19:40:00+00:00,0.08843,0.0887,0.08849,0.08849,1392054.8,0.088528,123235.8273344,1392054.8,123235.8273344,
2022-11-10 19:45:00+00:00,0.08796,0.08962,0.08853,0.08952,2508587.4,0.088908,223033.4885592,2508587.4,223033.4885592,
2022-11-10 19:50:00+00:00,0.08923,0.09018,0.08952,0.08966,2634518.0,0.089648,236179.269664,2634518.0,236179.269664,
2022-11-10 19:55:00+00:00,0.08956,0.08985,0.08963,0.08965,1568872.1,0.089672,140683.8989512,1568872.1,140683.8989512,
2022-11-10 20:00:00+00:00,0.08883,0.08976,0.08965,0.08884,2340201.3,0.08927,208909.770051,2340201.3,208909.770051,
2022-11-10 20:05:00+00:00,0.08872,0.08926,0.08883,0.08887,2142306.0,0.08892,190493.84952,2142306.0,190493.84952,
2022-11-10 20:10:00+00:00,0.08843,0.0892,0.08889,0.08899,1380076.1,0.088878,122658.4036158,1380076.1,122658.4036158,
2022-11-10 20:15:00+00:00,0.08855,0.08896,0.08891,0.08892,537804.9,0.088835,47775.8982915,537804.9,47775.8982915,
2022-11-10 20:20:00+00:00,0.08892,0.08982,0.08892,0.08931,1907779.4,0.089242,170254.0492148,1907779.4,170254.0492148,
2022-11-10 20:25:00+00:00,0.08919,0.08975,0.0894,0.08968,2369979.4,0.089505,212125.006197,2369979.4,212125.006197,
2022-11-10 20:30:00+00:00,0.08885,0.08988,0.08962,0.08895,1898401.2,0.089325,169574.68719,1898401.2,169574.68719,
2022-11-10 20:35:00+00:00,0.08875,0.08944,0.08895,0.08911,1311408.7,0.089062,116796.6816394,1311408.7,116796.6816394,
2022-11-10 20:40:00+00:00,0.0888,0.08996,0.08913,0.08963,1881090.0,0.08938,168131.8242,1881090.0,168131.8242,
2022-11-10 20:45:00+00:00,0.0894,0.09024,0.08961,0.09008,2425183.2,0.089832,217859.0572224,2425183.2,217859.0572224,
2022-11-10 20:50:00+00:00,0.08982,0.09193,0.09012,0.09145,4949420.1,0.09083,449555.827683,4949420.1,449555.827683,
2022-11-10 20:55:00+00:00,0.09045,0.09166,0.09137,0.09119,4684029.8,0.091168,427033.6288064,4684029.8,427033.6288064,
2022-11-10 21:00:00+00:00,0.09012,0.09214,0.09122,0.09107,4603906.9,0.091138,419590.8670522,4603906.9,419590.8670522,
2022-11-10 21:05:00+00:00,0.09033,0.09124,0.09107,0.09057,4074792.0,0.090802,369999.263184,4074792.0,369999.263184,
2022-11-10 21:10:00+00:00,0.09038,0.09099,0.09054,0.0905,1788631.2,0.090602,162053.5639824,1788631.2,162053.5639824,
2022-11-10 21:15:00+00:00,0.09032,0.09093,0.0905,0.0905,1403768.5,0.090562,127128.082897,1403768.5,127128.082897,
2022-11-10 21:20:00+00:00,0.0904,0.09128,0.09046,0.09126,1728859.6,0.09085,157066.89466,1728859.6,157066.89466,
2022-11-10 21:25:00+00:00,0.08947,0.09136,0.09123,0.08981,8754899.8,0.090467,792029.5202066,8754899.8,792029.5202066,
2022-11-10 21:30:00+00:00,0.08944,0.08995,0.0898,0.08947,4895895.3,0.089665,438990.4520745,4895895.3,438990.4520745,
2022-11-10 21:35:00+00:00,0.0894,0.08983,0.08942,0.08942,3354807.9,0.089518,300315.6935922,3354807.9,300315.6935922,
2022-11-10 21:40:00+00:00,0.08867,0.08974,0.08942,0.08971,3628388.1,0.089385,324323.4703185,3628388.1,324323.4703185,
2022-11-10 21:45:00+00:00,0.08886,0.08965,0.08962,0.0889,1377292.1,0.089257,122932.9609697,1377292.1,122932.9609697,
2022-11-10 21:50:00+00:00,0.08854,0.0893,0.08886,0.08902,2463390.2,0.08893,219069.290486,2463390.2,219069.290486,
2022-11-10 21:55:00+00:00,0.0888,0.08927,0.08894,0.08917,2517962.1,0.089045,224211.9351945,2517962.1,224211.9351945,
2022-11-10 22:00:00+00:00,0.08917,0.08938,0.0892,0.08936,1012627.1,0.089278,90405.3222338,1012627.1,90405.3222338,
2022-11-10 22:05:00+00:00,0.08842,0.08933,0.08929,0.08896,2568131.7,0.089,228563.7213,2568131.7,228563.7213,
2022-11-10 22:10:00+00:00,0.08843,0.0891,0.08895,0.08878,1728865.3,0.088815,153549.1716195,1728865.3,153549.1716195,
2022-11-10 22:15:00+00:00,0.08865,0.08889,0.08878,0.08875,1709089.9,0.088768,151712.4922432,1709089.9,151712.4922432,
2022-11-10 22:20:00+00:00,0.08869,0.08925,0.08878,0.0892,1892892.2,0.08898,168429.547956,1892892.2,168429.547956,
2022-11-10 22:25:00+00:00,0.08901,0.08934,0.08923,0.08915,646680.7,0.089183,57672.9248681,646680.7,57672.9248681,
2022-11-10 22:30:00+00:00,0.089,0.08931,0.08916,0.0893,1080431.8,0.089192,96365.8731056,1080431.8,96365.8731056,
2022-11-10 22:35:00+00:00,0.08921,0.0897,0.08926,0.08968,1233437.8,0.089462,110345.8124636,1233437.8,110345.8124636,
2022-11-10 22:40:00+00:00,0.08959,0.09002,0.08962,0.08983,1034988.2,0.089765,92905.715773,1034988.2,92905.715773,
2022-11-10 22:45:00+00:00,0.08948,0.08981,0.08978,0.08974,503088.8,0.089702,45128.0715376,503088.8,45128.0715376,
2022-11-10 22:50:00+00:00,0.08973,0.09011,0.08973,0.09008,778015.1,0.089912,69952.8936712,778015.1,69952.8936712,
2022-11-10 22:55:00+00:00,0.08949,0.09009,0.09004,0.08958,463314.2,0.0898,41605.61516,463314.2,41605.61516,
2022-11-10 23:00:00+00:00,0.08929,0.08959,0.08954,0.08959,380654.5,0.089502,34069.339059,380654.5,34069.339059,
2022-11-10 23:05:00+00:00,0.08959,0.09034,0.08959,0.09026,1119942.6,0.089945,100733.237157,1119942.6,100733.237157,
2022-11-10 23:10:00+00:00,0.08953,0.09044,0.09025,0.08959,1874283.5,0.089952,168595.549392,1874283.5,168595.549392,
2022-11-10 23:15:00+00:00,0.08794,0.08964,0.08956,0.08889,5270538.0,0.089007,469114.775766,5270538.0,469114.775766,
2022-11-10 23:20:00+00:00,0.08872,0.08935,0.08895,0.08887,1673042.1,0.088973,148855.5747633,1673042.1,148855.5747633,
2022-11-10 23:25:00+00:00,0.08868,0.08919,0.08883,0.0891,811043.3,0.08895,72142.301535,811043.3,72142.301535,
2022-11-10 23:30:00+00:00,0.08905,0.08965,0.0891,0.0895,1344972.8,0.089325,120139.69536,1344972.8,120139.69536,
2022-11-10 23:35:00+00:00,0.08909,0.08994,0.0895,0.08989,1177772.9,0.089605,105534.3407045,1177772.9,105534.3407045,
2022-11-10 23:40:00+00:00,0.08881,0.08999,0.08993,0.08891,1354195.3,0.08941,121078.601773,1354195.3,121078.601773,
2022-11-10 23:45:00+00:00,0.08883,0.08951,0.08883,0.08933,1968705.5,0.089125,175460.8776875,1968705.5,175460.8776875,
2022-11-10 23:50:00+00:00,0.08914,0.08979,0.08925,0.08972,1509152.1,0.089475,135031.3841475,1509152.1,135031.3841475,
2022-11-10 23:55:00+00:00,0.08942,0.08994,0.0897,0.08959,970220.5,0.089662,86991.910471,970220.5,86991.910471,
2022-11-11 00:00:00+00:00,0.08898,0.08975,0.08955,0.08925,2149172.8,0.089382,192097.3632096,2149172.8,192097.3632096,
2022-11-11 00:05:00+00:00,0.08921,0.09008,0.08927,0.08987,2111119.9,0.089608,189173.2319992,2111119.9,189173.2319992,
2022-11-11 00:10:00+00:00,0.08863,0.08994,0.08989,0.08887,1914638.2,0.089332,171038.4596824,1914638.2,171038.4596824,
2022-11-11 00:15:00+00:00,0.08731,0.08924,0.08889,0.08759,5728401.5,0.088258,505577.259587,5728401.5,505577.259587,
2022-11-11 00:20:00+00:00,0.08726,0.0881,0.08761,0.08797,2779518.0,0.087735,243861.01173,2779518.0,243861.01173,
2022-11-11 00:25:00+00:00,0.08788,0.08848,0.08804,0.08788,2204735.6,0.08807,194171.064292,2204735.6,194171.064292,
2022-11-11 00:30:00+00:00,0.08782,0.08869,0.08794,0.08852,2046280.1,0.088242,180567.8485842,2046280.1,180567.8485842,
2022-11-11 00:35:00+00:00,0.08824,0.08888,0.0885,0.08833,2162192.6,0.088488,191328.0987888,2162192.6,191328.0987888,
2022-11-11 00:40:00+00:00,0.08812,0.08862,0.08834,0.08853,1617008.6,0.088402,142946.7942572,1617008.6,142946.7942572,
2022-11-11 00:45:00+00:00,0.08847,0.08954,0.08848,0.08947,2813614.0,0.08899,250383.50986,2813614.0,250383.50986,
2022-11-11 00:50:00+00:00,0.08924,0.09,0.08945,0.08963,2911901.7,0.08958,260848.154286,2911901.7,260848.154286,
2022-11-11 00:55:00+00:00,0.08947,0.09005,0.08964,0.08994,1622158.1,0.089775,145629.2434275,1622158.1,145629.2434275,
2022-11-11 01:00:00+00:00,0.08944,0.08997,0.08989,0.0899,1019109.0,0.0898,91515.9882,1019109.0,91515.9882,
2022-11-11 01:05:00+00:00,0.0899,0.093,0.08999,0.09202,7630942.0,0.091227,696147.945834,7630942.0,696147.945834,
2022-11-11 01:10:00+00:00,0.09112,0.09225,0.09206,0.09157,3071681.1,0.09175,281826.740925,3071681.1,281826.740925,
2022-11-11 01:15:00+00:00,0.09096,0.09196,0.09166,0.0912,2130320.9,0.091445,194807.1947005,2130320.9,194807.1947005,
2022-11-11 01:20:00+00:00,0.09048,0.09117,0.09117,0.09065,4098564.8,0.090868,372428.3862464,4098564.8,372428.3862464,
2022-11-11 01:25:00+00:00,0.09001,0.09058,0.09057,0.0903,1618050.4,0.090365,146215.124396,1618050.4,146215.124396,
2022-11-11 01:30:00+00:00,0.08848,0.0905,0.09031,0.08875,7090995.1,0.08951,634714.971401,7090995.1,634714.971401,
2022-11-11 01:35:00+00:00,0.08779,0.08887,0.08877,0.0884,10815832.1,0.088458,956746.8759018,10815832.1,956746.8759018,
2022-11-11 01:40:00+00:00,0.08837,0.08907,0.08841,0.08876,3522280.0,0.088653,312260.68884,3522280.0,312260.68884,
2022-11-11 01:45:00+00:00,0.08781,0.08877,0.08869,0.08785,3266140.2,0.08828,288334.856856,3266140.2,288334.856856,
2022-11-11 01:50:00+00:00,0.08736,0.08809,0.08782,0.08787,3785167.3,0.087785,332280.9114305,3785167.3,332280.9114305,
2022-11-11 01:55:00+00:00,0.08676,0.08803,0.0879,0.0875,4186027.0,0.087548,366478.291796,4186027.0,366478.291796,
2022-11-11 02:00:00+00:00,0.08704,0.08814,0.08747,0.08792,2992996.5,0.087642,262312.199253,2992996.5,262312.199253,
2022-11-11 02:05:00+00:00,0.08751,0.08796,0.08788,0.0877,1073201.2,0.087762,94186.2837144,1073201.2,94186.2837144,
2022-11-11 02:10:00+00:00,0.08525,0.08778,0.0877,0.08568,6632091.4,0.086602,574352.3794228,6632091.4,574352.3794228,
2022-11-11 02:15:00+00:00,0.08565,0.0867,0.08565,0.0866,2999874.7,0.08615,258439.205405,2999874.7,258439.205405,
2022-11-11 02:20:00+00:00,0.08584,0.08663,0.08656,0.08617,2163825.6,0.0863,186738.14928,2163825.6,186738.14928,
2022-11-11 02:25:00+00:00,0.08511,0.08664,0.08617,0.08577,4100459.5,0.085922,352319.681159,4100459.5,352319.681159,
2022-11-11 02:30:00+00:00,0.08567,0.08649,0.08572,0.08615,1425059.2,0.086008,122566.4916736,1425059.2,122566.4916736,
2022-11-11 02:35:00+00:00,0.08582,0.08643,0.08613,0.086,1695232.1,0.086095,145951.0076495,1695232.1,145951.0076495,
2022-11-11 02:40:00+00:00,0.08548,0.08605,0.08599,0.08579,2126086.2,0.085828,182477.7263736,2126086.2,182477.7263736,
2022-11-11 02:45:00+00:00,0.08517,0.08606,0.08579,0.08603,1893019.4,0.085762,162349.1297828,1893019.4,162349.1297828,
2022-11-11 02:50:00+00:00,0.08549,0.08617,0.086,0.08583,1136256.6,0.085872,97572.6267552,1136256.6,97572.6267552,
2022-11-11 02:55:00+00:00,0.08576,0.08633,0.08585,0.08621,1246349.8,0.086038,107233.4440924,1246349.8,107233.4440924,
2022-11-11 03:00:00+00:00,0.08524,0.08624,0.08615,0.08544,3488967.8,0.085768,299241.7902704,3488967.8,299241.7902704,
2022-11-11 03:05:00+00:00,0.08412,0.08558,0.08544,0.08479,7407547.8,0.084983,629515.6346874,7407547.8,629515.6346874,
2022-11-11 03:10:00+00:00,0.08459,0.08527,0.08471,0.0848,1206580.5,0.084842,102368.702781,1206580.5,102368.702781,
2022-11-11 03:15:00+00:00,0.08469,0.08529,0.08477,0.08469,3745157.9,0.08486,317814.099394,3745157.9,317814.099394,
2022-11-11 03:20:00+00:00,0.08211,0.08483,0.0847,0.08302,7107314.4,0.083665,594633.459276,7107314.4,594633.459276,
2022-11-11 03:25:00+00:00,0.08295,0.08372,0.083,0.08295,4248321.5,0.083155,353269.1743325,4248321.5,353269.1743325,
2022-11-11 03:30:00+00:00,0.08269,0.08351,0.08298,0.08285,3110283.6,0.083008,258178.4210688,3110283.6,258178.4210688,
2022-11-11 03:35:00+00:00,0.08269,0.08392,0.0828,0.08356,5001646.1,0.083242,416347.0246562,5001646.1,416347.0246562,
2022-11-11 03:40:00+00:00,0.08354,0.0841,0.08356,0.08388,4606022.3,0.08377,385846.488071,4606022.3,385846.488071,
2022-11-11 03:45:00+00:00,0.08369,0.08408,0.0839,0.08389,5984873.6,0.08389,502071.046304,5984873.6,502071.046304,
2022-11-11 03:50:00+00:00,0.08376,0.08439,0.0839,0.08416,2643531.2,0.084052,222194.0844224,2643531.2,222194.0844224,
2022-11-11 03:55:00+00:00,0.08397,0.0843,0.08414,0.08405,1829704.5,0.084115,153905.5940175,1829704.5,153905.5940175,
2022-11-11 04:00:00+00:00,0.08371,0.08428,0.08407,0.08381,1596693.6,0.083968,134071.1682048,1596693.6,134071.1682048,
2022-11-11 04:05:00+00:00,0.08376,0.08443,0.08376,0.08424,1557660.0,0.084048,130918.20768,1557660.0,130918.20768,
2022-11-11 04:10:00+00:00,0.08405,0.08494,0.08422,0.08477,1622718.7,0.084495,137111.6165565,1622718.7,137111.6165565,
2022-11-11 04:15:00+00:00,0.08423,0.08485,0.08481,0.0846,1053439.4,0.084622,89144.1489068,1053439.4,89144.1489068,
2022-11-11 04:20:00+00:00,0.08445,0.08522,0.08464,0.0848,4081677.1,0.084778,346036.4211838,4081677.1,346036.4211838,
2022-11-11 04:25:00+00:00,0.08471,0.08523,0.08484,0.0851,2032266.4,0.08497,172681.676008,2032266.4,172681.676008,
2022-11-11 04:30:00+00:00,0.0845,0.08511,0.08508,0.08472,1617974.3,0.084853,137289.9732779,1617974.3,137289.9732779,
2022-11-11 04:35:00+00:00,0.08472,0.08535,0.08472,0.08495,1804371.0,0.084935,153254.250885,1804371.0,153254.250885,
2022-11-11 04:40:00+00:00,0.08457,0.08503,0.08495,0.08496,584244.0,0.084878,49589.462232,584244.0,49589.462232,
2022-11-11 04:45:00+00:00,0.08408,0.08491,0.0849,0.08442,4441084.1,0.084578,375618.0110098,4441084.1,375618.0110098,
2022-11-11 04:50:00+00:00,0.08412,0.08456,0.08441,0.08433,589540.6,0.084355,49730.697313,589540.6,49730.697313,
2022-11-11 04:55:00+00:00,0.08433,0.08486,0.0844,0.0848,607771.1,0.084598,51416.2195178,607771.1,51416.2195178,
2022-11-11 05:00:00+00:00,0.08458,0.08541,0.0848,0.08532,932450.7,0.085028,79284.4181196,932450.7,79284.4181196,
2022-11-11 05:05:00+00:00,0.08516,0.08584,0.08533,0.08584,2220049.8,0.085542,189907.4999916,2220049.8,189907.4999916,
2022-11-11 05:10:00+00:00,0.08541,0.08581,0.08577,0.08572,1425565.7,0.085678,122139.6180446,1425565.7,122139.6180446,
2022-11-11 05:15:00+00:00,0.08533,0.08595,0.08562,0.08589,1620240.8,0.085698,138851.3960784,1620240.8,138851.3960784,
2022-11-11 05:20:00+00:00,0.08571,0.08604,0.08594,0.08598,1330038.4,0.085918,114274.2392512,1330038.4,114274.2392512,
2022-11-11 05:25:00+00:00,0.08573,0.08606,0.08601,0.08585,1722643.2,0.085912,147995.7225984,1722643.2,147995.7225984,
2022-11-11 05:30:00+00:00,0.08583,0.08648,0.08586,0.08646,4178348.8,0.086158,359998.1759104,4178348.8,359998.1759104,
2022-11-11 05:35:00+00:00,0.08602,0.08647,0.08638,0.0862,2768966.0,0.086268,238873.158888,2768966.0,238873.158888,
2022-11-11 05:40:00+00:00,0.08593,0.08643,0.08622,0.08638,1661602.9,0.08624,143296.634096,1661602.9,143296.634096,
2022-11-11 05:45:00+00:00,0.08641,0.08745,0.08641,0.08717,2514105.5,0.08686,218375.20373,2514105.5,218375.20373,
2022-11-11 05:50:00+00:00,0.08707,0.08769,0.08717,0.08738,1154155.9,0.087328,100790.1264352,1154155.9,100790.1264352,
2022-11-11 05:55:00+00:00,0.087,0.08743,0.08739,0.08716,1125668.0,0.087245,98208.90466,1125668.0,98208.90466,
2022-11-11 06:00:00+00:00,0.08694,0.08777,0.0872,0.0874,884548.0,0.087328,77245.807744,884548.0,77245.807744,
2022-11-11 06:05:00+00:00,0.08689,0.0875,0.08742,0.08697,1498991.1,0.087195,130704.5289645,1498991.1,130704.5289645,
2022-11-11 06:10:00+00:00,0.08679,0.08716,0.087,0.08691,974917.7,0.086965,84783.7177805,974917.7,84783.7177805,
2022-11-11 06:15:00+00:00,0.08618,0.08694,0.08693,0.08655,2030782.9,0.08665,175967.338285,2030782.9,175967.338285,
2022-11-11 06:20:00+00:00,0.08617,0.08653,0.08653,0.08636,3549269.3,0.086397,306646.2197121,3549269.3,306646.2197121,
2022-11-11 06:25:00+00:00,0.08627,0.08645,0.08638,0.08645,1439168.1,0.086388,124326.8538228,1439168.1,124326.8538228,
2022-11-11 06:30:00+00:00,0.08617,0.08666,0.08645,0.08666,4054455.6,0.086485,350649.592566,4054455.6,350649.592566,
2022-11-11 06:35:00+00:00,0.08643,0.08696,0.08665,0.08693,2832458.7,0.086742,245693.1325554,2832458.7,245693.1325554,
2022-11-11 06:40:00+00:00,0.0867,0.08712,0.0869,0.08687,1894052.2,0.086898,164589.3480756,1894052.2,164589.3480756,
2022-11-11 06:45:00+00:00,0.08683,0.08717,0.08687,0.08683,849041.6,0.086925,73802.94108,849041.6,73802.94108,
2022-11-11 06:50:00+00:00,0.08669,0.08703,0.0868,0.08679,469260.7,0.086828,40744.9680596,469260.7,40744.9680596,
2022-11-11 06:55:00+00:00,0.08662,0.08692,0.08673,0.08662,455819.6,0.086723,39530.0431708,455819.6,39530.0431708,
2022-11-11 07:00:00+00:00,0.08584,0.08668,0.08653,0.08666,2980421.4,0.086428,257591.8607592,2980421.4,257591.8607592,
2022-11-11 07:05:00+00:00,0.08657,0.08697,0.08668,0.08661,841460.9,0.086708,72961.3917172,841460.9,72961.3917172,
2022-11-11 07:10:00+00:00,0.08646,0.08734,0.08659,0.08727,1750670.0,0.086915,152159.48305,1750670.0,152159.48305,
2022-11-11 07:15:00+00:00,0.08713,0.08829,0.08716,0.08754,2587361.4,0.08753,226471.743342,2587361.4,226471.743342,
2022-11-11 07:20:00+00:00,0.08736,0.08783,0.08758,0.08745,1300007.6,0.087555,113822.165418,1300007.6,113822.165418,
2022-11-11 07:25:00+00:00,0.08738,0.08776,0.08743,0.08743,479958.4,0.0875,41996.36,479958.4,41996.36,
2022-11-11 07:30:00+00:00,0.0872,0.08773,0.08741,0.08737,400220.6,0.087428,34990.4866168,400220.6,34990.4866168,
2022-11-11 07:35:00+00:00,0.08707,0.08766,0.08737,0.08749,778848.4,0.087398,68069.7924632,778848.4,68069.7924632,
2022-11-11 07:40:00+00:00,0.08735,0.08778,0.08751,0.08753,1101293.7,0.087542,96409.4530854,1101293.7,96409.4530854,
2022-11-11 07:45:00+00:00,0.08729,0.08777,0.08745,0.08767,802640.7,0.087545,70267.1800815,802640.7,70267.1800815,
2022-11-11 07:50:00+00:00,0.08763,0.08832,0.08768,0.08769,1620082.8,0.08783,142291.872324,1620082.8,142291.872324,
2022-11-11 07:55:00+00:00,0.08753,0.08788,0.08767,0.08772,1301066.4,0.0877,114103.52328,1301066.4,114103.52328,
2022-11-11 08:00:00+00:00,0.0873,0.08798,0.08769,0.08794,723691.6,0.087728,63488.0166848,723691.6,63488.0166848,
2022-11-11 08:05:00+00:00,0.08712,0.08793,0.08793,0.08728,3063764.7,0.087565,268278.5559555,3063764.7,268278.5559555,
2022-11-11 08:10:00+00:00,0.087,0.08746,0.08729,0.08725,492688.7,0.08725,42987.089075,492688.7,42987.089075,
2022-11-11 08:15:00+00:00,0.08707,0.08756,0.08727,0.08748,425419.6,0.087345,37158.274962,425419.6,37158.274962,
2022-11-11 08:20:00+00:00,0.08728,0.08781,0.08751,0.0877,2784979.2,0.087575,243894.55344,2784979.2,243894.55344,
2022-11-11 08:25:00+00:00,0.08756,0.089,0.0878,0.08844,2065726.0,0.0882,182197.0332,2065726.0,182197.0332,
2022-11-11 08:30:00+00:00,0.08796,0.08854,0.08848,0.08822,1148684.9,0.0883,101428.87667,1148684.9,101428.87667,
2022-11-11 08:35:00+00:00,0.08794,0.08889,0.0882,0.08873,1437672.9,0.08844,127147.791276,1437672.9,127147.791276,
2022-11-11 08:40:00+00:00,0.08824,0.08905,0.08862,0.08881,1091399.7,0.08868,96785.325396,1091399.7,96785.325396,
2022-11-11 08:45:00+00:00,0.08844,0.08896,0.08884,0.0886,623602.8,0.08871,55319.804388,623602.8,55319.804388,
2022-11-11 08:50:00+00:00,0.08833,0.08882,0.08861,0.08848,669719.1,0.08856,59310.323496,669719.1,59310.323496,
2022-11-11 08:55:00+00:00,0.08828,0.08904,0.08855,0.08828,1860515.2,0.088537,164724.4342624,1860515.2,164724.4342624,
2022-11-11 09:00:00+00:00,0.08749,0.08833,0.0883,0.08788,1495762.2,0.088,131627.0736,1495762.2,131627.0736,
2022-11-11 09:05:00+00:00,0.08742,0.08792,0.08786,0.08767,797033.0,0.087718,69914.140694,797033.0,69914.140694,
2022-11-11 09:10:00+00:00,0.08711,0.0877,0.08765,0.08715,708399.2,0.087403,61916.2152776,708399.2,61916.2152776,
2022-11-11 09:15:00+00:00,0.08653,0.08755,0.08715,0.0868,2207018.4,0.087008,192028.2569472,2207018.4,192028.2569472,
2022-11-11 09:20:00+00:00,0.08667,0.08729,0.08686,0.08728,1607543.1,0.087025,139896.4382775,1607543.1,139896.4382775,
2022-11-11 09:25:00+00:00,0.08727,0.08751,0.08731,0.08747,830506.2,0.08739,72577.936818,830506.2,72577.936818,
2022-11-11 09:30:00+00:00,0.08696,0.08779,0.08748,0.08773,1056131.1,0.08749,92400.909939,1056131.1,92400.909939,
2022-11-11 09:35:00+00:00,0.0873,0.08796,0.08774,0.08761,483384.4,0.087652,42369.6094288,483384.4,42369.6094288,
2022-11-11 09:40:00+00:00,0.08701,0.08765,0.08765,0.08727,632545.6,0.087395,55281.322712,632545.6,55281.322712,
2022-11-11 09:45:00+00:00,0.08695,0.08749,0.0872,0.08743,802713.1,0.087268,70051.1668108,802713.1,70051.1668108,
2022-11-11 09:50:00+00:00,0.08701,0.08741,0.08738,0.08701,448338.1,0.087203,39096.4273343,448338.1,39096.4273343,
2022-11-11 09:55:00+00:00,0.08695,0.0876,0.08695,0.08734,886278.1,0.08721,77292.313101,886278.1,77292.313101,
2022-11-11 10:00:00+00:00,0.08722,0.08786,0.08733,0.08757,831416.2,0.087495,72744.760419,831416.2,72744.760419,
2022-11-11 10:05:00+00:00,0.08664,0.0876,0.08758,0.08695,960468.0,0.087192,83745.125856,960468.0,83745.125856,
2022-11-11 10:10:00+00:00,0.08673,0.08731,0.08693,0.08699,814787.6,0.08699,70878.373324,814787.6,70878.373324,
2022-11-11 10:15:00+00:00,0.08609,0.087,0.08699,0.08648,1997914.8,0.08664,173099.338272,1997914.8,173099.338272,
2022-11-11 10:20:00+00:00,0.08621,0.08664,0.08657,0.08629,853154.7,0.086427,73735.6012569,853154.7,73735.6012569,
2022-11-11 10:25:00+00:00,0.08626,0.08666,0.08626,0.08662,710350.3,0.08645,61409.783435,710350.3,61409.783435,
2022-11-11 10:30:00+00:00,0.0866,0.0871,0.08662,0.08686,926644.2,0.086795,80428.083339,926644.2,80428.083339,
2022-11-11 10:35:00+00:00,0.08663,0.08701,0.08686,0.08686,918008.3,0.08684,79719.840772,918008.3,79719.840772,
2022-11-11 10:40:00+00:00,0.08676,0.08758,0.08681,0.08756,1131776.7,0.087177,98664.8973759,1131776.7,98664.8973759,
2022-11-11 10:45:00+00:00,0.0875,0.0881,0.08759,0.08751,919007.8,0.087675,80574.008865,919007.8,80574.008865,
2022-11-11 10:50:00+00:00,0.08737,0.0879,0.08754,0.08783,838196.7,0.08766,73476.322722,838196.7,73476.322722,
2022-11-11 10:55:00+00:00,0.08767,0.08805,0.08784,0.08776,654925.3,0.08783,57522.089099,654925.3,57522.089099,
2022-11-11 11:00:00+00:00,0.08739,0.08782,0.08774,0.08747,699590.6,0.087605,61287.634513,699590.6,61287.634513,
2022-11-11 11:05:00+00:00,0.08747,0.08842,0.08755,0.08842,799655.7,0.087965,70341.7136505,799655.7,70341.7136505,
2022-11-11 11:10:00+00:00,0.08824,0.08878,0.08838,0.08848,950155.4,0.08847,84060.248238,950155.4,84060.248238,
2022-11-11 11:15:00+00:00,0.08798,0.08871,0.08857,0.08822,892336.1,0.08837,78855.741157,892336.1,78855.741157,
2022-11-11 11:20:00+00:00,0.08784,0.08824,0.08818,0.08814,1108828.5,0.0881,97687.79085,1108828.5,97687.79085,
2022-11-11 11:25:00+00:00,0.08772,0.08816,0.08807,0.08784,2134866.3,0.087948,187757.2213524,2134866.3,187757.2213524,
2022-11-11 11:30:00+00:00,0.08757,0.08809,0.08783,0.08805,928196.8,0.087885,81574.575768,928196.8,81574.575768,
2022-11-11 11:35:00+00:00,0.08728,0.08846,0.08803,0.08732,1642324.6,0.087772,144150.1147912,1642324.6,144150.1147912,
2022-11-11 11:40:00+00:00,0.08695,0.08752,0.08728,0.08734,2275146.0,0.087272,198556.541712,2275146.0,198556.541712,
2022-11-11 11:45:00+00:00,0.08678,0.08752,0.08735,0.0869,1850829.9,0.087138,161277.6158262,1850829.9,161277.6158262,
2022-11-11 11:50:00+00:00,0.08687,0.0875,0.08693,0.08735,1054632.9,0.087162,91923.9128298,1054632.9,91923.9128298,
2022-11-11 11:55:00+00:00,0.08726,0.08776,0.08736,0.08769,2439636.6,0.087518,213512.1159588,2439636.6,213512.1159588,
2022-11-11 12:00:00+00:00,0.08743,0.08829,0.08771,0.08818,2454670.3,0.087902,215770.4287106,2454670.3,215770.4287106,
2022-11-11 12:05:00+00:00,0.08771,0.08824,0.08816,0.08786,2003284.7,0.087992,176273.0273224,2003284.7,176273.0273224,
2022-11-11 12:10:00+00:00,0.0874,0.08804,0.08786,0.08748,991374.3,0.087695,86938.5692385,991374.3,86938.5692385,
2022-11-11 12:15:00+00:00,0.08699,0.08774,0.08748,0.08732,969001.1,0.087382,84673.2541202,969001.1,84673.2541202,
2022-11-11 12:20:00+00:00,0.08688,0.08737,0.08735,0.08722,964721.5,0.087205,84128.5384075,964721.5,84128.5384075,
2022-11-11 12:25:00+00:00,0.08682,0.08724,0.08719,0.08694,4995254.3,0.087048,434826.8963064,4995254.3,434826.8963064,
2022-11-11 12:30:00+00:00,0.08679,0.08741,0.08695,0.08734,1446357.6,0.087122,126009.5668272,1446357.6,126009.5668272,
2022-11-11 12:35:00+00:00,0.08729,0.08768,0.0873,0.08733,1231452.8,0.0874,107628.97472,1231452.8,107628.97472,
2022-11-11 12:40:00+00:00,0.08728,0.08797,0.08734,0.08749,1967951.2,0.08752,172235.089024,1967951.2,172235.089024,
2022-11-11 12:45:00+00:00,0.0875,0.08793,0.08756,0.08775,1134731.3,0.087685,99498.9140405,1134731.3,99498.9140405,
2022-11-11 12:50:00+00:00,0.08758,0.08849,0.08776,0.0883,1502622.4,0.088032,132278.8551168,1502622.4,132278.8551168,
2022-11-11 12:55:00+00:00,0.0881,0.0885,0.08832,0.08837,672163.1,0.088322,59366.7893182,672163.1,59366.7893182,
2022-11-11 13:00:00+00:00,0.08816,0.08903,0.08836,0.08882,4896930.3,0.088592,433828.8491376,4896930.3,433828.8491376,
2022-11-11 13:05:00+00:00,0.08793,0.08893,0.08877,0.08813,1871635.4,0.08844,165527.434776,1871635.4,165527.434776,
2022-11-11 13:10:00+00:00,0.08805,0.08882,0.08813,0.08827,2025431.8,0.088318,178882.0857124,2025431.8,178882.0857124,
2022-11-11 13:15:00+00:00,0.08819,0.0889,0.08827,0.08871,1752992.1,0.088518,155171.3547078,1752992.1,155171.3547078,
2022-11-11 13:20:00+00:00,0.08857,0.08942,0.08874,0.08914,3037775.8,0.088967,270261.7995986,3037775.8,270261.7995986,
2022-11-11 13:25:00+00:00,0.08893,0.08958,0.08915,0.08903,2197712.6,0.089172,195974.4279672,2197712.6,195974.4279672,
2022-11-11 13:30:00+00:00,0.08813,0.08906,0.08904,0.08815,2889455.5,0.088595,255991.3100225,2889455.5,255991.3100225,
2022-11-11 13:35:00+00:00,0.088,0.08859,0.08812,0.08805,1237033.3,0.08819,109093.966727,1237033.3,109093.966727,
2022-11-11 13:40:00+00:00,0.08765,0.0882,0.08802,0.08786,1619172.2,0.087932,142377.0498904,1619172.2,142377.0498904,
2022-11-11 13:45:00+00:00,0.08741,0.08804,0.08785,0.08742,1954066.3,0.08768,171332.533184,1954066.3,171332.533184,
2022-11-11 13:50:00+00:00,0.08734,0.08776,0.08748,0.08736,2271521.0,0.087485,198724.014685,2271521.0,198724.014685,
2022-11-11 13:55:00+00:00,0.08668,0.08744,0.08744,0.08679,1631277.8,0.087088,142064.7210464,1631277.8,142064.7210464,
2022-11-11 14:00:00+00:00,0.08416,0.08684,0.08681,0.08532,6645432.1,0.085782,570058.4564022,6645432.1,570058.4564022,
2022-11-11 14:05:00+00:00,0.0849,0.08581,0.08533,0.08539,4796606.8,0.085358,409428.7632344,4796606.8,409428.7632344,
2022-11-11 14:10:00+00:00,0.08413,0.08541,0.08531,0.08427,4582436.5,0.08478,388498.96647,4582436.5,388498.96647,
2022-11-11 14:15:00+00:00,0.08194,0.08482,0.08428,0.08218,10967404.8,0.083305,913639.656864,10967404.8,913639.656864,
2022-11-11 14:20:00+00:00,0.07998,0.08312,0.0822,0.08118,16900964.3,0.08162,1379456.706166,16900964.3,1379456.706166,
2022-11-11 14:25:00+00:00,0.0801,0.08188,0.08128,0.08052,8996143.1,0.080945,728192.8032295,8996143.1,728192.8032295,
2022-11-11 14:30:00+00:00,0.07981,0.0814,0.08053,0.0814,10815088.4,0.080785,873696.916394,10815088.4,873696.916394,
2022-11-11 14:35:00+00:00,0.0804,0.08156,0.08139,0.0805,9368800.8,0.080962,758516.8503696,9368800.8,758516.8503696,
2022-11-11 14:40:00+00:00,0.08035,0.0812,0.08043,0.08111,3458705.2,0.080772,279366.5364144,3458705.2,279366.5364144,
2022-11-11 14:45:00+00:00,0.08112,0.08612,0.08113,0.08355,14781255.9,0.08298,1226548.614582,14781255.9,1226548.614582,
2022-11-11 14:50:00+00:00,0.0821,0.08408,0.08361,0.08272,6314817.3,0.083128,524938.1325144,6314817.3,524938.1325144,
2022-11-11 14:55:00+00:00,0.08196,0.08346,0.08272,0.08288,4960365.1,0.082755,410495.0138505,4960365.1,410495.0138505,
2022-11-11 15:00:00+00:00,0.08233,0.08378,0.08279,0.08238,4060124.1,0.08282,336259.477962,4060124.1,336259.477962,
2022-11-11 15:05:00+00:00,0.08141,0.08322,0.08231,0.08158,3955318.3,0.08213,324850.291979,3955318.3,324850.291979,
2022-11-11 15:10:00+00:00,0.08157,0.08327,0.08159,0.083,3716488.4,0.082358,306082.5516472,3716488.4,306082.5516472,
2022-11-11 15:15:00+00:00,0.08237,0.08304,0.08291,0.0828,1356232.2,0.08278,112268.901516,1356232.2,112268.901516,
2022-11-11 15:20:00+00:00,0.0829,0.0837,0.0829,0.08325,4220419.0,0.083188,351088.215772,4220419.0,351088.215772,
2022-11-11 15:25:00+00:00,0.08314,0.08379,0.08323,0.0835,3085467.9,0.083415,257374.3048785,3085467.9,257374.3048785,
2022-11-11 15:30:00+00:00,0.08247,0.08357,0.08357,0.08279,3840075.4,0.0831,319110.26574,3840075.4,319110.26574,
2022-11-11 15:35:00+00:00,0.082,0.08282,0.08279,0.08254,4221157.5,0.082538,348405.897735,4221157.5,348405.897735,
2022-11-11 15:40:00+00:00,0.0822,0.08282,0.08253,0.08254,2976652.0,0.082522,245639.276344,2976652.0,245639.276344,
2022-11-11 15:45:00+00:00,0.08227,0.08336,0.08252,0.08307,3139590.3,0.082805,259973.7747915,3139590.3,259973.7747915,
2022-11-11 15:50:00+00:00,0.08265,0.0835,0.08306,0.08277,1933238.2,0.082995,160449.104409,1933238.2,160449.104409,
2022-11-11 15:55:00+00:00,0.08268,0.0832,0.08278,0.08276,2317961.1,0.082855,192054.6669405,2317961.1,192054.6669405,
2022-11-11 16:00:00+00:00,0.08201,0.08318,0.08276,0.08262,1908370.3,0.082643,157713.4467029,1908370.3,157713.4467029,
2022-11-11 16:05:00+00:00,0.0816,0.08288,0.08273,0.08161,3271244.9,0.082205,268912.6870045,3271244.9,268912.6870045,
2022-11-11 16:10:00+00:00,0.08102,0.08196,0.08165,0.08114,5748456.0,0.081442,468165.753552,5748456.0,468165.753552,
2022-11-11 16:15:00+00:00,0.0809,0.08194,0.08121,0.08177,3219401.5,0.081455,262236.3491825,3219401.5,262236.3491825,
2022-11-11 16:20:00+00:00,0.08138,0.08211,0.08177,0.08152,2717017.0,0.081695,221966.703815,2717017.0,221966.703815,
2022-11-11 16:25:00+00:00,0.08051,0.08177,0.08147,0.08051,4630433.6,0.081065,375366.099784,4630433.6,375366.099784,
2022-11-11 16:30:00+00:00,0.08046,0.08173,0.0805,0.0814,8106922.0,0.081022,656839.034284,8106922.0,656839.034284,
2022-11-11 16:35:00+00:00,0.08122,0.08175,0.08142,0.0815,3462048.2,0.081472,282059.9909504,3462048.2,282059.9909504,
2022-11-11 16:40:00+00:00,0.08137,0.08174,0.08152,0.08138,2338462.7,0.081502,190589.3869754,2338462.7,190589.3869754,
2022-11-11 16:45:00+00:00,0.08136,0.08231,0.08139,0.0823,1388870.3,0.08184,113665.145352,1388870.3,113665.145352,
2022-11-11 16:50:00+00:00,0.08217,0.08275,0.08225,0.08224,1691752.3,0.082352,139319.1854096,1691752.3,139319.1854096,
2022-11-11 16:55:00+00:00,0.08222,0.08279,0.08222,0.08253,1444122.3,0.08244,119053.442412,1444122.3,119053.442412,
2022-11-11 17:00:00+00:00,0.08222,0.0829,0.08255,0.08287,2417558.4,0.082635,199774.938384,2417558.4,199774.938384,
2022-11-11 17:05:00+00:00,0.08235,0.08292,0.0829,0.08262,2001740.9,0.082698,165539.9689482,2001740.9,165539.9689482,
2022-11-11 17:10:00+00:00,0.08266,0.08335,0.08266,0.08299,4739425.2,0.082915,392969.440458,4739425.2,392969.440458,
2022-11-11 17:15:00+00:00,0.08279,0.08328,0.08294,0.08284,1239441.4,0.082962,102826.5374268,1239441.4,102826.5374268,
2022-11-11 17:20:00+00:00,0.08259,0.08298,0.08284,0.08267,1782783.3,0.08277,147560.973741,1782783.3,147560.973741,
2022-11-11 17:25:00+00:00,0.08247,0.08284,0.08267,0.08275,1874704.0,0.082682,155004.276128,1874704.0,155004.276128,
2022-11-11 17:30:00+00:00,0.08255,0.08309,0.08282,0.08272,2159966.1,0.082795,178834.3932495,2159966.1,178834.3932495,
2022-11-11 17:35:00+00:00,0.08215,0.08281,0.08271,0.08224,1925944.0,0.082478,158848.009232,1925944.0,158848.009232,
2022-11-11 17:40:00+00:00,0.08205,0.08252,0.0822,0.08251,2874160.3,0.08232,236600.875896,2874160.3,236600.875896,
2022-11-11 17:45:00+00:00,0.08215,0.08279,0.08251,0.08279,2259210.8,0.08256,186520.443648,2259210.8,186520.443648,
2022-11-11 17:50:00+00:00,0.08267,0.08323,0.08279,0.08318,2025353.1,0.082968,168039.4960008,2025353.1,168039.4960008,
2022-11-11 17:55:00+00:00,0.08307,0.08353,0.0832,0.08315,2480004.7,0.083237,206428.1512139,2480004.7,206428.1512139,
2022-11-11 18:00:00+00:00,0.08299,0.08399,0.08311,0.08382,3194697.7,0.083478,266686.9746006,3194697.7,266686.9746006,
2022-11-11 18:05:00+00:00,0.08369,0.08402,0.08388,0.08382,2226273.5,0.083852,186677.485522,2226273.5,186677.485522,
2022-11-11 18:10:00+00:00,0.08347,0.08384,0.0838,0.08359,1952634.1,0.083675,163386.6583175,1952634.1,163386.6583175,
2022-11-11 18:15:00+00:00,0.08336,0.08393,0.08348,0.08346,2279824.8,0.083558,190497.6006384,2279824.8,190497.6006384,
2022-11-11 18:20:00+00:00,0.08314,0.08358,0.08346,0.08349,1819894.7,0.083418,151811.9760846,1819894.7,151811.9760846,
2022-11-11 18:25:00+00:00,0.08326,0.08357,0.08344,0.0835,1545396.8,0.083442,128950.9997856,1545396.8,128950.9997856,
2022-11-11 18:30:00+00:00,0.08311,0.0835,0.08345,0.08327,1320841.8,0.083332,110068.3888776,1320841.8,110068.3888776,
2022-11-11 18:35:00+00:00,0.08288,0.08334,0.08323,0.08316,2235098.4,0.083152,185852.9021568,2235098.4,185852.9021568,
2022-11-11 18:40:00+00:00,0.08253,0.08334,0.08313,0.08285,2117857.1,0.082962,175701.6607302,2117857.1,175701.6607302,
2022-11-11 18:45:00+00:00,0.08235,0.08293,0.08278,0.08275,1711878.3,0.082703,141577.4710449,1711878.3,141577.4710449,
2022-11-11 18:50:00+00:00,0.08248,0.08295,0.08275,0.08259,2164179.3,0.082692,178960.3146756,2164179.3,178960.3146756,
2022-11-11 18:55:00+00:00,0.08252,0.08287,0.08257,0.08269,1364763.8,0.082662,112814.1052356,1364763.8,112814.1052356,
2022-11-11 19:00:00+00:00,0.08201,0.08276,0.08266,0.08238,2596789.9,0.082452,214110.5208348,2596789.9,214110.5208348,
2022-11-11 19:05:00+00:00,0.0821,0.08265,0.08235,0.08242,1287415.4,0.08238,106057.280652,1287415.4,106057.280652,
2022-11-11 19:10:00+00:00,0.08225,0.08287,0.08251,0.08253,1704452.7,0.08254,140685.525858,1704452.7,140685.525858,
2022-11-11 19:15:00+00:00,0.08237,0.08292,0.0825,0.08283,3745492.7,0.082655,309583.6991185,3745492.7,309583.6991185,
2022-11-11 19:20:00+00:00,0.08251,0.08292,0.08283,0.08255,1402942.6,0.082702,116026.1589052,1402942.6,116026.1589052,
2022-11-11 19:25:00+00:00,0.08244,0.0828,0.08257,0.0826,1374711.5,0.082603,113555.2940345,1374711.5,113555.2940345,
2022-11-11 19:30:00+00:00,0.08248,0.08286,0.08255,0.0826,1640443.9,0.082622,135536.7559058,1640443.9,135536.7559058,
2022-11-11 19:35:00+00:00,0.08201,0.08262,0.0826,0.08254,5091119.6,0.082442,419722.0820632,5091119.6,419722.0820632,
2022-11-11 19:40:00+00:00,0.08243,0.08292,0.08255,0.08278,5526811.7,0.08267,456901.523239,5526811.7,456901.523239,
2022-11-11 19:45:00+00:00,0.08237,0.08281,0.08279,0.0825,2241324.5,0.082618,185173.747541,2241324.5,185173.747541,
2022-11-11 19:50:00+00:00,0.08224,0.08275,0.0825,0.08267,2151623.3,0.08254,177594.987182,2151623.3,177594.987182,
2022-11-11 19:55:00+00:00,0.08262,0.08341,0.08271,0.08306,2486754.8,0.08295,206276.31066,2486754.8,206276.31066,
2022-11-11 20:00:00+00:00,0.08262,0.08314,0.08306,0.08271,1247093.5,0.082882,103361.603467,1247093.5,103361.603467,
2022-11-11 20:05:00+00:00,0.08241,0.08298,0.08271,0.08243,1368246.3,0.082632,113060.9282616,1368246.3,113060.9282616,
2022-11-11 20:10:00+00:00,0.08206,0.0825,0.08239,0.08212,1266194.4,0.082268,104167.2808992,1266194.4,104167.2808992,
2022-11-11 20:15:00+00:00,0.0816,0.08224,0.08208,0.08177,2404582.2,0.081922,196988.1829884,2404582.2,196988.1829884,
2022-11-11 20:20:00+00:00,0.08179,0.08206,0.08179,0.08199,1591329.4,0.081908,130342.6084952,1591329.4,130342.6084952,
2022-11-11 20:25:00+00:00,0.08167,0.08216,0.08202,0.08183,1920296.6,0.08192,157310.697472,1920296.6,157310.697472,
2022-11-11 20:30:00+00:00,0.08136,0.08216,0.0818,0.08202,1779681.4,0.081835,145640.227369,1779681.4,145640.227369,
2022-11-11 20:35:00+00:00,0.0811,0.08207,0.08202,0.08129,2973523.5,0.08162,242698.98807,2973523.5,242698.98807,
2022-11-11 20:40:00+00:00,0.08123,0.08184,0.08127,0.08158,3089730.8,0.08148,251751.265584,3089730.8,251751.265584,
2022-11-11 20:45:00+00:00,0.0814,0.08196,0.08154,0.08196,1767942.6,0.081715,144467.429559,1767942.6,144467.429559,
2022-11-11 20:50:00+00:00,0.08148,0.08201,0.08199,0.08163,2281850.2,0.081777,186602.8638054,2281850.2,186602.8638054,
2022-11-11 20:55:00+00:00,0.08149,0.0821,0.08163,0.08168,2178142.7,0.081725,178008.7121575,2178142.7,178008.7121575,
2022-11-11 21:00:00+00:00,0.08166,0.08225,0.08166,0.0819,1603438.1,0.081868,131270.2703708,1603438.1,131270.2703708,
2022-11-11 21:05:00+00:00,0.08175,0.08231,0.08191,0.08223,1531016.3,0.08205,125619.887415,1531016.3,125619.887415,
2022-11-11 21:10:00+00:00,0.08209,0.08272,0.08217,0.08251,4445701.1,0.082372,366201.2910092,4445701.1,366201.2910092,
2022-11-11 21:15:00+00:00,0.08221,0.0828,0.08245,0.08254,4109173.1,0.0825,339006.78075,4109173.1,339006.78075,
2022-11-11 21:20:00+00:00,0.08255,0.08322,0.08258,0.08295,2925952.7,0.082825,242342.0323775,2925952.7,242342.0323775,
2022-11-11 21:25:00+00:00,0.0827,0.08314,0.08295,0.08309,1908791.9,0.08297,158372.463943,1908791.9,158372.463943,
2022-11-11 21:30:00+00:00,0.0829,0.08313,0.08312,0.083,1021766.1,0.083038,84845.4134118,1021766.1,84845.4134118,
2022-11-11 21:35:00+00:00,0.08293,0.08315,0.083,0.08302,1405895.4,0.083025,116724.465585,1405895.4,116724.465585,
2022-11-11 21:40:00+00:00,0.08298,0.08321,0.08299,0.08311,703441.0,0.083073,58436.954193,703441.0,58436.954193,
2022-11-11 21:45:00+00:00,0.08284,0.08316,0.08307,0.08302,1855934.8,0.083022,154083.4189656,1855934.8,154083.4189656,
2022-11-11 21:50:00+00:00,0.08287,0.08312,0.08308,0.08303,530692.7,0.083025,44060.7614175,530692.7,44060.7614175,
2022-11-11 21:55:00+00:00,0.0828,0.08307,0.08305,0.08287,1844005.6,0.082948,152956.5765088,1844005.6,152956.5765088,
2022-11-11 22:00:00+00:00,0.08286,0.08304,0.08296,0.0829,884242.1,0.08294,73339.039774,884242.1,73339.039774,
2022-11-11 22:05:00+00:00,0.08275,0.08325,0.08288,0.0831,1314824.2,0.082995,109123.834479,1314824.2,109123.834479,
2022-11-11 22:10:00+00:00,0.08308,0.08328,0.08308,0.08323,968964.1,0.083168,80586.8062688,968964.1,80586.8062688,
2022-11-11 22:15:00+00:00,0.0832,0.08339,0.08323,0.08334,1298910.3,0.08329,108186.238887,1298910.3,108186.238887,
2022-11-11 22:20:00+00:00,0.08327,0.08347,0.08331,0.08343,1043143.0,0.08337,86966.83191,1043143.0,86966.83191,
2022-11-11 22:25:00+00:00,0.08342,0.08394,0.08342,0.08391,1126374.7,0.083672,94246.0238984,1126374.7,94246.0238984,
2022-11-11 22:30:00+00:00,0.08369,0.08397,0.08392,0.08369,1493207.4,0.083817,125156.1646458,1493207.4,125156.1646458,
2022-11-11 22:35:00+00:00,0.08343,0.08377,0.08369,0.08344,1396020.7,0.083582,116682.2021474,1396020.7,116682.2021474,
2022-11-11 22:40:00+00:00,0.08344,0.08393,0.08344,0.0837,1361140.5,0.083628,113829.457734,1361140.5,113829.457734,
2022-11-11 22:45:00+00:00,0.08339,0.08392,0.08371,0.08375,857311.9,0.083692,71750.1475348,857311.9,71750.1475348,
2022-11-11 22:50:00+00:00,0.08355,0.08382,0.08378,0.08372,953708.2,0.083718,79842.5430876,953708.2,79842.5430876,
2022-11-11 22:55:00+00:00,0.08363,0.08393,0.08372,0.08371,1484861.7,0.083748,124354.1976516,1484861.7,124354.1976516,
2022-11-11 23:00:00+00:00,0.08361,0.08398,0.08371,0.08389,2313340.7,0.083798,193853.3239786,2313340.7,193853.3239786,
2022-11-11 23:05:00+00:00,0.08366,0.08392,0.08385,0.08367,1353067.6,0.083775,113353.23819,1353067.6,113353.23819,
2022-11-11 23:10:00+00:00,0.08337,0.08374,0.08368,0.08363,1097788.6,0.083605,91780.615903,1097788.6,91780.615903,
2022-11-11 23:15:00+00:00,0.08316,0.08365,0.08362,0.08334,2491708.8,0.083442,207913.1656896,2491708.8,207913.1656896,
2022-11-11 23:20:00+00:00,0.08336,0.08359,0.08336,0.08356,1105836.0,0.083468,92301.919248,1105836.0,92301.919248,
2022-11-11 23:25:00+00:00,0.08327,0.08363,0.08353,0.08331,791066.6,0.083435,66002.641771,791066.6,66002.641771,
2022-11-11 23:30:00+00:00,0.08335,0.0836,0.08335,0.08337,1008753.5,0.083417,84147.1907095,1008753.5,84147.1907095,
2022-11-11 23:35:00+00:00,0.08334,0.08396,0.08341,0.08393,2880882.8,0.08366,241014.655048,2880882.8,241014.655048,
2022-11-11 23:40:00+00:00,0.08383,0.08424,0.08393,0.08399,3299140.3,0.083998,277121.1869194,3299140.3,277121.1869194,
2022-11-11 23:45:00+00:00,0.08391,0.08462,0.084,0.0845,3319045.1,0.084258,279656.1020358,3319045.1,279656.1020358,
2022-11-11 23:50:00+00:00,0.08446,0.08558,0.08454,0.08502,8103687.1,0.0849,688003.03479,8103687.1,688003.03479,
2022-11-11 23:55:00+00:00,0.08451,0.08503,0.08499,0.08488,1723145.1,0.084853,146214.0311703,1723145.1,146214.0311703,
2022-11-12 00:00:00+00:00,0.0848,0.08516,0.08491,0.08487,1068184.0,0.084935,90726.20804,1068184.0,90726.20804,
2022-11-12 00:05:00+00:00,0.08446,0.08486,0.08486,0.08459,3555588.1,0.084692,301129.8673652,3555588.1,301129.8673652,
2022-11-12 00:10:00+00:00,0.0842,0.08461,0.08461,0.0842,1819545.2,0.084405,153578.712606,1819545.2,153578.712606,
2022-11-12 00:15:00+00:00,0.08357,0.08419,0.08419,0.08402,4808704.5,0.083992,403892.708364,4808704.5,403892.708364,
2022-11-12 00:20:00+00:00,0.08353,0.0841,0.08398,0.08359,1374286.1,0.0838,115165.17518,1374286.1,115165.17518,
2022-11-12 00:25:00+00:00,0.08345,0.08386,0.08358,0.08362,1436514.9,0.083628,120132.8680572,1436514.9,120132.8680572,
2022-11-12 00:30:00+00:00,0.08354,0.08389,0.08365,0.08365,790327.3,0.083682,66136.1691186,790327.3,66136.1691186,
2022-11-12 00:35:00+00:00,0.08356,0.08386,0.08366,0.08356,631677.9,0.08366,52846.173114,631677.9,52846.173114,
2022-11-12 00:40:00+00:00,0.08318,0.08366,0.08355,0.08322,1298928.7,0.083402,108333.2514374,1298928.7,108333.2514374,
2022-11-12 00:45:00+00:00,0.08297,0.08348,0.08321,0.08346,1008984.2,0.08328,84028.204176,1008984.2,84028.204176,
2022-11-12 00:50:00+00:00,0.08308,0.08347,0.08345,0.08319,1604277.1,0.083298,133633.0738758,1604277.1,133633.0738758,
2022-11-12 00:55:00+00:00,0.0831,0.0833,0.08323,0.08326,863876.4,0.083222,71893.5217608,863876.4,71893.5217608,
2022-11-12 01:00:00+00:00,0.08286,0.08329,0.08324,0.08291,825449.0,0.083075,68574.175675,825449.0,68574.175675,
2022-11-12 01:05:00+00:00,0.08244,0.0829,0.08289,0.08257,1004644.2,0.0827,83084.07534,1004644.2,83084.07534,
2022-11-12 01:10:00+00:00,0.08244,0.08271,0.08257,0.08248,1201715.5,0.08255,99201.614525,1201715.5,99201.614525,
2022-11-12 01:15:00+00:00,0.08248,0.08324,0.08249,0.08319,1566597.7,0.08285,129792.619445,1566597.7,129792.619445,
2022-11-12 01:20:00+00:00,0.08291,0.08325,0.08318,0.0831,1447145.0,0.08311,120272.22095,1447145.0,120272.22095,
2022-11-12 01:25:00+00:00,0.08298,0.08319,0.08307,0.08303,2681365.7,0.083068,222735.6859676,2681365.7,222735.6859676,
2022-11-12 01:30:00+00:00,0.08261,0.08315,0.08303,0.08265,1822565.5,0.08286,151017.77733,1822565.5,151017.77733,
2022-11-12 01:35:00+00:00,0.0821,0.08269,0.08264,0.08237,1300879.9,0.08245,107257.547755,1300879.9,107257.547755,
2022-11-12 01:40:00+00:00,0.0824,0.08304,0.0824,0.08298,1365297.3,0.082705,112916.9131965,1365297.3,112916.9131965,
2022-11-12 01:45:00+00:00,0.08287,0.08348,0.08295,0.08332,1565051.0,0.083155,130141.815905,1565051.0,130141.815905,
2022-11-12 01:50:00+00:00,0.08311,0.08344,0.08332,0.08336,726738.1,0.083308,60543.0976348,726738.1,60543.0976348,
2022-11-12 01:55:00+00:00,0.08309,0.08342,0.08338,0.08316,1371449.7,0.083262,114189.6449214,1371449.7,114189.6449214,
2022-11-12 02:00:00+00:00,0.08278,0.08319,0.08318,0.08294,1782328.3,0.083023,147974.2424509,1782328.3,147974.2424509,
2022-11-12 02:05:00+00:00,0.08289,0.08323,0.08293,0.08311,2024043.4,0.08304,168076.563936,2024043.4,168076.563936,
2022-11-12 02:10:00+00:00,0.08293,0.08311,0.08309,0.08304,641368.8,0.083042,53260.5478896,641368.8,53260.5478896,
2022-11-12 02:15:00+00:00,0.083,0.08356,0.08304,0.08351,1958120.4,0.083278,163068.3506712,1958120.4,163068.3506712,
2022-11-12 02:20:00+00:00,0.08331,0.08367,0.08347,0.08331,4319519.5,0.08344,360420.70708,4319519.5,360420.70708,
2022-11-12 02:25:00+00:00,0.08334,0.08379,0.08334,0.08375,2070654.6,0.083555,173013.545103,2070654.6,173013.545103,
2022-11-12 02:30:00+00:00,0.08322,0.08383,0.08376,0.08338,1723376.5,0.083548,143984.659822,1723376.5,143984.659822,
2022-11-12 02:35:00+00:00,0.08332,0.08351,0.08339,0.08334,249133.6,0.08339,20775.250904,249133.6,20775.250904,
2022-11-12 02:40:00+00:00,0.08329,0.08341,0.08331,0.08333,506792.3,0.083335,42233.5363205,506792.3,42233.5363205,
2022-11-12 02:45:00+00:00,0.0833,0.08366,0.0833,0.08349,738905.1,0.083438,61652.7637338,738905.1,61652.7637338,
2022-11-12 02:50:00+00:00,0.08305,0.08349,0.08344,0.08308,481191.3,0.083265,40066.3935945,481191.3,40066.3935945,
2022-11-12 02:55:00+00:00,0.08259,0.08311,0.08309,0.08262,1057310.6,0.082852,87600.2978312,1057310.6,87600.2978312,
2022-11-12 03:00:00+00:00,0.08259,0.08291,0.0826,0.08279,860488.9,0.082722,71181.3627858,860488.9,71181.3627858,
2022-11-12 03:05:00+00:00,0.08233,0.08279,0.08279,0.08233,715472.6,0.08256,59069.417856,715472.6,59069.417856,
2022-11-12 03:10:00+00:00,0.08199,0.08253,0.08231,0.08238,1694543.7,0.082302,139464.3355974,1694543.7,139464.3355974,
2022-11-12 03:15:00+00:00,0.08228,0.08282,0.08232,0.08274,842794.5,0.08254,69564.25803,842794.5,69564.25803,
2022-11-12 03:20:00+00:00,0.08182,0.08281,0.08274,0.08197,1423500.3,0.082335,117203.8972005,1423500.3,117203.8972005,
2022-11-12 03:25:00+00:00,0.08202,0.08271,0.08202,0.0826,855527.8,0.082338,70442.4479964,855527.8,70442.4479964,
2022-11-12 03:30:00+00:00,0.0823,0.0828,0.08257,0.0827,1106236.5,0.082592,91366.285008,1106236.5,91366.285008,
2022-11-12 03:35:00+00:00,0.08254,0.08293,0.0827,0.08277,500042.2,0.082735,41370.991417,500042.2,41370.991417,
2022-11-12 03:40:00+00:00,0.08255,0.0828,0.08279,0.08261,1201372.8,0.082688,99339.1140864,1201372.8,99339.1140864,
2022-11-12 03:45:00+00:00,0.08245,0.08279,0.08263,0.08252,2757834.6,0.082598,227791.6222908,2757834.6,227791.6222908,
2022-11-12 03:50:00+00:00,0.08205,0.0829,0.08251,0.08216,2980763.8,0.082405,245629.840939,2980763.8,245629.840939,
2022-11-12 03:55:00+00:00,0.08157,0.08254,0.08219,0.08206,2543441.2,0.08209,208791.088108,2543441.2,208791.088108,
2022-11-12 04:00:00+00:00,0.08204,0.08261,0.08208,0.08244,1007416.3,0.082292,82902.3021596,1007416.3,82902.3021596,
2022-11-12 04:05:00+00:00,0.0823,0.08263,0.08241,0.08237,1223348.1,0.082428,100838.1371868,1223348.1,100838.1371868,
2022-11-12 04:10:00+00:00,0.08207,0.08253,0.08231,0.08207,563260.9,0.082245,46325.3927205,563260.9,46325.3927205,
2022-11-12 04:15:00+00:00,0.08131,0.0821,0.08207,0.08146,1394471.7,0.081735,113977.1443995,1394471.7,113977.1443995,
2022-11-12 04:20:00+00:00,0.08115,0.08159,0.08148,0.08149,1869665.6,0.081428,152243.1304768,1869665.6,152243.1304768,
2022-11-12 04:25:00+00:00,0.08138,0.08185,0.08152,0.08145,1088572.8,0.08155,88773.11184,1088572.8,88773.11184,
2022-11-12 04:30:00+00:00,0.08094,0.08155,0.08144,0.08131,3271895.4,0.08131,266037.814974,3271895.4,266037.814974,
2022-11-12 04:35:00+00:00,0.08121,0.08171,0.08127,0.08153,1995884.4,0.08143,162524.866692,1995884.4,162524.866692,
2022-11-12 04:40:00+00:00,0.08138,0.08169,0.08153,0.08158,789861.4,0.081545,64409.247863,789861.4,64409.247863,
2022-11-12 04:45:00+00:00,0.08137,0.08163,0.08162,0.08141,485023.8,0.081508,39533.3198904,485023.8,39533.3198904,
2022-11-12 04:50:00+00:00,0.08099,0.08155,0.08139,0.08121,704630.2,0.081285,57275.865807,704630.2,57275.865807,
2022-11-12 04:55:00+00:00,0.08077,0.08135,0.08121,0.0809,1155107.7,0.081058,93630.7199466,1155107.7,93630.7199466,
2022-11-12 05:00:00+00:00,0.08024,0.08099,0.0809,0.08099,3166122.9,0.08078,255759.407862,3166122.9,255759.407862,
2022-11-12 05:05:00+00:00,0.08069,0.08148,0.08102,0.08074,1967079.4,0.080982,159298.0239708,1967079.4,159298.0239708,
2022-11-12 05:10:00+00:00,0.07856,0.0808,0.08073,0.07911,6194736.1,0.0798,494339.94078,6194736.1,494339.94078,
2022-11-12 05:15:00+00:00,0.07874,0.0797,0.07918,0.07949,4160623.6,0.079278,329845.9177608,4160623.6,329845.9177608,
2022-11-12 05:20:00+00:00,0.0793,0.07985,0.07941,0.07955,2966206.5,0.079528,235896.470532,2966206.5,235896.470532,
2022-11-12 05:25:00+00:00,0.07851,0.07962,0.07952,0.07885,2615914.7,0.079125,206984.2506375,2615914.7,206984.2506375,
2022-11-12 05:30:00+00:00,0.07884,0.07961,0.07888,0.07903,2140489.0,0.07909,169291.27501,2140489.0,169291.27501,
2022-11-12 05:35:00+00:00,0.07878,0.07965,0.07902,0.07965,2881215.8,0.079275,228408.382545,2881215.8,228408.382545,
2022-11-12 05:40:00+00:00,0.07914,0.0798,0.07961,0.07929,2572716.8,0.07946,204428.076928,2572716.8,204428.076928,
2022-11-12 05:45:00+00:00,0.07828,0.07948,0.07928,0.07861,2980088.2,0.078913,235167.7001266,2980088.2,235167.7001266,
2022-11-12 05:50:00+00:00,0.07851,0.07911,0.07863,0.07877,3547219.6,0.078755,279361.279598,3547219.6,279361.279598,
2022-11-12 05:55:00+00:00,0.0786,0.07914,0.07879,0.07913,3354843.4,0.078915,264747.466911,3354843.4,264747.466911,
2022-11-12 06:00:00+00:00,0.07874,0.07971,0.07911,0.07966,1145196.5,0.079305,90819.8084325,1145196.5,90819.8084325,
2022-11-12 06:05:00+00:00,0.07948,0.07998,0.07964,0.07986,1048402.0,0.07974,83599.57548,1048402.0,83599.57548,
2022-11-12 06:10:00+00:00,0.0798,0.08007,0.07982,0.07999,1087514.9,0.07992,86914.190808,1087514.9,86914.190808,
2022-11-12 06:15:00+00:00,0.07972,0.08008,0.07998,0.07991,2806440.6,0.079922,224296.3456332,2806440.6,224296.3456332,
2022-11-12 06:20:00+00:00,0.07971,0.08009,0.07992,0.08002,1458389.0,0.079935,116576.324715,1458389.0,116576.324715,
2022-11-12 06:25:00+00:00,0.07936,0.08005,0.07997,0.07985,2197061.5,0.079808,175343.084192,2197061.5,175343.084192,
2022-11-12 06:30:00+00:00,0.07975,0.08007,0.07988,0.07994,1008077.7,0.07991,80555.489007,1008077.7,80555.489007,
2022-11-12 06:35:00+00:00,0.07987,0.08071,0.07994,0.08047,1729291.3,0.080248,138772.1682424,1729291.3,138772.1682424,
2022-11-12 06:40:00+00:00,0.07991,0.08057,0.08045,0.07995,1043791.9,0.08022,83732.986218,1043791.9,83732.986218,
2022-11-12 06:45:00+00:00,0.0799,0.08063,0.07991,0.08031,1436464.6,0.080188,115187.2233448,1436464.6,115187.2233448,
2022-11-12 06:50:00+00:00,0.08004,0.08043,0.08029,0.08033,1160651.3,0.080272,93167.8011536,1160651.3,93167.8011536,
2022-11-12 06:55:00+00:00,0.08012,0.08058,0.08043,0.08016,624306.0,0.080322,50145.506532,624306.0,50145.506532,
2022-11-12 07:00:00+00:00,0.0801,0.08064,0.08014,0.08048,1050043.7,0.08034,84360.510858,1050043.7,84360.510858,
2022-11-12 07:05:00+00:00,0.08045,0.08076,0.08048,0.08071,936837.0,0.0806,75509.0622,936837.0,75509.0622,
2022-11-12 07:10:00+00:00,0.08053,0.08117,0.08069,0.08108,2404504.8,0.080868,194447.4941664,2404504.8,194447.4941664,
2022-11-12 07:15:00+00:00,0.08107,0.08478,0.08107,0.08462,17221587.8,0.082885,1427411.304803,17221587.8,1427411.304803,
2022-11-12 07:20:00+00:00,0.08365,0.08936,0.08459,0.08708,18128181.3,0.08617,1562105.382621,18128181.3,1562105.382621,
2022-11-12 07:25:00+00:00,0.08652,0.08967,0.08707,0.08797,15410089.0,0.087808,1353129.094912,15410089.0,1353129.094912,
2022-11-12 07:30:00+00:00,0.08599,0.08995,0.08791,0.08684,12996701.4,0.087673,1139459.8018422,12996701.4,1139459.8018422,
2022-11-12 07:35:00+00:00,0.08532,0.08758,0.08678,0.08575,10844767.7,0.086358,936532.4490366,10844767.7,936532.4490366,
2022-11-12 07:40:00+00:00,0.08506,0.08629,0.08573,0.08574,9105040.0,0.085705,780347.4532,9105040.0,780347.4532,
2022-11-12 07:45:00+00:00,0.08499,0.08729,0.08574,0.0863,11356194.4,0.08608,977541.213952,11356194.4,977541.213952,
2022-11-12 07:50:00+00:00,0.08591,0.08691,0.08626,0.08665,9495259.6,0.086432,820694.2777472,9495259.6,820694.2777472,
2022-11-12 07:55:00+00:00,0.08615,0.08758,0.08666,0.08733,4833669.3,0.08693,420190.872249,4833669.3,420190.872249,
2022-11-12 08:00:00+00:00,0.08606,0.08748,0.08729,0.08611,4918642.6,0.086735,426618.465911,4918642.6,426618.465911,
2022-11-12 08:05:00+00:00,0.08553,0.08624,0.08603,0.08576,3719227.4,0.08589,319444.441386,3719227.4,319444.441386,
2022-11-12 08:10:00+00:00,0.08572,0.08651,0.08573,0.08594,3146516.7,0.085975,270521.7732825,3146516.7,270521.7732825,
2022-11-12 08:15:00+00:00,0.08548,0.08612,0.0859,0.08569,4476683.1,0.085798,384090.4566138,4476683.1,384090.4566138,
2022-11-12 08:20:00+00:00,0.08428,0.08569,0.08567,0.08491,6371464.4,0.085137,542447.3646228,6371464.4,542447.3646228,
2022-11-12 08:25:00+00:00,0.08412,0.08511,0.08492,0.08465,4160723.4,0.0847,352413.27198,4160723.4,352413.27198,
2022-11-12 08:30:00+00:00,0.08376,0.08485,0.08467,0.08434,5217843.2,0.084405,440412.055296,5217843.2,440412.055296,
2022-11-12 08:35:00+00:00,0.08432,0.08567,0.08433,0.08525,4182372.9,0.084892,355050.0002268,4182372.9,355050.0002268,
2022-11-12 08:40:00+00:00,0.08502,0.08597,0.08529,0.08565,4380599.5,0.085482,374462.406459,4380599.5,374462.406459,
2022-11-12 08:45:00+00:00,0.08518,0.08584,0.08566,0.0855,4276111.7,0.085545,365799.9753765,4276111.7,365799.9753765,
2022-11-12 08:50:00+00:00,0.08495,0.0858,0.08554,0.08533,1757507.1,0.085405,150099.8938755,1757507.1,150099.8938755,
2022-11-12 08:55:00+00:00,0.08519,0.08571,0.08529,0.08553,1299916.8,0.08543,111051.892224,1299916.8,111051.892224,
2022-11-12 09:00:00+00:00,0.08446,0.08552,0.08544,0.08461,2347944.7,0.085008,199594.0830576,2347944.7,199594.0830576,
2022-11-12 09:05:00+00:00,0.0846,0.08512,0.08469,0.08499,1742849.0,0.08485,147880.73765,1742849.0,147880.73765,
2022-11-12 09:10:00+00:00,0.08493,0.08542,0.08493,0.08527,1445487.6,0.085138,123065.9232888,1445487.6,123065.9232888,
2022-11-12 09:15:00+00:00,0.08507,0.08592,0.08527,0.08579,1532903.8,0.085513,131083.2026494,1532903.8,131083.2026494,
2022-11-12 09:20:00+00:00,0.08578,0.08662,0.0858,0.0865,5246815.2,0.086175,452144.29986,5246815.2,452144.29986,
2022-11-12 09:25:00+00:00,0.08598,0.0866,0.08653,0.08628,4481689.2,0.086348,386984.8990416,4481689.2,386984.8990416,
2022-11-12 09:30:00+00:00,0.08594,0.08708,0.0863,0.08691,1970773.5,0.086558,170586.212613,1970773.5,170586.212613,
2022-11-12 09:35:00+00:00,0.08639,0.08701,0.08689,0.08696,2440424.4,0.086812,211858.1230128,2440424.4,211858.1230128,
2022-11-12 09:40:00+00:00,0.0867,0.08726,0.08697,0.08712,1741162.6,0.087012,151502.0401512,1741162.6,151502.0401512,
2022-11-12 09:45:00+00:00,0.08708,0.08838,0.08712,0.08793,6079079.3,0.087628,532697.5609004,6079079.3,532697.5609004,
2022-11-12 09:50:00+00:00,0.08637,0.08793,0.08793,0.08726,3239333.8,0.087372,283027.0727736,3239333.8,283027.0727736,
2022-11-12 09:55:00+00:00,0.08725,0.08831,0.08726,0.08787,2987699.0,0.087672,261937.546728,2987699.0,261937.546728,
2022-11-12 10:00:00+00:00,0.08753,0.08944,0.08787,0.08898,10682629.5,0.088455,944931.9924225,10682629.5,944931.9924225,
2022-11-12 10:05:00+00:00,0.08878,0.09213,0.08891,0.09119,16552242.0,0.090252,1493872.944984,16552242.0,1493872.944984,
2022-11-12 10:10:00+00:00,0.09038,0.09274,0.09119,0.09212,10786043.9,0.091608,988087.9095912,10786043.9,988087.9095912,
2022-11-12 10:15:00+00:00,0.09038,0.0932,0.09209,0.09116,13816658.9,0.091708,1267098.1544012,13816658.9,1267098.1544012,
2022-11-12 10:20:00+00:00,0.09107,0.092,0.09114,0.09138,6099844.2,0.091398,557513.5601916,6099844.2,557513.5601916,
2022-11-12 10:25:00+00:00,0.09058,0.09279,0.09139,0.09236,7129932.5,0.09178,654385.20485,7129932.5,654385.20485,
2022-11-12 10:30:00+00:00,0.09209,0.0944,0.09236,0.09371,10661420.5,0.09314,993004.70537,10661420.5,993004.70537,
2022-11-12 10:35:00+00:00,0.09261,0.09488,0.09372,0.09263,11185881.8,0.09346,1045432.513028,11185881.8,1045432.513028,
2022-11-12 10:40:00+00:00,0.09106,0.0934,0.09265,0.09145,8829639.6,0.09214,813562.992744,8829639.6,813562.992744,
2022-11-12 10:45:00+00:00,0.09127,0.09215,0.09149,0.09174,6250383.7,0.091662,572922.6707094,6250383.7,572922.6707094,
2022-11-12 10:50:00+00:00,0.09153,0.09266,0.09175,0.09165,4442130.0,0.091898,408222.86274,4442130.0,408222.86274,
2022-11-12 10:55:00+00:00,0.09047,0.09175,0.09163,0.09145,6494941.8,0.091325,593150.559885,6494941.8,593150.559885,
2022-11-12 11:00:00+00:00,0.09129,0.09226,0.09136,0.09184,5333401.8,0.091688,489008.9442384,5333401.8,489008.9442384,
2022-11-12 11:05:00+00:00,0.09177,0.09257,0.09183,0.0924,2304167.7,0.092142,212310.6202134,2304167.7,212310.6202134,
2022-11-12 11:10:00+00:00,0.09046,0.09245,0.09239,0.09098,3435316.4,0.09157,314571.922748,3435316.4,314571.922748,
2022-11-12 11:15:00+00:00,0.09058,0.09197,0.09099,0.09173,7231365.4,0.091318,660353.8255972,7231365.4,660353.8255972,
2022-11-12 11:20:00+00:00,0.09139,0.09236,0.09171,0.09201,2765495.0,0.091868,254060.49466,2765495.0,254060.49466,
2022-11-12 11:25:00+00:00,0.09178,0.09257,0.09203,0.09192,1936226.9,0.092075,178278.0918175,1936226.9,178278.0918175,
2022-11-12 11:30:00+00:00,0.09122,0.09252,0.0919,0.0924,4526868.4,0.09201,416517.161484,4526868.4,416517.161484,
2022-11-12 11:35:00+00:00,0.0923,0.09409,0.09235,0.09312,7336215.8,0.092965,682011.301847,7336215.8,682011.301847,
2022-11-12 11:40:00+00:00,0.09229,0.09338,0.09311,0.09274,7687696.8,0.09288,714033.278784,7687696.8,714033.278784,
2022-11-12 11:45:00+00:00,0.09177,0.09341,0.09274,0.09197,3420139.4,0.092472,316267.1305968,3420139.4,316267.1305968,
2022-11-12 11:50:00+00:00,0.09191,0.09276,0.09191,0.09274,998045.1,0.09233,92149.504083,998045.1,92149.504083,
2022-11-12 11:55:00+00:00,0.09259,0.09394,0.09279,0.09359,1995128.1,0.093228,186001.8025068,1995128.1,186001.8025068,
2022-11-12 12:00:00+00:00,0.09294,0.09442,0.09358,0.09297,4132498.9,0.093477,386293.5996753,4132498.9,386293.5996753,
2022-11-12 12:05:00+00:00,0.09224,0.09314,0.09299,0.09248,2343018.5,0.092712,217225.931172,2343018.5,217225.931172,
2022-11-12 12:10:00+00:00,0.0915,0.09253,0.09244,0.09229,3159068.7,0.09219,291234.543453,3159068.7,291234.543453,
2022-11-12 12:15:00+00:00,0.09136,0.0925,0.09234,0.09192,4625513.1,0.09203,425685.970593,4625513.1,425685.970593,
2022-11-12 12:20:00+00:00,0.09148,0.09211,0.09188,0.09176,1229149.0,0.091808,112845.711392,1229149.0,112845.711392,
2022-11-12 12:25:00+00:00,0.09098,0.09209,0.09173,0.09145,1392181.3,0.091563,127472.2963719,1392181.3,127472.2963719,
2022-11-12 12:30:00+00:00,0.09094,0.09197,0.09144,0.09131,2472149.6,0.091415,225991.555684,2472149.6,225991.555684,
2022-11-12 12:35:00+00:00,0.0912,0.09211,0.09129,0.09187,1730019.3,0.091618,158500.9082274,1730019.3,158500.9082274,
2022-11-12 12:40:00+00:00,0.09169,0.09212,0.09184,0.09185,1574333.3,0.091875,144641.8719375,1574333.3,144641.8719375,
2022-11-12 12:45:00+00:00,0.09139,0.09215,0.09183,0.09174,1235109.1,0.091778,113355.8429798,1235109.1,113355.8429798,
2022-11-12 12:50:00+00:00,0.09113,0.09186,0.09174,0.09154,1219524.0,0.091568,111669.373632,1219524.0,111669.373632,
2022-11-12 12:55:00+00:00,0.09158,0.09199,0.09161,0.09189,1466121.9,0.091768,134543.0745192,1466121.9,134543.0745192,
2022-11-12 13:00:00+00:00,0.09138,0.09191,0.09188,0.09138,1445326.8,0.091638,132446.8572984,1445326.8,132446.8572984,
2022-11-12 13:05:00+00:00,0.08877,0.09139,0.09134,0.0889,9741006.5,0.0901,877664.68565,9741006.5,877664.68565,
2022-11-12 13:10:00+00:00,0.08888,0.08982,0.08894,0.08925,3486310.3,0.089222,311055.5775866,3486310.3,311055.5775866,
2022-11-12 13:15:00+00:00,0.08857,0.08973,0.08926,0.08908,5334633.8,0.08916,475635.949608,5334633.8,475635.949608,
2022-11-12 13:20:00+00:00,0.0889,0.08948,0.08901,0.08896,3821684.7,0.089088,340466.2465536,3821684.7,340466.2465536,
2022-11-12 13:25:00+00:00,0.08883,0.08926,0.08894,0.08892,2018920.0,0.088988,179659.65296,2018920.0,179659.65296,
2022-11-12 13:30:00+00:00,0.08805,0.08946,0.08899,0.08912,4608500.2,0.088905,409718.710281,4608500.2,409718.710281,
2022-11-12 13:35:00+00:00,0.08889,0.08974,0.0891,0.08942,2762349.8,0.089288,246644.6889424,2762349.8,246644.6889424,
2022-11-12 13:40:00+00:00,0.08938,0.08974,0.08941,0.08963,1481830.0,0.08954,132683.0582,1481830.0,132683.0582,
2022-11-12 13:45:00+00:00,0.08953,0.09012,0.08959,0.0899,2921690.1,0.089785,262323.9456285,2921690.1,262323.9456285,
2022-11-12 13:50:00+00:00,0.08979,0.09087,0.08986,0.09026,3469079.7,0.090195,312893.6435415,3469079.7,312893.6435415,
2022-11-12 13:55:00+00:00,0.09,0.09041,0.09026,0.09034,1275119.4,0.090252,115082.0760888,1275119.4,115082.0760888,
2022-11-12 14:00:00+00:00,0.08934,0.09037,0.09029,0.08951,3910838.9,0.089878,351498.3786542,3910838.9,351498.3786542,
2022-11-12 14:05:00+00:00,0.08941,0.08993,0.08953,0.08969,1837133.0,0.08964,164680.60212,1837133.0,164680.60212,
2022-11-12 14:10:00+00:00,0.08954,0.08988,0.08971,0.08978,1245647.4,0.089727,111768.2042598,1245647.4,111768.2042598,
2022-11-12 14:15:00+00:00,0.08972,0.09106,0.08979,0.09065,3101267.0,0.090305,280059.916435,3101267.0,280059.916435,
2022-11-12 14:20:00+00:00,0.0905,0.09171,0.09067,0.09108,4692755.2,0.09099,426993.795648,4692755.2,426993.795648,
2022-11-12 14:25:00+00:00,0.09059,0.09115,0.09106,0.09106,1589954.5,0.090965,144630.2110925,1589954.5,144630.2110925,
2022-11-12 14:30:00+00:00,0.09097,0.0917,0.09104,0.0917,2588052.6,0.091352,236423.7811152,2588052.6,236423.7811152,
2022-11-12 14:35:00+00:00,0.09084,0.09179,0.0917,0.09106,2774408.7,0.091348,253436.6859276,2774408.7,253436.6859276,
2022-11-12 14:40:00+00:00,0.09106,0.09152,0.0911,0.0912,3634740.2,0.09122,331561.001044,3634740.2,331561.001044,
2022-11-12 14:45:00+00:00,0.09093,0.09243,0.09111,0.09166,3864750.0,0.091532,353748.297,3864750.0,353748.297,
2022-11-12 14:50:00+00:00,0.09115,0.09182,0.09167,0.09159,2720150.6,0.091558,249051.5486348,2720150.6,249051.5486348,
2022-11-12 14:55:00+00:00,0.09123,0.09207,0.09159,0.09178,2738248.9,0.091667,251007.0619163,2738248.9,251007.0619163,
2022-11-12 15:00:00+00:00,0.0913,0.09212,0.09174,0.09167,4449340.1,0.091708,408040.0818908,4449340.1,408040.0818908,
2022-11-12 15:05:00+00:00,0.09165,0.09253,0.09167,0.09221,5234478.8,0.092015,481650.566782,5234478.8,481650.566782,
2022-11-12 15:10:00+00:00,0.09166,0.09318,0.09222,0.09285,5178192.3,0.092478,478868.8675194,5178192.3,478868.8675194,
2022-11-12 15:15:00+00:00,0.09224,0.09295,0.0929,0.09275,2277566.5,0.09271,211153.190215,2277566.5,211153.190215,
2022-11-12 15:20:00+00:00,0.09203,0.09275,0.09274,0.09207,2777018.3,0.092398,256590.9368834,2777018.3,256590.9368834,
2022-11-12 15:25:00+00:00,0.09145,0.09223,0.09202,0.09163,2584203.3,0.091833,237315.1416489,2584203.3,237315.1416489,
2022-11-12 15:30:00+00:00,0.09158,0.0921,0.09162,0.09193,2039243.8,0.091808,187218.8947904,2039243.8,187218.8947904,
2022-11-12 15:35:00+00:00,0.09112,0.09196,0.09196,0.09146,2311090.7,0.091625,211753.6853875,2311090.7,211753.6853875,
2022-11-12 15:40:00+00:00,0.09139,0.09191,0.09148,0.09188,2612184.1,0.091665,239445.8555265,2612184.1,239445.8555265,
2022-11-12 15:45:00+00:00,0.09166,0.09236,0.09185,0.09188,3473202.3,0.091938,319319.2730574,3473202.3,319319.2730574,
2022-11-12 15:50:00+00:00,0.09178,0.09258,0.09186,0.09203,1895996.5,0.092062,174549.229783,1895996.5,174549.229783,
2022-11-12 15:55:00+00:00,0.0914,0.092,0.09197,0.09163,1598601.2,0.09175,146671.6601,1598601.2,146671.6601,
2022-11-12 16:00:00+00:00,0.09075,0.09173,0.09163,0.09115,2897098.1,0.091315,264548.5130015,2897098.1,264548.5130015,
2022-11-12 16:05:00+00:00,0.09084,0.09161,0.09114,0.09099,1667294.7,0.091145,151965.5754315,1667294.7,151965.5754315,
2022-11-12 16:10:00+00:00,0.09093,0.09162,0.09099,0.09157,1113911.4,0.091278,101675.6047692,1113911.4,101675.6047692,
2022-11-12 16:15:00+00:00,0.09091,0.09202,0.09151,0.09107,4761424.8,0.091378,435089.4753744,4761424.8,435089.4753744,
2022-11-12 16:20:00+00:00,0.09017,0.09123,0.09108,0.09072,3788827.0,0.0908,344025.4916,3788827.0,344025.4916,
2022-11-12 16:25:00+00:00,0.09055,0.09099,0.09071,0.09063,1071004.3,0.09072,97161.510096,1071004.3,97161.510096,
2022-11-12 16:30:00+00:00,0.09039,0.09088,0.09065,0.09041,1224843.0,0.090582,110948.728626,1224843.0,110948.728626,
2022-11-12 16:35:00+00:00,0.0904,0.09101,0.09041,0.09085,1256059.1,0.090668,113884.3664788,1256059.1,113884.3664788,
2022-11-12 16:40:00+00:00,0.09036,0.09127,0.09083,0.09109,2130299.3,0.090888,193618.6427784,2130299.3,193618.6427784,
2022-11-12 16:45:00+00:00,0.09081,0.09138,0.09109,0.09112,2388096.4,0.0911,217555.58204,2388096.4,217555.58204,
2022-11-12 16:50:00+00:00,0.09052,0.09114,0.09107,0.0908,1857524.5,0.090882,168815.541609,1857524.5,168815.541609,
2022-11-12 16:55:00+00:00,0.09061,0.09094,0.09078,0.09094,1040461.2,0.090818,94492.6052616,1040461.2,94492.6052616,
2022-11-12 17:00:00+00:00,0.08986,0.09089,0.09089,0.09026,7933403.2,0.090475,717774.65452,7933403.2,717774.65452,
2022-11-12 17:05:00+00:00,0.08974,0.09031,0.09024,0.0901,3980836.7,0.090098,358665.4249966,3980836.7,358665.4249966,
2022-11-12 17:10:00+00:00,0.08941,0.09044,0.09015,0.08968,3981316.7,0.08992,357999.997664,3981316.7,357999.997664,
2022-11-12 17:15:00+00:00,0.08933,0.08983,0.08964,0.08966,2705445.2,0.089615,242448.471598,2705445.2,242448.471598,
2022-11-12 17:20:00+00:00,0.0896,0.09016,0.08964,0.08991,3507840.5,0.089828,315102.296434,3507840.5,315102.296434,
2022-11-12 17:25:00+00:00,0.08968,0.09011,0.08988,0.08985,5997750.9,0.08988,539077.850892,5997750.9,539077.850892,
2022-11-12 17:30:00+00:00,0.0897,0.09035,0.08982,0.0902,1471801.1,0.090018,132488.5914198,1471801.1,132488.5914198,
2022-11-12 17:35:00+00:00,0.08977,0.09027,0.0902,0.08983,3277089.4,0.090018,294997.0336092,3277089.4,294997.0336092,
2022-11-12 17:40:00+00:00,0.08976,0.09022,0.08983,0.08994,3281341.8,0.089938,295117.3188084,3281341.8,295117.3188084,
2022-11-12 17:45:00+00:00,0.08996,0.09042,0.08997,0.09017,1590546.2,0.09013,143355.929006,1590546.2,143355.929006,
2022-11-12 17:50:00+00:00,0.08996,0.0903,0.09015,0.09004,2050810.1,0.090112,184802.5997312,2050810.1,184802.5997312,
2022-11-12 17:55:00+00:00,0.08978,0.09017,0.09008,0.08983,1863146.6,0.089965,167617.983869,1863146.6,167617.983869,
2022-11-12 18:00:00+00:00,0.0896,0.09008,0.08976,0.09,2511114.6,0.08986,225648.757956,2511114.6,225648.757956,
2022-11-12 18:05:00+00:00,0.08915,0.09011,0.09004,0.08928,2181502.9,0.089645,195560.8274705,2181502.9,195560.8274705,
2022-11-12 18:10:00+00:00,0.08866,0.08942,0.0893,0.08932,4607427.7,0.089175,410867.3651475,4607427.7,410867.3651475,
2022-11-12 18:15:00+00:00,0.08906,0.08965,0.08936,0.08931,2048113.7,0.089345,182988.7185265,2048113.7,182988.7185265,
2022-11-12 18:20:00+00:00,0.08881,0.08936,0.0893,0.08899,1195829.6,0.089115,106566.354804,1195829.6,106566.354804,
2022-11-12 18:25:00+00:00,0.08895,0.08932,0.08906,0.0891,1575363.3,0.089107,140375.8975731,1575363.3,140375.8975731,
2022-11-12 18:30:00+00:00,0.08909,0.08948,0.08913,0.08918,1201743.0,0.08922,107219.51046,1201743.0,107219.51046,
2022-11-12 18:35:00+00:00,0.08886,0.08973,0.08918,0.08959,1728778.1,0.08934,154449.035454,1728778.1,154449.035454,
2022-11-12 18:40:00+00:00,0.0894,0.09035,0.08955,0.09011,1985573.3,0.089852,178407.7321516,1985573.3,178407.7321516,
2022-11-12 18:45:00+00:00,0.08975,0.09024,0.09,0.09005,2184725.4,0.09001,196647.133254,2184725.4,196647.133254,
2022-11-12 18:50:00+00:00,0.08992,0.09024,0.09002,0.09018,906682.0,0.09009,81682.98138,906682.0,81682.98138,
2022-11-12 18:55:00+00:00,0.08993,0.09025,0.09018,0.09001,2238604.2,0.090092,201680.3295864,2238604.2,201680.3295864,
2022-11-12 19:00:00+00:00,0.08996,0.09035,0.09006,0.09028,663845.0,0.090162,59853.59289,663845.0,59853.59289,
2022-11-12 19:05:00+00:00,0.0901,0.09077,0.09026,0.0902,1691206.4,0.090333,152771.7477312,1691206.4,152771.7477312,
2022-11-12 19:10:00+00:00,0.09015,0.09042,0.09024,0.09024,845160.9,0.090262,76285.9131558,845160.9,76285.9131558,
2022-11-12 19:15:00+00:00,0.09001,0.09049,0.09032,0.09024,913100.6,0.090265,82421.025659,913100.6,82421.025659,
2022-11-12 19:20:00+00:00,0.0902,0.09061,0.0902,0.09061,1769674.8,0.090405,159987.450294,1769674.8,159987.450294,
2022-11-12 19:25:00+00:00,0.09037,0.09067,0.09055,0.09054,1195484.2,0.090532,108229.5755944,1195484.2,108229.5755944,
2022-11-12 19:30:00+00:00,0.09009,0.0906,0.09053,0.09022,889582.7,0.09036,80382.692772,889582.7,80382.692772,
2022-11-12 19:35:00+00:00,0.0902,0.09057,0.09021,0.09035,976978.1,0.090332,88252.3857292,976978.1,88252.3857292,
2022-11-12 19:40:00+00:00,0.09031,0.09063,0.09036,0.09063,985231.3,0.090482,89145.6984866,985231.3,89145.6984866,
2022-11-12 19:45:00+00:00,0.0906,0.09123,0.0906,0.09082,3535743.5,0.090812,321087.938722,3535743.5,321087.938722,
2022-11-12 19:50:00+00:00,0.09067,0.09099,0.09083,0.09091,992876.3,0.09085,90202.811855,992876.3,90202.811855,
2022-11-12 19:55:00+00:00,0.09061,0.09097,0.09089,0.09074,1378023.1,0.090802,125127.2535262,1378023.1,125127.2535262,
2022-11-12 20:00:00+00:00,0.09046,0.09086,0.09071,0.09048,1152023.4,0.090628,104405.5766952,1152023.4,104405.5766952,
2022-11-12 20:05:00+00:00,0.09,0.09059,0.0905,0.09041,1460346.8,0.090375,131978.84205,1460346.8,131978.84205,
2022-11-12 20:10:00+00:00,0.0901,0.09066,0.0904,0.09059,1160733.5,0.090438,104974.416273,1160733.5,104974.416273,
2022-11-12 20:15:00+00:00,0.09034,0.09089,0.09058,0.09078,879806.3,0.090647,79751.8016761,879806.3,79751.8016761,
2022-11-12 20:20:00+00:00,0.09079,0.0911,0.09079,0.09098,1926702.9,0.090915,175166.1941535,1926702.9,175166.1941535,
2022-11-12 20:25:00+00:00,0.09017,0.09098,0.09093,0.09067,2987747.3,0.090688,270952.8271424,2987747.3,270952.8271424,
2022-11-12 20:30:00+00:00,0.09004,0.09065,0.09064,0.09049,2190451.8,0.090455,198137.317569,2190451.8,198137.317569,
2022-11-12 20:35:00+00:00,0.09038,0.09074,0.09049,0.09056,935305.3,0.090542,84684.4124726,935305.3,84684.4124726,
2022-11-12 20:40:00+00:00,0.09053,0.09083,0.09053,0.09074,707592.1,0.090657,64148.1770097,707592.1,64148.1770097,
2022-11-12 20:45:00+00:00,0.09049,0.09084,0.09075,0.09052,1037414.3,0.09065,94041.606295,1037414.3,94041.606295,
2022-11-12 20:50:00+00:00,0.09053,0.09173,0.09055,0.09164,2764477.7,0.091112,251877.0922024,2764477.7,251877.0922024,
2022-11-12 20:55:00+00:00,0.09098,0.09168,0.09168,0.09122,1776392.7,0.09139,162344.528853,1776392.7,162344.528853,
2022-11-12 21:00:00+00:00,0.09092,0.09129,0.09123,0.09127,764866.8,0.091178,69739.0250904,764866.8,69739.0250904,
2022-11-12 21:05:00+00:00,0.09117,0.09142,0.09129,0.0912,687807.2,0.09127,62776.163144,687807.2,62776.163144,
2022-11-12 21:10:00+00:00,0.09099,0.09132,0.0912,0.09112,931395.8,0.091158,84904.1783364,931395.8,84904.1783364,
2022-11-12 21:15:00+00:00,0.09103,0.09135,0.09119,0.09106,2095626.9,0.091158,191033.1569502,2095626.9,191033.1569502,
2022-11-12 21:20:00+00:00,0.08983,0.09122,0.09103,0.0903,2450731.8,0.090595,222024.047421,2450731.8,222024.047421,
2022-11-12 21:25:00+00:00,0.08964,0.0905,0.09018,0.08969,6238185.3,0.090002,561449.1533706,6238185.3,561449.1533706,
2022-11-12 21:30:00+00:00,0.08965,0.09056,0.0897,0.09004,1820270.2,0.089988,163802.4747576,1820270.2,163802.4747576,
2022-11-12 21:35:00+00:00,0.0899,0.09041,0.09002,0.09039,1184005.8,0.09018,106773.643044,1184005.8,106773.643044,
2022-11-12 21:40:00+00:00,0.09026,0.09055,0.09039,0.09026,719898.4,0.090365,65053.618916,719898.4,65053.618916,
2022-11-12 21:45:00+00:00,0.09028,0.09081,0.0903,0.0907,1556442.0,0.090522,140892.242724,1556442.0,140892.242724,
2022-11-12 21:50:00+00:00,0.09068,0.09142,0.09076,0.09128,2782050.8,0.091035,253263.994578,2782050.8,253263.994578,
2022-11-12 21:55:00+00:00,0.09109,0.09157,0.09128,0.09138,1259602.0,0.09133,115039.45066,1259602.0,115039.45066,
2022-11-12 22:00:00+00:00,0.0911,0.09163,0.09138,0.0913,2024627.9,0.091352,184953.8079208,2024627.9,184953.8079208,
2022-11-12 22:05:00+00:00,0.09096,0.09139,0.09128,0.09108,502068.8,0.091178,45777.6290464,502068.8,45777.6290464,
2022-11-12 22:10:00+00:00,0.09082,0.09109,0.09109,0.09102,1599862.0,0.091005,145595.44131,1599862.0,145595.44131,
2022-11-12 22:15:00+00:00,0.09101,0.09143,0.09106,0.09133,856257.5,0.091208,78097.53406,856257.5,78097.53406,
2022-11-12 22:20:00+00:00,0.09116,0.09142,0.09127,0.09133,1078987.0,0.091295,98506.118165,1078987.0,98506.118165,
2022-11-12 22:25:00+00:00,0.09132,0.09165,0.09133,0.09159,1166096.9,0.091472,106665.2156368,1166096.9,106665.2156368,
2022-11-12 22:30:00+00:00,0.09125,0.09156,0.09153,0.09149,709868.7,0.091458,64923.1715646,709868.7,64923.1715646,
2022-11-12 22:35:00+00:00,0.09132,0.09164,0.09149,0.09161,1040438.2,0.091515,95215.701873,1040438.2,95215.701873,
2022-11-12 22:40:00+00:00,0.0915,0.09224,0.09155,0.09194,1974128.1,0.091808,181240.7526048,1974128.1,181240.7526048,
2022-11-12 22:45:00+00:00,0.09124,0.09194,0.09194,0.09141,1567921.1,0.091632,143671.7462352,1567921.1,143671.7462352,
2022-11-12 22:50:00+00:00,0.09076,0.09142,0.09133,0.09076,1546320.7,0.091068,140820.3335076,1546320.7,140820.3335076,
2022-11-12 22:55:00+00:00,0.09075,0.0911,0.09078,0.09107,320851.9,0.090925,29173.4590075,320851.9,29173.4590075,
2022-11-12 23:00:00+00:00,0.09007,0.09104,0.09104,0.09007,1726160.2,0.090555,156312.436911,1726160.2,156312.436911,
2022-11-12 23:05:00+00:00,0.08941,0.09019,0.0901,0.08956,3288582.5,0.089815,295364.0372375,3288582.5,295364.0372375,
2022-11-12 23:10:00+00:00,0.08846,0.08996,0.08961,0.08893,4517015.7,0.08924,403098.481068,4517015.7,403098.481068,
2022-11-12 23:15:00+00:00,0.08888,0.08948,0.08896,0.08944,3083892.8,0.08919,275052.398832,3083892.8,275052.398832,
2022-11-12 23:20:00+00:00,0.08899,0.08947,0.0894,0.08908,2613305.3,0.089235,233198.2984455,2613305.3,233198.2984455,
2022-11-12 23:25:00+00:00,0.08602,0.0892,0.08912,0.08747,10261825.6,0.087952,902548.0851712,10261825.6,902548.0851712,
2022-11-12 23:30:00+00:00,0.08721,0.08809,0.08753,0.08728,3363891.8,0.087528,294434.7214704,3363891.8,294434.7214704,
2022-11-12 23:35:00+00:00,0.08717,0.08777,0.08726,0.08765,4732591.6,0.087462,413921.9265192,4732591.6,413921.9265192,
2022-11-12 23:40:00+00:00,0.08686,0.08794,0.08769,0.08736,4011918.2,0.087462,350890.3896084,4011918.2,350890.3896084,
2022-11-12 23:45:00+00:00,0.08701,0.08802,0.08737,0.08799,3259485.7,0.087598,285524.4283486,3259485.7,285524.4283486,
2022-11-12 23:50:00+00:00,0.08759,0.088,0.08794,0.08794,2482609.7,0.087868,218141.9491196,2482609.7,218141.9491196,
2022-11-12 23:55:00+00:00,0.08775,0.08806,0.08794,0.08806,2290576.8,0.087952,201460.8107136,2290576.8,201460.8107136,
2022-11-13 00:00:00+00:00,0.08745,0.08804,0.08803,0.08767,1648989.8,0.087798,144778.0064604,1648989.8,144778.0064604,
2022-11-13 00:05:00+00:00,0.08667,0.08783,0.08765,0.08753,2242113.3,0.08742,196005.544686,2242113.3,196005.544686,
2022-11-13 00:10:00+00:00,0.08761,0.08867,0.08761,0.08858,2886553.7,0.088117,254354.4523829,2886553.7,254354.4523829,
2022-11-13 00:15:00+00:00,0.0879,0.0887,0.08857,0.08842,3085930.7,0.088398,272790.1020186,3085930.7,272790.1020186,
2022-11-13 00:20:00+00:00,0.08817,0.08937,0.08845,0.08903,3334496.4,0.088755,295953.227982,3334496.4,295953.227982,
2022-11-13 00:25:00+00:00,0.08874,0.08938,0.089,0.08908,2056293.5,0.08905,183112.936175,2056293.5,183112.936175,
2022-11-13 00:30:00+00:00,0.08868,0.0896,0.08904,0.08914,4840055.9,0.089115,431321.5815285,4840055.9,431321.5815285,
2022-11-13 00:35:00+00:00,0.08883,0.08924,0.08913,0.08912,1872905.2,0.08908,166838.395216,1872905.2,166838.395216,
2022-11-13 00:40:00+00:00,0.08899,0.08975,0.0891,0.08972,2536281.5,0.08939,226718.203285,2536281.5,226718.203285,
2022-11-13 00:45:00+00:00,0.0892,0.0898,0.08972,0.08964,2966373.5,0.08959,265757.401865,2966373.5,265757.401865,
2022-11-13 00:50:00+00:00,0.08934,0.08974,0.0896,0.08965,1792712.7,0.089583,160596.5818041,1792712.7,160596.5818041,
2022-11-13 00:55:00+00:00,0.08922,0.08964,0.08964,0.08938,1775845.0,0.08947,158884.85215,1775845.0,158884.85215,
2022-11-13 01:00:00+00:00,0.08923,0.08963,0.08932,0.08963,984702.3,0.089452,88083.5901396,984702.3,88083.5901396,
2022-11-13 01:05:00+00:00,0.08942,0.08968,0.08959,0.0896,1894404.5,0.089572,169685.599874,1894404.5,169685.599874,
2022-11-13 01:10:00+00:00,0.08884,0.08956,0.08955,0.08899,2612049.4,0.089235,233086.228209,2612049.4,233086.228209,
2022-11-13 01:15:00+00:00,0.08903,0.08945,0.08905,0.08944,652416.1,0.089242,58222.9175962,652416.1,58222.9175962,
2022-11-13 01:20:00+00:00,0.08925,0.08968,0.08939,0.08943,1407126.2,0.089438,125850.5530756,1407126.2,125850.5530756,
2022-11-13 01:25:00+00:00,0.08902,0.08948,0.08943,0.08917,1817173.3,0.089275,162228.1463575,1817173.3,162228.1463575,
2022-11-13 01:30:00+00:00,0.0891,0.0894,0.08913,0.08937,1681513.5,0.08925,150075.079875,1681513.5,150075.079875,
2022-11-13 01:35:00+00:00,0.08881,0.0894,0.08937,0.08913,4030132.9,0.089178,359399.1917562,4030132.9,359399.1917562,
2022-11-13 01:40:00+00:00,0.08906,0.08928,0.08917,0.08922,1382770.0,0.089182,123318.19414,1382770.0,123318.19414,
2022-11-13 01:45:00+00:00,0.08883,0.08934,0.08921,0.08893,1336141.0,0.089078,119020.767998,1336141.0,119020.767998,
2022-11-13 01:50:00+00:00,0.0885,0.08895,0.0889,0.0885,1868135.5,0.088712,165726.036476,1868135.5,165726.036476,
2022-11-13 01:55:00+00:00,0.08847,0.08885,0.08849,0.08878,1221545.7,0.088647,108286.3616679,1221545.7,108286.3616679,
2022-11-13 02:00:00+00:00,0.08875,0.08922,0.08878,0.08916,1180481.5,0.088978,105036.882907,1180481.5,105036.882907,
2022-11-13 02:05:00+00:00,0.08909,0.08972,0.08921,0.0897,1250076.6,0.08943,111794.350338,1250076.6,111794.350338,
2022-11-13 02:10:00+00:00,0.08956,0.09094,0.08967,0.09018,4588023.5,0.090088,413325.861068,4588023.5,413325.861068,
2022-11-13 02:15:00+00:00,0.0898,0.0902,0.09013,0.09001,2313202.4,0.090035,208269.178084,2313202.4,208269.178084,
2022-11-13 02:20:00+00:00,0.09,0.09039,0.09002,0.09026,2369821.4,0.090168,213682.0559952,2369821.4,213682.0559952,
2022-11-13 02:25:00+00:00,0.09001,0.0905,0.09025,0.0904,1974221.0,0.09029,178252.41409,1974221.0,178252.41409,
2022-11-13 02:30:00+00:00,0.08998,0.09042,0.09034,0.09007,1252452.5,0.090202,112973.720405,1252452.5,112973.720405,
2022-11-13 02:35:00+00:00,0.09006,0.09091,0.09006,0.09085,1684097.3,0.09047,152360.282731,1684097.3,152360.282731,
2022-11-13 02:40:00+00:00,0.09052,0.09139,0.09084,0.09093,4609532.0,0.09092,419098.64944,4609532.0,419098.64944,
2022-11-13 02:45:00+00:00,0.09065,0.09103,0.09089,0.09076,4063140.2,0.090832,369063.1506464,4063140.2,369063.1506464,
2022-11-13 02:50:00+00:00,0.09034,0.09086,0.09074,0.0905,3718251.0,0.09061,336910.72311,3718251.0,336910.72311,
2022-11-13 02:55:00+00:00,0.09028,0.0908,0.09047,0.09079,1189162.2,0.090585,107720.257887,1189162.2,107720.257887,
2022-11-13 03:00:00+00:00,0.0907,0.09133,0.0908,0.09075,1859794.5,0.090895,169046.0210775,1859794.5,169046.0210775,
2022-11-13 03:05:00+00:00,0.09021,0.0908,0.09076,0.09061,1922670.3,0.090595,174184.3158285,1922670.3,174184.3158285,
2022-11-13 03:10:00+00:00,0.0899,0.09065,0.09065,0.09044,2849207.3,0.09041,257596.831993,2849207.3,257596.831993,
2022-11-13 03:15:00+00:00,0.09008,0.09045,0.09045,0.09032,1424999.5,0.090325,128713.0798375,1424999.5,128713.0798375,
2022-11-13 03:20:00+00:00,0.08991,0.09034,0.09031,0.09023,672473.8,0.090198,60655.7918124,672473.8,60655.7918124,
2022-11-13 03:25:00+00:00,0.09013,0.09037,0.09027,0.09019,1182634.2,0.09024,106720.910208,1182634.2,106720.910208,
2022-11-13 03:30:00+00:00,0.09021,0.09096,0.09023,0.09066,886784.2,0.090515,80267.271863,886784.2,80267.271863,
2022-11-13 03:35:00+00:00,0.09024,0.09084,0.09066,0.09052,2383223.3,0.090565,215836.6181645,2383223.3,215836.6181645,
2022-11-13 03:40:00+00:00,0.09051,0.09081,0.09054,0.09071,1360783.4,0.090642,123344.1289428,1360783.4,123344.1289428,
2022-11-13 03:45:00+00:00,0.09031,0.0908,0.09065,0.09037,1219856.0,0.090532,110436.003392,1219856.0,110436.003392,
2022-11-13 03:50:00+00:00,0.09028,0.09062,0.09031,0.09054,1345840.0,0.090438,121715.07792,1345840.0,121715.07792,
2022-11-13 03:55:00+00:00,0.09049,0.09081,0.09051,0.09071,454687.1,0.09063,41208.291873,454687.1,41208.291873,
2022-11-13 04:00:00+00:00,0.09049,0.09079,0.09071,0.09072,1090487.4,0.090678,98883.2164572,1090487.4,98883.2164572,
2022-11-13 04:05:00+00:00,0.09061,0.09091,0.09072,0.09061,3293816.3,0.090712,298788.6642056,3293816.3,298788.6642056,
2022-11-13 04:10:00+00:00,0.09,0.0907,0.09065,0.09018,992271.1,0.090382,89683.4465602,992271.1,89683.4465602,
2022-11-13 04:15:00+00:00,0.09004,0.09026,0.09018,0.09023,627306.9,0.090178,56569.2816282,627306.9,56569.2816282,
2022-11-13 04:20:00+00:00,0.09017,0.0904,0.09019,0.09025,745010.6,0.090252,67238.6966712,745010.6,67238.6966712,
2022-11-13 04:25:00+00:00,0.08981,0.09029,0.09027,0.09,584788.2,0.090092,52684.7385144,584788.2,52684.7385144,
2022-11-13 04:30:00+00:00,0.08999,0.09026,0.09,0.09021,543735.5,0.090115,48998.7245825,543735.5,48998.7245825,
2022-11-13 04:35:00+00:00,0.08963,0.09023,0.0902,0.08982,889356.1,0.08997,80015.368317,889356.1,80015.368317,
2022-11-13 04:40:00+00:00,0.08962,0.09006,0.08986,0.0897,1585630.5,0.08981,142405.475205,1585630.5,142405.475205,
2022-11-13 04:45:00+00:00,0.08965,0.08998,0.08973,0.08973,690193.3,0.089772,61960.0329276,690193.3,61960.0329276,
2022-11-13 04:50:00+00:00,0.08867,0.08978,0.08973,0.08936,5643372.6,0.089385,504432.859851,5643372.6,504432.859851,
2022-11-13 04:55:00+00:00,0.08932,0.08957,0.08937,0.08939,3315170.7,0.089412,296416.0426284,3315170.7,296416.0426284,
2022-11-13 05:00:00+00:00,0.08882,0.08959,0.0894,0.08914,2308181.2,0.089238,205977.4739256,2308181.2,205977.4739256,
2022-11-13 05:05:00+00:00,0.0888,0.08927,0.08912,0.08909,1730039.9,0.08907,154094.653893,1730039.9,154094.653893,
2022-11-13 05:10:00+00:00,0.08909,0.08952,0.08914,0.08916,2454021.7,0.089228,218967.4482476,2454021.7,218967.4482476,
2022-11-13 05:15:00+00:00,0.089,0.08947,0.08919,0.08933,947572.2,0.089248,84568.9237056,947572.2,84568.9237056,
2022-11-13 05:20:00+00:00,0.08923,0.08954,0.08932,0.08952,1521345.6,0.089402,136011.3393312,1521345.6,136011.3393312,
2022-11-13 05:25:00+00:00,0.08926,0.08957,0.08954,0.08942,1191510.2,0.089448,106578.2043696,1191510.2,106578.2043696,
2022-11-13 05:30:00+00:00,0.08931,0.08974,0.08943,0.08964,1466130.9,0.08953,131262.699477,1466130.9,131262.699477,
2022-11-13 05:35:00+00:00,0.08958,0.09009,0.08963,0.09002,1297926.0,0.08983,116592.69258,1297926.0,116592.69258,
2022-11-13 05:40:00+00:00,0.08977,0.09011,0.09001,0.08982,1020775.8,0.089928,91796.3261424,1020775.8,91796.3261424,
2022-11-13 05:45:00+00:00,0.08959,0.08997,0.08978,0.08959,876609.8,0.089732,78659.9505736,876609.8,78659.9505736,
2022-11-13 05:50:00+00:00,0.08926,0.08959,0.08956,0.0893,1701639.6,0.089428,152174.2261488,1701639.6,152174.2261488,
2022-11-13 05:55:00+00:00,0.08929,0.08952,0.08932,0.08943,417945.0,0.08939,37360.10355,417945.0,37360.10355,
2022-11-13 06:00:00+00:00,0.08879,0.08939,0.08936,0.08885,1320342.1,0.089098,117639.8404258,1320342.1,117639.8404258,
2022-11-13 06:05:00+00:00,0.08839,0.08896,0.08885,0.08883,1497219.0,0.088758,132890.164002,1497219.0,132890.164002,
2022-11-13 06:10:00+00:00,0.08872,0.08916,0.08883,0.08909,1191669.7,0.08895,105999.019815,1191669.7,105999.019815,
2022-11-13 06:15:00+00:00,0.08893,0.08917,0.08905,0.08895,693263.6,0.089025,61717.79199,693263.6,61717.79199,
2022-11-13 06:20:00+00:00,0.08882,0.08907,0.08897,0.08888,508651.7,0.088935,45236.9389395,508651.7,45236.9389395,
2022-11-13 06:25:00+00:00,0.08794,0.08892,0.08892,0.08811,2084950.2,0.088473,184461.7990446,2084950.2,184461.7990446,
2022-11-13 06:30:00+00:00,0.0865,0.08814,0.08808,0.08668,5547105.5,0.08735,484539.665425,5547105.5,484539.665425,
2022-11-13 06:35:00+00:00,0.08673,0.08781,0.08674,0.08768,4385627.5,0.08724,382602.1431,4385627.5,382602.1431,
2022-11-13 06:40:00+00:00,0.08729,0.08778,0.08769,0.08758,1639800.6,0.087585,143621.935551,1639800.6,143621.935551,
2022-11-13 06:45:00+00:00,0.08678,0.08776,0.08755,0.08702,3781775.1,0.087278,330065.7671778,3781775.1,330065.7671778,
2022-11-13 06:50:00+00:00,0.08687,0.08734,0.08707,0.08726,2986520.6,0.087135,260230.472481,2986520.6,260230.472481,
2022-11-13 06:55:00+00:00,0.08687,0.0873,0.08727,0.08691,2603541.2,0.087088,226737.1960256,2603541.2,226737.1960256,
2022-11-13 07:00:00+00:00,0.08538,0.08706,0.08688,0.0867,8689873.4,0.086505,751717.498467,8689873.4,751717.498467,
2022-11-13 07:05:00+00:00,0.08665,0.08745,0.08668,0.08739,2480111.0,0.087042,215873.821662,2480111.0,215873.821662,
2022-11-13 07:10:00+00:00,0.08717,0.08761,0.08734,0.08739,1644116.2,0.087378,143659.5853236,1644116.2,143659.5853236,
2022-11-13 07:15:00+00:00,0.08685,0.0874,0.08738,0.08693,1686770.2,0.08714,146985.155228,1686770.2,146985.155228,
2022-11-13 07:20:00+00:00,0.08653,0.08696,0.08692,0.08668,2297920.8,0.086772,199395.1836576,2297920.8,199395.1836576,
2022-11-13 07:25:00+00:00,0.08664,0.08698,0.08667,0.08675,1190473.0,0.08676,103285.43748,1190473.0,103285.43748,
2022-11-13 07:30:00+00:00,0.08666,0.08732,0.08677,0.08711,1376372.3,0.086965,119696.2170695,1376372.3,119696.2170695,
2022-11-13 07:35:00+00:00,0.08678,0.08717,0.08715,0.087,1415666.6,0.087025,123198.385865,1415666.6,123198.385865,
2022-11-13 07:40:00+00:00,0.08697,0.08732,0.08703,0.08729,837755.2,0.087152,73012.0411904,837755.2,73012.0411904,
2022-11-13 07:45:00+00:00,0.08706,0.08741,0.08732,0.08728,1372945.6,0.087268,119814.2166208,1372945.6,119814.2166208,
2022-11-13 07:50:00+00:00,0.08709,0.08757,0.08728,0.08757,1198948.2,0.087378,104761.6958196,1198948.2,104761.6958196,
2022-11-13 07:55:00+00:00,0.08723,0.0876,0.0876,0.08743,1294902.7,0.087465,113258.6646555,1294902.7,113258.6646555,
2022-11-13 08:00:00+00:00,0.08722,0.08789,0.08744,0.08777,1145359.6,0.08758,100310.593768,1145359.6,100310.593768,
2022-11-13 08:05:00+00:00,0.08736,0.08778,0.08778,0.08745,857634.5,0.087592,75121.921124,857634.5,75121.921124,
2022-11-13 08:10:00+00:00,0.08712,0.08751,0.08746,0.08712,440104.8,0.087302,38422.0292496,440104.8,38422.0292496,
2022-11-13 08:15:00+00:00,0.08695,0.08715,0.08709,0.08709,678684.5,0.08707,59093.059415,678684.5,59093.059415,
2022-11-13 08:20:00+00:00,0.08671,0.08718,0.08709,0.08692,654723.2,0.086975,56944.55032,654723.2,56944.55032,
2022-11-13 08:25:00+00:00,0.08687,0.08715,0.0869,0.08701,695677.0,0.086983,60512.072491,695677.0,60512.072491,
2022-11-13 08:30:00+00:00,0.08697,0.08719,0.08702,0.08706,1066715.2,0.08706,92868.225312,1066715.2,92868.225312,
2022-11-13 08:35:00+00:00,0.08679,0.0871,0.08701,0.08682,1047027.1,0.08693,91018.065803,1047027.1,91018.065803,
2022-11-13 08:40:00+00:00,0.08649,0.08702,0.08678,0.08653,1362499.6,0.086705,118135.527818,1362499.6,118135.527818,
2022-11-13 08:45:00+00:00,0.08588,0.08677,0.08649,0.08621,2637371.1,0.086338,227705.3460318,2637371.1,227705.3460318,
2022-11-13 08:50:00+00:00,0.08588,0.08651,0.08627,0.08611,946804.3,0.086192,81606.9562256,946804.3,81606.9562256,
2022-11-13 08:55:00+00:00,0.08545,0.08636,0.0861,0.08603,3829226.6,0.085985,329256.049201,3829226.6,329256.049201,
2022-11-13 09:00:00+00:00,0.08557,0.0863,0.08604,0.08564,2596066.7,0.085887,222968.3806629,2596066.7,222968.3806629,
2022-11-13 09:05:00+00:00,0.08474,0.08592,0.08568,0.08501,8026935.0,0.085338,685002.57903,8026935.0,685002.57903,
2022-11-13 09:10:00+00:00,0.08488,0.0853,0.08501,0.08511,1692822.9,0.085075,144016.9082175,1692822.9,144016.9082175,
2022-11-13 09:15:00+00:00,0.08507,0.0858,0.08509,0.08526,2497661.2,0.085305,213062.988666,2497661.2,213062.988666,
2022-11-13 09:20:00+00:00,0.08527,0.08569,0.08532,0.08553,1635674.9,0.085452,139771.6915548,1635674.9,139771.6915548,
2022-11-13 09:25:00+00:00,0.08445,0.08554,0.08551,0.08494,4001183.5,0.08511,340540.727685,4001183.5,340540.727685,
2022-11-13 09:30:00+00:00,0.08484,0.08566,0.08492,0.08561,1633296.3,0.085258,139251.5759454,1633296.3,139251.5759454,
2022-11-13 09:35:00+00:00,0.08541,0.08581,0.08556,0.0856,1069482.3,0.085595,91542.3374685,1069482.3,91542.3374685,
2022-11-13 09:40:00+00:00,0.0855,0.0861,0.08556,0.08593,1248599.6,0.085772,107094.8848912,1248599.6,107094.8848912,
2022-11-13 09:45:00+00:00,0.08559,0.08605,0.08592,0.0856,1416286.3,0.08579,121503.201677,1416286.3,121503.201677,
2022-11-13 09:50:00+00:00,0.08551,0.0858,0.08559,0.08553,772096.1,0.085608,66097.6029288,772096.1,66097.6029288,
2022-11-13 09:55:00+00:00,0.08523,0.08572,0.08552,0.08561,781590.5,0.08552,66841.61956,781590.5,66841.61956,
2022-11-13 10:00:00+00:00,0.08544,0.0864,0.08553,0.08618,2161846.7,0.085888,185676.6893696,2161846.7,185676.6893696,
2022-11-13 10:05:00+00:00,0.08555,0.0863,0.08621,0.08555,3757281.0,0.085902,322757.952462,3757281.0,322757.952462,
2022-11-13 10:10:00+00:00,0.08501,0.08583,0.08555,0.08527,4502551.4,0.085415,384585.427831,4502551.4,384585.427831,
2022-11-13 10:15:00+00:00,0.08522,0.08576,0.08527,0.08553,5010449.7,0.085445,428117.8746165,5010449.7,428117.8746165,
2022-11-13 10:20:00+00:00,0.08556,0.08668,0.08557,0.08658,2070024.8,0.086098,178224.9952304,2070024.8,178224.9952304,
2022-11-13 10:25:00+00:00,0.08647,0.08709,0.0866,0.08685,4614705.3,0.086752,400334.9141856,4614705.3,400334.9141856,
2022-11-13 10:30:00+00:00,0.0865,0.08717,0.08685,0.0866,1908637.0,0.08678,165631.51886,1908637.0,165631.51886,
2022-11-13 10:35:00+00:00,0.08649,0.08675,0.08663,0.08666,609066.5,0.086632,52764.649028,609066.5,52764.649028,
2022-11-13 10:40:00+00:00,0.08635,0.0867,0.0867,0.08659,1160740.0,0.086585,100502.6729,1160740.0,100502.6729,
2022-11-13 10:45:00+00:00,0.08637,0.08664,0.08653,0.08658,374749.6,0.08653,32427.082888,374749.6,32427.082888,
2022-11-13 10:50:00+00:00,0.08602,0.08657,0.0865,0.08645,576877.2,0.086385,49833.536922,576877.2,49833.536922,
2022-11-13 10:55:00+00:00,0.08612,0.08667,0.08643,0.08642,950391.7,0.08641,82123.346797,950391.7,82123.346797,
2022-11-13 11:00:00+00:00,0.08604,0.0865,0.08643,0.08637,653868.4,0.086335,56451.728314,653868.4,56451.728314,
2022-11-13 11:05:00+00:00,0.08619,0.08642,0.08636,0.0864,872823.2,0.086342,75361.3007344,872823.2,75361.3007344,
2022-11-13 11:10:00+00:00,0.0863,0.0866,0.08638,0.08652,818420.6,0.08645,70752.46087,818420.6,70752.46087,
2022-11-13 11:15:00+00:00,0.08647,0.08687,0.08656,0.0866,1122096.8,0.086625,97201.6353,1122096.8,97201.6353,
2022-11-13 11:20:00+00:00,0.08651,0.08698,0.0866,0.08693,965233.9,0.086755,83738.8669945,965233.9,83738.8669945,
2022-11-13 11:25:00+00:00,0.08684,0.08738,0.08684,0.08729,2038530.1,0.087087,177529.4708187,2038530.1,177529.4708187,
2022-11-13 11:30:00+00:00,0.08701,0.08785,0.08723,0.08761,2122769.2,0.087425,185583.09731,2122769.2,185583.09731,
2022-11-13 11:35:00+00:00,0.08721,0.08762,0.08762,0.0873,1109916.1,0.087438,97048.8439518,1109916.1,97048.8439518,
2022-11-13 11:40:00+00:00,0.08715,0.08753,0.08731,0.08735,688953.9,0.087335,60169.7888565,688953.9,60169.7888565,
2022-11-13 11:45:00+00:00,0.08716,0.08763,0.08735,0.08758,1346888.3,0.08743,117758.444069,1346888.3,117758.444069,
2022-11-13 11:50:00+00:00,0.08738,0.08777,0.08758,0.0874,634846.9,0.087533,55570.0536977,634846.9,55570.0536977,
2022-11-13 11:55:00+00:00,0.08716,0.08752,0.08737,0.08724,1388377.4,0.087322,121235.8913228,1388377.4,121235.8913228,
2022-11-13 12:00:00+00:00,0.08695,0.0874,0.08723,0.08718,293583.3,0.08719,25597.527927,293583.3,25597.527927,
2022-11-13 12:05:00+00:00,0.08701,0.08744,0.08713,0.08738,2107496.7,0.08724,183858.012108,2107496.7,183858.012108,
2022-11-13 12:10:00+00:00,0.08721,0.08743,0.08735,0.08733,813276.6,0.08733,71023.445478,813276.6,71023.445478,
2022-11-13 12:15:00+00:00,0.08727,0.08875,0.08732,0.08848,3749004.1,0.087955,329743.6556155,3749004.1,329743.6556155,
2022-11-13 12:20:00+00:00,0.08761,0.08851,0.08847,0.0877,2007061.7,0.088072,176765.9380424,2007061.7,176765.9380424,
2022-11-13 12:25:00+00:00,0.08674,0.08776,0.0877,0.08702,2417528.6,0.087305,211062.334423,2417528.6,211062.334423,
2022-11-13 12:30:00+00:00,0.08677,0.08722,0.08702,0.08688,1815690.9,0.086973,157916.0846457,1815690.9,157916.0846457,
2022-11-13 12:35:00+00:00,0.08674,0.08709,0.08691,0.08688,1838712.4,0.086905,159793.301122,1838712.4,159793.301122,
2022-11-13 12:40:00+00:00,0.0865,0.08704,0.08686,0.08696,1191711.5,0.08684,103488.22666,1191711.5,103488.22666,
2022-11-13 12:45:00+00:00,0.08673,0.08707,0.08694,0.08697,1249811.6,0.086927,108642.3729532,1249811.6,108642.3729532,
2022-11-13 12:50:00+00:00,0.08685,0.08743,0.08695,0.08709,1170476.4,0.08708,101925.084912,1170476.4,101925.084912,
2022-11-13 12:55:00+00:00,0.08662,0.08738,0.08709,0.08679,1467165.9,0.08697,127599.418323,1467165.9,127599.418323,
2022-11-13 13:00:00+00:00,0.08631,0.08701,0.08674,0.08651,2909843.5,0.086643,252117.5703705,2909843.5,252117.5703705,
2022-11-13 13:05:00+00:00,0.08651,0.08708,0.08651,0.08688,1356938.6,0.086745,117707.638857,1356938.6,117707.638857,
2022-11-13 13:10:00+00:00,0.08687,0.08722,0.08687,0.08708,2903585.3,0.08701,252640.956953,2903585.3,252640.956953,
2022-11-13 13:15:00+00:00,0.08697,0.08722,0.08708,0.08722,1182047.8,0.087122,102982.3684316,1182047.8,102982.3684316,
2022-11-13 13:20:00+00:00,0.0869,0.08731,0.08723,0.08698,1389599.0,0.087105,121041.020895,1389599.0,121041.020895,
2022-11-13 13:25:00+00:00,0.08667,0.08708,0.08703,0.08692,874546.8,0.086925,76019.98059,874546.8,76019.98059,
2022-11-13 13:30:00+00:00,0.08668,0.08708,0.08698,0.08682,1209125.0,0.08689,105060.87125,1209125.0,105060.87125,
2022-11-13 13:35:00+00:00,0.08669,0.08758,0.08681,0.08748,1074827.9,0.08714,93660.503206,1074827.9,93660.503206,
2022-11-13 13:40:00+00:00,0.08727,0.08823,0.08761,0.08752,2958248.5,0.087658,259314.147013,2958248.5,259314.147013,
2022-11-13 13:45:00+00:00,0.08696,0.08769,0.08755,0.08723,1893847.2,0.087358,165442.7036976,1893847.2,165442.7036976,
2022-11-13 13:50:00+00:00,0.08708,0.08758,0.08717,0.08756,752134.3,0.087348,65697.4268364,752134.3,65697.4268364,
2022-11-13 13:55:00+00:00,0.08716,0.08767,0.08758,0.08739,1338280.6,0.08745,117032.63847,1338280.6,117032.63847,
2022-11-13 14:00:00+00:00,0.0873,0.0885,0.08735,0.08781,17813830.2,0.08774,1562985.461748,17813830.2,1562985.461748,
2022-11-13 14:05:00+00:00,0.08769,0.08815,0.08783,0.08794,7070484.6,0.087903,621516.8077938,7070484.6,621516.8077938,
2022-11-13 14:10:00+00:00,0.08793,0.08824,0.08793,0.08797,5580718.8,0.088018,491203.7073384,5580718.8,491203.7073384,
2022-11-13 14:15:00+00:00,0.08778,0.08828,0.08796,0.08793,7108194.3,0.087988,625435.8000684,7108194.3,625435.8000684,
2022-11-13 14:20:00+00:00,0.0877,0.08799,0.08793,0.08779,2122232.1,0.087852,186442.3344492,2122232.1,186442.3344492,
2022-11-13 14:25:00+00:00,0.08738,0.08796,0.08781,0.08743,4387305.3,0.087645,384525.3730185,4387305.3,384525.3730185,
2022-11-13 14:30:00+00:00,0.08727,0.08773,0.08744,0.08743,2031178.7,0.087468,177663.1385316,2031178.7,177663.1385316,
2022-11-13 14:35:00+00:00,0.0874,0.08777,0.08741,0.0875,6719307.9,0.08752,588073.827408,6719307.9,588073.827408,
2022-11-13 14:40:00+00:00,0.08681,0.08743,0.08743,0.0869,1617053.0,0.087142,140913.232526,1617053.0,140913.232526,
2022-11-13 14:45:00+00:00,0.08665,0.08718,0.08693,0.08676,2890474.4,0.08688,251124.415872,2890474.4,251124.415872,
2022-11-13 14:50:00+00:00,0.08669,0.08692,0.08678,0.08681,760275.7,0.0868,65991.93076,760275.7,65991.93076,
2022-11-13 14:55:00+00:00,0.08677,0.08715,0.08679,0.08677,1008642.1,0.08687,87620.739227,1008642.1,87620.739227,
2022-11-13 15:00:00+00:00,0.08678,0.08698,0.0868,0.08685,502436.5,0.086852,43637.614898,502436.5,43637.614898,
2022-11-13 15:05:00+00:00,0.08668,0.08731,0.08684,0.0868,1374708.0,0.086908,119473.122864,1374708.0,119473.122864,
2022-11-13 15:10:00+00:00,0.08646,0.087,0.08677,0.08649,2324965.2,0.08668,201527.983536,2324965.2,201527.983536,
2022-11-13 15:15:00+00:00,0.08647,0.08709,0.0866,0.08667,841200.1,0.086708,72938.7782708,841200.1,72938.7782708,
2022-11-13 15:20:00+00:00,0.0857,0.08674,0.08673,0.08633,2809621.5,0.086375,242681.0570625,2809621.5,242681.0570625,
2022-11-13 15:25:00+00:00,0.08599,0.08662,0.08628,0.0865,1844302.8,0.086348,159251.8581744,1844302.8,159251.8581744,
2022-11-13 15:30:00+00:00,0.08626,0.08661,0.0865,0.08658,1463106.0,0.086488,126541.111728,1463106.0,126541.111728,
2022-11-13 15:35:00+00:00,0.08627,0.08695,0.08659,0.08681,1496864.4,0.086655,129710.784582,1496864.4,129710.784582,
2022-11-13 15:40:00+00:00,0.08669,0.08699,0.08681,0.08679,1147433.3,0.08682,99620.159106,1147433.3,99620.159106,
2022-11-13 15:45:00+00:00,0.08663,0.08739,0.08679,0.08668,2389649.4,0.086872,207593.6226768,2389649.4,207593.6226768,
2022-11-13 15:50:00+00:00,0.08634,0.08672,0.08671,0.08645,1580012.0,0.086555,136757.93866,1580012.0,136757.93866,
2022-11-13 15:55:00+00:00,0.0864,0.08679,0.0864,0.08643,880432.0,0.086505,76161.77016,880432.0,76161.77016,
2022-11-13 16:00:00+00:00,0.08608,0.08676,0.08645,0.08619,3000737.4,0.08637,259173.689238,3000737.4,259173.689238,
2022-11-13 16:05:00+00:00,0.08605,0.08644,0.08622,0.08635,1856953.8,0.086265,160190.119557,1856953.8,160190.119557,
2022-11-13 16:10:00+00:00,0.08605,0.08656,0.08636,0.08616,2165278.6,0.086283,186826.7334438,2165278.6,186826.7334438,
2022-11-13 16:15:00+00:00,0.08611,0.0866,0.08618,0.08649,1164242.9,0.086345,100526.5532005,1164242.9,100526.5532005,
2022-11-13 16:20:00+00:00,0.0862,0.0866,0.0865,0.08635,1314339.6,0.086412,113574.7135152,1314339.6,113574.7135152,
2022-11-13 16:25:00+00:00,0.08614,0.08672,0.08635,0.0866,2154460.8,0.086452,186257.4450816,2154460.8,186257.4450816,
2022-11-13 16:30:00+00:00,0.08624,0.08685,0.08661,0.08636,1545705.5,0.086515,133726.7113325,1545705.5,133726.7113325,
2022-11-13 16:35:00+00:00,0.0859,0.08641,0.08635,0.0859,1528480.6,0.08614,131663.318884,1528480.6,131663.318884,
2022-11-13 16:40:00+00:00,0.08575,0.08629,0.08596,0.0862,1090177.6,0.08605,93809.78248,1090177.6,93809.78248,
2022-11-13 16:45:00+00:00,0.08607,0.08667,0.0862,0.08661,1737996.3,0.086388,150142.0243644,1737996.3,150142.0243644,
2022-11-13 16:50:00+00:00,0.08653,0.08685,0.08662,0.08654,864006.4,0.086635,74853.194464,864006.4,74853.194464,
2022-11-13 16:55:00+00:00,0.08647,0.08674,0.08655,0.08655,1167771.9,0.086578,101103.3555582,1167771.9,101103.3555582,
2022-11-13 17:00:00+00:00,0.08636,0.08663,0.08655,0.0866,939389.6,0.086535,81290.079036,939389.6,81290.079036,
2022-11-13 17:05:00+00:00,0.08618,0.0867,0.08656,0.08644,656838.3,0.08647,56796.807801,656838.3,56796.807801,
2022-11-13 17:10:00+00:00,0.08565,0.08648,0.08643,0.08569,2545514.5,0.086062,219072.068899,2545514.5,219072.068899,
2022-11-13 17:15:00+00:00,0.08528,0.0863,0.08569,0.08608,3936905.1,0.085838,337936.0599738,3936905.1,337936.0599738,
2022-11-13 17:20:00+00:00,0.08562,0.08617,0.08611,0.08567,2907599.8,0.085893,249742.4696214,2907599.8,249742.4696214,
2022-11-13 17:25:00+00:00,0.08566,0.08609,0.08566,0.08567,4793248.3,0.08577,411116.906691,4793248.3,411116.906691,
2022-11-13 17:30:00+00:00,0.08533,0.08584,0.08569,0.08572,2458183.7,0.085645,210531.1429865,2458183.7,210531.1429865,
2022-11-13 17:35:00+00:00,0.08568,0.08603,0.08571,0.08593,2253928.5,0.085838,193472.714583,2253928.5,193472.714583,
2022-11-13 17:40:00+00:00,0.08587,0.08629,0.0859,0.08607,2229324.3,0.086032,191793.2281776,2229324.3,191793.2281776,
2022-11-13 17:45:00+00:00,0.08605,0.0863,0.08607,0.08615,1612786.7,0.086142,138928.6719114,1612786.7,138928.6719114,
2022-11-13 17:50:00+00:00,0.08605,0.08632,0.08616,0.08622,1224561.2,0.086188,105542.4807056,1224561.2,105542.4807056,
2022-11-13 17:55:00+00:00,0.08605,0.08628,0.08622,0.08606,790755.1,0.086152,68125.1333752,790755.1,68125.1333752,
2022-11-13 18:00:00+00:00,0.08602,0.08635,0.08608,0.08621,3764624.6,0.086165,324378.878659,3764624.6,324378.878659,
2022-11-13 18:05:00+00:00,0.08577,0.08646,0.08624,0.08582,1638254.6,0.086072,141007.8499312,1638254.6,141007.8499312,
2022-11-13 18:10:00+00:00,0.08573,0.08613,0.08583,0.08595,2863991.4,0.08591,246045.501174,2863991.4,246045.501174,
2022-11-13 18:15:00+00:00,0.08524,0.08603,0.08597,0.0855,5132711.4,0.085685,439796.376309,5132711.4,439796.376309,
2022-11-13 18:20:00+00:00,0.08506,0.08557,0.08549,0.08541,3189582.7,0.085382,272332.9500914,3189582.7,272332.9500914,
2022-11-13 18:25:00+00:00,0.08459,0.08545,0.08536,0.08483,5740772.0,0.085058,488298.584776,5740772.0,488298.584776,
2022-11-13 18:30:00+00:00,0.0847,0.08506,0.08472,0.08491,3613609.4,0.084847,306603.9167618,3613609.4,306603.9167618,
2022-11-13 18:35:00+00:00,0.08491,0.08521,0.08491,0.08516,858333.9,0.085048,72999.5815272,858333.9,72999.5815272,
2022-11-13 18:40:00+00:00,0.08472,0.0853,0.08514,0.08526,3611709.7,0.085105,307374.5540185,3611709.7,307374.5540185,
2022-11-13 18:45:00+00:00,0.08506,0.0854,0.08526,0.08527,1188637.4,0.085248,101328.9610752,1188637.4,101328.9610752,
2022-11-13 18:50:00+00:00,0.08502,0.08531,0.08527,0.08519,1486253.0,0.085198,126625.783094,1486253.0,126625.783094,
2022-11-13 18:55:00+00:00,0.08501,0.08562,0.08515,0.0856,3454241.3,0.085345,294802.2237485,3454241.3,294802.2237485,
2022-11-13 19:00:00+00:00,0.0854,0.08572,0.08561,0.08555,1015299.5,0.08557,86879.178215,1015299.5,86879.178215,
2022-11-13 19:05:00+00:00,0.08519,0.08552,0.0855,0.08527,1644472.7,0.08537,140388.634399,1644472.7,140388.634399,
2022-11-13 19:10:00+00:00,0.08527,0.08554,0.08532,0.08536,711525.4,0.085372,60744.3464488,711525.4,60744.3464488,
2022-11-13 19:15:00+00:00,0.08494,0.08549,0.08536,0.08521,1948115.1,0.08525,166076.812275,1948115.1,166076.812275,
2022-11-13 19:20:00+00:00,0.08522,0.08561,0.08522,0.08555,1357510.8,0.0854,115931.42232,1357510.8,115931.42232,
2022-11-13 19:25:00+00:00,0.08546,0.08604,0.08555,0.08579,1341773.2,0.08571,115003.380972,1341773.2,115003.380972,
2022-11-13 19:30:00+00:00,0.08563,0.08595,0.08582,0.08574,1437434.9,0.085785,123310.3528965,1437434.9,123310.3528965,
2022-11-13 19:35:00+00:00,0.08563,0.08585,0.08568,0.08563,789732.1,0.085698,67678.4615058,789732.1,67678.4615058,
2022-11-13 19:40:00+00:00,0.08561,0.08591,0.08572,0.0857,706280.2,0.085735,60552.932947,706280.2,60552.932947,
2022-11-13 19:45:00+00:00,0.08566,0.08596,0.08573,0.08586,1494730.4,0.085802,128250.8577808,1494730.4,128250.8577808,
2022-11-13 19:50:00+00:00,0.08581,0.08616,0.08583,0.08591,3574402.4,0.085928,307141.2494272,3574402.4,307141.2494272,
2022-11-13 19:55:00+00:00,0.08571,0.08601,0.08588,0.08575,1175581.6,0.085838,100909.5733808,1175581.6,100909.5733808,
2022-11-13 20:00:00+00:00,0.08544,0.08601,0.08577,0.08571,1852422.4,0.085732,158811.8771968,1852422.4,158811.8771968,
2022-11-13 20:05:00+00:00,0.08548,0.08602,0.08568,0.08601,1193975.9,0.085798,102440.7442682,1193975.9,102440.7442682,
2022-11-13 20:10:00+00:00,0.08567,0.08612,0.08599,0.08574,1401275.6,0.08588,120341.548528,1401275.6,120341.548528,
2022-11-13 20:15:00+00:00,0.08569,0.08604,0.08572,0.08598,374637.3,0.085858,32165.6093034,374637.3,32165.6093034,
2022-11-13 20:20:00+00:00,0.08568,0.08596,0.08591,0.0857,451586.8,0.085812,38751.5664816,451586.8,38751.5664816,
2022-11-13 20:25:00+00:00,0.08543,0.08586,0.08568,0.08574,1408129.1,0.085678,120645.6850298,1408129.1,120645.6850298,
2022-11-13 20:30:00+00:00,0.08561,0.08597,0.08572,0.0857,738454.4,0.08575,63322.4648,738454.4,63322.4648,
2022-11-13 20:35:00+00:00,0.08569,0.08594,0.08576,0.08569,570888.5,0.08577,48965.106645,570888.5,48965.106645,
2022-11-13 20:40:00+00:00,0.08551,0.08581,0.08568,0.08557,1080222.1,0.085642,92512.3810882,1080222.1,92512.3810882,
2022-11-13 20:45:00+00:00,0.08521,0.08564,0.08557,0.08523,2007407.0,0.085412,171456.646684,2007407.0,171456.646684,
2022-11-13 20:50:00+00:00,0.08474,0.08528,0.08523,0.0848,1850809.5,0.085012,157341.017214,1850809.5,157341.017214,
2022-11-13 20:55:00+00:00,0.08398,0.08491,0.08483,0.08432,3798149.7,0.08451,320981.631147,3798149.7,320981.631147,
2022-11-13 21:00:00+00:00,0.08261,0.08455,0.08431,0.08295,8247966.0,0.083605,689571.19743,8247966.0,689571.19743,
2022-11-13 21:05:00+00:00,0.08299,0.08389,0.08299,0.0837,5958932.5,0.083392,496927.29904,5958932.5,496927.29904,
2022-11-13 21:10:00+00:00,0.08349,0.08386,0.08371,0.08364,3972442.6,0.083675,332394.134555,3972442.6,332394.134555,
2022-11-13 21:15:00+00:00,0.08339,0.08371,0.08363,0.08367,3809967.4,0.0836,318513.27464,3809967.4,318513.27464,
2022-11-13 21:20:00+00:00,0.08365,0.08426,0.0837,0.08406,2635750.4,0.083918,221186.9020672,2635750.4,221186.9020672,
2022-11-13 21:25:00+00:00,0.0839,0.08416,0.08406,0.08412,2906358.2,0.08406,244308.470292,2906358.2,244308.470292,
2022-11-13 21:30:00+00:00,0.08379,0.08429,0.0841,0.0838,2260721.7,0.083995,189889.3191915,2260721.7,189889.3191915,
2022-11-13 21:35:00+00:00,0.08377,0.08509,0.0838,0.08494,4466015.2,0.0844,376931.68288,4466015.2,376931.68288,
2022-11-13 21:40:00+00:00,0.0843,0.08493,0.08489,0.08441,2322876.7,0.084632,196589.7008744,2322876.7,196589.7008744,
2022-11-13 21:45:00+00:00,0.08391,0.08448,0.08444,0.08398,1422953.2,0.084202,119815.5053464,1422953.2,119815.5053464,
2022-11-13 21:50:00+00:00,0.08372,0.08412,0.08399,0.08386,2066739.8,0.083922,173444.9374956,2066739.8,173444.9374956,
2022-11-13 21:55:00+00:00,0.08367,0.08393,0.0839,0.08373,2666248.1,0.083808,223452.9207648,2666248.1,223452.9207648,
2022-11-13 22:00:00+00:00,0.08342,0.08385,0.08374,0.08371,1718388.2,0.08368,143794.724576,1718388.2,143794.724576,
2022-11-13 22:05:00+00:00,0.08368,0.08416,0.08374,0.08407,3283015.8,0.083912,275484.4218096,3283015.8,275484.4218096,
2022-11-13 22:10:00+00:00,0.08404,0.08424,0.08409,0.0842,855522.9,0.084142,71985.4078518,855522.9,71985.4078518,
2022-11-13 22:15:00+00:00,0.08373,0.08425,0.08416,0.08383,373843.4,0.083993,31400.2286962,373843.4,31400.2286962,
2022-11-13 22:20:00+00:00,0.08379,0.08425,0.0838,0.08394,495519.0,0.083945,41596.342455,495519.0,41596.342455,
2022-11-13 22:25:00+00:00,0.08391,0.08427,0.08394,0.08416,1468954.1,0.08407,123494.971187,1468954.1,123494.971187,
2022-11-13 22:30:00+00:00,0.08409,0.08455,0.08411,0.08455,438420.1,0.084325,36969.7749325,438420.1,36969.7749325,
2022-11-13 22:35:00+00:00,0.08417,0.08463,0.08456,0.08451,1968063.9,0.084468,166238.4215052,1968063.9,166238.4215052,
2022-11-13 22:40:00+00:00,0.0843,0.08462,0.08449,0.0845,1207954.5,0.084478,102045.580251,1207954.5,102045.580251,
2022-11-13 22:45:00+00:00,0.08427,0.08479,0.08448,0.08476,210427.4,0.084575,17796.897355,210427.4,17796.897355,
2022-11-13 22:50:00+00:00,0.08441,0.08473,0.08472,0.08472,942907.6,0.084645,79812.413802,942907.6,79812.413802,
2022-11-13 22:55:00+00:00,0.08454,0.08485,0.08472,0.08474,1610423.4,0.084712,136422.1870608,1610423.4,136422.1870608,
2022-11-13 23:00:00+00:00,0.08414,0.08473,0.08473,0.0844,1983336.1,0.0845,167591.90045,1983336.1,167591.90045,
2022-11-13 23:05:00+00:00,0.08407,0.08441,0.08431,0.08422,797229.5,0.084252,67168.179834,797229.5,67168.179834,
2022-11-13 23:10:00+00:00,0.08366,0.08426,0.08425,0.08383,1444653.1,0.084,121350.8604,1444653.1,121350.8604,
2022-11-13 23:15:00+00:00,0.0833,0.08381,0.08381,0.08366,1829852.5,0.083645,153058.0123625,1829852.5,153058.0123625,
2022-11-13 23:20:00+00:00,0.08366,0.08426,0.08366,0.08409,1313130.0,0.083918,110195.24334,1313130.0,110195.24334,
2022-11-13 23:25:00+00:00,0.08386,0.08429,0.08412,0.08405,986647.3,0.08408,82957.304984,986647.3,82957.304984,
2022-11-13 23:30:00+00:00,0.08369,0.0842,0.08401,0.08379,691582.5,0.083923,58039.6781475,691582.5,58039.6781475,
2022-11-13 23:35:00+00:00,0.08378,0.08435,0.08378,0.08432,663921.2,0.084058,55807.8882296,663921.2,55807.8882296,
2022-11-13 23:40:00+00:00,0.08369,0.08448,0.08432,0.08391,2444836.4,0.0841,205610.74124,2444836.4,205610.74124,
2022-11-13 23:45:00+00:00,0.08384,0.08478,0.08395,0.08461,619057.9,0.084295,52183.4856805,619057.9,52183.4856805,
2022-11-13 23:50:00+00:00,0.08441,0.08483,0.08462,0.08482,1038056.9,0.08467,87892.277723,1038056.9,87892.277723,
2022-11-13 23:55:00+00:00,0.08462,0.08527,0.08482,0.08483,2253184.3,0.084885,191261.5493055,2253184.3,191261.5493055,
2022-11-14 00:00:00+00:00,0.08445,0.08545,0.08484,0.08527,1880078.6,0.085002,159810.4411572,1880078.6,159810.4411572,
2022-11-14 00:05:00+00:00,0.08455,0.08529,0.08529,0.08488,1849302.0,0.085003,157196.217906,1849302.0,157196.217906,
2022-11-14 00:10:00+00:00,0.08483,0.08552,0.08486,0.08499,1157204.3,0.08505,98420.225715,1157204.3,98420.225715,
2022-11-14 00:15:00+00:00,0.08446,0.08507,0.08495,0.08446,657830.2,0.084735,55741.241997,657830.2,55741.241997,
2022-11-14 00:20:00+00:00,0.08054,0.0846,0.08452,0.08055,6208539.5,0.082552,512527.352804,6208539.5,512527.352804,
2022-11-14 00:25:00+00:00,0.08053,0.08246,0.08062,0.082,6112325.1,0.081402,497555.4877902,6112325.1,497555.4877902,
2022-11-14 00:30:00+00:00,0.08178,0.08277,0.08194,0.08273,3000665.8,0.082305,246969.798669,3000665.8,246969.798669,
2022-11-14 00:35:00+00:00,0.08251,0.08313,0.08271,0.08286,5334584.2,0.082802,441714.2409284,5334584.2,441714.2409284,
2022-11-14 00:40:00+00:00,0.08281,0.08331,0.08286,0.083,1678195.7,0.082995,139281.8521215,1678195.7,139281.8521215,
2022-11-14 00:45:00+00:00,0.08249,0.08318,0.083,0.08253,1991260.3,0.0828,164876.35284,1991260.3,164876.35284,
2022-11-14 00:50:00+00:00,0.08232,0.08299,0.08251,0.08282,1794249.0,0.08266,148312.62234,1794249.0,148312.62234,
2022-11-14 00:55:00+00:00,0.08263,0.083,0.08292,0.08277,1100457.1,0.08283,91150.861593,1100457.1,91150.861593,
2022-11-14 01:00:00+00:00,0.08238,0.08317,0.08273,0.08316,1630373.2,0.08286,135092.723352,1630373.2,135092.723352,
2022-11-14 01:05:00+00:00,0.08223,0.08329,0.08315,0.08235,3843520.1,0.082755,318070.5058755,3843520.1,318070.5058755,
2022-11-14 01:10:00+00:00,0.08194,0.08248,0.08235,0.08197,1382911.9,0.082185,113654.6145015,1382911.9,113654.6145015,
2022-11-14 01:15:00+00:00,0.08154,0.0822,0.08197,0.08155,2111105.6,0.081815,172720.104664,2111105.6,172720.104664,
2022-11-14 01:20:00+00:00,0.08152,0.08217,0.08153,0.08204,3238378.3,0.081815,264947.9206145,3238378.3,264947.9206145,
2022-11-14 01:25:00+00:00,0.08133,0.08223,0.08196,0.08156,3115502.3,0.08177,254754.623071,3115502.3,254754.623071,
2022-11-14 01:30:00+00:00,0.08108,0.08187,0.08158,0.08123,5337678.4,0.08144,434700.528896,5337678.4,434700.528896,
2022-11-14 01:35:00+00:00,0.08032,0.08134,0.08122,0.08061,7225407.5,0.080872,584333.15534,7225407.5,584333.15534,
2022-11-14 01:40:00+00:00,0.08,0.08085,0.08061,0.0803,9355478.0,0.08044,752554.65032,9355478.0,752554.65032,
2022-11-14 01:45:00+00:00,0.07975,0.08062,0.08029,0.07995,5574530.8,0.080152,446809.7926816,5574530.8,446809.7926816,
2022-11-14 01:50:00+00:00,0.07984,0.08108,0.07989,0.08076,6001671.2,0.080392,482486.3511104,6001671.2,482486.3511104,
2022-11-14 01:55:00+00:00,0.08074,0.08121,0.08076,0.08102,2250150.6,0.080932,182109.1883592,2250150.6,182109.1883592,
2022-11-14 02:00:00+00:00,0.08025,0.08143,0.08101,0.0804,3587508.1,0.080772,289770.2042532,3587508.1,289770.2042532,
2022-11-14 02:05:00+00:00,0.07954,0.08047,0.08042,0.07957,4621207.8,0.08,369696.624,4621207.8,369696.624,
2022-11-14 02:10:00+00:00,0.0791,0.08001,0.07956,0.07965,5564235.4,0.07958,442801.853132,5564235.4,442801.853132,
2022-11-14 02:15:00+00:00,0.07969,0.08074,0.07969,0.08044,3400290.0,0.08014,272499.2406,3400290.0,272499.2406,
2022-11-14 02:20:00+00:00,0.08039,0.08089,0.08047,0.08082,2256262.4,0.080642,181949.5124608,2256262.4,181949.5124608,
2022-11-14 02:25:00+00:00,0.08072,0.08103,0.0808,0.08078,2375720.0,0.080832,192034.19904,2375720.0,192034.19904,
2022-11-14 02:30:00+00:00,0.0808,0.08138,0.08082,0.08092,5124612.2,0.08098,414991.095956,5124612.2,414991.095956,
2022-11-14 02:35:00+00:00,0.08067,0.08123,0.08094,0.08112,1745276.8,0.08099,141349.968032,1745276.8,141349.968032,
2022-11-14 02:40:00+00:00,0.08091,0.08141,0.08109,0.08135,2061116.6,0.08119,167342.056754,2061116.6,167342.056754,
2022-11-14 02:45:00+00:00,0.08081,0.08147,0.08139,0.08123,3577954.6,0.081225,290619.362385,3577954.6,290619.362385,
2022-11-14 02:50:00+00:00,0.08112,0.08144,0.08127,0.08141,2668123.9,0.08131,216945.154309,2668123.9,216945.154309,
2022-11-14 02:55:00+00:00,0.08127,0.08229,0.08138,0.08202,1459538.9,0.08174,119302.709686,1459538.9,119302.709686,
2022-11-14 03:00:00+00:00,0.08178,0.08258,0.08193,0.08184,4865564.4,0.082033,399136.8444252,4865564.4,399136.8444252,
2022-11-14 03:05:00+00:00,0.08164,0.08201,0.0818,0.08177,1038935.7,0.081805,84990.1349385,1038935.7,84990.1349385,
2022-11-14 03:10:00+00:00,0.08166,0.08206,0.08177,0.08184,2018304.1,0.081832,165161.8611112,2018304.1,165161.8611112,
2022-11-14 03:15:00+00:00,0.0817,0.08212,0.08188,0.08173,1047328.4,0.081858,85732.2081672,1047328.4,85732.2081672,
2022-11-14 03:20:00+00:00,0.0817,0.08216,0.08173,0.08213,2149294.4,0.08193,176091.690192,2149294.4,176091.690192,
2022-11-14 03:25:00+00:00,0.08204,0.0825,0.08208,0.08237,2105309.4,0.082248,173157.4875312,2105309.4,173157.4875312,
2022-11-14 03:30:00+00:00,0.08224,0.08268,0.08239,0.08243,1145897.4,0.082435,94462.052169,1145897.4,94462.052169,
2022-11-14 03:35:00+00:00,0.08191,0.08248,0.08242,0.08201,2395651.1,0.082205,196934.4986755,2395651.1,196934.4986755,
2022-11-14 03:40:00+00:00,0.08186,0.08217,0.08201,0.08199,921432.4,0.082008,75564.8282592,921432.4,75564.8282592,
2022-11-14 03:45:00+00:00,0.08196,0.08252,0.082,0.08243,1699469.8,0.082228,139744.0027144,1699469.8,139744.0027144,
2022-11-14 03:50:00+00:00,0.08193,0.08236,0.08235,0.08211,907931.2,0.082188,74621.0494656,907931.2,74621.0494656,
2022-11-14 03:55:00+00:00,0.08169,0.08212,0.08212,0.08184,1636079.0,0.081942,134063.585418,1636079.0,134063.585418,
2022-11-14 04:00:00+00:00,0.08173,0.08212,0.08187,0.08203,4595756.0,0.081938,376567.055128,4595756.0,376567.055128,
2022-11-14 04:05:00+00:00,0.08175,0.08218,0.082,0.08181,973345.6,0.081935,79751.071736,973345.6,79751.071736,
2022-11-14 04:10:00+00:00,0.08153,0.08192,0.08182,0.08162,2690409.8,0.081722,219865.6696756,2690409.8,219865.6696756,
2022-11-14 04:15:00+00:00,0.08052,0.08171,0.08161,0.08079,5514161.8,0.081158,447518.3433644,5514161.8,447518.3433644,
2022-11-14 04:20:00+00:00,0.08053,0.08157,0.08072,0.08145,3187471.3,0.081067,258398.7358771,3187471.3,258398.7358771,
2022-11-14 04:25:00+00:00,0.08092,0.08161,0.08143,0.08092,1303452.8,0.08122,105866.436416,1303452.8,105866.436416,
2022-11-14 04:30:00+00:00,0.08092,0.08204,0.08094,0.08188,2150068.2,0.081445,175112.304549,2150068.2,175112.304549,
2022-11-14 04:35:00+00:00,0.08134,0.08196,0.0818,0.08141,1942085.0,0.081628,158528.51438,1942085.0,158528.51438,
2022-11-14 04:40:00+00:00,0.08065,0.08143,0.08141,0.08097,1910453.7,0.081115,154966.4518755,1910453.7,154966.4518755,
2022-11-14 04:45:00+00:00,0.08081,0.08149,0.08098,0.08144,1533995.6,0.08118,124529.762808,1533995.6,124529.762808,
2022-11-14 04:50:00+00:00,0.08126,0.08155,0.08142,0.08154,1882852.2,0.081442,153343.2488724,1882852.2,153343.2488724,
2022-11-14 04:55:00+00:00,0.08152,0.08188,0.08156,0.0818,1839373.8,0.08169,150258.445722,1839373.8,150258.445722,
2022-11-14 05:00:00+00:00,0.08167,0.08183,0.0818,0.08176,518761.2,0.081765,42416.509518,518761.2,42416.509518,
2022-11-14 05:05:00+00:00,0.08142,0.08199,0.08176,0.08174,1533647.6,0.081728,125341.9510528,1533647.6,125341.9510528,
2022-11-14 05:10:00+00:00,0.08145,0.08199,0.08176,0.08174,1725798.1,0.081735,141058.1077035,1725798.1,141058.1077035,
2022-11-14 05:15:00+00:00,0.08163,0.08224,0.08178,0.08204,1811820.9,0.081922,148427.9917698,1811820.9,148427.9917698,
2022-11-14 05:20:00+00:00,0.08202,0.08235,0.08204,0.0821,1525095.4,0.082128,125253.0350112,1525095.4,125253.0350112,
2022-11-14 05:25:00+00:00,0.08163,0.08218,0.08211,0.08172,1108445.1,0.08191,90792.738141,1108445.1,90792.738141,
2022-11-14 05:30:00+00:00,0.08125,0.08203,0.08173,0.0814,2091194.2,0.081602,170645.6291084,2091194.2,170645.6291084,
2022-11-14 05:35:00+00:00,0.0806,0.08147,0.08142,0.08101,1782099.2,0.081125,144572.7976,1782099.2,144572.7976,
2022-11-14 05:40:00+00:00,0.08047,0.08104,0.08098,0.08076,1461479.1,0.080812,118105.0490292,1461479.1,118105.0490292,
2022-11-14 05:45:00+00:00,0.08045,0.08117,0.08072,0.0811,1414530.0,0.08086,114378.8958,1414530.0,114378.8958,
2022-11-14 05:50:00+00:00,0.08094,0.08124,0.08104,0.081,1902100.8,0.081055,154174.780344,1902100.8,154174.780344,
2022-11-14 05:55:00+00:00,0.08077,0.08106,0.08106,0.08085,683812.8,0.080935,55344.388968,683812.8,55344.388968,
2022-11-14 06:00:00+00:00,0.08062,0.08114,0.08083,0.08111,938786.8,0.080925,75971.32179,938786.8,75971.32179,
2022-11-14 06:05:00+00:00,0.08074,0.08119,0.08105,0.08111,672057.1,0.081022,54451.4103562,672057.1,54451.4103562,
2022-11-14 06:10:00+00:00,0.08053,0.08117,0.08108,0.0806,1032798.1,0.080845,83496.5623945,1032798.1,83496.5623945,
2022-11-14 06:15:00+00:00,0.08062,0.08166,0.08066,0.08103,2471496.0,0.080992,200171.404032,2471496.0,200171.404032,
2022-11-14 06:20:00+00:00,0.08091,0.08136,0.08097,0.08136,1182043.0,0.08115,95922.78945,1182043.0,95922.78945,
2022-11-14 06:25:00+00:00,0.08123,0.08155,0.08136,0.0814,1796858.7,0.081385,146237.3452995,1796858.7,146237.3452995,
2022-11-14 06:30:00+00:00,0.08126,0.08169,0.0814,0.08168,822056.6,0.081508,67004.1893528,822056.6,67004.1893528,
2022-11-14 06:35:00+00:00,0.08151,0.08201,0.08167,0.08201,1403795.6,0.0818,114830.48008,1403795.6,114830.48008,
2022-11-14 06:40:00+00:00,0.08201,0.08597,0.08202,0.08453,8734874.1,0.083632,730514.9907312,8734874.1,730514.9907312,
2022-11-14 06:45:00+00:00,0.08367,0.08553,0.08455,0.0854,2874556.7,0.084788,243727.9134796,2874556.7,243727.9134796,
2022-11-14 06:50:00+00:00,0.08489,0.08615,0.08553,0.08553,7548662.5,0.085525,645599.3603125,7548662.5,645599.3603125,
2022-11-14 06:55:00+00:00,0.08491,0.08792,0.08542,0.08726,7833678.1,0.086378,676657.4469218,7833678.1,676657.4469218,
2022-11-14 07:00:00+00:00,0.08599,0.0884,0.08725,0.08634,7397720.1,0.086995,643564.6600995,7397720.1,643564.6600995,
2022-11-14 07:05:00+00:00,0.0855,0.08635,0.08635,0.08562,1972404.3,0.085955,169538.0116065,1972404.3,169538.0116065,
2022-11-14 07:10:00+00:00,0.08551,0.08601,0.08567,0.08572,1957631.4,0.085728,167823.8246592,1957631.4,167823.8246592,
2022-11-14 07:15:00+00:00,0.08467,0.08585,0.08572,0.08501,3446982.1,0.085313,294072.3838973,3446982.1,294072.3838973,
2022-11-14 07:20:00+00:00,0.08492,0.08593,0.08498,0.0859,3406036.5,0.085432,290984.510268,3406036.5,290984.510268,
2022-11-14 07:25:00+00:00,0.08562,0.08711,0.08583,0.08668,2044443.1,0.08631,176455.883961,2044443.1,176455.883961,
2022-11-14 07:30:00+00:00,0.08635,0.08717,0.08672,0.08659,2899890.9,0.086708,251443.7401572,2899890.9,251443.7401572,
2022-11-14 07:35:00+00:00,0.08645,0.08828,0.08656,0.08713,4468622.5,0.087105,389239.3628625,4468622.5,389239.3628625,
2022-11-14 07:40:00+00:00,0.08674,0.08748,0.08713,0.08741,3242151.7,0.08719,282683.206723,3242151.7,282683.206723,
2022-11-14 07:45:00+00:00,0.08693,0.08785,0.08741,0.08704,2994346.8,0.087308,261430.4304144,2994346.8,261430.4304144,
2022-11-14 07:50:00+00:00,0.08702,0.08779,0.08703,0.08736,3879823.2,0.0873,338708.56536,3879823.2,338708.56536,
2022-11-14 07:55:00+00:00,0.08729,0.08776,0.08738,0.08763,3327524.9,0.087515,291208.3416235,3327524.9,291208.3416235,
2022-11-14 08:00:00+00:00,0.08747,0.0885,0.08769,0.08824,4689527.2,0.087975,412561.15542,4689527.2,412561.15542,
2022-11-14 08:05:00+00:00,0.08694,0.08832,0.08826,0.08711,5950824.4,0.087658,521637.3652552,5950824.4,521637.3652552,
2022-11-14 08:10:00+00:00,0.08715,0.08808,0.08715,0.0875,3144652.6,0.08747,275062.762922,3144652.6,275062.762922,
2022-11-14 08:15:00+00:00,0.08693,0.08783,0.08755,0.08702,2575104.7,0.087332,224889.0436604,2575104.7,224889.0436604,
2022-11-14 08:20:00+00:00,0.08669,0.08728,0.08702,0.08686,2028888.0,0.086962,176436.158256,2028888.0,176436.158256,
2022-11-14 08:25:00+00:00,0.08648,0.08707,0.08683,0.08694,3928781.0,0.08683,341136.05423,3928781.0,341136.05423,
2022-11-14 08:30:00+00:00,0.08684,0.08732,0.08698,0.08705,2234117.3,0.087048,194475.4427304,2234117.3,194475.4427304,
2022-11-14 08:35:00+00:00,0.08631,0.08713,0.08709,0.08649,1546855.1,0.086755,134197.4142005,1546855.1,134197.4142005,
2022-11-14 08:40:00+00:00,0.08622,0.08712,0.08653,0.08709,2212663.2,0.08674,191926.405968,2212663.2,191926.405968,
2022-11-14 08:45:00+00:00,0.08637,0.08714,0.08708,0.0868,2023532.2,0.086848,175739.7245056,2023532.2,175739.7245056,
2022-11-14 08:50:00+00:00,0.08666,0.08725,0.0868,0.08719,1813838.5,0.086975,157758.6035375,1813838.5,157758.6035375,
2022-11-14 08:55:00+00:00,0.08715,0.08749,0.08723,0.08731,1219029.5,0.087295,106415.1802025,1219029.5,106415.1802025,
2022-11-14 09:00:00+00:00,0.08659,0.08748,0.08732,0.08679,1773713.2,0.087045,154392.865494,1773713.2,154392.865494,
2022-11-14 09:05:00+00:00,0.08635,0.0869,0.0868,0.08651,1086082.8,0.08664,94098.213792,1086082.8,94098.213792,
2022-11-14 09:10:00+00:00,0.08656,0.08677,0.08659,0.08667,1082305.7,0.086648,93779.6242936,1082305.7,93779.6242936,
2022-11-14 09:15:00+00:00,0.08586,0.08699,0.08664,0.08592,1556031.7,0.086352,134366.4493584,1556031.7,134366.4493584,
2022-11-14 09:20:00+00:00,0.08592,0.08671,0.08592,0.08646,1059236.8,0.086252,91361.2924736,1059236.8,91361.2924736,
2022-11-14 09:25:00+00:00,0.08636,0.08674,0.08642,0.08663,1205063.3,0.086537,104282.5627921,1205063.3,104282.5627921,
2022-11-14 09:30:00+00:00,0.08631,0.08705,0.08663,0.08696,1101853.3,0.086738,95572.5515354,1101853.3,95572.5515354,
2022-11-14 09:35:00+00:00,0.08684,0.0871,0.08695,0.08697,1807591.0,0.086965,157197.151315,1807591.0,157197.151315,
2022-11-14 09:40:00+00:00,0.08684,0.08732,0.08697,0.08726,2190229.2,0.087098,190764.5828616,2190229.2,190764.5828616,
2022-11-14 09:45:00+00:00,0.08701,0.08789,0.08723,0.08764,1742209.1,0.087442,152342.2481222,1742209.1,152342.2481222,
2022-11-14 09:50:00+00:00,0.08724,0.08797,0.08764,0.08769,2501515.4,0.087635,219220.302079,2501515.4,219220.302079,
2022-11-14 09:55:00+00:00,0.08759,0.0887,0.08759,0.08782,4077595.0,0.087925,358522.540375,4077595.0,358522.540375,
2022-11-14 10:00:00+00:00,0.08716,0.08856,0.08785,0.08798,2291111.3,0.087888,201361.1899344,2291111.3,201361.1899344,
2022-11-14 10:05:00+00:00,0.08736,0.08804,0.08797,0.08772,1573820.3,0.087772,138137.3553716,1573820.3,138137.3553716,
2022-11-14 10:10:00+00:00,0.08732,0.08777,0.08777,0.08734,1255614.4,0.08755,109929.04072,1255614.4,109929.04072,
2022-11-14 10:15:00+00:00,0.08726,0.08767,0.08736,0.08761,1042976.7,0.087475,91234.3868325,1042976.7,91234.3868325,
2022-11-14 10:20:00+00:00,0.08755,0.08793,0.08755,0.08774,1918641.5,0.087692,168249.510418,1918641.5,168249.510418,
2022-11-14 10:25:00+00:00,0.08776,0.08827,0.08776,0.08795,1542394.0,0.087935,135630.41639,1542394.0,135630.41639,
2022-11-14 10:30:00+00:00,0.0879,0.08834,0.0879,0.0882,2468915.8,0.088085,217474.448243,2468915.8,217474.448243,
2022-11-14 10:35:00+00:00,0.08805,0.08887,0.0882,0.08851,2674564.8,0.088408,236452.9248384,2674564.8,236452.9248384,
2022-11-14 10:40:00+00:00,0.08824,0.08853,0.08847,0.0883,793520.5,0.088385,70135.3093925,793520.5,70135.3093925,
2022-11-14 10:45:00+00:00,0.08804,0.089,0.08828,0.08829,3082847.6,0.088402,272529.8935352,3082847.6,272529.8935352,
2022-11-14 10:50:00+00:00,0.08822,0.08858,0.08834,0.08853,1322453.2,0.088418,116928.6670376,1322453.2,116928.6670376,
2022-11-14 10:55:00+00:00,0.08841,0.08885,0.08851,0.08856,1468731.7,0.088583,130104.6601811,1468731.7,130104.6601811,
2022-11-14 11:00:00+00:00,0.08827,0.08898,0.08851,0.08834,1742917.1,0.088525,154291.7362775,1742917.1,154291.7362775,
2022-11-14 11:05:00+00:00,0.08826,0.0889,0.08829,0.08859,1367714.8,0.08851,121056.436948,1367714.8,121056.436948,
2022-11-14 11:10:00+00:00,0.08839,0.08877,0.08864,0.08863,633217.2,0.088608,56108.1096576,633217.2,56108.1096576,
2022-11-14 11:15:00+00:00,0.08776,0.08894,0.08855,0.08784,2511690.6,0.088272,221711.9526432,2511690.6,221711.9526432,
2022-11-14 11:20:00+00:00,0.08759,0.08817,0.08788,0.08785,1923391.8,0.087872,169012.2842496,1923391.8,169012.2842496,
2022-11-14 11:25:00+00:00,0.08759,0.08795,0.08783,0.08791,1409454.8,0.08782,123778.320536,1409454.8,123778.320536,
2022-11-14 11:30:00+00:00,0.08752,0.08791,0.08791,0.08764,2627015.7,0.087745,230507.4925965,2627015.7,230507.4925965,
2022-11-14 11:35:00+00:00,0.08738,0.08791,0.08761,0.08749,1258958.3,0.087598,110282.2291634,1258958.3,110282.2291634,
2022-11-14 11:40:00+00:00,0.08737,0.08764,0.08743,0.08744,1183028.2,0.08747,103479.476654,1183028.2,103479.476654,
2022-11-14 11:45:00+00:00,0.08743,0.08776,0.08746,0.08752,965088.8,0.087542,84485.8037296,965088.8,84485.8037296,
2022-11-14 11:50:00+00:00,0.08739,0.08781,0.08749,0.08769,1015174.9,0.087595,88924.2453655,1015174.9,88924.2453655,
2022-11-14 11:55:00+00:00,0.08731,0.08777,0.08763,0.08733,1032767.2,0.08751,90377.457672,1032767.2,90377.457672,
2022-11-14 12:00:00+00:00,0.08678,0.08751,0.08731,0.08678,1613176.5,0.087095,140499.6072675,1613176.5,140499.6072675,
2022-11-14 12:05:00+00:00,0.08674,0.08721,0.08678,0.08691,1711694.6,0.08691,148763.377686,1711694.6,148763.377686,
2022-11-14 12:10:00+00:00,0.08691,0.08724,0.08695,0.08719,945311.5,0.087072,82310.162928,945311.5,82310.162928,
2022-11-14 12:15:00+00:00,0.08697,0.08728,0.08714,0.08711,952144.2,0.087125,82955.563425,952144.2,82955.563425,
2022-11-14 12:20:00+00:00,0.08701,0.08752,0.0871,0.0873,1085855.5,0.087232,94721.346976,1085855.5,94721.346976,
2022-11-14 12:25:00+00:00,0.08728,0.08799,0.08733,0.08773,1943832.7,0.087583,170246.6993641,1943832.7,170246.6993641,
2022-11-14 12:30:00+00:00,0.08744,0.08833,0.08772,0.08823,1224183.5,0.08793,107642.455155,1224183.5,107642.455155,
2022-11-14 12:35:00+00:00,0.08787,0.08826,0.08821,0.08797,889948.5,0.088078,78384.883983,889948.5,78384.883983,
2022-11-14 12:40:00+00:00,0.08794,0.08815,0.08794,0.08802,836076.2,0.088013,73585.5745906,836076.2,73585.5745906,
2022-11-14 12:45:00+00:00,0.08779,0.0882,0.08797,0.08792,1862161.7,0.08797,163814.364749,1862161.7,163814.364749,
2022-11-14 12:50:00+00:00,0.08789,0.08858,0.08793,0.08824,1115853.1,0.08816,98373.609296,1115853.1,98373.609296,
2022-11-14 12:55:00+00:00,0.08796,0.08844,0.08823,0.08834,1058536.7,0.088242,93407.3954814,1058536.7,93407.3954814,
2022-11-14 13:00:00+00:00,0.08813,0.08846,0.08832,0.08828,2036438.2,0.088298,179813.4201836,2036438.2,179813.4201836,
2022-11-14 13:05:00+00:00,0.08782,0.08883,0.08831,0.08791,4313964.3,0.088218,380569.3026174,4313964.3,380569.3026174,
2022-11-14 13:10:00+00:00,0.08775,0.09024,0.08792,0.08928,5491121.6,0.088798,487600.6158368,5491121.6,487600.6158368,
2022-11-14 13:15:00+00:00,0.08894,0.08954,0.08935,0.08954,4370939.2,0.089342,390508.4500064,4370939.2,390508.4500064,
2022-11-14 13:20:00+00:00,0.08926,0.09048,0.08949,0.09022,6172036.5,0.089863,554637.7159995,6172036.5,554637.7159995,
2022-11-14 13:25:00+00:00,0.08989,0.09089,0.0902,0.09079,4056122.5,0.090442,366843.831145,4056122.5,366843.831145,
2022-11-14 13:30:00+00:00,0.09019,0.09123,0.09081,0.0904,4087697.6,0.090658,370582.4890208,4087697.6,370582.4890208,
2022-11-14 13:35:00+00:00,0.08927,0.09058,0.0904,0.0898,5156274.3,0.090012,464126.5622916,5156274.3,464126.5622916,
2022-11-14 13:40:00+00:00,0.08951,0.0902,0.08979,0.08965,5374497.9,0.089787,482560.0429473,5374497.9,482560.0429473,
2022-11-14 13:45:00+00:00,0.08843,0.09031,0.08965,0.08845,4322869.4,0.08921,385643.179174,4322869.4,385643.179174,
2022-11-14 13:50:00+00:00,0.08578,0.08878,0.08841,0.0865,13490287.1,0.087368,1178619.4033528,13490287.1,1178619.4033528,
2022-11-14 13:55:00+00:00,0.08599,0.08797,0.08655,0.08731,6380835.0,0.086955,554845.507425,6380835.0,554845.507425,
2022-11-14 14:00:00+00:00,0.08678,0.08742,0.08731,0.08711,2047493.7,0.087155,178449.3134235,2047493.7,178449.3134235,
2022-11-14 14:05:00+00:00,0.08702,0.08773,0.08705,0.08744,2528681.9,0.08731,220779.216689,2528681.9,220779.216689,
2022-11-14 14:10:00+00:00,0.08697,0.08755,0.08736,0.08725,1751010.7,0.087282,152831.7159174,1751010.7,152831.7159174,
2022-11-14 14:15:00+00:00,0.08627,0.08747,0.08727,0.08638,2942249.4,0.086848,255528.4758912,2942249.4,255528.4758912,
2022-11-14 14:20:00+00:00,0.08625,0.08696,0.08641,0.08656,4199501.5,0.086545,363445.8573175,4199501.5,363445.8573175,
2022-11-14 14:25:00+00:00,0.0852,0.08672,0.08658,0.08574,6028614.3,0.08606,518822.546658,6028614.3,518822.546658,
2022-11-14 14:30:00+00:00,0.08513,0.08638,0.08582,0.08548,4373163.9,0.085702,374788.8925578,4373163.9,374788.8925578,
2022-11-14 14:35:00+00:00,0.08472,0.08558,0.08549,0.08526,5157359.7,0.085262,439726.8027414,5157359.7,439726.8027414,
2022-11-14 14:40:00+00:00,0.08485,0.08538,0.08532,0.085,2767788.6,0.085138,235643.9858268,2767788.6,235643.9858268,
2022-11-14 14:45:00+00:00,0.08476,0.08575,0.08502,0.08567,2967012.5,0.0853,253086.16625,2967012.5,253086.16625,
2022-11-14 14:50:00+00:00,0.08546,0.08591,0.08565,0.08577,1586558.9,0.085698,135964.9246122,1586558.9,135964.9246122,
2022-11-14 14:55:00+00:00,0.08578,0.08656,0.08578,0.086,5160011.5,0.08603,443915.789345,5160011.5,443915.789345,
2022-11-14 15:00:00+00:00,0.08595,0.08635,0.08602,0.08615,1311592.4,0.086118,112951.7143032,1311592.4,112951.7143032,
2022-11-14 15:05:00+00:00,0.08567,0.08617,0.08612,0.0859,2981603.0,0.085965,256313.501895,2981603.0,256313.501895,
2022-11-14 15:10:00+00:00,0.08575,0.0861,0.08587,0.08608,1751221.0,0.08595,150517.44495,1751221.0,150517.44495,
2022-11-14 15:15:00+00:00,0.08535,0.08614,0.08605,0.0855,3039783.2,0.08576,260691.807232,3039783.2,260691.807232,
2022-11-14 15:20:00+00:00,0.08513,0.0856,0.08551,0.08517,3317725.3,0.085352,283174.4898056,3317725.3,283174.4898056,
2022-11-14 15:25:00+00:00,0.08438,0.0855,0.08524,0.08484,3449345.9,0.08499,293159.908041,3449345.9,293159.908041,
2022-11-14 15:30:00+00:00,0.0846,0.08496,0.08485,0.08482,1798637.9,0.084808,152538.8830232,1798637.9,152538.8830232,
2022-11-14 15:35:00+00:00,0.08475,0.08528,0.08483,0.08502,1202384.8,0.08497,102166.636456,1202384.8,102166.636456,
2022-11-14 15:40:00+00:00,0.08491,0.08529,0.08508,0.08499,1103603.6,0.085068,93881.3510448,1103603.6,93881.3510448,
2022-11-14 15:45:00+00:00,0.08455,0.08526,0.08499,0.08487,1695285.0,0.084918,143960.21163,1695285.0,143960.21163,
2022-11-14 15:50:00+00:00,0.08478,0.08558,0.08485,0.08544,1418373.0,0.085162,120791.481426,1418373.0,120791.481426,
2022-11-14 15:55:00+00:00,0.08525,0.08553,0.0854,0.08542,1515185.0,0.0854,129396.799,1515185.0,129396.799,
2022-11-14 16:00:00+00:00,0.08497,0.08551,0.08542,0.08549,1288796.7,0.085348,109996.2207516,1288796.7,109996.2207516,
2022-11-14 16:05:00+00:00,0.0854,0.08563,0.08548,0.08545,886299.5,0.08549,75769.744255,886299.5,75769.744255,
2022-11-14 16:10:00+00:00,0.08411,0.08542,0.08539,0.08431,4140399.5,0.084808,351139.000796,4140399.5,351139.000796,
2022-11-14 16:15:00+00:00,0.0835,0.08452,0.08436,0.08377,6657282.4,0.084038,559464.6983312,6657282.4,559464.6983312,
2022-11-14 16:20:00+00:00,0.08336,0.08423,0.08379,0.08414,3232294.6,0.08388,271124.871048,3232294.6,271124.871048,
2022-11-14 16:25:00+00:00,0.08408,0.08437,0.08412,0.08437,1005519.4,0.084235,84699.926659,1005519.4,84699.926659,
2022-11-14 16:30:00+00:00,0.08396,0.08454,0.08431,0.08446,1576023.2,0.084317,132885.5481544,1576023.2,132885.5481544,
2022-11-14 16:35:00+00:00,0.08433,0.08471,0.08455,0.08444,1063673.9,0.084508,89888.9539412,1063673.9,89888.9539412,
2022-11-14 16:40:00+00:00,0.08415,0.08455,0.08441,0.08417,884275.2,0.08432,74562.084864,884275.2,74562.084864,
2022-11-14 16:45:00+00:00,0.0842,0.08483,0.0842,0.08483,2008772.0,0.084515,169771.36558,2008772.0,169771.36558,
2022-11-14 16:50:00+00:00,0.08433,0.08489,0.08483,0.08439,1870054.6,0.08461,158225.319706,1870054.6,158225.319706,
2022-11-14 16:55:00+00:00,0.08429,0.08449,0.0844,0.08437,1816104.8,0.084387,153255.6357576,1816104.8,153255.6357576,
2022-11-14 17:00:00+00:00,0.08434,0.08504,0.08434,0.08462,2165591.3,0.084585,183176.5401105,2165591.3,183176.5401105,
2022-11-14 17:05:00+00:00,0.0844,0.08515,0.08463,0.08499,3055640.8,0.084792,259093.8947136,3055640.8,259093.8947136,
2022-11-14 17:10:00+00:00,0.08484,0.08508,0.08497,0.08491,1779520.7,0.08495,151170.283465,1779520.7,151170.283465,
2022-11-14 17:15:00+00:00,0.08475,0.0851,0.08493,0.08483,1338472.7,0.084902,113639.0091754,1338472.7,113639.0091754,
2022-11-14 17:20:00+00:00,0.08457,0.085,0.08481,0.08494,987415.2,0.08483,83762.431416,987415.2,83762.431416,
2022-11-14 17:25:00+00:00,0.08479,0.08521,0.08495,0.085,1323913.5,0.084988,112516.760538,1323913.5,112516.760538,
2022-11-14 17:30:00+00:00,0.08477,0.08515,0.08504,0.0851,1553296.3,0.085015,132053.4849445,1553296.3,132053.4849445,
2022-11-14 17:35:00+00:00,0.08495,0.08556,0.08508,0.08551,1447409.7,0.085275,123427.8621675,1447409.7,123427.8621675,
2022-11-14 17:40:00+00:00,0.08513,0.08557,0.08549,0.08546,1204113.4,0.085412,102845.7337208,1204113.4,102845.7337208,
2022-11-14 17:45:00+00:00,0.08517,0.08555,0.08548,0.08525,800524.3,0.085362,68334.3552966,800524.3,68334.3552966,
2022-11-14 17:50:00+00:00,0.08483,0.08525,0.08524,0.08504,1103544.8,0.08509,93900.627032,1103544.8,93900.627032,
2022-11-14 17:55:00+00:00,0.0848,0.08504,0.085,0.08493,660283.3,0.084942,56085.7840686,660283.3,56085.7840686,
2022-11-14 18:00:00+00:00,0.08471,0.085,0.08495,0.08493,2100959.3,0.084898,178367.2426514,2100959.3,178367.2426514,
2022-11-14 18:05:00+00:00,0.08463,0.08507,0.08496,0.08495,894844.2,0.084902,75974.0622684,894844.2,75974.0622684,
2022-11-14 18:10:00+00:00,0.08479,0.08525,0.085,0.08488,1704953.2,0.08498,144886.922936,1704953.2,144886.922936,
2022-11-14 18:15:00+00:00,0.08492,0.08537,0.08494,0.08522,663240.5,0.085113,56450.3886765,663240.5,56450.3886765,
2022-11-14 18:20:00+00:00,0.08522,0.08541,0.08525,0.0854,568837.1,0.08532,48533.181372,568837.1,48533.181372,
2022-11-14 18:25:00+00:00,0.08533,0.08585,0.0854,0.08558,2887272.1,0.08554,246977.255434,2887272.1,246977.255434,
2022-11-14 18:30:00+00:00,0.08545,0.08576,0.08557,0.08555,1924837.1,0.085582,164731.4086922,1924837.1,164731.4086922,
2022-11-14 18:35:00+00:00,0.08547,0.0859,0.08551,0.08586,1191969.8,0.085685,102133.932313,1191969.8,102133.932313,
2022-11-14 18:40:00+00:00,0.0858,0.08602,0.08583,0.08587,2135920.1,0.08588,183432.818188,2135920.1,183432.818188,
2022-11-14 18:45:00+00:00,0.08577,0.08623,0.08589,0.08591,1449634.4,0.08595,124596.07668,1449634.4,124596.07668,
2022-11-14 18:50:00+00:00,0.08578,0.08597,0.0859,0.08587,785870.9,0.08588,67490.592892,785870.9,67490.592892,
2022-11-14 18:55:00+00:00,0.08566,0.08599,0.08586,0.08574,2218195.4,0.085812,190347.7836648,2218195.4,190347.7836648,
2022-11-14 19:00:00+00:00,0.08563,0.08582,0.08573,0.08576,604498.1,0.085735,51826.6446035,604498.1,51826.6446035,
2022-11-14 19:05:00+00:00,0.08538,0.08587,0.08577,0.08569,500219.7,0.085678,42857.8234566,500219.7,42857.8234566,
2022-11-14 19:10:00+00:00,0.08518,0.08566,0.08563,0.08527,967028.7,0.085435,82618.0969845,967028.7,82618.0969845,
2022-11-14 19:15:00+00:00,0.08487,0.08533,0.08531,0.08507,3464897.2,0.085145,295018.672094,3464897.2,295018.672094,
2022-11-14 19:20:00+00:00,0.08492,0.0854,0.08506,0.08533,2650654.3,0.085178,225777.4319654,2650654.3,225777.4319654,
2022-11-14 19:25:00+00:00,0.085,0.08532,0.08531,0.08523,1548496.3,0.085215,131955.1122045,1548496.3,131955.1122045,
2022-11-14 19:30:00+00:00,0.08487,0.08528,0.08525,0.08507,1507565.0,0.085118,128320.91767,1507565.0,128320.91767,
2022-11-14 19:35:00+00:00,0.08498,0.08524,0.08505,0.0852,880508.0,0.085118,74947.079944,880508.0,74947.079944,
2022-11-14 19:40:00+00:00,0.08453,0.08525,0.08518,0.08453,1978764.1,0.084872,167941.6666952,1978764.1,167941.6666952,
2022-11-14 19:45:00+00:00,0.0838,0.08467,0.08454,0.08439,2710746.4,0.08435,228651.45884,2710746.4,228651.45884,
2022-11-14 19:50:00+00:00,0.08416,0.0848,0.08445,0.08436,1776727.1,0.084442,150030.3897782,1776727.1,150030.3897782,
2022-11-14 19:55:00+00:00,0.08341,0.08442,0.08434,0.08377,3962873.6,0.083985,332821.939296,3962873.6,332821.939296,
2022-11-14 20:00:00+00:00,0.08377,0.08473,0.08378,0.0845,1883868.2,0.084195,158612.283099,1883868.2,158612.283099,
2022-11-14 20:05:00+00:00,0.08352,0.08451,0.08451,0.08374,1675002.0,0.08407,140817.41814,1675002.0,140817.41814,
2022-11-14 20:10:00+00:00,0.08357,0.08417,0.08377,0.08384,1952361.3,0.083838,163682.0666694,1952361.3,163682.0666694,
2022-11-14 20:15:00+00:00,0.08382,0.08454,0.08384,0.08444,1478105.3,0.08416,124397.342048,1478105.3,124397.342048,
2022-11-14 20:20:00+00:00,0.08408,0.08452,0.08452,0.08436,5115463.0,0.08437,431591.61331,5115463.0,431591.61331,
2022-11-14 20:25:00+00:00,0.08419,0.08454,0.08435,0.08454,1647518.0,0.084405,139058.75679,1647518.0,139058.75679,
2022-11-14 20:30:00+00:00,0.08452,0.08513,0.08455,0.08476,2324007.8,0.08474,196936.420972,2324007.8,196936.420972,
2022-11-14 20:35:00+00:00,0.08467,0.085,0.08471,0.08493,780155.1,0.084828,66178.9968228,780155.1,66178.9968228,
2022-11-14 20:40:00+00:00,0.08455,0.08491,0.08489,0.08463,1133401.9,0.084745,96050.1440155,1133401.9,96050.1440155,
2022-11-14 20:45:00+00:00,0.08404,0.08463,0.08462,0.08428,1886911.6,0.084393,159242.1306588,1886911.6,159242.1306588,
2022-11-14 20:50:00+00:00,0.08409,0.08447,0.0843,0.08424,1453205.6,0.084275,122468.90194,1453205.6,122468.90194,
2022-11-14 20:55:00+00:00,0.08404,0.0845,0.08425,0.08445,1845184.5,0.08431,155567.505195,1845184.5,155567.505195,
2022-11-14 21:00:00+00:00,0.08432,0.08477,0.08447,0.0845,1457129.2,0.084515,123149.274338,1457129.2,123149.274338,
2022-11-14 21:05:00+00:00,0.08427,0.08463,0.08449,0.08443,1264907.2,0.084455,106827.737576,1264907.2,106827.737576,
2022-11-14 21:10:00+00:00,0.08411,0.08464,0.08443,0.08452,696758.5,0.084425,58823.8363625,696758.5,58823.8363625,
2022-11-14 21:15:00+00:00,0.08449,0.08496,0.08449,0.08483,870852.4,0.084692,73754.2314608,870852.4,73754.2314608,
2022-11-14 21:20:00+00:00,0.08475,0.08499,0.08483,0.08488,2701119.3,0.084863,229225.0871559,2701119.3,229225.0871559,
2022-11-14 21:25:00+00:00,0.08475,0.08499,0.08487,0.08482,1068844.8,0.084858,90700.0320384,1068844.8,90700.0320384,
2022-11-14 21:30:00+00:00,0.08475,0.08523,0.08482,0.08483,1441264.6,0.084908,122374.8946568,1441264.6,122374.8946568,
2022-11-14 21:35:00+00:00,0.08482,0.08502,0.08486,0.08493,999757.3,0.084908,84887.3928284,999757.3,84887.3928284,
2022-11-14 21:40:00+00:00,0.08487,0.0851,0.08492,0.08505,1172781.3,0.084985,99668.8187805,1172781.3,99668.8187805,
2022-11-14 21:45:00+00:00,0.08475,0.08504,0.08504,0.08494,568916.8,0.084942,48324.9308256,568916.8,48324.9308256,
2022-11-14 21:50:00+00:00,0.08478,0.08533,0.08493,0.08526,697790.5,0.085075,59364.5267875,697790.5,59364.5267875,
2022-11-14 21:55:00+00:00,0.08515,0.08539,0.08527,0.0852,1700906.6,0.085252,145005.6894632,1700906.6,145005.6894632,
2022-11-14 22:00:00+00:00,0.08503,0.0855,0.08517,0.08536,1576927.1,0.085265,134456.6891815,1576927.1,134456.6891815,
2022-11-14 22:05:00+00:00,0.08513,0.0854,0.08534,0.08513,1910327.7,0.08525,162855.436425,1910327.7,162855.436425,
2022-11-14 22:10:00+00:00,0.08504,0.08524,0.08515,0.08512,1018322.1,0.085138,86697.9069498,1018322.1,86697.9069498,
2022-11-14 22:15:00+00:00,0.08499,0.08518,0.08513,0.08503,759047.8,0.085082,64581.3049196,759047.8,64581.3049196,
2022-11-14 22:20:00+00:00,0.08489,0.08506,0.08503,0.08504,426222.2,0.085005,36231.018111,426222.2,36231.018111,
2022-11-14 22:25:00+00:00,0.08478,0.08504,0.08501,0.08497,470480.7,0.08495,39967.335465,470480.7,39967.335465,
2022-11-14 22:30:00+00:00,0.08457,0.08504,0.08494,0.08479,1967973.0,0.084835,166952.989455,1967973.0,166952.989455,
2022-11-14 22:35:00+00:00,0.08459,0.08481,0.08476,0.08481,1537218.0,0.084742,130266.927756,1537218.0,130266.927756,
2022-11-14 22:40:00+00:00,0.08454,0.08481,0.08481,0.08454,528351.0,0.084675,44738.120925,528351.0,44738.120925,
2022-11-14 22:45:00+00:00,0.08442,0.08524,0.08457,0.08513,976322.3,0.08484,82831.183932,976322.3,82831.183932,
2022-11-14 22:50:00+00:00,0.08492,0.08527,0.08513,0.08509,613122.3,0.085102,52177.9339746,613122.3,52177.9339746,
2022-11-14 22:55:00+00:00,0.08498,0.08521,0.08508,0.08507,1001669.5,0.085085,85227.0494075,1001669.5,85227.0494075,
2022-11-14 23:00:00+00:00,0.08505,0.08554,0.08508,0.08524,1614582.3,0.085228,137607.6202644,1614582.3,137607.6202644,
2022-11-14 23:05:00+00:00,0.08526,0.0862,0.08526,0.08597,2096493.4,0.085672,179610.7825648,2096493.4,179610.7825648,
2022-11-14 23:10:00+00:00,0.08579,0.086,0.08599,0.08591,1451340.3,0.085922,124702.0612566,1451340.3,124702.0612566,
2022-11-14 23:15:00+00:00,0.08587,0.08662,0.08588,0.08629,2660987.8,0.086165,229284.013787,2660987.8,229284.013787,
2022-11-14 23:20:00+00:00,0.0861,0.08647,0.08627,0.08619,992169.5,0.086258,85582.556731,992169.5,85582.556731,
2022-11-14 23:25:00+00:00,0.08615,0.0864,0.08621,0.08634,1166868.4,0.086275,100671.57121,1166868.4,100671.57121,
2022-11-14 23:30:00+00:00,0.08633,0.08665,0.08636,0.08659,1554289.0,0.086482,134418.021298,1554289.0,134418.021298,
2022-11-14 23:35:00+00:00,0.08608,0.08675,0.08658,0.08621,1676981.4,0.086405,144899.577867,1676981.4,144899.577867,
2022-11-14 23:40:00+00:00,0.08604,0.08632,0.08619,0.08622,575289.8,0.086192,49585.3784416,575289.8,49585.3784416,
2022-11-14 23:45:00+00:00,0.08559,0.08633,0.08625,0.08567,1797793.9,0.08596,154538.363644,1797793.9,154538.363644,
2022-11-14 23:50:00+00:00,0.08531,0.0858,0.08566,0.08576,1374268.8,0.085632,117681.3858816,1374268.8,117681.3858816,
2022-11-14 23:55:00+00:00,0.08543,0.08582,0.08577,0.0858,790758.0,0.085705,67771.91439,790758.0,67771.91439,
2022-11-15 00:00:00+00:00,0.08556,0.08646,0.0858,0.08625,1759454.8,0.086018,151344.7829864,1759454.8,151344.7829864,
2022-11-15 00:05:00+00:00,0.08565,0.08632,0.08624,0.08608,1927981.1,0.086072,165945.1892392,1927981.1,165945.1892392,
2022-11-15 00:10:00+00:00,0.08573,0.08641,0.08608,0.08575,3108463.3,0.085992,267302.9760936,3108463.3,267302.9760936,
2022-11-15 00:15:00+00:00,0.08528,0.08592,0.08579,0.08566,1254547.2,0.085662,107467.0222464,1254547.2,107467.0222464,
2022-11-15 00:20:00+00:00,0.08568,0.08607,0.08572,0.08598,922015.6,0.085862,79166.1034472,922015.6,79166.1034472,
2022-11-15 00:25:00+00:00,0.08592,0.08624,0.08596,0.08603,2322040.3,0.086038,199783.7033314,2322040.3,199783.7033314,
2022-11-15 00:30:00+00:00,0.08546,0.0864,0.08602,0.08585,1281512.4,0.085932,110122.9235568,1281512.4,110122.9235568,
2022-11-15 00:35:00+00:00,0.08553,0.08635,0.08587,0.08575,2383647.3,0.085875,204695.7118875,2383647.3,204695.7118875,
2022-11-15 00:40:00+00:00,0.08547,0.08609,0.08573,0.08556,1378379.0,0.085712,118143.620848,1378379.0,118143.620848,
2022-11-15 00:45:00+00:00,0.08549,0.08582,0.08558,0.08561,1184829.9,0.085625,101451.0601875,1184829.9,101451.0601875,
2022-11-15 00:50:00+00:00,0.08508,0.08588,0.08562,0.08522,2271611.6,0.08545,194109.21122,2271611.6,194109.21122,
2022-11-15 00:55:00+00:00,0.08507,0.08538,0.08525,0.08534,1598885.4,0.08526,136320.969204,1598885.4,136320.969204,
2022-11-15 01:00:00+00:00,0.08469,0.08542,0.08538,0.08526,2033996.2,0.085188,173272.0682856,2033996.2,173272.0682856,
2022-11-15 01:05:00+00:00,0.0852,0.08571,0.08528,0.08564,1284173.0,0.085457,109741.572061,1284173.0,109741.572061,
2022-11-15 01:10:00+00:00,0.08556,0.08572,0.0856,0.08565,1050432.5,0.085632,89950.63584,1050432.5,89950.63584,
2022-11-15 01:15:00+00:00,0.08559,0.08624,0.08563,0.08624,1327102.8,0.085925,114031.30809,1327102.8,114031.30809,
2022-11-15 01:20:00+00:00,0.08621,0.0866,0.08625,0.0866,2126535.3,0.086415,183764.5479495,2126535.3,183764.5479495,
2022-11-15 01:25:00+00:00,0.08655,0.08701,0.08656,0.0867,2989897.8,0.086705,259239.088749,2989897.8,259239.088749,
2022-11-15 01:30:00+00:00,0.08632,0.08671,0.08669,0.08649,1800976.8,0.086552,155878.1439936,1800976.8,155878.1439936,
2022-11-15 01:35:00+00:00,0.08619,0.08668,0.0865,0.08664,1249168.3,0.086502,108055.5562866,1249168.3,108055.5562866,
2022-11-15 01:40:00+00:00,0.08632,0.08701,0.08662,0.08672,3467313.0,0.086668,300505.083084,3467313.0,300505.083084,
2022-11-15 01:45:00+00:00,0.08641,0.08723,0.08672,0.08683,2791935.5,0.086798,242334.417529,2791935.5,242334.417529,
2022-11-15 01:50:00+00:00,0.08654,0.08689,0.08684,0.08681,1943476.4,0.08677,168635.447228,1943476.4,168635.447228,
2022-11-15 01:55:00+00:00,0.08644,0.08683,0.08678,0.08649,1308562.0,0.086635,113367.26887,1308562.0,113367.26887,
2022-11-15 02:00:00+00:00,0.0863,0.08712,0.08649,0.08712,1545081.7,0.086757,134046.6530469,1545081.7,134046.6530469,
2022-11-15 02:05:00+00:00,0.08669,0.0871,0.08709,0.08684,941556.0,0.08693,81849.46308,941556.0,81849.46308,
2022-11-15 02:10:00+00:00,0.08676,0.08712,0.08685,0.08712,1186231.9,0.086962,103157.0984878,1186231.9,103157.0984878,
2022-11-15 02:15:00+00:00,0.0867,0.08717,0.08713,0.08684,855945.4,0.08696,74433.011984,855945.4,74433.011984,
2022-11-15 02:20:00+00:00,0.08667,0.08692,0.08679,0.08686,510141.8,0.08681,44285.409658,510141.8,44285.409658,
2022-11-15 02:25:00+00:00,0.08665,0.08701,0.08692,0.08666,680362.7,0.08681,59062.285987,680362.7,59062.285987,
2022-11-15 02:30:00+00:00,0.08665,0.08725,0.08667,0.08697,1859140.4,0.086885,161531.413654,1859140.4,161531.413654,
2022-11-15 02:35:00+00:00,0.08688,0.08727,0.08697,0.0872,1210098.2,0.08708,105375.351256,1210098.2,105375.351256,
2022-11-15 02:40:00+00:00,0.08666,0.08719,0.08719,0.08668,1091899.8,0.08693,94918.849614,1091899.8,94918.849614,
2022-11-15 02:45:00+00:00,0.08642,0.08681,0.08668,0.08669,1078945.5,0.08665,93490.627575,1078945.5,93490.627575,
2022-11-15 02:50:00+00:00,0.08653,0.08674,0.08669,0.08653,397878.1,0.086622,34464.9967782,397878.1,34464.9967782,
2022-11-15 02:55:00+00:00,0.08654,0.08687,0.08654,0.08676,708340.2,0.086678,61397.5118556,708340.2,61397.5118556,
2022-11-15 03:00:00+00:00,0.08677,0.08763,0.08678,0.08734,1371941.1,0.08713,119537.228043,1371941.1,119537.228043,
2022-11-15 03:05:00+00:00,0.08718,0.08764,0.08734,0.08751,1865381.7,0.087418,163067.9374506,1865381.7,163067.9374506,
2022-11-15 03:10:00+00:00,0.08702,0.08748,0.08748,0.0873,1242763.4,0.08732,108518.100088,1242763.4,108518.100088,
2022-11-15 03:15:00+00:00,0.08709,0.08735,0.08731,0.08721,1016148.2,0.08724,88648.768968,1016148.2,88648.768968,
2022-11-15 03:20:00+00:00,0.08666,0.0872,0.08718,0.08681,707645.6,0.086962,61538.2766672,707645.6,61538.2766672,
2022-11-15 03:25:00+00:00,0.0868,0.08701,0.0868,0.087,785877.7,0.086902,68294.3438854,785877.7,68294.3438854,
2022-11-15 03:30:00+00:00,0.08687,0.08737,0.08696,0.08722,1083866.9,0.087105,94410.2263245,1083866.9,94410.2263245,
2022-11-15 03:35:00+00:00,0.08701,0.08737,0.08723,0.08711,456146.4,0.08718,39766.843152,456146.4,39766.843152,
2022-11-15 03:40:00+00:00,0.08698,0.08714,0.08711,0.08699,747773.7,0.087055,65097.4394535,747773.7,65097.4394535,
2022-11-15 03:45:00+00:00,0.08651,0.08719,0.08696,0.08659,846689.4,0.086812,73502.8001928,846689.4,73502.8001928,
2022-11-15 03:50:00+00:00,0.08647,0.08671,0.08665,0.08651,1163306.4,0.086585,100724.884644,1163306.4,100724.884644,
2022-11-15 03:55:00+00:00,0.08652,0.0867,0.08653,0.08663,841109.8,0.086595,72835.903131,841109.8,72835.903131,
2022-11-15 04:00:00+00:00,0.08624,0.08665,0.08663,0.08636,1744747.9,0.08647,150868.350913,1744747.9,150868.350913,
2022-11-15 04:05:00+00:00,0.08635,0.08672,0.08638,0.08649,680629.0,0.086485,58864.199065,680629.0,58864.199065,
2022-11-15 04:10:00+00:00,0.08646,0.08673,0.08652,0.08664,1644310.3,0.086588,142377.5402564,1644310.3,142377.5402564,
2022-11-15 04:15:00+00:00,0.08649,0.0867,0.08666,0.08662,894469.8,0.086618,77477.1851364,894469.8,77477.1851364,
2022-11-15 04:20:00+00:00,0.0863,0.08667,0.08662,0.08645,1044775.5,0.08651,90383.528505,1044775.5,90383.528505,
2022-11-15 04:25:00+00:00,0.08628,0.0866,0.08646,0.08641,1203947.0,0.086438,104066.770786,1203947.0,104066.770786,
2022-11-15 04:30:00+00:00,0.08628,0.08645,0.08641,0.0864,536240.5,0.086385,46323.1355925,536240.5,46323.1355925,
2022-11-15 04:35:00+00:00,0.0864,0.08661,0.08646,0.08644,746558.8,0.086478,64560.9119064,746558.8,64560.9119064,
2022-11-15 04:40:00+00:00,0.08645,0.08665,0.08645,0.08653,298841.1,0.08652,25855.731972,298841.1,25855.731972,
2022-11-15 04:45:00+00:00,0.0865,0.08669,0.08658,0.08663,250379.9,0.0866,21682.89934,250379.9,21682.89934,
2022-11-15 04:50:00+00:00,0.08643,0.08668,0.08661,0.08653,1934341.1,0.086562,167440.4342982,1934341.1,167440.4342982,
2022-11-15 04:55:00+00:00,0.08652,0.08679,0.08652,0.0867,2067735.7,0.086632,179132.0791624,2067735.7,179132.0791624,
2022-11-15 05:00:00+00:00,0.08665,0.08715,0.08673,0.08715,896453.7,0.08692,77919.755604,896453.7,77919.755604,
2022-11-15 05:05:00+00:00,0.08628,0.08715,0.08715,0.08669,899204.7,0.086818,78067.1536446,899204.7,78067.1536446,
2022-11-15 05:10:00+00:00,0.08647,0.0867,0.0867,0.08653,533796.5,0.0866,46226.7769,533796.5,46226.7769,
2022-11-15 05:15:00+00:00,0.08636,0.08686,0.08651,0.08674,312069.6,0.086618,27030.8446128,312069.6,27030.8446128,
2022-11-15 05:20:00+00:00,0.08652,0.08676,0.08674,0.08671,689866.8,0.086682,59799.0339576,689866.8,59799.0339576,
2022-11-15 05:25:00+00:00,0.08638,0.08671,0.08666,0.08639,515489.2,0.086535,44607.857922,515489.2,44607.857922,
2022-11-15 05:30:00+00:00,0.08573,0.08649,0.08643,0.08577,1984274.9,0.086105,170855.9902645,1984274.9,170855.9902645,
2022-11-15 05:35:00+00:00,0.08579,0.08613,0.08579,0.08598,924640.0,0.085922,79446.91808,924640.0,79446.91808,
2022-11-15 05:40:00+00:00,0.08575,0.08606,0.08593,0.08593,1207635.8,0.085918,103757.6526644,1207635.8,103757.6526644,
2022-11-15 05:45:00+00:00,0.08589,0.08633,0.08592,0.08632,475899.3,0.086115,40982.0682195,475899.3,40982.0682195,
2022-11-15 05:50:00+00:00,0.0859,0.08632,0.08632,0.08609,242004.4,0.086158,20850.6150952,242004.4,20850.6150952,
2022-11-15 05:55:00+00:00,0.08587,0.08625,0.08614,0.08604,445352.5,0.086075,38333.7164375,445352.5,38333.7164375,
2022-11-15 06:00:00+00:00,0.08596,0.08629,0.08604,0.08628,407840.4,0.086143,35132.5955772,407840.4,35132.5955772,
2022-11-15 06:05:00+00:00,0.08607,0.08647,0.08625,0.08621,807056.6,0.08625,69608.63175,807056.6,69608.63175,
2022-11-15 06:10:00+00:00,0.08613,0.08637,0.08626,0.08634,396979.3,0.086275,34249.3891075,396979.3,34249.3891075,
2022-11-15 06:15:00+00:00,0.08635,0.08657,0.08635,0.08646,730416.1,0.086432,63131.3243552,730416.1,63131.3243552,
2022-11-15 06:20:00+00:00,0.08613,0.08647,0.08647,0.08634,905296.6,0.086352,78174.1720032,905296.6,78174.1720032,
2022-11-15 06:25:00+00:00,0.08616,0.08656,0.08631,0.08655,719975.9,0.086395,62202.3178805,719975.9,62202.3178805,
2022-11-15 06:30:00+00:00,0.08633,0.08672,0.08657,0.08661,553708.4,0.086558,47927.8916872,553708.4,47927.8916872,
2022-11-15 06:35:00+00:00,0.08629,0.08659,0.08654,0.08633,441115.8,0.086438,38129.1675204,441115.8,38129.1675204,
2022-11-15 06:40:00+00:00,0.08628,0.08649,0.08632,0.08639,251377.6,0.08637,21711.483312,251377.6,21711.483312,
2022-11-15 06:45:00+00:00,0.08614,0.08651,0.08637,0.08625,506756.0,0.086318,43742.164408,506756.0,43742.164408,
2022-11-15 06:50:00+00:00,0.08626,0.08636,0.08629,0.08633,189009.4,0.08631,16313.401314,189009.4,16313.401314,
2022-11-15 06:55:00+00:00,0.08627,0.08663,0.08631,0.08663,565154.4,0.08646,48863.249424,565154.4,48863.249424,
2022-11-15 07:00:00+00:00,0.08637,0.08674,0.08658,0.08645,1281865.6,0.086535,110926.239696,1281865.6,110926.239696,
2022-11-15 07:05:00+00:00,0.08642,0.0868,0.08646,0.08669,498402.2,0.086592,43157.6433024,498402.2,43157.6433024,
2022-11-15 07:10:00+00:00,0.08667,0.08731,0.0867,0.0872,1976315.0,0.08697,171880.11555,1976315.0,171880.11555,
2022-11-15 07:15:00+00:00,0.08704,0.0877,0.0872,0.08755,2280387.9,0.087372,199242.0515988,2280387.9,199242.0515988,
2022-11-15 07:20:00+00:00,0.08718,0.08752,0.08749,0.08729,1338825.1,0.08737,116973.148987,1338825.1,116973.148987,
2022-11-15 07:25:00+00:00,0.08692,0.08737,0.08729,0.08705,2356039.3,0.087158,205347.6733094,2356039.3,205347.6733094,
2022-11-15 07:30:00+00:00,0.08695,0.08763,0.08706,0.08752,1607762.0,0.08729,140341.54498,1607762.0,140341.54498,
2022-11-15 07:35:00+00:00,0.08742,0.08775,0.08751,0.08742,1722987.6,0.087525,150804.48969,1722987.6,150804.48969,
2022-11-15 07:40:00+00:00,0.08732,0.08784,0.08742,0.08765,1987332.5,0.087558,174006.859035,1987332.5,174006.859035,
2022-11-15 07:45:00+00:00,0.08738,0.08775,0.08759,0.08766,1314649.0,0.087595,115156.679155,1314649.0,115156.679155,
2022-11-15 07:50:00+00:00,0.08725,0.08769,0.08769,0.08737,806296.1,0.0875,70550.90875,806296.1,70550.90875,
2022-11-15 07:55:00+00:00,0.08732,0.08799,0.08732,0.0879,1848260.6,0.087632,161966.7728992,1848260.6,161966.7728992,
2022-11-15 08:00:00+00:00,0.0876,0.08807,0.0879,0.08766,1304484.6,0.087808,114544.1837568,1304484.6,114544.1837568,
2022-11-15 08:05:00+00:00,0.08757,0.08781,0.08767,0.08761,556929.6,0.087665,48823.233384,556929.6,48823.233384,
2022-11-15 08:10:00+00:00,0.08758,0.08807,0.0876,0.0877,1334359.8,0.087738,117074.0601324,1334359.8,117074.0601324,
2022-11-15 08:15:00+00:00,0.08761,0.08801,0.08769,0.08787,813493.0,0.087795,71420.617935,813493.0,71420.617935,
2022-11-15 08:20:00+00:00,0.08778,0.08829,0.08786,0.08797,2592060.6,0.087975,228036.531285,2592060.6,228036.531285,
2022-11-15 08:25:00+00:00,0.08786,0.08812,0.08798,0.08794,1571685.7,0.087975,138269.0494575,1571685.7,138269.0494575,
2022-11-15 08:30:00+00:00,0.08756,0.08801,0.08795,0.0877,1313047.4,0.087805,115292.126957,1313047.4,115292.126957,
2022-11-15 08:35:00+00:00,0.08751,0.08774,0.08765,0.08766,1101370.4,0.08764,96524.101856,1101370.4,96524.101856,
2022-11-15 08:40:00+00:00,0.08745,0.08776,0.08766,0.08752,677351.7,0.087598,59334.6542166,677351.7,59334.6542166,
2022-11-15 08:45:00+00:00,0.08751,0.08783,0.08756,0.08774,586024.8,0.08766,51370.933968,586024.8,51370.933968,
2022-11-15 08:50:00+00:00,0.08746,0.08785,0.08776,0.08758,1370818.2,0.087662,120168.6650484,1370818.2,120168.6650484,
2022-11-15 08:55:00+00:00,0.08752,0.08772,0.08759,0.08761,473293.2,0.08761,41465.217252,473293.2,41465.217252,
2022-11-15 09:00:00+00:00,0.08739,0.08765,0.08761,0.08747,454116.8,0.08753,39748.843504,454116.8,39748.843504,
2022-11-15 09:05:00+00:00,0.08742,0.0877,0.08744,0.08757,520257.6,0.087532,45539.1882432,520257.6,45539.1882432,
2022-11-15 09:10:00+00:00,0.08748,0.08772,0.08756,0.08756,908687.0,0.08758,79582.80746,908687.0,79582.80746,
2022-11-15 09:15:00+00:00,0.08732,0.08754,0.08754,0.08737,882081.9,0.087442,77131.0054998,882081.9,77131.0054998,
2022-11-15 09:20:00+00:00,0.0864,0.08759,0.08735,0.08683,2234665.9,0.087043,194512.0239337,2234665.9,194512.0239337,
2022-11-15 09:25:00+00:00,0.08655,0.08709,0.08686,0.08694,1500008.7,0.08686,130290.755682,1500008.7,130290.755682,
2022-11-15 09:30:00+00:00,0.08648,0.08701,0.08689,0.08666,1620748.6,0.08676,140616.148536,1620748.6,140616.148536,
2022-11-15 09:35:00+00:00,0.08644,0.08692,0.08659,0.08652,1614086.5,0.086618,139808.944457,1614086.5,139808.944457,
2022-11-15 09:40:00+00:00,0.0865,0.08674,0.08651,0.08654,2457782.9,0.086573,212777.6390017,2457782.9,212777.6390017,
2022-11-15 09:45:00+00:00,0.0865,0.08684,0.08656,0.08657,1607420.2,0.086618,139231.5228836,1607420.2,139231.5228836,
2022-11-15 09:50:00+00:00,0.08661,0.08744,0.08665,0.08719,1407203.5,0.086973,122388.7100055,1407203.5,122388.7100055,
2022-11-15 09:55:00+00:00,0.08711,0.08735,0.08712,0.08722,492024.0,0.0872,42904.4928,492024.0,42904.4928,
2022-11-15 10:00:00+00:00,0.08707,0.08749,0.0872,0.0872,690105.5,0.08724,60204.80382,690105.5,60204.80382,
2022-11-15 10:05:00+00:00,0.08676,0.08723,0.08717,0.08689,730683.1,0.087012,63578.1978972,730683.1,63578.1978972,
2022-11-15 10:10:00+00:00,0.08685,0.0871,0.08689,0.08708,560018.5,0.08698,48710.40913,560018.5,48710.40913,
2022-11-15 10:15:00+00:00,0.08702,0.08756,0.08707,0.08743,1065759.3,0.08727,93008.814111,1065759.3,93008.814111,
2022-11-15 10:20:00+00:00,0.08728,0.0875,0.08739,0.08729,399758.8,0.087365,34924.927562,399758.8,34924.927562,
2022-11-15 10:25:00+00:00,0.08717,0.0874,0.08732,0.08728,562291.9,0.087292,49083.5845348,562291.9,49083.5845348,
2022-11-15 10:30:00+00:00,0.08708,0.08743,0.08728,0.08717,526889.9,0.08724,45965.874876,526889.9,45965.874876,
2022-11-15 10:35:00+00:00,0.08719,0.08765,0.08719,0.08756,915618.0,0.087397,80022.266346,915618.0,80022.266346,
2022-11-15 10:40:00+00:00,0.08749,0.08771,0.08755,0.08756,896476.5,0.087578,78511.618917,896476.5,78511.618917,
2022-11-15 10:45:00+00:00,0.08745,0.08776,0.08754,0.08753,667095.3,0.08757,58417.535421,667095.3,58417.535421,
2022-11-15 10:50:00+00:00,0.08734,0.08758,0.08753,0.08744,545135.9,0.087472,47684.1274448,545135.9,47684.1274448,
2022-11-15 10:55:00+00:00,0.08743,0.0876,0.08747,0.0875,505677.3,0.0875,44246.76375,505677.3,44246.76375,
2022-11-15 11:00:00+00:00,0.08738,0.08786,0.08754,0.08786,652723.4,0.08766,57217.733244,652723.4,57217.733244,
2022-11-15 11:05:00+00:00,0.08736,0.08789,0.08785,0.08744,1651056.8,0.087635,144690.362668,1651056.8,144690.362668,
2022-11-15 11:10:00+00:00,0.08689,0.08751,0.08748,0.08705,958840.4,0.087232,83641.5657728,958840.4,83641.5657728,
2022-11-15 11:15:00+00:00,0.08618,0.08723,0.08705,0.08654,1908756.8,0.08675,165584.6524,1908756.8,165584.6524,
2022-11-15 11:20:00+00:00,0.08622,0.08668,0.08655,0.08634,1527653.8,0.086448,132062.6157024,1527653.8,132062.6157024,
2022-11-15 11:25:00+00:00,0.08635,0.08673,0.08636,0.08657,903257.1,0.086502,78133.5456642,903257.1,78133.5456642,
2022-11-15 11:30:00+00:00,0.08656,0.08689,0.08656,0.08684,724300.6,0.086712,62805.5536272,724300.6,62805.5536272,
2022-11-15 11:35:00+00:00,0.08653,0.08682,0.08682,0.08655,425963.6,0.08668,36922.524848,425963.6,36922.524848,
2022-11-15 11:40:00+00:00,0.08652,0.08682,0.08658,0.08671,732077.0,0.086658,63440.328666,732077.0,63440.328666,
2022-11-15 11:45:00+00:00,0.08665,0.08698,0.08669,0.08685,679105.7,0.086792,58940.9419144,679105.7,58940.9419144,
2022-11-15 11:50:00+00:00,0.0868,0.08699,0.08682,0.08686,525909.4,0.086868,45684.6977592,525909.4,45684.6977592,
2022-11-15 11:55:00+00:00,0.08682,0.08706,0.08689,0.08689,437468.4,0.086915,38022.565986,437468.4,38022.565986,
2022-11-15 12:00:00+00:00,0.08639,0.08698,0.08688,0.08639,1476676.1,0.08666,127968.750826,1476676.1,127968.750826,
2022-11-15 12:05:00+00:00,0.08638,0.08681,0.0864,0.08666,2013560.5,0.086562,174297.824001,2013560.5,174297.824001,
2022-11-15 12:10:00+00:00,0.08655,0.08697,0.08666,0.08682,1041943.4,0.08675,90388.58995,1041943.4,90388.58995,
2022-11-15 12:15:00+00:00,0.08681,0.087,0.08681,0.087,520675.6,0.086905,45249.313018,520675.6,45249.313018,
2022-11-15 12:20:00+00:00,0.08685,0.08704,0.08702,0.08688,447376.7,0.086948,38898.5093116,447376.7,38898.5093116,
2022-11-15 12:25:00+00:00,0.08679,0.0873,0.08689,0.08707,582331.2,0.087012,50669.8023744,582331.2,50669.8023744,
2022-11-15 12:30:00+00:00,0.08709,0.08732,0.08711,0.08713,372320.9,0.087162,32452.2342858,372320.9,32452.2342858,
2022-11-15 12:35:00+00:00,0.08707,0.08723,0.08714,0.08708,472232.4,0.08713,41145.609012,472232.4,41145.609012,
2022-11-15 12:40:00+00:00,0.08696,0.08723,0.08705,0.08697,626806.7,0.087052,54564.7768484,626806.7,54564.7768484,
2022-11-15 12:45:00+00:00,0.08682,0.08718,0.08695,0.08715,1100553.6,0.087025,95775.67704,1100553.6,95775.67704,
2022-11-15 12:50:00+00:00,0.08703,0.08717,0.08716,0.08709,480945.7,0.087112,41896.1418184,480945.7,41896.1418184,
2022-11-15 12:55:00+00:00,0.08694,0.08727,0.08709,0.08716,1381359.3,0.087115,120337.1154195,1381359.3,120337.1154195,
2022-11-15 13:00:00+00:00,0.08704,0.08739,0.08716,0.08734,824121.9,0.087232,71889.8015808,824121.9,71889.8015808,
2022-11-15 13:05:00+00:00,0.08733,0.08791,0.08738,0.08775,2753316.1,0.087592,241168.4638312,2753316.1,241168.4638312,
2022-11-15 13:10:00+00:00,0.08749,0.08807,0.08773,0.08765,3035330.9,0.087735,266304.7565115,3035330.9,266304.7565115,
2022-11-15 13:15:00+00:00,0.0873,0.08777,0.08765,0.08768,1271431.4,0.0876,111377.39064,1271431.4,111377.39064,
2022-11-15 13:20:00+00:00,0.08737,0.08767,0.08767,0.08742,1474474.0,0.087532,129063.658168,1474474.0,129063.658168,
2022-11-15 13:25:00+00:00,0.08725,0.08801,0.08738,0.08787,2247968.0,0.087628,196984.939904,2247968.0,196984.939904,
2022-11-15 13:30:00+00:00,0.08781,0.0886,0.08781,0.08818,5611930.3,0.0881,494411.05943,5611930.3,494411.05943,
2022-11-15 13:35:00+00:00,0.08741,0.08814,0.08814,0.08778,3556132.6,0.087867,312466.7031642,3556132.6,312466.7031642,
2022-11-15 13:40:00+00:00,0.0876,0.08804,0.08781,0.08789,1190722.9,0.087835,104587.1459215,1190722.9,104587.1459215,
2022-11-15 13:45:00+00:00,0.08739,0.088,0.08787,0.08774,3270046.8,0.08775,286946.6067,3270046.8,286946.6067,
2022-11-15 13:50:00+00:00,0.08753,0.088,0.08771,0.08771,3159223.4,0.087738,277183.9426692,3159223.4,277183.9426692,
2022-11-15 13:55:00+00:00,0.08763,0.08806,0.08773,0.08802,1990037.7,0.08786,174844.712322,1990037.7,174844.712322,
2022-11-15 14:00:00+00:00,0.08763,0.08809,0.08806,0.08774,2409610.3,0.08788,211756.553164,2409610.3,211756.553164,
2022-11-15 14:05:00+00:00,0.08746,0.08785,0.08779,0.08757,1094992.6,0.087668,95995.8112568,1094992.6,95995.8112568,
2022-11-15 14:10:00+00:00,0.08743,0.0877,0.08767,0.08745,910347.0,0.087562,79711.804014,910347.0,79711.804014,
2022-11-15 14:15:00+00:00,0.08709,0.08755,0.08751,0.08724,1676924.3,0.087348,146475.9837564,1676924.3,146475.9837564,
2022-11-15 14:20:00+00:00,0.08727,0.08769,0.08728,0.08756,499243.2,0.08745,43658.81784,499243.2,43658.81784,
2022-11-15 14:25:00+00:00,0.08748,0.0877,0.08756,0.08758,1781915.3,0.08758,156060.141974,1781915.3,156060.141974,
2022-11-15 14:30:00+00:00,0.08757,0.08815,0.08758,0.088,2370914.9,0.087825,208225.6010925,2370914.9,208225.6010925,
2022-11-15 14:35:00+00:00,0.08747,0.08808,0.08803,0.08747,641773.6,0.087762,56323.3346832,641773.6,56323.3346832,
2022-11-15 14:40:00+00:00,0.08704,0.08763,0.08751,0.08728,1125770.5,0.087365,98352.9397325,1125770.5,98352.9397325,
2022-11-15 14:45:00+00:00,0.08665,0.08738,0.08724,0.08681,1823575.8,0.08702,158687.566116,1823575.8,158687.566116,
2022-11-15 14:50:00+00:00,0.08683,0.08711,0.08689,0.08692,1385210.5,0.086938,120427.430449,1385210.5,120427.430449,
2022-11-15 14:55:00+00:00,0.08694,0.08745,0.08694,0.08725,6583263.7,0.087145,573698.5151365,6583263.7,573698.5151365,
2022-11-15 15:00:00+00:00,0.08716,0.08745,0.08726,0.08733,1138646.1,0.0873,99403.80453,1138646.1,99403.80453,
2022-11-15 15:05:00+00:00,0.08687,0.08747,0.08729,0.08698,1627301.3,0.087153,141824.1901989,1627301.3,141824.1901989,
2022-11-15 15:10:00+00:00,0.08685,0.08717,0.08698,0.0869,1699216.2,0.086975,147789.328995,1699216.2,147789.328995,
2022-11-15 15:15:00+00:00,0.08691,0.08722,0.08691,0.08705,644955.0,0.087022,56125.27401,644955.0,56125.27401,
2022-11-15 15:20:00+00:00,0.08695,0.08722,0.08708,0.08714,1160989.8,0.087098,101119.8896004,1160989.8,101119.8896004,
2022-11-15 15:25:00+00:00,0.08708,0.08737,0.08712,0.08735,996257.4,0.08723,86903.533002,996257.4,86903.533002,
2022-11-15 15:30:00+00:00,0.08715,0.08796,0.08732,0.08788,1988158.5,0.087578,174118.945113,1988158.5,174118.945113,
2022-11-15 15:35:00+00:00,0.08773,0.08949,0.08785,0.08887,4329777.4,0.088485,383120.353239,4329777.4,383120.353239,
2022-11-15 15:40:00+00:00,0.08862,0.08903,0.08883,0.0889,2535329.8,0.088845,225251.376081,2535329.8,225251.376081,
2022-11-15 15:45:00+00:00,0.08806,0.08892,0.08885,0.08841,4481545.5,0.08856,396885.66948,4481545.5,396885.66948,
2022-11-15 15:50:00+00:00,0.08808,0.08872,0.08837,0.08859,3637220.6,0.08844,321675.789864,3637220.6,321675.789864,
2022-11-15 15:55:00+00:00,0.08823,0.08859,0.08858,0.08832,3243547.6,0.08843,286826.914268,3243547.6,286826.914268,
2022-11-15 16:00:00+00:00,0.0878,0.08851,0.08829,0.08806,2368532.7,0.088165,208821.6854955,2368532.7,208821.6854955,
2022-11-15 16:05:00+00:00,0.08812,0.08869,0.08812,0.08843,1034600.5,0.08834,91396.60817,1034600.5,91396.60817,
2022-11-15 16:10:00+00:00,0.0884,0.08864,0.08843,0.08854,569182.9,0.088502,50373.8250158,569182.9,50373.8250158,
2022-11-15 16:15:00+00:00,0.08844,0.08876,0.08854,0.08865,801488.5,0.088598,71010.278123,801488.5,71010.278123,
2022-11-15 16:20:00+00:00,0.08857,0.08876,0.08861,0.08862,710602.0,0.08864,62987.76128,710602.0,62987.76128,
2022-11-15 16:25:00+00:00,0.0882,0.08864,0.08864,0.08824,815798.5,0.08843,72141.061355,815798.5,72141.061355,
2022-11-15 16:30:00+00:00,0.08824,0.08866,0.08824,0.08852,1616959.3,0.088415,142963.4565095,1616959.3,142963.4565095,
2022-11-15 16:35:00+00:00,0.08805,0.08848,0.08848,0.08815,599579.5,0.08829,52936.874055,599579.5,52936.874055,
2022-11-15 16:40:00+00:00,0.08775,0.08827,0.08815,0.08775,3231944.4,0.08798,284346.468312,3231944.4,284346.468312,
2022-11-15 16:45:00+00:00,0.0876,0.0879,0.08772,0.08762,17708163.0,0.08771,1553182.97673,17708163.0,1553182.97673,
2022-11-15 16:50:00+00:00,0.08749,0.08776,0.08762,0.08776,6448724.5,0.087658,565282.292221,6448724.5,565282.292221,
2022-11-15 16:55:00+00:00,0.08766,0.08794,0.08775,0.08793,6142083.8,0.08782,539397.799316,6142083.8,539397.799316,
2022-11-15 17:00:00+00:00,0.0877,0.08799,0.08794,0.08783,3976415.9,0.087865,349387.7830535,3976415.9,349387.7830535,
2022-11-15 17:05:00+00:00,0.08736,0.08805,0.08789,0.08798,1418460.0,0.08782,124569.1572,1418460.0,124569.1572,
2022-11-15 17:10:00+00:00,0.08785,0.0881,0.08798,0.088,2009371.4,0.087982,176788.5145148,2009371.4,176788.5145148,
2022-11-15 17:15:00+00:00,0.08794,0.0882,0.088,0.08802,1928980.6,0.08804,169827.452024,1928980.6,169827.452024,
2022-11-15 17:20:00+00:00,0.08796,0.08838,0.08804,0.08817,1743260.1,0.088138,153647.4586938,1743260.1,153647.4586938,
2022-11-15 17:25:00+00:00,0.08816,0.08834,0.08817,0.08821,677663.6,0.08822,59783.482792,677663.6,59783.482792,
2022-11-15 17:30:00+00:00,0.08793,0.08851,0.08821,0.08819,1037750.6,0.08821,91539.980426,1037750.6,91539.980426,
2022-11-15 17:35:00+00:00,0.08815,0.08837,0.08817,0.08817,663289.1,0.088215,58512.0479565,663289.1,58512.0479565,
2022-11-15 17:40:00+00:00,0.08794,0.08829,0.08817,0.08801,504924.3,0.088102,44484.8406786,504924.3,44484.8406786,
2022-11-15 17:45:00+00:00,0.08792,0.0881,0.08801,0.08803,561760.7,0.088015,49443.3680105,561760.7,49443.3680105,
2022-11-15 17:50:00+00:00,0.0878,0.08811,0.08803,0.08798,1070075.2,0.08798,94145.216096,1070075.2,94145.216096,
2022-11-15 17:55:00+00:00,0.08784,0.08806,0.08795,0.08791,764639.9,0.08794,67242.432806,764639.9,67242.432806,
2022-11-15 18:00:00+00:00,0.08759,0.08804,0.08791,0.08772,1126074.2,0.087815,98886.205873,1126074.2,98886.205873,
2022-11-15 18:05:00+00:00,0.08748,0.08772,0.08769,0.08749,772093.8,0.087595,67631.556411,772093.8,67631.556411,
2022-11-15 18:10:00+00:00,0.08739,0.08768,0.08749,0.08749,1471187.6,0.087512,128746.5692512,1471187.6,128746.5692512,
2022-11-15 18:15:00+00:00,0.08726,0.0875,0.08744,0.08726,2081690.9,0.087365,181866.9254785,2081690.9,181866.9254785,
2022-11-15 18:20:00+00:00,0.08667,0.08738,0.08727,0.0871,2275687.0,0.087105,198223.716135,2275687.0,198223.716135,
2022-11-15 18:25:00+00:00,0.08663,0.08716,0.08706,0.08674,7443262.9,0.086897,646797.2162213,7443262.9,646797.2162213,
2022-11-15 18:30:00+00:00,0.08598,0.08697,0.08668,0.08611,19637644.0,0.086435,1697379.75914,19637644.0,1697379.75914,
2022-11-15 18:35:00+00:00,0.08513,0.08626,0.0861,0.08539,20714529.6,0.08572,1775649.477312,20714529.6,1775649.477312,
2022-11-15 18:40:00+00:00,0.08494,0.08573,0.08538,0.08544,7322020.3,0.085372,625095.5170516,7322020.3,625095.5170516,
2022-11-15 18:45:00+00:00,0.08541,0.08595,0.08542,0.08556,4290539.8,0.085585,367205.848783,4290539.8,367205.848783,
2022-11-15 18:50:00+00:00,0.08553,0.0859,0.08558,0.08571,2864737.8,0.08568,245450.734704,2864737.8,245450.734704,
2022-11-15 18:55:00+00:00,0.08557,0.08599,0.08567,0.08593,1737091.3,0.08579,149025.062627,1737091.3,149025.062627,
2022-11-15 19:00:00+00:00,0.08522,0.08606,0.08594,0.08528,3415602.1,0.085625,292460.9298125,3415602.1,292460.9298125,
2022-11-15 19:05:00+00:00,0.08532,0.08561,0.08535,0.08556,2148483.4,0.08546,183609.391364,2148483.4,183609.391364,
2022-11-15 19:10:00+00:00,0.0856,0.08623,0.08562,0.08617,1681216.2,0.085905,144424.877661,1681216.2,144424.877661,
2022-11-15 19:15:00+00:00,0.086,0.0864,0.08617,0.08636,921000.0,0.086232,79419.672,921000.0,79419.672,
2022-11-15 19:20:00+00:00,0.0863,0.08661,0.08636,0.08649,1211313.3,0.08644,104705.921652,1211313.3,104705.921652,
2022-11-15 19:25:00+00:00,0.08631,0.08661,0.08647,0.0865,1005307.9,0.086473,86931.9900367,1005307.9,86931.9900367,
2022-11-15 19:30:00+00:00,0.08616,0.08653,0.08646,0.08623,709150.8,0.086345,61231.625826,709150.8,61231.625826,
2022-11-15 19:35:00+00:00,0.08617,0.08654,0.08624,0.08643,1109532.3,0.086345,95802.5664435,1109532.3,95802.5664435,
2022-11-15 19:40:00+00:00,0.08641,0.08657,0.08646,0.08643,569899.1,0.086468,49278.0353788,569899.1,49278.0353788,
2022-11-15 19:45:00+00:00,0.08624,0.08648,0.08647,0.08636,419980.1,0.086387,36280.8208987,419980.1,36280.8208987,
2022-11-15 19:50:00+00:00,0.08611,0.08642,0.08636,0.08628,605075.8,0.086292,52213.2009336,605075.8,52213.2009336,
2022-11-15 19:55:00+00:00,0.08618,0.08667,0.08627,0.08659,3554468.8,0.086428,307205.6294464,3554468.8,307205.6294464,
2022-11-15 20:00:00+00:00,0.08658,0.08686,0.08659,0.08674,1367368.0,0.086692,118539.866656,1367368.0,118539.866656,
2022-11-15 20:05:00+00:00,0.08643,0.08674,0.08673,0.08657,595515.0,0.086618,51582.31827,595515.0,51582.31827,
2022-11-15 20:10:00+00:00,0.08625,0.08665,0.08653,0.0863,1397915.7,0.086432,120824.6497824,1397915.7,120824.6497824,
2022-11-15 20:15:00+00:00,0.08613,0.08631,0.0863,0.08621,1264083.1,0.086238,109011.9983778,1264083.1,109011.9983778,
2022-11-15 20:20:00+00:00,0.086,0.08625,0.08622,0.08611,1130378.2,0.086145,97376.430039,1130378.2,97376.430039,
2022-11-15 20:25:00+00:00,0.08608,0.08642,0.0861,0.08622,1426348.4,0.086205,122958.363822,1426348.4,122958.363822,
2022-11-15 20:30:00+00:00,0.0858,0.08624,0.08624,0.08593,4662040.4,0.086052,401177.9005008,4662040.4,401177.9005008,
2022-11-15 20:35:00+00:00,0.08593,0.08626,0.08593,0.0861,1266604.7,0.086055,108997.6674585,1266604.7,108997.6674585,
2022-11-15 20:40:00+00:00,0.08607,0.08627,0.0861,0.08613,1135536.4,0.086142,97817.3765688,1135536.4,97817.3765688,
2022-11-15 20:45:00+00:00,0.08605,0.08645,0.08606,0.0862,1706299.4,0.08619,147065.945286,1706299.4,147065.945286,
2022-11-15 20:50:00+00:00,0.08597,0.0862,0.0862,0.08607,1255664.3,0.08611,108125.252873,1255664.3,108125.252873,
2022-11-15 20:55:00+00:00,0.08599,0.08625,0.08607,0.08619,965185.4,0.086125,83126.592575,965185.4,83126.592575,
2022-11-15 21:00:00+00:00,0.08611,0.08645,0.08619,0.08632,1147564.5,0.086268,98998.094286,1147564.5,98998.094286,
2022-11-15 21:05:00+00:00,0.08618,0.0864,0.08635,0.08621,705365.8,0.086285,60862.488053,705365.8,60862.488053,
2022-11-15 21:10:00+00:00,0.0861,0.08632,0.08621,0.08624,469655.0,0.086217,40492.245135,469655.0,40492.245135,
2022-11-15 21:15:00+00:00,0.08619,0.08643,0.08619,0.08643,216082.3,0.08631,18650.063313,216082.3,18650.063313,
2022-11-15 21:20:00+00:00,0.0862,0.08651,0.08642,0.08635,565148.0,0.08637,48811.83276,565148.0,48811.83276,
2022-11-15 21:25:00+00:00,0.08613,0.08636,0.08633,0.08634,474237.4,0.08629,40921.945246,474237.4,40921.945246,
2022-11-15 21:30:00+00:00,0.08609,0.08646,0.08634,0.08626,566578.0,0.086288,48888.882464,566578.0,48888.882464,
2022-11-15 21:35:00+00:00,0.08624,0.08656,0.08629,0.08645,602656.7,0.086385,52060.4990295,602656.7,52060.4990295,
2022-11-15 21:40:00+00:00,0.0863,0.08661,0.08649,0.08635,544354.6,0.086438,47052.9229148,544354.6,47052.9229148,
2022-11-15 21:45:00+00:00,0.08608,0.08639,0.08631,0.08612,813203.8,0.086225,70118.497655,813203.8,70118.497655,
2022-11-15 21:50:00+00:00,0.08611,0.08636,0.08611,0.08635,329977.7,0.086232,28454.6370264,329977.7,28454.6370264,
2022-11-15 21:55:00+00:00,0.08617,0.08638,0.08635,0.08633,714650.9,0.086308,61680.0898772,714650.9,61680.0898772,
2022-11-15 22:00:00+00:00,0.08623,0.08639,0.08633,0.08635,120153.0,0.086325,10372.207725,120153.0,10372.207725,
2022-11-15 22:05:00+00:00,0.08625,0.08656,0.08635,0.08656,595423.5,0.08643,51462.453105,595423.5,51462.453105,
2022-11-15 22:10:00+00:00,0.08639,0.08661,0.08657,0.08652,428675.5,0.086522,37089.861611,428675.5,37089.861611,
2022-11-15 22:15:00+00:00,0.08638,0.08676,0.08655,0.08668,2286929.0,0.086592,198029.755968,2286929.0,198029.755968,
2022-11-15 22:20:00+00:00,0.08639,0.08667,0.08666,0.08649,330518.6,0.086552,28607.0458672,330518.6,28607.0458672,
2022-11-15 22:25:00+00:00,0.08633,0.08658,0.08652,0.08633,326148.4,0.08644,28192.267696,326148.4,28192.267696,
2022-11-15 22:30:00+00:00,0.0863,0.08647,0.08633,0.08638,322536.0,0.08637,27857.43432,322536.0,27857.43432,
2022-11-15 22:35:00+00:00,0.08617,0.08639,0.08638,0.08626,1116817.7,0.0863,96381.36751,1116817.7,96381.36751,
2022-11-15 22:40:00+00:00,0.08617,0.08635,0.08627,0.08617,510410.0,0.08624,44017.7584,510410.0,44017.7584,
2022-11-15 22:45:00+00:00,0.08617,0.08648,0.08618,0.08617,142001.3,0.08625,12247.612125,142001.3,12247.612125,
2022-11-15 22:50:00+00:00,0.08617,0.0864,0.08617,0.0864,260740.0,0.086285,22497.9509,260740.0,22497.9509,
2022-11-15 22:55:00+00:00,0.08631,0.0866,0.08642,0.08636,227848.1,0.086422,19691.0884982,227848.1,19691.0884982,
2022-11-15 23:00:00+00:00,0.08617,0.08652,0.08636,0.08624,1271893.9,0.086322,109792.4252358,1271893.9,109792.4252358,
2022-11-15 23:05:00+00:00,0.08611,0.08631,0.08618,0.08613,884055.0,0.086182,76189.62801,884055.0,76189.62801,
2022-11-15 23:10:00+00:00,0.08613,0.08661,0.08613,0.0866,1069760.9,0.086368,92393.1094112,1069760.9,92393.1094112,
2022-11-15 23:15:00+00:00,0.08642,0.08677,0.0866,0.08667,671963.7,0.086615,58202.1358755,671963.7,58202.1358755,
2022-11-15 23:20:00+00:00,0.08649,0.08686,0.08668,0.08649,9328531.7,0.08663,808130.701171,9328531.7,808130.701171,
2022-11-15 23:25:00+00:00,0.08653,0.08674,0.08653,0.08669,267840.4,0.086622,23200.8711288,267840.4,23200.8711288,
2022-11-15 23:30:00+00:00,0.08662,0.08687,0.08669,0.08682,518806.5,0.08675,45006.463875,518806.5,45006.463875,
2022-11-15 23:35:00+00:00,0.08642,0.08688,0.08686,0.08661,3938159.8,0.086692,341406.9493816,3938159.8,341406.9493816,
2022-11-15 23:40:00+00:00,0.0866,0.08672,0.08661,0.08672,1058086.1,0.086662,91695.8575982,1058086.1,91695.8575982,
2022-11-15 23:45:00+00:00,0.08668,0.08698,0.08669,0.08672,3449283.4,0.086768,299287.4220512,3449283.4,299287.4220512,
2022-11-15 23:50:00+00:00,0.08655,0.08697,0.08672,0.08691,1334301.2,0.086788,115801.3325456,1334301.2,115801.3325456,
2022-11-15 23:55:00+00:00,0.08688,0.08703,0.08691,0.08695,735618.4,0.086942,63956.1349328,735618.4,63956.1349328,
2022-11-16 00:00:00+00:00,0.08682,0.08718,0.08696,0.08701,1249860.1,0.086992,108727.8298192,1249860.1,108727.8298192,
2022-11-16 00:05:00+00:00,0.08685,0.08707,0.08699,0.08699,364807.5,0.086975,31729.1323125,364807.5,31729.1323125,
2022-11-16 00:10:00+00:00,0.08656,0.08703,0.08699,0.08659,1330018.2,0.086793,115436.2696326,1330018.2,115436.2696326,
2022-11-16 00:15:00+00:00,0.08622,0.08681,0.08654,0.08661,1737774.4,0.086545,150395.685448,1737774.4,150395.685448,
2022-11-16 00:20:00+00:00,0.08602,0.08658,0.08655,0.08602,1051242.6,0.086292,90713.8264392,1051242.6,90713.8264392,
2022-11-16 00:25:00+00:00,0.086,0.08627,0.08605,0.08602,1348030.6,0.086085,116045.214201,1348030.6,116045.214201,
2022-11-16 00:30:00+00:00,0.086,0.08629,0.08605,0.08618,1176490.0,0.08613,101331.0837,1176490.0,101331.0837,
2022-11-16 00:35:00+00:00,0.08602,0.08624,0.08611,0.08624,570203.0,0.086152,49124.128856,570203.0,49124.128856,
2022-11-16 00:40:00+00:00,0.08606,0.08632,0.08619,0.0862,577142.3,0.086192,49745.0491216,577142.3,49745.0491216,
2022-11-16 00:45:00+00:00,0.08607,0.08649,0.08625,0.0864,650860.8,0.086302,56170.5887616,650860.8,56170.5887616,
2022-11-16 00:50:00+00:00,0.0862,0.08643,0.0864,0.08626,731804.6,0.086322,63170.8366812,731804.6,63170.8366812,
2022-11-16 00:55:00+00:00,0.08593,0.08635,0.08633,0.08608,1370645.1,0.086172,118111.2295572,1370645.1,118111.2295572,
2022-11-16 01:00:00+00:00,0.08607,0.08625,0.08607,0.08625,237285.5,0.08616,20444.51868,237285.5,20444.51868,
2022-11-16 01:05:00+00:00,0.08614,0.08652,0.08625,0.08632,575542.8,0.086308,49673.9479824,575542.8,49673.9479824,
2022-11-16 01:10:00+00:00,0.08618,0.08641,0.08634,0.08631,217897.1,0.08631,18806.698701,217897.1,18806.698701,
2022-11-16 01:15:00+00:00,0.08626,0.08646,0.08634,0.08631,315841.4,0.086342,27270.3781588,315841.4,27270.3781588,
2022-11-16 01:20:00+00:00,0.08625,0.08651,0.08631,0.08645,429243.3,0.08638,37078.036254,429243.3,37078.036254,
2022-11-16 01:25:00+00:00,0.08627,0.08664,0.08648,0.0864,1308969.7,0.086448,113157.8126256,1308969.7,113157.8126256,
2022-11-16 01:30:00+00:00,0.08623,0.08657,0.0864,0.08655,971968.2,0.086438,84014.9872716,971968.2,84014.9872716,
2022-11-16 01:35:00+00:00,0.08645,0.08665,0.0866,0.08657,251750.5,0.086568,21793.537284,251750.5,21793.537284,
2022-11-16 01:40:00+00:00,0.08649,0.08664,0.08655,0.08656,379144.1,0.08656,32818.713296,379144.1,32818.713296,
2022-11-16 01:45:00+00:00,0.08632,0.08665,0.0866,0.08634,1038818.4,0.086478,89834.9375952,1038818.4,89834.9375952,
2022-11-16 01:50:00+00:00,0.0863,0.08679,0.08637,0.08675,350825.1,0.086552,30364.6140552,350825.1,30364.6140552,
2022-11-16 01:55:00+00:00,0.08675,0.08722,0.08676,0.08717,1032619.3,0.086975,89812.0636175,1032619.3,89812.0636175,
2022-11-16 02:00:00+00:00,0.08681,0.08736,0.08715,0.08689,1831900.3,0.087052,159470.5849156,1831900.3,159470.5849156,
2022-11-16 02:05:00+00:00,0.08684,0.08717,0.08689,0.08699,855993.7,0.086973,74448.3400701,855993.7,74448.3400701,
2022-11-16 02:10:00+00:00,0.08695,0.08722,0.08702,0.0872,935423.1,0.087098,81473.4811638,935423.1,81473.4811638,
2022-11-16 02:15:00+00:00,0.08713,0.08735,0.08717,0.08731,681854.2,0.08724,59484.960408,681854.2,59484.960408,
2022-11-16 02:20:00+00:00,0.08719,0.08751,0.08729,0.0874,3915507.4,0.087348,342011.7403752,3915507.4,342011.7403752,
2022-11-16 02:25:00+00:00,0.08726,0.08748,0.08745,0.08726,1007117.4,0.087363,87984.7974162,1007117.4,87984.7974162,
2022-11-16 02:30:00+00:00,0.08726,0.08778,0.08727,0.08758,1272802.9,0.087472,111334.6152688,1272802.9,111334.6152688,
2022-11-16 02:35:00+00:00,0.08753,0.08793,0.08753,0.08765,4186282.6,0.08766,366969.532716,4186282.6,366969.532716,
2022-11-16 02:40:00+00:00,0.08751,0.08772,0.08765,0.08768,1188698.9,0.08764,104177.571596,1188698.9,104177.571596,
2022-11-16 02:45:00+00:00,0.08738,0.08769,0.08768,0.08741,1032546.0,0.08754,90389.07684,1032546.0,90389.07684,
2022-11-16 02:50:00+00:00,0.08728,0.08745,0.08742,0.08734,475994.8,0.087372,41588.6176656,475994.8,41588.6176656,
2022-11-16 02:55:00+00:00,0.08708,0.08744,0.08734,0.08744,2753600.7,0.087325,240458.1811275,2753600.7,240458.1811275,
2022-11-16 03:00:00+00:00,0.08724,0.08745,0.08741,0.08731,1215895.0,0.087352,106210.86004,1215895.0,106210.86004,
2022-11-16 03:05:00+00:00,0.08726,0.08741,0.08727,0.08732,627732.2,0.087315,54810.437043,627732.2,54810.437043,
2022-11-16 03:10:00+00:00,0.08729,0.08779,0.08732,0.08754,1766674.4,0.087485,154557.509884,1766674.4,154557.509884,
2022-11-16 03:15:00+00:00,0.0874,0.08759,0.08751,0.08752,392318.7,0.087505,34329.8478435,392318.7,34329.8478435,
2022-11-16 03:20:00+00:00,0.0874,0.0876,0.08748,0.08745,477761.1,0.087483,41795.9743113,477761.1,41795.9743113,
2022-11-16 03:25:00+00:00,0.08748,0.08768,0.08753,0.08756,1306916.8,0.087562,114436.2488416,1306916.8,114436.2488416,
2022-11-16 03:30:00+00:00,0.08736,0.08763,0.08757,0.08755,775792.9,0.087528,67903.6009512,775792.9,67903.6009512,
2022-11-16 03:35:00+00:00,0.08757,0.08779,0.08757,0.0877,750870.1,0.087658,65819.7712258,750870.1,65819.7712258,
2022-11-16 03:40:00+00:00,0.08756,0.08775,0.08767,0.08765,1390331.1,0.087658,121873.6435638,1390331.1,121873.6435638,
2022-11-16 03:45:00+00:00,0.08757,0.08785,0.08762,0.0878,826393.9,0.08771,72483.008969,826393.9,72483.008969,
2022-11-16 03:50:00+00:00,0.0877,0.08812,0.08781,0.08801,1155028.4,0.08791,101538.546644,1155028.4,101538.546644,
2022-11-16 03:55:00+00:00,0.08788,0.08805,0.08797,0.08792,579894.4,0.087955,51004.611952,579894.4,51004.611952,
2022-11-16 04:00:00+00:00,0.08762,0.08805,0.08792,0.08763,3282430.2,0.087805,288213.783711,3282430.2,288213.783711,
2022-11-16 04:05:00+00:00,0.08757,0.08781,0.08763,0.08768,901898.1,0.087672,79071.2102232,901898.1,79071.2102232,
2022-11-16 04:10:00+00:00,0.08759,0.08781,0.08763,0.08765,1558599.1,0.08767,136642.383097,1558599.1,136642.383097,
2022-11-16 04:15:00+00:00,0.08757,0.08779,0.08762,0.08758,427485.7,0.08764,37464.846748,427485.7,37464.846748,
2022-11-16 04:20:00+00:00,0.08706,0.08767,0.08758,0.08734,3025717.4,0.087412,264484.0093688,3025717.4,264484.0093688,
2022-11-16 04:25:00+00:00,0.08726,0.08756,0.08728,0.0874,482637.6,0.087375,42170.4603,482637.6,42170.4603,
2022-11-16 04:30:00+00:00,0.0873,0.08746,0.08735,0.08733,712135.1,0.08736,62212.122336,712135.1,62212.122336,
2022-11-16 04:35:00+00:00,0.08728,0.08741,0.08732,0.0874,167177.0,0.087352,14603.245304,167177.0,14603.245304,
2022-11-16 04:40:00+00:00,0.08724,0.08741,0.08741,0.0873,150247.2,0.08734,13122.590448,150247.2,13122.590448,
2022-11-16 04:45:00+00:00,0.08727,0.08753,0.0873,0.08746,678533.1,0.08739,59297.007609,678533.1,59297.007609,
2022-11-16 04:50:00+00:00,0.08738,0.08763,0.08746,0.08753,852084.3,0.0875,74557.37625,852084.3,74557.37625,
2022-11-16 04:55:00+00:00,0.08745,0.08763,0.08752,0.08759,3040404.4,0.087548,266181.3244112,3040404.4,266181.3244112,
2022-11-16 05:00:00+00:00,0.08737,0.08761,0.08759,0.08737,534560.8,0.087485,46766.051588,534560.8,46766.051588,
2022-11-16 05:05:00+00:00,0.08716,0.08742,0.08738,0.08722,1021315.2,0.087295,89155.710384,1021315.2,89155.710384,
2022-11-16 05:10:00+00:00,0.08725,0.08742,0.08725,0.08737,316828.5,0.087322,27666.098277,316828.5,27666.098277,
2022-11-16 05:15:00+00:00,0.08737,0.08772,0.08737,0.08768,227798.2,0.087535,19940.315437,227798.2,19940.315437,
2022-11-16 05:20:00+00:00,0.08762,0.08777,0.08769,0.08775,260544.6,0.087708,22851.8457768,260544.6,22851.8457768,
2022-11-16 05:25:00+00:00,0.08755,0.08773,0.08772,0.08765,227079.6,0.087662,19906.2518952,227079.6,19906.2518952,
2022-11-16 05:30:00+00:00,0.08747,0.08776,0.08771,0.08752,591845.0,0.087615,51854.499675,591845.0,51854.499675,
2022-11-16 05:35:00+00:00,0.08746,0.08763,0.08751,0.08763,151555.8,0.087558,13269.9227364,151555.8,13269.9227364,
2022-11-16 05:40:00+00:00,0.08747,0.08762,0.08759,0.08761,390350.2,0.087572,34183.7477144,390350.2,34183.7477144,
2022-11-16 05:45:00+00:00,0.08751,0.08771,0.08756,0.08769,318153.2,0.087618,27875.9470776,318153.2,27875.9470776,
2022-11-16 05:50:00+00:00,0.08752,0.0878,0.08771,0.08777,243741.3,0.0877,21376.11201,243741.3,21376.11201,
2022-11-16 05:55:00+00:00,0.08777,0.0884,0.08778,0.08829,2214141.4,0.08806,194977.291684,2214141.4,194977.291684,
2022-11-16 06:00:00+00:00,0.08805,0.08858,0.08831,0.0885,1760519.8,0.08836,155559.529528,1760519.8,155559.529528,
2022-11-16 06:05:00+00:00,0.08851,0.08985,0.08858,0.08938,4903302.2,0.08908,436786.159976,4903302.2,436786.159976,
2022-11-16 06:10:00+00:00,0.08863,0.08935,0.08935,0.08879,2604333.9,0.08903,231863.847117,2604333.9,231863.847117,
2022-11-16 06:15:00+00:00,0.08838,0.08916,0.0888,0.08916,3191647.4,0.088875,283657.662675,3191647.4,283657.662675,
2022-11-16 06:20:00+00:00,0.08848,0.08973,0.08908,0.0893,2923001.9,0.089148,260579.7733812,2923001.9,260579.7733812,
2022-11-16 06:25:00+00:00,0.08858,0.08966,0.08932,0.08898,1971691.5,0.089135,175746.7218525,1971691.5,175746.7218525,
2022-11-16 06:30:00+00:00,0.08891,0.08948,0.08897,0.08939,2541035.2,0.089188,226629.8474176,2541035.2,226629.8474176,
2022-11-16 06:35:00+00:00,0.0886,0.08937,0.08936,0.08902,1916985.8,0.089088,170780.4309504,1916985.8,170780.4309504,
2022-11-16 06:40:00+00:00,0.0887,0.08902,0.08899,0.08893,987247.4,0.08891,87776.166334,987247.4,87776.166334,
2022-11-16 06:45:00+00:00,0.08871,0.08925,0.08888,0.08914,2091454.4,0.088995,186128.984328,2091454.4,186128.984328,
2022-11-16 06:50:00+00:00,0.08907,0.09009,0.08915,0.08987,3348932.5,0.089545,299880.1607125,3348932.5,299880.1607125,
2022-11-16 06:55:00+00:00,0.0899,0.09041,0.08996,0.09009,6201566.8,0.09009,558699.153012,6201566.8,558699.153012,
2022-11-16 07:00:00+00:00,0.08991,0.09103,0.09009,0.09087,5749264.9,0.090475,520164.7418275,5749264.9,520164.7418275,
2022-11-16 07:05:00+00:00,0.09027,0.09095,0.09087,0.09028,2713906.7,0.090592,245858.2357664,2713906.7,245858.2357664,
2022-11-16 07:10:00+00:00,0.08957,0.09044,0.09023,0.08984,1960835.4,0.09002,176514.402708,1960835.4,176514.402708,
2022-11-16 07:15:00+00:00,0.08988,0.09029,0.08992,0.08998,1108723.5,0.090018,99805.072023,1108723.5,99805.072023,
2022-11-16 07:20:00+00:00,0.08989,0.09012,0.09,0.08995,452026.3,0.08999,40677.846737,452026.3,40677.846737,
2022-11-16 07:25:00+00:00,0.08956,0.08995,0.08995,0.08968,2581788.7,0.089785,231805.8984295,2581788.7,231805.8984295,
2022-11-16 07:30:00+00:00,0.08945,0.08988,0.08969,0.08988,1275657.5,0.089725,114458.3691875,1275657.5,114458.3691875,
2022-11-16 07:35:00+00:00,0.08906,0.08996,0.08988,0.08931,2283900.3,0.089552,204527.8396656,2283900.3,204527.8396656,
2022-11-16 07:40:00+00:00,0.08923,0.08951,0.08942,0.08947,1282003.4,0.089408,114621.3599872,1282003.4,114621.3599872,
2022-11-16 07:45:00+00:00,0.08941,0.08977,0.08943,0.08964,1280778.0,0.089562,114709.039236,1280778.0,114709.039236,
2022-11-16 07:50:00+00:00,0.08936,0.08966,0.08963,0.08949,515060.0,0.089535,46115.8971,515060.0,46115.8971,
2022-11-16 07:55:00+00:00,0.08834,0.0895,0.08947,0.08878,3972470.3,0.089022,353637.2510466,3972470.3,353637.2510466,
2022-11-16 08:00:00+00:00,0.08843,0.08921,0.08876,0.08905,3159571.0,0.088863,280768.957773,3159571.0,280768.957773,
2022-11-16 08:05:00+00:00,0.08886,0.08916,0.08904,0.08899,823503.5,0.089012,73301.693542,823503.5,73301.693542,
2022-11-16 08:10:00+00:00,0.08849,0.08901,0.08896,0.08851,930663.0,0.088742,82588.895946,930663.0,82588.895946,
2022-11-16 08:15:00+00:00,0.0884,0.08882,0.08858,0.08881,695929.4,0.088653,61696.2290982,695929.4,61696.2290982,
2022-11-16 08:20:00+00:00,0.08845,0.08886,0.08882,0.08852,639343.8,0.088662,56685.4999956,639343.8,56685.4999956,
2022-11-16 08:25:00+00:00,0.08817,0.08864,0.08849,0.08823,611163.6,0.088382,54015.8612952,611163.6,54015.8612952,
2022-11-16 08:30:00+00:00,0.08751,0.08854,0.08832,0.08771,2058077.4,0.08802,181151.972748,2058077.4,181151.972748,
2022-11-16 08:35:00+00:00,0.08718,0.08781,0.0877,0.08733,2032857.2,0.087505,177885.169286,2032857.2,177885.169286,
2022-11-16 08:40:00+00:00,0.08722,0.08774,0.0873,0.08768,1850895.4,0.087485,161925.584069,1850895.4,161925.584069,
2022-11-16 08:45:00+00:00,0.08759,0.08783,0.08768,0.08774,794184.4,0.08771,69657.913724,794184.4,69657.913724,
2022-11-16 08:50:00+00:00,0.08743,0.08782,0.08776,0.0877,1111350.3,0.087678,97440.9716034,1111350.3,97440.9716034,
2022-11-16 08:55:00+00:00,0.08755,0.08772,0.08767,0.08764,649741.5,0.087645,56946.5937675,649741.5,56946.5937675,
2022-11-16 09:00:00+00:00,0.08742,0.08779,0.08759,0.08745,660450.8,0.087563,57831.0534004,660450.8,57831.0534004,
2022-11-16 09:05:00+00:00,0.08719,0.08747,0.08741,0.0874,528957.6,0.087368,46213.9675968,528957.6,46213.9675968,
2022-11-16 09:10:00+00:00,0.08734,0.08751,0.08734,0.08744,319446.9,0.087408,27922.2146352,319446.9,27922.2146352,
2022-11-16 09:15:00+00:00,0.08739,0.08769,0.08741,0.08765,481396.8,0.087535,42139.068888,481396.8,42139.068888,
2022-11-16 09:20:00+00:00,0.08756,0.08771,0.08762,0.08761,404308.4,0.087625,35427.52355,404308.4,35427.52355,
2022-11-16 09:25:00+00:00,0.08717,0.08765,0.08762,0.08717,1530249.4,0.087402,133746.8580588,1530249.4,133746.8580588,
2022-11-16 09:30:00+00:00,0.08644,0.08721,0.08718,0.0871,3208821.9,0.086982,279109.7465058,3208821.9,279109.7465058,
2022-11-16 09:35:00+00:00,0.08683,0.08727,0.0871,0.08711,1112872.3,0.087078,96906.6941394,1112872.3,96906.6941394,
2022-11-16 09:40:00+00:00,0.08708,0.08723,0.08718,0.08723,690769.8,0.08718,60221.311164,690769.8,60221.311164,
2022-11-16 09:45:00+00:00,0.08712,0.08758,0.08717,0.08748,285782.0,0.087338,24959.628316,285782.0,24959.628316,
2022-11-16 09:50:00+00:00,0.08734,0.08762,0.08753,0.08752,724798.3,0.087502,63421.3008466,724798.3,63421.3008466,
2022-11-16 09:55:00+00:00,0.08737,0.0878,0.08743,0.08766,519338.9,0.087565,45475.9107785,519338.9,45475.9107785,
2022-11-16 10:00:00+00:00,0.08744,0.08792,0.08765,0.08791,531709.9,0.08773,46646.909527,531709.9,46646.909527,
2022-11-16 10:05:00+00:00,0.08767,0.08795,0.08795,0.08771,204841.1,0.08782,17989.145402,204841.1,17989.145402,
2022-11-16 10:10:00+00:00,0.08754,0.08775,0.08774,0.08761,249948.5,0.08766,21910.48551,249948.5,21910.48551,
2022-11-16 10:15:00+00:00,0.08747,0.08766,0.0876,0.08758,184241.8,0.087578,16135.5283604,184241.8,16135.5283604,
2022-11-16 10:20:00+00:00,0.08729,0.08765,0.08762,0.08732,402509.0,0.08747,35207.46223,402509.0,35207.46223,
2022-11-16 10:25:00+00:00,0.08734,0.08759,0.08734,0.08751,68743.7,0.087445,6011.2928465,68743.7,6011.2928465,
2022-11-16 10:30:00+00:00,0.08735,0.08756,0.08749,0.08742,472674.7,0.087455,41337.7658885,472674.7,41337.7658885,
2022-11-16 10:35:00+00:00,0.08698,0.08741,0.08741,0.08709,355227.5,0.087223,30984.0082325,355227.5,30984.0082325,
2022-11-16 10:40:00+00:00,0.08704,0.08767,0.08715,0.08756,932403.8,0.087355,81450.133949,932403.8,81450.133949,
2022-11-16 10:45:00+00:00,0.08736,0.0877,0.08749,0.08742,1379279.4,0.087492,120675.9132648,1379279.4,120675.9132648,
2022-11-16 10:50:00+00:00,0.08719,0.08744,0.08739,0.08732,430468.6,0.087335,37594.975181,430468.6,37594.975181,
2022-11-16 10:55:00+00:00,0.08722,0.08745,0.08734,0.08738,445661.4,0.087348,38927.6319672,445661.4,38927.6319672,
2022-11-16 11:00:00+00:00,0.08731,0.08765,0.08737,0.08762,924171.2,0.087488,80853.8899456,924171.2,80853.8899456,
2022-11-16 11:05:00+00:00,0.08714,0.08765,0.08765,0.0872,728505.9,0.08741,63678.700719,728505.9,63678.700719,
2022-11-16 11:10:00+00:00,0.08715,0.08742,0.08717,0.08724,337607.4,0.087245,29454.557613,337607.4,29454.557613,
2022-11-16 11:15:00+00:00,0.08705,0.08745,0.08725,0.08721,839188.4,0.08724,73210.796016,839188.4,73210.796016,
2022-11-16 11:20:00+00:00,0.0868,0.08733,0.08727,0.08694,859334.7,0.087085,74835.1623495,859334.7,74835.1623495,
2022-11-16 11:25:00+00:00,0.0869,0.08748,0.08696,0.08705,4036597.3,0.087098,351579.5516354,4036597.3,351579.5516354,
2022-11-16 11:30:00+00:00,0.08695,0.08722,0.08702,0.08711,482952.3,0.087075,42053.0715225,482952.3,42053.0715225,
2022-11-16 11:35:00+00:00,0.08682,0.08712,0.08709,0.08686,702869.4,0.086972,61129.9574568,702869.4,61129.9574568,
2022-11-16 11:40:00+00:00,0.08682,0.08702,0.08687,0.08697,254195.9,0.08692,22094.707628,254195.9,22094.707628,
2022-11-16 11:45:00+00:00,0.08646,0.08697,0.08697,0.08647,841666.3,0.086718,72987.6182034,841666.3,72987.6182034,
2022-11-16 11:50:00+00:00,0.08605,0.08677,0.08651,0.08665,2690513.3,0.086495,232715.9478835,2690513.3,232715.9478835,
2022-11-16 11:55:00+00:00,0.08633,0.08675,0.0866,0.08649,704461.1,0.086543,60966.1769773,704461.1,60966.1769773,
2022-11-16 12:00:00+00:00,0.08617,0.08677,0.08653,0.08633,1279100.8,0.08645,110578.26416,1279100.8,110578.26416,
2022-11-16 12:05:00+00:00,0.08554,0.08634,0.08632,0.08573,2671739.7,0.085982,229721.5228854,2671739.7,229721.5228854,
2022-11-16 12:10:00+00:00,0.0855,0.08592,0.08575,0.08566,1065112.1,0.085708,91288.6278668,1065112.1,91288.6278668,
2022-11-16 12:15:00+00:00,0.08526,0.08573,0.0856,0.0854,2261268.1,0.085498,193333.9000138,2261268.1,193333.9000138,
2022-11-16 12:20:00+00:00,0.08529,0.08551,0.08541,0.0854,942745.7,0.085403,80513.3110171,942745.7,80513.3110171,
2022-11-16 12:25:00+00:00,0.08507,0.0854,0.08534,0.08533,1231338.9,0.085285,105014.7380865,1231338.9,105014.7380865,
2022-11-16 12:30:00+00:00,0.08533,0.08575,0.08533,0.08566,1134497.7,0.085518,97019.9743086,1134497.7,97019.9743086,
2022-11-16 12:35:00+00:00,0.08532,0.08564,0.08563,0.08562,819621.0,0.085552,70120.215792,819621.0,70120.215792,
2022-11-16 12:40:00+00:00,0.08553,0.08585,0.08566,0.08571,4776716.4,0.085688,409307.2748832,4776716.4,409307.2748832,
2022-11-16 12:45:00+00:00,0.08568,0.08591,0.08568,0.08577,1638637.2,0.08576,140529.526272,1638637.2,140529.526272,
2022-11-16 12:50:00+00:00,0.08543,0.08589,0.08579,0.08566,564289.7,0.085692,48355.1129724,564289.7,48355.1129724,
2022-11-16 12:55:00+00:00,0.08556,0.08575,0.08567,0.08571,688863.0,0.085672,59016.270936,688863.0,59016.270936,
2022-11-16 13:00:00+00:00,0.08452,0.08577,0.08567,0.08456,7378886.5,0.08513,628164.607745,7378886.5,628164.607745,
2022-11-16 13:05:00+00:00,0.08442,0.08512,0.0846,0.08511,2921371.8,0.084812,247767.3851016,2921371.8,247767.3851016,
2022-11-16 13:10:00+00:00,0.0851,0.08535,0.08511,0.08528,2742164.7,0.08521,233659.854087,2742164.7,233659.854087,
2022-11-16 13:15:00+00:00,0.0851,0.08541,0.08521,0.08535,785653.5,0.085268,66991.102638,785653.5,66991.102638,
2022-11-16 13:20:00+00:00,0.0853,0.08575,0.08535,0.08561,856698.6,0.085503,73250.3003958,856698.6,73250.3003958,
2022-11-16 13:25:00+00:00,0.08544,0.08571,0.08567,0.08565,965061.2,0.085618,82626.6098216,965061.2,82626.6098216,
2022-11-16 13:30:00+00:00,0.08471,0.08608,0.08564,0.08564,8820408.2,0.085518,754303.6684476,8820408.2,754303.6684476,
2022-11-16 13:35:00+00:00,0.08511,0.08566,0.08566,0.08534,2108753.7,0.085442,180176.1336354,2108753.7,180176.1336354,
2022-11-16 13:40:00+00:00,0.08521,0.08565,0.08534,0.08553,2274005.5,0.085432,194272.837876,2274005.5,194272.837876,
2022-11-16 13:45:00+00:00,0.08548,0.08588,0.08554,0.08553,1100412.8,0.085608,94204.1389824,1100412.8,94204.1389824,
2022-11-16 13:50:00+00:00,0.08507,0.08553,0.0855,0.0851,1736819.0,0.0853,148150.6607,1736819.0,148150.6607,
2022-11-16 13:55:00+00:00,0.08485,0.08527,0.08516,0.08508,1917998.8,0.08509,163202.517892,1917998.8,163202.517892,
2022-11-16 14:00:00+00:00,0.08373,0.08526,0.08513,0.08379,4632647.1,0.084478,391356.7617138,4632647.1,391356.7617138,
2022-11-16 14:05:00+00:00,0.0837,0.08426,0.08389,0.08406,3046376.0,0.083978,255828.563728,3046376.0,255828.563728,
2022-11-16 14:10:00+00:00,0.08391,0.08469,0.08399,0.08463,1649904.9,0.084305,139095.2325945,1649904.9,139095.2325945,
2022-11-16 14:15:00+00:00,0.08444,0.08493,0.08466,0.08475,1882283.6,0.084695,159420.009502,1882283.6,159420.009502,
2022-11-16 14:20:00+00:00,0.08453,0.08493,0.08475,0.08474,758093.0,0.084738,64239.284634,758093.0,64239.284634,
2022-11-16 14:25:00+00:00,0.08464,0.08487,0.08466,0.08487,1219088.7,0.08476,103329.958212,1219088.7,103329.958212,
2022-11-16 14:30:00+00:00,0.08463,0.0852,0.08489,0.08518,1736221.4,0.084975,147535.413465,1736221.4,147535.413465,
2022-11-16 14:35:00+00:00,0.08494,0.08519,0.08511,0.08516,373721.2,0.0851,31803.67412,373721.2,31803.67412,
2022-11-16 14:40:00+00:00,0.0849,0.08514,0.08514,0.08504,336540.2,0.085055,28624.426711,336540.2,28624.426711,
2022-11-16 14:45:00+00:00,0.08471,0.08523,0.08507,0.08476,664580.5,0.084942,56450.796831,664580.5,56450.796831,
2022-11-16 14:50:00+00:00,0.08439,0.08476,0.08474,0.08445,1942505.1,0.084585,164306.7938835,1942505.1,164306.7938835,
2022-11-16 14:55:00+00:00,0.08438,0.085,0.08446,0.08478,1726045.0,0.084655,146118.339475,1726045.0,146118.339475,
2022-11-16 15:00:00+00:00,0.08424,0.08494,0.08482,0.08473,1850012.4,0.084682,156662.7500568,1850012.4,156662.7500568,
2022-11-16 15:05:00+00:00,0.08462,0.08501,0.0847,0.08485,1125293.6,0.084795,95419.270812,1125293.6,95419.270812,
2022-11-16 15:10:00+00:00,0.08485,0.08526,0.08487,0.08515,1658097.1,0.085032,140991.3126072,1658097.1,140991.3126072,
2022-11-16 15:15:00+00:00,0.08469,0.08512,0.08512,0.08472,659700.1,0.084912,56016.4548912,659700.1,56016.4548912,
2022-11-16 15:20:00+00:00,0.08461,0.08491,0.0847,0.08484,944117.1,0.084765,80028.0859815,944117.1,80028.0859815,
2022-11-16 15:25:00+00:00,0.08469,0.08493,0.08486,0.08493,343961.7,0.084852,29185.8381684,343961.7,29185.8381684,
2022-11-16 15:30:00+00:00,0.08477,0.08509,0.08492,0.08508,568717.5,0.084965,48321.0823875,568717.5,48321.0823875,
2022-11-16 15:35:00+00:00,0.0849,0.08514,0.08506,0.08497,669508.3,0.085018,56920.2566494,669508.3,56920.2566494,
2022-11-16 15:40:00+00:00,0.08451,0.08498,0.08497,0.08454,1008087.5,0.08475,85435.415625,1008087.5,85435.415625,
2022-11-16 15:45:00+00:00,0.08347,0.08464,0.08452,0.08367,4640810.3,0.084075,390176.1259725,4640810.3,390176.1259725,
2022-11-16 15:50:00+00:00,0.08367,0.0842,0.08369,0.08403,3168340.6,0.083898,265817.4396588,3168340.6,265817.4396588,
2022-11-16 15:55:00+00:00,0.08395,0.08449,0.084,0.08416,731386.2,0.08415,61546.14873,731386.2,61546.14873,
2022-11-16 16:00:00+00:00,0.08329,0.08427,0.08418,0.0838,1960447.6,0.083885,164452.146926,1960447.6,164452.146926,
2022-11-16 16:05:00+00:00,0.08366,0.08401,0.08379,0.08391,3000221.4,0.083842,251544.5626188,3000221.4,251544.5626188,
2022-11-16 16:10:00+00:00,0.08385,0.08465,0.08391,0.08444,1620528.4,0.084212,136467.9376208,1620528.4,136467.9376208,
2022-11-16 16:15:00+00:00,0.08447,0.08507,0.08447,0.08507,1113357.9,0.08477,94379.349183,1113357.9,94379.349183,
2022-11-16 16:20:00+00:00,0.08467,0.08507,0.08504,0.08482,1185450.4,0.0849,100644.73896,1185450.4,100644.73896,
2022-11-16 16:25:00+00:00,0.08459,0.0849,0.08483,0.08488,1031237.8,0.0848,87448.96544,1031237.8,87448.96544,
2022-11-16 16:30:00+00:00,0.08464,0.08509,0.08484,0.08497,939236.4,0.084885,79727.081814,939236.4,79727.081814,
2022-11-16 16:35:00+00:00,0.08452,0.08502,0.08495,0.08484,2766897.2,0.084832,234721.4232704,2766897.2,234721.4232704,
2022-11-16 16:40:00+00:00,0.0848,0.08515,0.08485,0.08508,983842.9,0.08497,83597.131213,983842.9,83597.131213,
2022-11-16 16:45:00+00:00,0.08495,0.0853,0.08512,0.08519,689600.8,0.08514,58712.612112,689600.8,58712.612112,
2022-11-16 16:50:00+00:00,0.08484,0.08523,0.08517,0.085,1124263.4,0.08506,95629.844804,1124263.4,95629.844804,
2022-11-16 16:55:00+00:00,0.08484,0.0851,0.08496,0.08486,782158.3,0.08494,66436.526002,782158.3,66436.526002,
2022-11-16 17:00:00+00:00,0.08478,0.08499,0.08485,0.08483,488930.1,0.084862,41491.5861462,488930.1,41491.5861462,
2022-11-16 17:05:00+00:00,0.08481,0.08505,0.08482,0.08492,779127.0,0.0849,66147.8823,779127.0,66147.8823,
2022-11-16 17:10:00+00:00,0.08475,0.08498,0.08492,0.08492,813535.1,0.084892,69062.6217092,813535.1,69062.6217092,
2022-11-16 17:15:00+00:00,0.08472,0.08507,0.08488,0.08492,1657294.3,0.084898,140700.9714814,1657294.3,140700.9714814,
2022-11-16 17:20:00+00:00,0.08464,0.08499,0.08488,0.08484,812671.6,0.084838,68945.4332008,812671.6,68945.4332008,
2022-11-16 17:25:00+00:00,0.08468,0.08488,0.08481,0.08474,402612.5,0.084777,34132.2799125,402612.5,34132.2799125,
2022-11-16 17:30:00+00:00,0.08473,0.08497,0.08474,0.08484,366189.3,0.08482,31060.176426,366189.3,31060.176426,
2022-11-16 17:35:00+00:00,0.08484,0.0856,0.08486,0.08508,1781702.4,0.085095,151613.965728,1781702.4,151613.965728,
2022-11-16 17:40:00+00:00,0.08501,0.08534,0.08501,0.08526,1059354.8,0.085155,90209.357994,1059354.8,90209.357994,
2022-11-16 17:45:00+00:00,0.08516,0.08537,0.08519,0.08524,306135.5,0.08524,26094.99002,306135.5,26094.99002,
2022-11-16 17:50:00+00:00,0.08498,0.0853,0.08519,0.08504,309981.8,0.085128,26388.1306704,309981.8,26388.1306704,
2022-11-16 17:55:00+00:00,0.08503,0.08516,0.08509,0.08513,302292.9,0.085102,25725.7303758,302292.9,25725.7303758,
2022-11-16 18:00:00+00:00,0.08491,0.08515,0.08505,0.08491,331456.5,0.085005,28175.4597825,331456.5,28175.4597825,
2022-11-16 18:05:00+00:00,0.08489,0.08506,0.0849,0.085,323759.2,0.084963,27507.5529096,323759.2,27507.5529096,
2022-11-16 18:10:00+00:00,0.085,0.08519,0.08503,0.08517,654663.9,0.085097,55709.9338983,654663.9,55709.9338983,
2022-11-16 18:15:00+00:00,0.08494,0.08516,0.08515,0.08497,299365.4,0.085055,25462.524097,299365.4,25462.524097,
2022-11-16 18:20:00+00:00,0.08493,0.08507,0.08493,0.08495,997964.8,0.08497,84797.069056,997964.8,84797.069056,
2022-11-16 18:25:00+00:00,0.08488,0.085,0.08496,0.0849,397824.3,0.084935,33789.2069205,397824.3,33789.2069205,
2022-11-16 18:30:00+00:00,0.08457,0.08494,0.08487,0.08467,1047087.9,0.084763,88754.3116677,1047087.9,88754.3116677,
2022-11-16 18:35:00+00:00,0.08452,0.08476,0.0847,0.08462,945838.1,0.08465,80065.195165,945838.1,80065.195165,
2022-11-16 18:40:00+00:00,0.08452,0.08484,0.0846,0.08469,836216.2,0.084662,70795.7359244,836216.2,70795.7359244,
2022-11-16 18:45:00+00:00,0.0846,0.08479,0.08467,0.08466,535887.5,0.08468,45378.9535,535887.5,45378.9535,
2022-11-16 18:50:00+00:00,0.08458,0.08486,0.08462,0.08482,639984.2,0.08472,54219.461424,639984.2,54219.461424,
2022-11-16 18:55:00+00:00,0.08476,0.08492,0.0848,0.08485,468546.4,0.084832,39747.7282048,468546.4,39747.7282048,
2022-11-16 19:00:00+00:00,0.0847,0.08493,0.08484,0.08491,367877.3,0.084845,31212.5495185,367877.3,31212.5495185,
2022-11-16 19:05:00+00:00,0.08442,0.08491,0.08488,0.08457,706028.5,0.084695,59797.0838075,706028.5,59797.0838075,
2022-11-16 19:10:00+00:00,0.08419,0.08466,0.08459,0.08434,1167968.9,0.084445,98629.1337605,1167968.9,98629.1337605,
2022-11-16 19:15:00+00:00,0.08432,0.0845,0.08434,0.08446,316561.5,0.084405,26719.3734075,316561.5,26719.3734075,
2022-11-16 19:20:00+00:00,0.08444,0.08456,0.08447,0.08449,551043.5,0.08449,46557.665315,551043.5,46557.665315,
2022-11-16 19:25:00+00:00,0.08443,0.08467,0.08448,0.08457,422608.6,0.084538,35726.4858268,422608.6,35726.4858268,
2022-11-16 19:30:00+00:00,0.0844,0.08455,0.08455,0.08451,307837.7,0.084503,26013.2091631,307837.7,26013.2091631,
2022-11-16 19:35:00+00:00,0.0845,0.08476,0.08452,0.08462,354769.6,0.0846,30013.50816,354769.6,30013.50816,
2022-11-16 19:40:00+00:00,0.08459,0.08479,0.08461,0.08464,386354.7,0.084658,32708.0161926,386354.7,32708.0161926,
2022-11-16 19:45:00+00:00,0.08445,0.08464,0.08464,0.08455,406282.5,0.08457,34359.311025,406282.5,34359.311025,
2022-11-16 19:50:00+00:00,0.08453,0.08481,0.08455,0.08467,322058.8,0.08464,27259.056832,322058.8,27259.056832,
2022-11-16 19:55:00+00:00,0.08466,0.08481,0.08467,0.08474,194033.1,0.08472,16438.484232,194033.1,16438.484232,
2022-11-16 20:00:00+00:00,0.08462,0.0849,0.08474,0.08464,667149.9,0.084725,56524.2752775,667149.9,56524.2752775,
2022-11-16 20:05:00+00:00,0.08452,0.08468,0.08463,0.08463,484330.5,0.084615,40981.6252575,484330.5,40981.6252575,
2022-11-16 20:10:00+00:00,0.08461,0.08477,0.08463,0.08471,167253.5,0.08468,14163.02638,167253.5,14163.02638,
2022-11-16 20:15:00+00:00,0.08446,0.08476,0.08472,0.08446,870918.1,0.0846,73679.67126,870918.1,73679.67126,
2022-11-16 20:20:00+00:00,0.08439,0.08454,0.08449,0.08446,260473.5,0.08447,22002.196545,260473.5,22002.196545,
2022-11-16 20:25:00+00:00,0.08438,0.08467,0.08446,0.08465,349073.9,0.08454,29510.707506,349073.9,29510.707506,
2022-11-16 20:30:00+00:00,0.0845,0.08485,0.08463,0.08456,1531267.8,0.084635,129598.850253,1531267.8,129598.850253,
2022-11-16 20:35:00+00:00,0.08458,0.0849,0.08459,0.08489,1229561.1,0.08474,104193.007614,1229561.1,104193.007614,
2022-11-16 20:40:00+00:00,0.08475,0.08524,0.08486,0.08511,1614979.3,0.08499,137257.090707,1614979.3,137257.090707,
2022-11-16 20:45:00+00:00,0.08501,0.08525,0.08511,0.08518,729354.2,0.085138,62095.7578796,729354.2,62095.7578796,
2022-11-16 20:50:00+00:00,0.08501,0.08524,0.08517,0.08512,607987.3,0.085135,51760.9987855,607987.3,51760.9987855,
2022-11-16 20:55:00+00:00,0.08499,0.08515,0.08509,0.08507,620173.8,0.085075,52761.286035,620173.8,52761.286035,
2022-11-16 21:00:00+00:00,0.08499,0.08517,0.08508,0.08517,573698.4,0.085102,48822.8812368,573698.4,48822.8812368,
2022-11-16 21:05:00+00:00,0.08514,0.08544,0.08517,0.08527,1038359.2,0.085255,88525.313596,1038359.2,88525.313596,
2022-11-16 21:10:00+00:00,0.08508,0.08533,0.08529,0.08511,521437.1,0.085202,44427.4837942,521437.1,44427.4837942,
2022-11-16 21:15:00+00:00,0.08487,0.08524,0.0851,0.08511,689857.7,0.08508,58693.093116,689857.7,58693.093116,
2022-11-16 21:20:00+00:00,0.08502,0.08526,0.08511,0.08507,367960.6,0.085115,31318.966469,367960.6,31318.966469,
2022-11-16 21:25:00+00:00,0.08498,0.0851,0.08504,0.085,356280.4,0.08503,30294.522412,356280.4,30294.522412,
2022-11-16 21:30:00+00:00,0.08498,0.08511,0.08503,0.08505,233921.2,0.085042,19893.1266904,233921.2,19893.1266904,
2022-11-16 21:35:00+00:00,0.08499,0.08517,0.08505,0.08508,263779.2,0.085072,22440.2241024,263779.2,22440.2241024,
2022-11-16 21:40:00+00:00,0.08488,0.08507,0.08507,0.08493,257692.2,0.084988,21900.7446936,257692.2,21900.7446936,
2022-11-16 21:45:00+00:00,0.08475,0.08506,0.08492,0.08481,387109.1,0.084885,32859.7559535,387109.1,32859.7559535,
2022-11-16 21:50:00+00:00,0.0848,0.08498,0.08481,0.08484,373612.1,0.084858,31703.9755818,373612.1,31703.9755818,
2022-11-16 21:55:00+00:00,0.08483,0.08493,0.08485,0.08486,598434.5,0.084868,50787.939146,598434.5,50787.939146,
2022-11-16 22:00:00+00:00,0.08471,0.08489,0.08482,0.08471,519879.1,0.084782,44076.3898562,519879.1,44076.3898562,
2022-11-16 22:05:00+00:00,0.08462,0.08485,0.08473,0.08483,267257.1,0.084758,22652.1772818,267257.1,22652.1772818,
2022-11-16 22:10:00+00:00,0.08481,0.08489,0.08484,0.08485,288202.9,0.084847,24453.1514563,288202.9,24453.1514563,
2022-11-16 22:15:00+00:00,0.08464,0.08486,0.08482,0.08478,403032.6,0.084775,34167.088665,403032.6,34167.088665,
2022-11-16 22:20:00+00:00,0.0846,0.0848,0.0848,0.0847,883048.0,0.084725,74816.2418,883048.0,74816.2418,
2022-11-16 22:25:00+00:00,0.08461,0.08479,0.0847,0.08471,394046.5,0.084702,33376.526643,394046.5,33376.526643,
2022-11-16 22:30:00+00:00,0.08458,0.08474,0.0847,0.08473,214801.5,0.084688,18191.109432,214801.5,18191.109432,
2022-11-16 22:35:00+00:00,0.08471,0.08496,0.08472,0.08495,193700.8,0.084835,16432.607368,193700.8,16432.607368,
2022-11-16 22:40:00+00:00,0.08479,0.08503,0.08495,0.08497,274202.9,0.084935,23289.4233115,274202.9,23289.4233115,
2022-11-16 22:45:00+00:00,0.08496,0.08524,0.08497,0.08517,314828.6,0.085085,26787.191431,314828.6,26787.191431,
2022-11-16 22:50:00+00:00,0.08515,0.08552,0.08517,0.08548,1090990.5,0.08533,93094.219365,1090990.5,93094.219365,
2022-11-16 22:55:00+00:00,0.08528,0.08567,0.08547,0.08555,1124190.4,0.085492,96109.2856768,1124190.4,96109.2856768,
2022-11-16 23:00:00+00:00,0.0855,0.08577,0.08553,0.08554,1761071.2,0.085585,150721.278652,1761071.2,150721.278652,
2022-11-16 23:05:00+00:00,0.0853,0.08572,0.08551,0.08566,1201675.3,0.085548,102800.9185644,1201675.3,102800.9185644,
2022-11-16 23:10:00+00:00,0.08547,0.08568,0.08564,0.08558,533908.7,0.085592,45698.3134504,533908.7,45698.3134504,
2022-11-16 23:15:00+00:00,0.08528,0.08558,0.08553,0.08558,624719.2,0.085492,53408.4938464,624719.2,53408.4938464,
2022-11-16 23:20:00+00:00,0.08525,0.08578,0.0856,0.0853,1482230.7,0.085482,126704.0446974,1482230.7,126704.0446974,
2022-11-16 23:25:00+00:00,0.08528,0.08549,0.08531,0.0854,468667.2,0.08537,40010.118864,468667.2,40010.118864,
2022-11-16 23:30:00+00:00,0.08534,0.08558,0.08541,0.08549,835744.6,0.085455,71418.554793,835744.6,71418.554793,
2022-11-16 23:35:00+00:00,0.08526,0.08553,0.08548,0.0854,245973.5,0.085418,21010.564423,245973.5,21010.564423,
2022-11-16 23:40:00+00:00,0.08517,0.0854,0.0854,0.08532,327141.0,0.085323,27912.651543,327141.0,27912.651543,
2022-11-16 23:45:00+00:00,0.08522,0.08552,0.08537,0.08545,350758.7,0.08539,29951.285393,350758.7,29951.285393,
2022-11-16 23:50:00+00:00,0.08542,0.08561,0.08542,0.08556,102364.7,0.085503,8752.4889441,102364.7,8752.4889441,
2022-11-16 23:55:00+00:00,0.08543,0.0856,0.08558,0.08543,110588.1,0.08551,9456.388431,110588.1,9456.388431,
2022-11-17 00:00:00+00:00,0.08532,0.08567,0.0854,0.08556,510246.9,0.085488,43619.9869872,510246.9,43619.9869872,
2022-11-17 00:05:00+00:00,0.08535,0.08561,0.08556,0.0854,752295.4,0.08548,64306.210792,752295.4,64306.210792,
2022-11-17 00:10:00+00:00,0.0854,0.08559,0.08541,0.08559,793118.5,0.085497,67809.2523945,793118.5,67809.2523945,
2022-11-17 00:15:00+00:00,0.08546,0.08566,0.08561,0.08565,476728.6,0.085595,40805.584517,476728.6,40805.584517,
2022-11-17 00:20:00+00:00,0.08539,0.08563,0.08559,0.08545,392099.4,0.085515,33530.380191,392099.4,33530.380191,
2022-11-17 00:25:00+00:00,0.08545,0.08564,0.08548,0.08558,1278593.5,0.085537,109367.0522095,1278593.5,109367.0522095,
2022-11-17 00:30:00+00:00,0.0854,0.08569,0.08558,0.08562,332689.3,0.085572,28468.8887796,332689.3,28468.8887796,
2022-11-17 00:35:00+00:00,0.08557,0.08597,0.08557,0.08579,1191698.3,0.085725,102158.3367675,1191698.3,102158.3367675,
2022-11-17 00:40:00+00:00,0.08582,0.08623,0.08584,0.0861,3776528.9,0.085998,324773.9323422,3776528.9,324773.9323422,
2022-11-17 00:45:00+00:00,0.08594,0.08642,0.08608,0.08634,1671483.0,0.086195,144073.477185,1671483.0,144073.477185,
2022-11-17 00:50:00+00:00,0.08596,0.08637,0.08635,0.08599,503418.3,0.086168,43378.5480744,503418.3,43378.5480744,
2022-11-17 00:55:00+00:00,0.08599,0.08624,0.08605,0.08624,857755.9,0.08613,73878.515667,857755.9,73878.515667,
2022-11-17 01:00:00+00:00,0.08614,0.08648,0.08622,0.08634,263019.2,0.086295,22697.241864,263019.2,22697.241864,
2022-11-17 01:05:00+00:00,0.08635,0.08664,0.08635,0.08662,2753332.7,0.08649,238135.745223,2753332.7,238135.745223,
2022-11-17 01:10:00+00:00,0.08657,0.08723,0.0866,0.08707,4729761.1,0.086867,410860.1574737,4729761.1,410860.1574737,
2022-11-17 01:15:00+00:00,0.08675,0.08718,0.08708,0.0868,8992912.6,0.086952,781951.7363952,8992912.6,781951.7363952,
2022-11-17 01:20:00+00:00,0.08651,0.08685,0.08677,0.08662,4459555.4,0.086688,386589.9385152,4459555.4,386589.9385152,
2022-11-17 01:25:00+00:00,0.08651,0.08673,0.08665,0.08664,918951.5,0.086632,79610.606348,918951.5,79610.606348,
2022-11-17 01:30:00+00:00,0.08634,0.08668,0.08667,0.08641,772341.9,0.086525,66826.8828975,772341.9,66826.8828975,
2022-11-17 01:35:00+00:00,0.08632,0.08664,0.08642,0.0865,757879.1,0.08647,65533.805777,757879.1,65533.805777,
2022-11-17 01:40:00+00:00,0.08627,0.08664,0.08654,0.08635,708911.0,0.08645,61285.35595,708911.0,61285.35595,
2022-11-17 01:45:00+00:00,0.0862,0.08641,0.08637,0.08628,2509299.8,0.086315,216590.212237,2509299.8,216590.212237,
2022-11-17 01:50:00+00:00,0.08616,0.0864,0.08626,0.08634,671037.0,0.08629,57903.78273,671037.0,57903.78273,
2022-11-17 01:55:00+00:00,0.08624,0.08646,0.08631,0.08645,678255.8,0.086365,58577.562167,678255.8,58577.562167,
2022-11-17 02:00:00+00:00,0.08639,0.08658,0.08644,0.08642,592943.8,0.086458,51264.7350604,592943.8,51264.7350604,
2022-11-17 02:05:00+00:00,0.08633,0.08661,0.08642,0.08635,216422.2,0.086428,18704.9379016,216422.2,18704.9379016,
2022-11-17 02:10:00+00:00,0.08632,0.08651,0.08637,0.08636,443925.5,0.08639,38350.723945,443925.5,38350.723945,
2022-11-17 02:15:00+00:00,0.08628,0.08643,0.08636,0.08635,535198.7,0.086355,46217.0837385,535198.7,46217.0837385,
2022-11-17 02:20:00+00:00,0.08627,0.08643,0.0863,0.08633,428131.1,0.086332,36961.4141252,428131.1,36961.4141252,
2022-11-17 02:25:00+00:00,0.08614,0.08643,0.08633,0.08629,736844.9,0.086298,63588.2411802,736844.9,63588.2411802,
2022-11-17 02:30:00+00:00,0.08613,0.08629,0.08628,0.08614,141390.7,0.08621,12189.292247,141390.7,12189.292247,
2022-11-17 02:35:00+00:00,0.08581,0.0862,0.08613,0.0861,821308.6,0.08606,70681.818116,821308.6,70681.818116,
2022-11-17 02:40:00+00:00,0.08608,0.08624,0.08614,0.08614,297887.8,0.08615,25663.03397,297887.8,25663.03397,
2022-11-17 02:45:00+00:00,0.08587,0.08624,0.08612,0.08591,642773.3,0.086035,55301.0008655,642773.3,55301.0008655,
2022-11-17 02:50:00+00:00,0.08566,0.08588,0.08586,0.08571,674927.8,0.085778,57893.9568284,674927.8,57893.9568284,
2022-11-17 02:55:00+00:00,0.08551,0.08591,0.08578,0.08551,1004414.9,0.085677,86055.2553873,1004414.9,86055.2553873,
2022-11-17 03:00:00+00:00,0.08558,0.08593,0.08558,0.0859,1248174.1,0.085748,107028.4327268,1248174.1,107028.4327268,
2022-11-17 03:05:00+00:00,0.08571,0.086,0.0859,0.08578,531924.6,0.085848,45664.6630608,531924.6,45664.6630608,
2022-11-17 03:10:00+00:00,0.08575,0.08592,0.08578,0.08581,681603.9,0.085815,58491.8386785,681603.9,58491.8386785,
2022-11-17 03:15:00+00:00,0.08574,0.08591,0.08587,0.08591,152168.1,0.085857,13064.6965617,152168.1,13064.6965617,
2022-11-17 03:20:00+00:00,0.08573,0.08591,0.0859,0.08573,275228.4,0.085817,23619.2756028,275228.4,23619.2756028,
2022-11-17 03:25:00+00:00,0.08573,0.08591,0.08574,0.0858,278576.1,0.085795,23900.4364995,278576.1,23900.4364995,
2022-11-17 03:30:00+00:00,0.0856,0.0859,0.0858,0.0858,810200.6,0.085775,69494.956465,810200.6,69494.956465,
2022-11-17 03:35:00+00:00,0.08561,0.0858,0.08576,0.08568,260776.3,0.085712,22351.6582256,260776.3,22351.6582256,
2022-11-17 03:40:00+00:00,0.08568,0.08591,0.08568,0.08589,425318.7,0.08579,36488.091273,425318.7,36488.091273,
2022-11-17 03:45:00+00:00,0.08573,0.08592,0.08587,0.0858,379285.8,0.08583,32554.100214,379285.8,32554.100214,
2022-11-17 03:50:00+00:00,0.08538,0.08576,0.08576,0.08546,1187275.1,0.08559,101618.875809,1187275.1,101618.875809,
2022-11-17 03:55:00+00:00,0.08492,0.08548,0.08546,0.08529,1128358.1,0.085287,96234.2772747,1128358.1,96234.2772747,
2022-11-17 04:00:00+00:00,0.08416,0.08535,0.08532,0.08418,1381528.1,0.084753,117088.6510593,1381528.1,117088.6510593,
2022-11-17 04:05:00+00:00,0.0837,0.0845,0.08419,0.08398,4928643.6,0.084092,414459.4976112,4928643.6,414459.4976112,
2022-11-17 04:10:00+00:00,0.08381,0.08425,0.08403,0.08393,2490245.9,0.084005,209193.1068295,2490245.9,209193.1068295,
2022-11-17 04:15:00+00:00,0.0839,0.0845,0.0839,0.08433,1038021.4,0.084158,87357.8049812,1038021.4,87357.8049812,
2022-11-17 04:20:00+00:00,0.08431,0.08458,0.08439,0.08455,1349428.9,0.084458,113970.0660362,1349428.9,113970.0660362,
2022-11-17 04:25:00+00:00,0.08448,0.08462,0.08457,0.08462,904906.3,0.084572,76529.7356036,904906.3,76529.7356036,
2022-11-17 04:30:00+00:00,0.08453,0.08515,0.08459,0.08515,987392.0,0.084855,83785.14816,987392.0,83785.14816,
2022-11-17 04:35:00+00:00,0.08499,0.0853,0.08516,0.08518,560940.9,0.085158,47768.6051622,560940.9,47768.6051622,
2022-11-17 04:40:00+00:00,0.08503,0.08526,0.08518,0.08514,738518.4,0.085152,62886.3187968,738518.4,62886.3187968,
2022-11-17 04:45:00+00:00,0.08503,0.08532,0.08514,0.08514,305190.7,0.085158,25989.4296306,305190.7,25989.4296306,
2022-11-17 04:50:00+00:00,0.08495,0.08515,0.08511,0.08513,566191.5,0.085085,48174.4037775,566191.5,48174.4037775,
2022-11-17 04:55:00+00:00,0.08488,0.08521,0.08517,0.08498,536943.7,0.08506,45672.431122,536943.7,45672.431122,
2022-11-17 05:00:00+00:00,0.08493,0.08558,0.08497,0.08558,941958.3,0.085265,80316.0744495,941958.3,80316.0744495,
2022-11-17 05:05:00+00:00,0.08541,0.08573,0.08558,0.08556,657648.5,0.08557,56274.982145,657648.5,56274.982145,
2022-11-17 05:10:00+00:00,0.08535,0.08565,0.08551,0.08548,724972.2,0.085498,61983.6731556,724972.2,61983.6731556,
2022-11-17 05:15:00+00:00,0.08521,0.08568,0.08549,0.08531,909864.9,0.085422,77722.4794878,909864.9,77722.4794878,
2022-11-17 05:20:00+00:00,0.08515,0.08541,0.08526,0.08522,493986.2,0.08526,42117.263412,493986.2,42117.263412,
2022-11-17 05:25:00+00:00,0.08514,0.08535,0.08523,0.0853,214431.9,0.085255,18281.3916345,214431.9,18281.3916345,
2022-11-17 05:30:00+00:00,0.08506,0.08535,0.08525,0.08506,255707.1,0.08518,21781.130778,255707.1,21781.130778,
2022-11-17 05:35:00+00:00,0.08504,0.08532,0.08506,0.0853,463415.1,0.08518,39473.698218,463415.1,39473.698218,
2022-11-17 05:40:00+00:00,0.08516,0.08534,0.08531,0.08529,160962.0,0.085275,13726.03455,160962.0,13726.03455,
2022-11-17 05:45:00+00:00,0.08515,0.08529,0.08527,0.0852,169340.9,0.085228,14432.5862252,169340.9,14432.5862252,
2022-11-17 05:50:00+00:00,0.08512,0.08527,0.08518,0.08525,148796.9,0.085205,12678.2398645,148796.9,12678.2398645,
2022-11-17 05:55:00+00:00,0.08516,0.0853,0.08526,0.08528,282398.7,0.08525,24074.489175,282398.7,24074.489175,
2022-11-17 06:00:00+00:00,0.08516,0.08562,0.08527,0.08552,315382.2,0.085392,26931.1168224,315382.2,26931.1168224,
2022-11-17 06:05:00+00:00,0.08538,0.08561,0.08551,0.08554,292375.3,0.08551,25001.011903,292375.3,25001.011903,
2022-11-17 06:10:00+00:00,0.08539,0.08562,0.08552,0.08555,187389.1,0.08552,16025.515832,187389.1,16025.515832,
2022-11-17 06:15:00+00:00,0.08546,0.08569,0.08557,0.08564,172708.9,0.08559,14782.154751,172708.9,14782.154751,
2022-11-17 06:20:00+00:00,0.08561,0.08572,0.08563,0.0857,706124.2,0.085665,60490.129593,706124.2,60490.129593,
2022-11-17 06:25:00+00:00,0.08552,0.08569,0.08569,0.08559,328574.8,0.085622,28133.2315256,328574.8,28133.2315256,
2022-11-17 06:30:00+00:00,0.08542,0.08566,0.08561,0.0855,135469.1,0.085548,11589.1105668,135469.1,11589.1105668,
2022-11-17 06:35:00+00:00,0.08533,0.08552,0.08548,0.08537,500211.6,0.085425,42730.57593,500211.6,42730.57593,
2022-11-17 06:40:00+00:00,0.08522,0.08545,0.08538,0.08527,255581.3,0.08533,21808.752329,255581.3,21808.752329,
2022-11-17 06:45:00+00:00,0.08518,0.08538,0.08526,0.08522,508965.5,0.08526,43394.39853,508965.5,43394.39853,
2022-11-17 06:50:00+00:00,0.08508,0.08528,0.08524,0.08524,282745.2,0.08521,24092.718492,282745.2,24092.718492,
2022-11-17 06:55:00+00:00,0.08496,0.08525,0.08523,0.08508,326343.3,0.08513,27781.605129,326343.3,27781.605129,
2022-11-17 07:00:00+00:00,0.08504,0.08521,0.08507,0.08513,122321.7,0.085112,10411.0445304,122321.7,10411.0445304,
2022-11-17 07:05:00+00:00,0.08512,0.08568,0.08512,0.08549,748662.6,0.085353,63900.5988978,748662.6,63900.5988978,
2022-11-17 07:10:00+00:00,0.08503,0.08567,0.08551,0.08522,370462.1,0.085358,31621.9039318,370462.1,31621.9039318,
2022-11-17 07:15:00+00:00,0.08503,0.08529,0.08522,0.08511,247170.4,0.085162,21049.5256048,247170.4,21049.5256048,
2022-11-17 07:20:00+00:00,0.08488,0.08514,0.08514,0.08503,419000.6,0.085048,35635.1630288,419000.6,35635.1630288,
2022-11-17 07:25:00+00:00,0.08506,0.08556,0.08506,0.08529,587472.4,0.085242,50077.3223208,587472.4,50077.3223208,
2022-11-17 07:30:00+00:00,0.08513,0.0855,0.08526,0.08525,399961.2,0.085285,34110.690942,399961.2,34110.690942,
2022-11-17 07:35:00+00:00,0.08527,0.08553,0.08527,0.08542,335816.9,0.085372,28669.3603868,335816.9,28669.3603868,
2022-11-17 07:40:00+00:00,0.08542,0.08559,0.08542,0.08554,340737.1,0.085492,29130.2961532,340737.1,29130.2961532,
2022-11-17 07:45:00+00:00,0.08538,0.08574,0.08557,0.08564,390135.3,0.085582,33388.5592446,390135.3,33388.5592446,
2022-11-17 07:50:00+00:00,0.08551,0.0857,0.08563,0.08565,854803.5,0.085622,73189.985277,854803.5,73189.985277,
2022-11-17 07:55:00+00:00,0.08557,0.0859,0.08566,0.0859,1287954.4,0.085757,110451.1054808,1287954.4,110451.1054808,
2022-11-17 08:00:00+00:00,0.08576,0.08608,0.08589,0.08599,1957941.5,0.08593,168245.913095,1957941.5,168245.913095,
2022-11-17 08:05:00+00:00,0.08559,0.086,0.08597,0.08573,544107.0,0.085822,46696.350954,544107.0,46696.350954,
2022-11-17 08:10:00+00:00,0.08555,0.086,0.08576,0.08559,574299.0,0.085725,49231.781775,574299.0,49231.781775,
2022-11-17 08:15:00+00:00,0.08554,0.08574,0.08564,0.08564,168229.7,0.08564,14407.191508,168229.7,14407.191508,
2022-11-17 08:20:00+00:00,0.08536,0.08563,0.08559,0.08548,112656.4,0.085515,9633.812046,112656.4,9633.812046,
2022-11-17 08:25:00+00:00,0.08534,0.08555,0.08544,0.08534,140168.0,0.085418,11972.870224,140168.0,11972.870224,
2022-11-17 08:30:00+00:00,0.08524,0.08552,0.08534,0.08552,386229.0,0.085405,32985.887745,386229.0,32985.887745,
2022-11-17 08:35:00+00:00,0.08547,0.08567,0.08555,0.08557,635274.1,0.085565,54357.2283665,635274.1,54357.2283665,
2022-11-17 08:40:00+00:00,0.08533,0.08554,0.08554,0.08543,347248.9,0.08546,29675.890994,347248.9,29675.890994,
2022-11-17 08:45:00+00:00,0.08522,0.08539,0.08539,0.08536,323012.1,0.08534,27565.852614,323012.1,27565.852614,
2022-11-17 08:50:00+00:00,0.08525,0.08547,0.08542,0.08528,214798.7,0.085355,18334.1430385,214798.7,18334.1430385,
2022-11-17 08:55:00+00:00,0.08513,0.0853,0.08528,0.08523,228705.4,0.085235,19493.704769,228705.4,19493.704769,
2022-11-17 09:00:00+00:00,0.08508,0.08523,0.08518,0.08511,242347.6,0.08515,20635.89814,242347.6,20635.89814,
2022-11-17 09:05:00+00:00,0.08512,0.08522,0.08513,0.08516,210678.5,0.085158,17940.959703,210678.5,17940.959703,
2022-11-17 09:10:00+00:00,0.08504,0.08518,0.08511,0.08504,1004839.8,0.085092,85503.8282616,1004839.8,85503.8282616,
2022-11-17 09:15:00+00:00,0.08503,0.08518,0.08508,0.08507,261276.1,0.08509,22231.983349,261276.1,22231.983349,
2022-11-17 09:20:00+00:00,0.08457,0.08511,0.0851,0.08482,1140675.8,0.0849,96843.37542,1140675.8,96843.37542,
2022-11-17 09:25:00+00:00,0.08476,0.08501,0.08482,0.08486,270223.8,0.084862,22931.7321156,270223.8,22931.7321156,
2022-11-17 09:30:00+00:00,0.08426,0.08488,0.08487,0.08452,1025791.5,0.084632,86814.786228,1025791.5,86814.786228,
2022-11-17 09:35:00+00:00,0.08436,0.08477,0.0845,0.08446,617832.5,0.084522,52220.438565,617832.5,52220.438565,
2022-11-17 09:40:00+00:00,0.08447,0.08471,0.08447,0.08464,444837.8,0.084572,37620.8224216,444837.8,37620.8224216,
2022-11-17 09:45:00+00:00,0.08437,0.08478,0.08453,0.08443,478863.3,0.084528,40477.3570224,478863.3,40477.3570224,
2022-11-17 09:50:00+00:00,0.0843,0.0846,0.08441,0.08454,848073.9,0.084462,71630.0177418,848073.9,71630.0177418,
2022-11-17 09:55:00+00:00,0.08441,0.08459,0.08456,0.08452,328384.1,0.08452,27755.024132,328384.1,27755.024132,
2022-11-17 10:00:00+00:00,0.08424,0.08452,0.08447,0.0843,404460.9,0.084382,34129.2196638,404460.9,34129.2196638,
2022-11-17 10:05:00+00:00,0.08407,0.08451,0.0843,0.08433,526879.3,0.084302,44416.9787486,526879.3,44416.9787486,
2022-11-17 10:10:00+00:00,0.08429,0.0845,0.08432,0.0845,267795.3,0.084403,22602.7267059,267795.3,22602.7267059,
2022-11-17 10:15:00+00:00,0.08454,0.08478,0.08457,0.08468,169816.6,0.084643,14373.7864738,169816.6,14373.7864738,
2022-11-17 10:20:00+00:00,0.08462,0.08476,0.08469,0.08476,268658.5,0.084708,22757.524218,268658.5,22757.524218,
2022-11-17 10:25:00+00:00,0.08454,0.08478,0.08475,0.08455,163832.1,0.084655,13869.2064255,163832.1,13869.2064255,
2022-11-17 10:30:00+00:00,0.08427,0.08465,0.08454,0.08444,410447.1,0.084475,34672.5187725,410447.1,34672.5187725,
2022-11-17 10:35:00+00:00,0.08414,0.08455,0.0845,0.08432,744196.1,0.084378,62793.7785258,744196.1,62793.7785258,
2022-11-17 10:40:00+00:00,0.08429,0.08457,0.08429,0.08457,598149.5,0.08443,50501.762285,598149.5,50501.762285,
2022-11-17 10:45:00+00:00,0.08452,0.08468,0.08462,0.0846,675764.2,0.084605,57173.030141,675764.2,57173.030141,
2022-11-17 10:50:00+00:00,0.0843,0.08461,0.08456,0.08438,993128.5,0.084462,83881.619367,993128.5,83881.619367,
2022-11-17 10:55:00+00:00,0.08434,0.08451,0.08436,0.08441,273846.2,0.084405,23113.988511,273846.2,23113.988511,
2022-11-17 11:00:00+00:00,0.08436,0.08464,0.08438,0.08464,192378.8,0.084505,16256.970494,192378.8,16256.970494,
2022-11-17 11:05:00+00:00,0.08457,0.08514,0.08464,0.08486,1032289.2,0.084802,87540.1887384,1032289.2,87540.1887384,
2022-11-17 11:10:00+00:00,0.08479,0.08507,0.08486,0.085,610510.3,0.08493,51850.639779,610510.3,51850.639779,
2022-11-17 11:15:00+00:00,0.08484,0.08512,0.08497,0.08497,229419.4,0.084975,19494.913515,229419.4,19494.913515,
2022-11-17 11:20:00+00:00,0.08484,0.08498,0.08498,0.0849,129823.3,0.084925,11025.2437525,129823.3,11025.2437525,
2022-11-17 11:25:00+00:00,0.08477,0.08488,0.08483,0.08488,495420.3,0.08484,42031.458252,495420.3,42031.458252,
2022-11-17 11:30:00+00:00,0.08482,0.085,0.08488,0.08494,221365.5,0.08491,18796.144605,221365.5,18796.144605,
2022-11-17 11:35:00+00:00,0.08476,0.08502,0.08492,0.08486,414325.3,0.08489,35172.074717,414325.3,35172.074717,
2022-11-17 11:40:00+00:00,0.08478,0.08493,0.08488,0.08493,221364.5,0.08488,18789.41876,221364.5,18789.41876,
2022-11-17 11:45:00+00:00,0.08486,0.085,0.08489,0.08499,140082.7,0.084935,11897.9241245,140082.7,11897.9241245,
2022-11-17 11:50:00+00:00,0.08488,0.08505,0.08499,0.08498,767834.5,0.084975,65246.7366375,767834.5,65246.7366375,
2022-11-17 11:55:00+00:00,0.08494,0.085,0.08498,0.08499,895351.8,0.084978,76085.2052604,895351.8,76085.2052604,
2022-11-17 12:00:00+00:00,0.0849,0.0851,0.08499,0.085,743762.0,0.084998,63218.282476,743762.0,63218.282476,
2022-11-17 12:05:00+00:00,0.08487,0.08509,0.085,0.08495,1419288.4,0.084978,120608.2896552,1419288.4,120608.2896552,
2022-11-17 12:10:00+00:00,0.08479,0.08505,0.08495,0.08488,258030.6,0.084918,21911.4424908,258030.6,21911.4424908,
2022-11-17 12:15:00+00:00,0.08461,0.08492,0.08489,0.08472,655107.6,0.084785,55543.297866,655107.6,55543.297866,
2022-11-17 12:20:00+00:00,0.08455,0.08482,0.08471,0.08458,389739.8,0.084665,32997.320167,389739.8,32997.320167,
2022-11-17 12:25:00+00:00,0.08461,0.08483,0.08462,0.0847,336825.2,0.08469,28525.726188,336825.2,28525.726188,
2022-11-17 12:30:00+00:00,0.08473,0.08484,0.08473,0.08484,175677.9,0.084785,14894.8507515,175677.9,14894.8507515,
2022-11-17 12:35:00+00:00,0.08467,0.08486,0.08483,0.0848,263118.7,0.08479,22309.834573,263118.7,22309.834573,
2022-11-17 12:40:00+00:00,0.08467,0.08499,0.0848,0.08471,502390.1,0.084792,42598.6613592,502390.1,42598.6613592,
2022-11-17 12:45:00+00:00,0.08471,0.08495,0.08476,0.0848,526179.3,0.084805,44622.6355365,526179.3,44622.6355365,
2022-11-17 12:50:00+00:00,0.08483,0.08494,0.08483,0.08489,306345.2,0.084872,26000.1298144,306345.2,26000.1298144,
2022-11-17 12:55:00+00:00,0.08488,0.08514,0.08489,0.08502,208522.7,0.084982,17720.6760914,208522.7,17720.6760914,
2022-11-17 13:00:00+00:00,0.08439,0.08508,0.08503,0.08446,962590.4,0.08474,81569.910496,962590.4,81569.910496,
2022-11-17 13:05:00+00:00,0.08432,0.08469,0.08444,0.08445,1045067.4,0.084475,88282.068615,1045067.4,88282.068615,
2022-11-17 13:10:00+00:00,0.0841,0.08449,0.08444,0.08415,1160658.5,0.084295,97837.7082575,1160658.5,97837.7082575,
2022-11-17 13:15:00+00:00,0.08303,0.08432,0.08414,0.08342,4114580.5,0.083728,344505.596104,4114580.5,344505.596104,
2022-11-17 13:20:00+00:00,0.0824,0.08344,0.08344,0.0832,3431969.8,0.08312,285265.329776,3431969.8,285265.329776,
2022-11-17 13:25:00+00:00,0.08314,0.08373,0.08319,0.08363,1763200.5,0.083422,147089.712111,1763200.5,147089.712111,
2022-11-17 13:30:00+00:00,0.08337,0.08395,0.08366,0.08337,934793.1,0.083588,78137.4856428,934793.1,78137.4856428,
2022-11-17 13:35:00+00:00,0.08319,0.08355,0.08339,0.08333,1304838.6,0.083365,108777.869889,1304838.6,108777.869889,
2022-11-17 13:40:00+00:00,0.08288,0.08339,0.08335,0.08317,664284.3,0.083198,55267.1251914,664284.3,55267.1251914,
2022-11-17 13:45:00+00:00,0.08303,0.08332,0.08318,0.08315,2588779.6,0.08317,215308.799332,2588779.6,215308.799332,
2022-11-17 13:50:00+00:00,0.08309,0.08345,0.08315,0.08345,928937.9,0.083285,77366.5930015,928937.9,77366.5930015,
2022-11-17 13:55:00+00:00,0.08332,0.08348,0.08335,0.0834,596487.5,0.083388,49739.89965,596487.5,49739.89965,
2022-11-17 14:00:00+00:00,0.08333,0.08379,0.0834,0.08368,717838.6,0.08355,59975.41503,717838.6,59975.41503,
2022-11-17 14:05:00+00:00,0.08332,0.08369,0.08362,0.08343,1442502.9,0.083515,120470.6296935,1442502.9,120470.6296935,
2022-11-17 14:10:00+00:00,0.08328,0.08343,0.08343,0.08339,1246400.9,0.083383,103928.6462447,1246400.9,103928.6462447,
2022-11-17 14:15:00+00:00,0.08316,0.08363,0.08339,0.08316,1876074.1,0.083335,156342.6351235,1876074.1,156342.6351235,
2022-11-17 14:20:00+00:00,0.08293,0.08334,0.08315,0.08301,1927527.4,0.083108,160192.9471592,1927527.4,160192.9471592,
2022-11-17 14:25:00+00:00,0.08264,0.08311,0.08298,0.08295,1360984.1,0.08292,112852.801572,1360984.1,112852.801572,
2022-11-17 14:30:00+00:00,0.08295,0.08353,0.08295,0.08336,1197755.2,0.083198,99650.8371296,1197755.2,99650.8371296,
2022-11-17 14:35:00+00:00,0.08324,0.08356,0.08333,0.0833,477833.6,0.083357,39830.7753952,477833.6,39830.7753952,
2022-11-17 14:40:00+00:00,0.08316,0.08363,0.0833,0.08363,848980.8,0.08343,70830.468144,848980.8,70830.468144,
2022-11-17 14:45:00+00:00,0.08345,0.08371,0.08361,0.08371,556713.6,0.08362,46552.391232,556713.6,46552.391232,
2022-11-17 14:50:00+00:00,0.08358,0.08385,0.08374,0.08373,9773056.1,0.083725,818249.1219725,9773056.1,818249.1219725,
2022-11-17 14:55:00+00:00,0.08355,0.08384,0.08373,0.08357,8577553.9,0.083673,717709.6674747,8577553.9,717709.6674747,
2022-11-17 15:00:00+00:00,0.08349,0.08388,0.08356,0.08381,15334137.9,0.083685,1283237.3301615,15334137.9,1283237.3301615,
2022-11-17 15:05:00+00:00,0.08383,0.08424,0.08383,0.08396,3088449.9,0.083965,259321.6958535,3088449.9,259321.6958535,
2022-11-17 15:10:00+00:00,0.08393,0.08442,0.08394,0.0842,2908073.8,0.084122,244632.9842036,2908073.8,244632.9842036,
2022-11-17 15:15:00+00:00,0.0841,0.08503,0.08418,0.08499,6628478.1,0.084575,560603.5353075,6628478.1,560603.5353075,
2022-11-17 15:20:00+00:00,0.08502,0.08604,0.08503,0.08585,4294982.8,0.085485,367156.604658,4294982.8,367156.604658,
2022-11-17 15:25:00+00:00,0.08527,0.08594,0.08585,0.08532,2916480.1,0.085595,249636.1141595,2916480.1,249636.1141595,
2022-11-17 15:30:00+00:00,0.08476,0.08542,0.08541,0.08484,2516246.1,0.085108,214152.6730788,2516246.1,214152.6730788,
2022-11-17 15:35:00+00:00,0.08465,0.08498,0.08474,0.0849,712010.3,0.084817,60390.5776151,712010.3,60390.5776151,
2022-11-17 15:40:00+00:00,0.08472,0.08505,0.08484,0.08483,1600864.8,0.08486,135849.386928,1600864.8,135849.386928,
2022-11-17 15:45:00+00:00,0.08425,0.0848,0.08478,0.0843,865583.4,0.084532,73169.4959688,865583.4,73169.4959688,
2022-11-17 15:50:00+00:00,0.08368,0.08439,0.08427,0.08392,2241842.7,0.084065,188460.5065755,2241842.7,188460.5065755,
2022-11-17 15:55:00+00:00,0.08391,0.0842,0.08391,0.08402,558787.7,0.08401,46943.754677,558787.7,46943.754677,
2022-11-17 16:00:00+00:00,0.08376,0.08422,0.08399,0.08419,1674380.0,0.08404,140714.8952,1674380.0,140714.8952,
2022-11-17 16:05:00+00:00,0.08407,0.08455,0.08419,0.08428,787554.2,0.084272,66368.7675424,787554.2,66368.7675424,
2022-11-17 16:10:00+00:00,0.08413,0.08446,0.08426,0.08445,1334916.4,0.084325,112566.82543,1334916.4,112566.82543,
2022-11-17 16:15:00+00:00,0.08418,0.08449,0.08444,0.08427,1347839.0,0.084345,113683.480455,1347839.0,113683.480455,
2022-11-17 16:20:00+00:00,0.08413,0.08433,0.08424,0.08428,376998.3,0.084245,31760.2217835,376998.3,31760.2217835,
2022-11-17 16:25:00+00:00,0.08422,0.08465,0.08429,0.08454,390696.7,0.084425,32984.5688975,390696.7,32984.5688975,
2022-11-17 16:30:00+00:00,0.08432,0.08453,0.0845,0.08446,512473.4,0.084452,43279.4035768,512473.4,43279.4035768,
2022-11-17 16:35:00+00:00,0.08436,0.08466,0.08443,0.08439,1307068.3,0.08446,110394.988618,1307068.3,110394.988618,
2022-11-17 16:40:00+00:00,0.08424,0.08446,0.08439,0.08437,775140.4,0.084365,65394.719846,775140.4,65394.719846,
2022-11-17 16:45:00+00:00,0.08416,0.08459,0.0843,0.0842,736680.6,0.084312,62111.0147472,736680.6,62111.0147472,
2022-11-17 16:50:00+00:00,0.08402,0.0843,0.08419,0.08406,463326.6,0.084143,38985.6901038,463326.6,38985.6901038,
2022-11-17 16:55:00+00:00,0.08406,0.08449,0.08406,0.08443,400820.4,0.08426,33773.126904,400820.4,33773.126904,
2022-11-17 17:00:00+00:00,0.08425,0.08468,0.08441,0.08458,1019454.4,0.08448,86123.507712,1019454.4,86123.507712,
2022-11-17 17:05:00+00:00,0.08447,0.0847,0.08455,0.08451,358153.9,0.084558,30284.7774762,358153.9,30284.7774762,
2022-11-17 17:10:00+00:00,0.08427,0.08462,0.08454,0.08445,567025.2,0.08447,47896.618644,567025.2,47896.618644,
2022-11-17 17:15:00+00:00,0.08429,0.08457,0.08446,0.0843,272410.0,0.084405,22992.76605,272410.0,22992.76605,
2022-11-17 17:20:00+00:00,0.08411,0.08438,0.08431,0.08419,244849.0,0.084248,20628.038552,244849.0,20628.038552,
2022-11-17 17:25:00+00:00,0.08419,0.08436,0.08419,0.08428,299299.3,0.084255,25217.4625215,299299.3,25217.4625215,
2022-11-17 17:30:00+00:00,0.08404,0.08436,0.08423,0.08406,400865.5,0.084173,33742.0517315,400865.5,33742.0517315,
2022-11-17 17:35:00+00:00,0.08402,0.08422,0.08406,0.08404,464513.8,0.084085,39058.642873,464513.8,39058.642873,
2022-11-17 17:40:00+00:00,0.08402,0.08412,0.08412,0.08408,246477.9,0.084085,20725.0942215,246477.9,20725.0942215,
2022-11-17 17:45:00+00:00,0.08405,0.08426,0.08405,0.08421,422070.2,0.084143,35514.2528386,422070.2,35514.2528386,
2022-11-17 17:50:00+00:00,0.0842,0.08445,0.08421,0.08435,440082.8,0.084302,37099.8602056,440082.8,37099.8602056,
2022-11-17 17:55:00+00:00,0.08435,0.08475,0.08435,0.08465,713609.2,0.084525,60317.81763,713609.2,60317.81763,
2022-11-17 18:00:00+00:00,0.08452,0.08485,0.08467,0.08459,1618769.4,0.084658,137041.7798652,1618769.4,137041.7798652,
2022-11-17 18:05:00+00:00,0.08439,0.08474,0.08459,0.08459,1489346.0,0.084578,125965.905988,1489346.0,125965.905988,
2022-11-17 18:10:00+00:00,0.08456,0.08479,0.08456,0.08465,1001803.4,0.08464,84792.639776,1001803.4,84792.639776,
2022-11-17 18:15:00+00:00,0.08459,0.08482,0.08466,0.08478,242988.6,0.084712,20584.0502832,242988.6,20584.0502832,
2022-11-17 18:20:00+00:00,0.0846,0.08481,0.08476,0.08467,219347.3,0.08471,18580.909783,219347.3,18580.909783,
2022-11-17 18:25:00+00:00,0.08445,0.08468,0.08464,0.08459,262049.5,0.08459,22166.767205,262049.5,22166.767205,
2022-11-17 18:30:00+00:00,0.08449,0.08468,0.08458,0.08459,890765.1,0.084585,75345.3659835,890765.1,75345.3659835,
2022-11-17 18:35:00+00:00,0.08453,0.08481,0.08456,0.0846,297561.8,0.084625,25181.167325,297561.8,25181.167325,
2022-11-17 18:40:00+00:00,0.08449,0.08469,0.08463,0.08452,382113.9,0.084582,32319.9578898,382113.9,32319.9578898,
2022-11-17 18:45:00+00:00,0.0844,0.08465,0.08454,0.08455,2139106.9,0.084535,180829.4017915,2139106.9,180829.4017915,
2022-11-17 18:50:00+00:00,0.08449,0.0846,0.08453,0.08452,946415.8,0.084535,80005.259653,946415.8,80005.259653,
2022-11-17 18:55:00+00:00,0.08434,0.08463,0.08455,0.08441,2481100.1,0.084482,209608.2986482,2481100.1,209608.2986482,
2022-11-17 19:00:00+00:00,0.08435,0.08462,0.08446,0.0844,870459.0,0.084457,73516.355763,870459.0,73516.355763,
2022-11-17 19:05:00+00:00,0.0843,0.08455,0.08444,0.08449,1468703.2,0.084445,124024.641724,1468703.2,124024.641724,
2022-11-17 19:10:00+00:00,0.08433,0.0845,0.08445,0.08437,410107.0,0.084412,34617.952084,410107.0,34617.952084,
2022-11-17 19:15:00+00:00,0.0843,0.08445,0.08442,0.08436,519860.6,0.084382,43866.8771492,519860.6,43866.8771492,
2022-11-17 19:20:00+00:00,0.08435,0.08451,0.0844,0.08446,199007.3,0.08443,16802.186339,199007.3,16802.186339,
2022-11-17 19:25:00+00:00,0.08442,0.08469,0.08442,0.08463,661559.7,0.08454,55928.257038,661559.7,55928.257038,
2022-11-17 19:30:00+00:00,0.08449,0.08469,0.0846,0.0846,548862.0,0.084595,46430.98089,548862.0,46430.98089,
2022-11-17 19:35:00+00:00,0.08441,0.08459,0.08458,0.08453,470934.5,0.084527,39806.6804815,470934.5,39806.6804815,
2022-11-17 19:40:00+00:00,0.08439,0.08452,0.08452,0.08445,259829.3,0.08447,21947.780971,259829.3,21947.780971,
2022-11-17 19:45:00+00:00,0.08438,0.08468,0.08442,0.08462,63293.4,0.084525,5349.874635,63293.4,5349.874635,
2022-11-17 19:50:00+00:00,0.08445,0.08463,0.08458,0.08455,385978.1,0.084552,32635.2203112,385978.1,32635.2203112,
2022-11-17 19:55:00+00:00,0.08421,0.08452,0.0845,0.08434,732267.1,0.084393,61798.2173703,732267.1,61798.2173703,
2022-11-17 20:00:00+00:00,0.08428,0.08451,0.08435,0.08435,873361.4,0.084372,73687.2480408,873361.4,73687.2480408,
2022-11-17 20:05:00+00:00,0.0843,0.08447,0.08434,0.08433,426224.4,0.08436,35956.290384,426224.4,35956.290384,
2022-11-17 20:10:00+00:00,0.08426,0.08434,0.08428,0.0843,1740823.4,0.084295,146742.708503,1740823.4,146742.708503,
2022-11-17 20:15:00+00:00,0.08425,0.08443,0.08427,0.08427,345403.5,0.084305,29119.2420675,345403.5,29119.2420675,
2022-11-17 20:20:00+00:00,0.08425,0.08441,0.08426,0.08437,738236.0,0.084322,62249.535992,738236.0,62249.535992,
2022-11-17 20:25:00+00:00,0.08432,0.08461,0.08437,0.08455,352793.1,0.084463,29797.9636053,352793.1,29797.9636053,
2022-11-17 20:30:00+00:00,0.0844,0.08462,0.08455,0.08449,519057.2,0.084515,43868.119258,519057.2,43868.119258,
2022-11-17 20:35:00+00:00,0.08447,0.08461,0.08447,0.08453,232164.3,0.08452,19622.526636,232164.3,19622.526636,
2022-11-17 20:40:00+00:00,0.08452,0.08482,0.08458,0.08474,1172150.4,0.084665,99240.113616,1172150.4,99240.113616,
2022-11-17 20:45:00+00:00,0.08461,0.08481,0.08471,0.08472,563875.4,0.084713,47767.5767602,563875.4,47767.5767602,
2022-11-17 20:50:00+00:00,0.08456,0.08476,0.08472,0.08466,306608.1,0.084675,25962.0408675,306608.1,25962.0408675,
2022-11-17 20:55:00+00:00,0.08463,0.08488,0.08463,0.08481,650970.3,0.084738,55161.9212814,650970.3,55161.9212814,
2022-11-17 21:00:00+00:00,0.08474,0.085,0.08481,0.08495,671929.0,0.084875,57029.973875,671929.0,57029.973875,
2022-11-17 21:05:00+00:00,0.08485,0.08497,0.08493,0.08487,329359.8,0.084905,27964.293819,329359.8,27964.293819,
2022-11-17 21:10:00+00:00,0.08479,0.08492,0.08487,0.08483,406599.4,0.084853,34501.1788882,406599.4,34501.1788882,
2022-11-17 21:15:00+00:00,0.08483,0.08507,0.08484,0.08494,1524526.0,0.08492,129462.74792,1524526.0,129462.74792,
2022-11-17 21:20:00+00:00,0.08487,0.08507,0.08492,0.08492,145051.2,0.084945,12321.374184,145051.2,12321.374184,
2022-11-17 21:25:00+00:00,0.08482,0.08503,0.08492,0.08496,3194481.6,0.084932,271313.7112512,3194481.6,271313.7112512,
2022-11-17 21:30:00+00:00,0.08477,0.085,0.08495,0.08479,1661800.2,0.084878,141050.2773756,1661800.2,141050.2773756,
2022-11-17 21:35:00+00:00,0.08478,0.0849,0.08479,0.0848,631535.0,0.084817,53564.904095,631535.0,53564.904095,
2022-11-17 21:40:00+00:00,0.08476,0.08488,0.08478,0.08478,592201.6,0.0848,50218.69568,592201.6,50218.69568,
2022-11-17 21:45:00+00:00,0.0847,0.08484,0.08479,0.08479,576107.3,0.08478,48842.376894,576107.3,48842.376894,
2022-11-17 21:50:00+00:00,0.0847,0.0849,0.08479,0.08472,307183.3,0.084778,26042.3858074,307183.3,26042.3858074,
2022-11-17 21:55:00+00:00,0.08467,0.08478,0.08472,0.08473,364151.7,0.084725,30852.7527825,364151.7,30852.7527825,
2022-11-17 22:00:00+00:00,0.0847,0.0848,0.08477,0.08472,216018.9,0.084748,18307.1697372,216018.9,18307.1697372,
2022-11-17 22:05:00+00:00,0.0846,0.0847,0.0847,0.08464,344523.4,0.08466,29167.351044,344523.4,29167.351044,
2022-11-17 22:10:00+00:00,0.0845,0.08464,0.08464,0.08452,194874.3,0.084575,16481.4939225,194874.3,16481.4939225,
2022-11-17 22:15:00+00:00,0.08446,0.08472,0.08448,0.08472,272834.8,0.084595,23080.459906,272834.8,23080.459906,
2022-11-17 22:20:00+00:00,0.0847,0.08486,0.0847,0.08474,208555.6,0.08475,17675.0871,208555.6,17675.0871,
2022-11-17 22:25:00+00:00,0.08461,0.08475,0.08473,0.08471,209815.3,0.0847,17771.35591,209815.3,17771.35591,
2022-11-17 22:30:00+00:00,0.08461,0.08471,0.08469,0.0847,294669.8,0.084678,24952.0493244,294669.8,24952.0493244,
2022-11-17 22:35:00+00:00,0.0847,0.08496,0.08473,0.08476,714766.9,0.084788,60603.6559172,714766.9,60603.6559172,
2022-11-17 22:40:00+00:00,0.08474,0.08489,0.08476,0.08485,175210.2,0.08481,14859.577062,175210.2,14859.577062,
2022-11-17 22:45:00+00:00,0.08474,0.08492,0.08486,0.0848,129122.9,0.08483,10953.495607,129122.9,10953.495607,
2022-11-17 22:50:00+00:00,0.08476,0.08507,0.08476,0.08502,237078.4,0.084902,20128.4303168,237078.4,20128.4303168,
2022-11-17 22:55:00+00:00,0.08495,0.08543,0.08508,0.08495,664428.8,0.085102,56544.2197376,664428.8,56544.2197376,
2022-11-17 23:00:00+00:00,0.08473,0.08514,0.08496,0.08474,1506897.6,0.084892,127923.5510592,1506897.6,127923.5510592,
2022-11-17 23:05:00+00:00,0.08476,0.08507,0.08477,0.08487,577968.1,0.084868,49050.9967108,577968.1,49050.9967108,
2022-11-17 23:10:00+00:00,0.08469,0.08493,0.0849,0.08474,722726.4,0.084815,61298.039616,722726.4,61298.039616,
2022-11-17 23:15:00+00:00,0.08436,0.08475,0.08474,0.08446,1014349.2,0.084578,85791.6266376,1014349.2,85791.6266376,
2022-11-17 23:20:00+00:00,0.08439,0.08458,0.08447,0.08445,924287.8,0.084472,78076.4390416,924287.8,78076.4390416,
2022-11-17 23:25:00+00:00,0.0843,0.08446,0.0844,0.0844,324592.0,0.08439,27392.31888,324592.0,27392.31888,
2022-11-17 23:30:00+00:00,0.08429,0.08442,0.08439,0.08434,345444.3,0.08436,29141.681148,345444.3,29141.681148,
2022-11-17 23:35:00+00:00,0.08409,0.08434,0.0843,0.0843,1407049.5,0.084258,118555.176771,1407049.5,118555.176771,
2022-11-17 23:40:00+00:00,0.08417,0.08451,0.08425,0.08446,728636.4,0.084347,61458.2944308,728636.4,61458.2944308,
2022-11-17 23:45:00+00:00,0.08431,0.08486,0.08445,0.08469,978150.0,0.084578,82729.9707,978150.0,82729.9707,
2022-11-17 23:50:00+00:00,0.08456,0.08482,0.08469,0.08457,1490235.6,0.08466,126163.345896,1490235.6,126163.345896,
2022-11-17 23:55:00+00:00,0.08452,0.08476,0.08457,0.08457,3353035.5,0.084605,283683.5684775,3353035.5,283683.5684775,
2022-11-18 00:00:00+00:00,0.08439,0.08481,0.08457,0.08478,3370240.6,0.084638,285250.4239028,3370240.6,285250.4239028,
2022-11-18 00:05:00+00:00,0.08463,0.08493,0.08479,0.08493,475022.6,0.08482,40291.416932,475022.6,40291.416932,
2022-11-18 00:10:00+00:00,0.08492,0.08573,0.08497,0.08531,3702719.9,0.085232,315590.2225168,3702719.9,315590.2225168,
2022-11-18 00:15:00+00:00,0.085,0.08549,0.08525,0.08537,1713146.6,0.085278,146093.7157548,1713146.6,146093.7157548,
2022-11-18 00:20:00+00:00,0.08516,0.0855,0.08532,0.08528,1262524.8,0.085315,107712.303312,1262524.8,107712.303312,
2022-11-18 00:25:00+00:00,0.08504,0.08536,0.08532,0.08519,520584.5,0.085228,44368.375766,520584.5,44368.375766,
2022-11-18 00:30:00+00:00,0.08521,0.08548,0.08527,0.08532,842647.2,0.08532,71894.659104,842647.2,71894.659104,
2022-11-18 00:35:00+00:00,0.08502,0.08541,0.08532,0.08537,1702407.8,0.08528,145181.337184,1702407.8,145181.337184,
2022-11-18 00:40:00+00:00,0.08532,0.08574,0.08533,0.0855,823018.6,0.085472,70345.0457792,823018.6,70345.0457792,
2022-11-18 00:45:00+00:00,0.08529,0.08554,0.08551,0.08541,1178814.0,0.085438,100715.510532,1178814.0,100715.510532,
2022-11-18 00:50:00+00:00,0.08531,0.0855,0.08536,0.08543,1160841.2,0.0854,99135.83848,1160841.2,99135.83848,
2022-11-18 00:55:00+00:00,0.0854,0.0857,0.08553,0.08559,950036.9,0.085555,81280.4069795,950036.9,81280.4069795,
2022-11-18 01:00:00+00:00,0.08534,0.08565,0.0856,0.08546,1284815.2,0.085512,109867.1173824,1284815.2,109867.1173824,
2022-11-18 01:05:00+00:00,0.08537,0.08564,0.08558,0.08548,1070228.2,0.085518,91523.7752076,1070228.2,91523.7752076,
2022-11-18 01:10:00+00:00,0.0852,0.08552,0.08547,0.08536,606068.1,0.085388,51750.9429228,606068.1,51750.9429228,
2022-11-18 01:15:00+00:00,0.08523,0.08549,0.08538,0.08545,470147.6,0.085388,40144.9632688,470147.6,40144.9632688,
2022-11-18 01:20:00+00:00,0.08532,0.08555,0.08542,0.08555,1116660.5,0.08546,95429.80633,1116660.5,95429.80633,
2022-11-18 01:25:00+00:00,0.08537,0.08562,0.08553,0.08551,2088141.4,0.085507,178550.7066898,2088141.4,178550.7066898,
2022-11-18 01:30:00+00:00,0.08531,0.08559,0.08557,0.08556,768842.9,0.085507,65741.4498503,768842.9,65741.4498503,
2022-11-18 01:35:00+00:00,0.08548,0.08578,0.08557,0.08568,932868.6,0.085628,79879.6724808,932868.6,79879.6724808,
2022-11-18 01:40:00+00:00,0.08562,0.0858,0.08569,0.08565,276414.8,0.08569,23685.984212,276414.8,23685.984212,
2022-11-18 01:45:00+00:00,0.08555,0.08573,0.08563,0.08561,211072.8,0.08563,18074.163864,211072.8,18074.163864,
2022-11-18 01:50:00+00:00,0.08554,0.08577,0.08561,0.08571,392780.2,0.085658,33644.7663716,392780.2,33644.7663716,
2022-11-18 01:55:00+00:00,0.08563,0.08585,0.08567,0.0857,442543.2,0.085712,37931.2627584,442543.2,37931.2627584,
2022-11-18 02:00:00+00:00,0.08554,0.08576,0.0857,0.08568,742110.8,0.08567,63576.632236,742110.8,63576.632236,
2022-11-18 02:05:00+00:00,0.08563,0.08584,0.08565,0.08575,169048.8,0.085718,14490.5250384,169048.8,14490.5250384,
2022-11-18 02:10:00+00:00,0.08566,0.08584,0.08576,0.08576,224495.9,0.085755,19251.6459045,224495.9,19251.6459045,
2022-11-18 02:15:00+00:00,0.08554,0.08589,0.08583,0.0856,916513.9,0.085715,78558.9889385,916513.9,78558.9889385,
2022-11-18 02:20:00+00:00,0.08558,0.08585,0.0856,0.08585,654339.3,0.08572,56089.964796,654339.3,56089.964796,
2022-11-18 02:25:00+00:00,0.08587,0.08636,0.08588,0.08617,1875182.5,0.08607,161396.957775,1875182.5,161396.957775,
2022-11-18 02:30:00+00:00,0.08612,0.08648,0.08616,0.0863,1445119.4,0.086265,124663.225041,1445119.4,124663.225041,
2022-11-18 02:35:00+00:00,0.08609,0.08665,0.08627,0.08648,1264611.7,0.086372,109227.0417524,1264611.7,109227.0417524,
2022-11-18 02:40:00+00:00,0.08629,0.0867,0.08647,0.08641,1726805.5,0.086468,149313.417974,1726805.5,149313.417974,
2022-11-18 02:45:00+00:00,0.0861,0.08642,0.08642,0.0862,1218026.9,0.086285,105097.4510665,1218026.9,105097.4510665,
2022-11-18 02:50:00+00:00,0.08612,0.08632,0.08616,0.08629,897528.8,0.086223,77387.6257224,897528.8,77387.6257224,
2022-11-18 02:55:00+00:00,0.08605,0.08629,0.08627,0.08627,658107.1,0.08622,56741.994162,658107.1,56741.994162,
2022-11-18 03:00:00+00:00,0.08623,0.08652,0.08627,0.08634,571620.0,0.08634,49353.6708,571620.0,49353.6708,
2022-11-18 03:05:00+00:00,0.08611,0.08644,0.08641,0.08617,1329913.8,0.086283,114748.9524054,1329913.8,114748.9524054,
2022-11-18 03:10:00+00:00,0.08609,0.08629,0.08617,0.08615,1180358.2,0.086175,101717.367885,1180358.2,101717.367885,
2022-11-18 03:15:00+00:00,0.08604,0.08621,0.08614,0.0861,684376.3,0.086122,58939.8557086,684376.3,58939.8557086,
2022-11-18 03:20:00+00:00,0.08605,0.08629,0.0861,0.08623,1112626.7,0.086168,95872.8174856,1112626.7,95872.8174856,
2022-11-18 03:25:00+00:00,0.08613,0.08632,0.08624,0.08626,189753.0,0.086238,16363.919214,189753.0,16363.919214,
2022-11-18 03:30:00+00:00,0.08616,0.08626,0.08623,0.08616,197182.5,0.086202,16997.525865,197182.5,16997.525865,
2022-11-18 03:35:00+00:00,0.086,0.0862,0.08617,0.086,486348.5,0.086092,41870.715062,486348.5,41870.715062,
2022-11-18 03:40:00+00:00,0.08595,0.08607,0.08599,0.08598,572869.3,0.085997,49265.0411921,572869.3,49265.0411921,
2022-11-18 03:45:00+00:00,0.08578,0.08599,0.08596,0.08599,1130592.5,0.08593,97151.813525,1130592.5,97151.813525,
2022-11-18 03:50:00+00:00,0.0857,0.08598,0.08594,0.08588,920840.1,0.085875,79077.1435875,920840.1,79077.1435875,
2022-11-18 03:55:00+00:00,0.08566,0.08591,0.08588,0.08567,1509434.7,0.08578,129479.308566,1509434.7,129479.308566,
2022-11-18 04:00:00+00:00,0.08568,0.0859,0.08568,0.08571,721567.3,0.085743,61869.3450039,721567.3,61869.3450039,
2022-11-18 04:05:00+00:00,0.08566,0.08581,0.08571,0.08571,623445.0,0.085722,53442.95229,623445.0,53442.95229,
2022-11-18 04:10:00+00:00,0.08549,0.08574,0.08571,0.0856,999769.6,0.085635,85615.269696,999769.6,85615.269696,
2022-11-18 04:15:00+00:00,0.08554,0.08576,0.08556,0.0857,553095.2,0.08564,47367.072928,553095.2,47367.072928,
2022-11-18 04:20:00+00:00,0.08565,0.08582,0.08572,0.0858,641797.3,0.085748,55032.8348804,641797.3,55032.8348804,
2022-11-18 04:25:00+00:00,0.08563,0.0858,0.08579,0.08568,512077.3,0.085725,43897.8265425,512077.3,43897.8265425,
2022-11-18 04:30:00+00:00,0.08559,0.08585,0.0857,0.08578,395174.3,0.08573,33878.292739,395174.3,33878.292739,
2022-11-18 04:35:00+00:00,0.08579,0.08596,0.08581,0.08582,599573.2,0.085845,51470.361354,599573.2,51470.361354,
2022-11-18 04:40:00+00:00,0.08581,0.08593,0.08583,0.08586,318790.9,0.085858,27370.7490922,318790.9,27370.7490922,
2022-11-18 04:45:00+00:00,0.08582,0.08595,0.08589,0.08594,271023.8,0.0859,23280.94442,271023.8,23280.94442,
2022-11-18 04:50:00+00:00,0.08583,0.08596,0.08588,0.08585,285493.9,0.08588,24518.216132,285493.9,24518.216132,
2022-11-18 04:55:00+00:00,0.0856,0.08587,0.08587,0.0856,590453.2,0.085735,50622.505102,590453.2,50622.505102,
2022-11-18 05:00:00+00:00,0.08565,0.08581,0.08565,0.08572,245514.0,0.085708,21042.513912,245514.0,21042.513912,
2022-11-18 05:05:00+00:00,0.08562,0.08576,0.08576,0.08571,255363.4,0.085713,21887.9631042,255363.4,21887.9631042,
2022-11-18 05:10:00+00:00,0.08566,0.08583,0.0857,0.08577,178754.8,0.08574,15326.436552,178754.8,15326.436552,
2022-11-18 05:15:00+00:00,0.08576,0.08589,0.08578,0.08584,125622.7,0.085817,10780.5632459,125622.7,10780.5632459,
2022-11-18 05:20:00+00:00,0.08568,0.08586,0.08586,0.0857,146377.1,0.085775,12555.4957525,146377.1,12555.4957525,
2022-11-18 05:25:00+00:00,0.08565,0.08576,0.08574,0.0857,49599.1,0.085712,4251.2380592,49599.1,4251.2380592,
2022-11-18 05:30:00+00:00,0.08539,0.08571,0.08571,0.0855,796075.8,0.085578,68126.5748124,796075.8,68126.5748124,
2022-11-18 05:35:00+00:00,0.08548,0.08568,0.08551,0.08551,173431.1,0.085545,14836.1634495,173431.1,14836.1634495,
2022-11-18 05:40:00+00:00,0.08551,0.08564,0.08554,0.08559,136090.7,0.08557,11645.281199,136090.7,11645.281199,
2022-11-18 05:45:00+00:00,0.08556,0.08568,0.08559,0.08568,505830.4,0.085628,43313.2454912,505830.4,43313.2454912,
2022-11-18 05:50:00+00:00,0.08559,0.08576,0.08565,0.08564,368101.6,0.08566,31531.583056,368101.6,31531.583056,
2022-11-18 05:55:00+00:00,0.08548,0.08566,0.08564,0.08566,591647.0,0.08561,50650.89967,591647.0,50650.89967,
2022-11-18 06:00:00+00:00,0.08561,0.08575,0.08564,0.08573,352609.8,0.085682,30212.3128836,352609.8,30212.3128836,
2022-11-18 06:05:00+00:00,0.08531,0.08572,0.08572,0.08544,651921.0,0.085548,55770.537708,651921.0,55770.537708,
2022-11-18 06:10:00+00:00,0.08512,0.08552,0.08544,0.08529,1442402.9,0.085342,123097.5482918,1442402.9,123097.5482918,
2022-11-18 06:15:00+00:00,0.08525,0.08545,0.08532,0.08531,313165.7,0.085332,26723.0555124,313165.7,26723.0555124,
2022-11-18 06:20:00+00:00,0.08529,0.08555,0.08531,0.08544,612994.9,0.085398,52348.5384702,612994.9,52348.5384702,
2022-11-18 06:25:00+00:00,0.08533,0.08547,0.08544,0.08537,322711.6,0.085402,27560.2160632,322711.6,27560.2160632,
2022-11-18 06:30:00+00:00,0.08537,0.08552,0.0854,0.08546,148795.6,0.085438,12712.7984728,148795.6,12712.7984728,
2022-11-18 06:35:00+00:00,0.08526,0.08545,0.08543,0.0854,97046.4,0.085385,8286.306864,97046.4,8286.306864,
2022-11-18 06:40:00+00:00,0.0854,0.08554,0.0854,0.08551,159335.8,0.085462,13617.1561396,159335.8,13617.1561396,
2022-11-18 06:45:00+00:00,0.08546,0.08563,0.08549,0.08563,386153.1,0.085552,33036.1700112,386153.1,33036.1700112,
2022-11-18 06:50:00+00:00,0.08557,0.08566,0.08559,0.08557,382636.7,0.085598,32752.9362466,382636.7,32752.9362466,
2022-11-18 06:55:00+00:00,0.08552,0.08562,0.08556,0.08558,729632.2,0.08557,62434.627354,729632.2,62434.627354,
2022-11-18 07:00:00+00:00,0.08556,0.08568,0.08557,0.0856,231643.1,0.085602,19829.1126462,231643.1,19829.1126462,
2022-11-18 07:05:00+00:00,0.08546,0.08565,0.0856,0.08549,177056.2,0.08555,15147.15791,177056.2,15147.15791,
2022-11-18 07:10:00+00:00,0.08539,0.08559,0.08549,0.08547,1093951.5,0.085485,93516.4439775,1093951.5,93516.4439775,
2022-11-18 07:15:00+00:00,0.08549,0.08556,0.08551,0.08553,85334.1,0.085522,7297.9429002,85334.1,7297.9429002,
2022-11-18 07:20:00+00:00,0.08533,0.08554,0.08553,0.08534,632580.5,0.085435,54044.5150175,632580.5,54044.5150175,
2022-11-18 07:25:00+00:00,0.08535,0.08551,0.08538,0.08551,246107.9,0.085438,21026.9667602,246107.9,21026.9667602,
2022-11-18 07:30:00+00:00,0.08524,0.0855,0.0855,0.08526,427896.0,0.085375,36531.621,427896.0,36531.621,
2022-11-18 07:35:00+00:00,0.08508,0.08534,0.08523,0.08532,437084.4,0.085242,37257.9484248,437084.4,37257.9484248,
2022-11-18 07:40:00+00:00,0.08526,0.0854,0.0853,0.08526,143932.4,0.085305,12278.153382,143932.4,12278.153382,
2022-11-18 07:45:00+00:00,0.08519,0.08535,0.08528,0.08526,88725.5,0.08527,7565.623385,88725.5,7565.623385,
2022-11-18 07:50:00+00:00,0.0851,0.08528,0.08522,0.08515,340317.2,0.085188,28990.9416336,340317.2,28990.9416336,
2022-11-18 07:55:00+00:00,0.08491,0.08518,0.0851,0.08516,845478.6,0.085088,71940.0831168,845478.6,71940.0831168,
2022-11-18 08:00:00+00:00,0.08471,0.08519,0.08517,0.08493,1118910.1,0.085,95107.3585,1118910.1,95107.3585,
2022-11-18 08:05:00+00:00,0.08472,0.08499,0.08497,0.08492,769346.1,0.0849,65317.48389,769346.1,65317.48389,
2022-11-18 08:10:00+00:00,0.08477,0.08497,0.08492,0.08491,376829.4,0.084892,31989.8014248,376829.4,31989.8014248,
2022-11-18 08:15:00+00:00,0.08473,0.08495,0.08492,0.08478,250051.3,0.084845,21215.6025485,250051.3,21215.6025485,
2022-11-18 08:20:00+00:00,0.08473,0.08487,0.08473,0.0848,244925.2,0.084782,20765.2483064,244925.2,20765.2483064,
2022-11-18 08:25:00+00:00,0.0848,0.08496,0.0848,0.08496,73794.2,0.08488,6263.651696,73794.2,6263.651696,
2022-11-18 08:30:00+00:00,0.08489,0.08501,0.08492,0.08501,103775.4,0.084957,8816.4466578,103775.4,8816.4466578,
2022-11-18 08:35:00+00:00,0.08496,0.08517,0.08497,0.08515,228516.4,0.085062,19438.0620168,228516.4,19438.0620168,
2022-11-18 08:40:00+00:00,0.08506,0.08517,0.08514,0.08516,74182.3,0.085132,6315.2875636,74182.3,6315.2875636,
2022-11-18 08:45:00+00:00,0.08506,0.08518,0.08516,0.08506,301818.0,0.085115,25689.23907,301818.0,25689.23907,
2022-11-18 08:50:00+00:00,0.08496,0.08509,0.08506,0.08505,167029.9,0.08504,14204.222696,167029.9,14204.222696,
2022-11-18 08:55:00+00:00,0.08503,0.08536,0.08503,0.08532,323080.1,0.085185,27521.5783185,323080.1,27521.5783185,
2022-11-18 09:00:00+00:00,0.08524,0.08538,0.08533,0.08535,175126.3,0.085325,14942.6515475,175126.3,14942.6515475,
2022-11-18 09:05:00+00:00,0.08531,0.08553,0.08532,0.08533,314623.5,0.085372,26860.037442,314623.5,26860.037442,
2022-11-18 09:10:00+00:00,0.08517,0.08539,0.08533,0.08522,314893.2,0.085277,26853.1474164,314893.2,26853.1474164,
2022-11-18 09:15:00+00:00,0.08518,0.08538,0.08522,0.08521,591735.6,0.085248,50444.2764288,591735.6,50444.2764288,
2022-11-18 09:20:00+00:00,0.08514,0.08525,0.08524,0.0852,224170.4,0.085208,19101.1114432,224170.4,19101.1114432,
2022-11-18 09:25:00+00:00,0.0852,0.08528,0.0852,0.08523,119479.5,0.085228,10182.998826,119479.5,10182.998826,
2022-11-18 09:30:00+00:00,0.08527,0.0854,0.08527,0.08535,125879.8,0.085322,10740.3162956,125879.8,10740.3162956,
2022-11-18 09:35:00+00:00,0.08523,0.08536,0.08535,0.08528,149876.4,0.085305,12785.206302,149876.4,12785.206302,
2022-11-18 09:40:00+00:00,0.08524,0.08535,0.08525,0.0853,65620.8,0.085285,5596.469928,65620.8,5596.469928,
2022-11-18 09:45:00+00:00,0.08517,0.08532,0.08532,0.08522,44346.1,0.085258,3780.8597938,44346.1,3780.8597938,
2022-11-18 09:50:00+00:00,0.08517,0.08533,0.08517,0.08521,189375.5,0.08522,16138.58011,189375.5,16138.58011,
2022-11-18 09:55:00+00:00,0.08518,0.08532,0.08519,0.08528,232855.7,0.085242,19849.0855794,232855.7,19849.0855794,
2022-11-18 10:00:00+00:00,0.08518,0.08529,0.08527,0.08527,121482.5,0.085252,10356.62609,121482.5,10356.62609,
2022-11-18 10:05:00+00:00,0.08525,0.08548,0.08525,0.0854,255352.3,0.085345,21793.0420435,255352.3,21793.0420435,
2022-11-18 10:10:00+00:00,0.08533,0.08548,0.08543,0.0854,337974.0,0.08541,28866.35934,337974.0,28866.35934,
2022-11-18 10:15:00+00:00,0.08541,0.08555,0.08543,0.08549,168736.9,0.08547,14421.942843,168736.9,14421.942843,
2022-11-18 10:20:00+00:00,0.08533,0.08554,0.0855,0.08533,544027.3,0.085425,46473.5321025,544027.3,46473.5321025,
2022-11-18 10:25:00+00:00,0.08533,0.08554,0.08533,0.08554,344688.9,0.085435,29448.4961715,344688.9,29448.4961715,
2022-11-18 10:30:00+00:00,0.08537,0.08576,0.08558,0.08538,435980.6,0.085522,37285.9328732,435980.6,37285.9328732,
2022-11-18 10:35:00+00:00,0.08543,0.08555,0.08548,0.08546,133525.2,0.08548,11413.734096,133525.2,11413.734096,
2022-11-18 10:40:00+00:00,0.08515,0.08549,0.08549,0.08524,1165084.3,0.085342,99430.6243306,1165084.3,99430.6243306,
2022-11-18 10:45:00+00:00,0.08507,0.08532,0.08524,0.08523,416902.4,0.085215,35526.338016,416902.4,35526.338016,
2022-11-18 10:50:00+00:00,0.08524,0.08535,0.08524,0.08524,134326.0,0.085268,11453.709368,134326.0,11453.709368,
2022-11-18 10:55:00+00:00,0.08516,0.08537,0.08526,0.08535,221219.6,0.085285,18866.713586,221219.6,18866.713586,
2022-11-18 11:00:00+00:00,0.08529,0.08543,0.08532,0.0854,211373.5,0.08536,18042.84196,211373.5,18042.84196,
2022-11-18 11:05:00+00:00,0.0854,0.08553,0.0854,0.08546,329967.6,0.085448,28195.0714848,329967.6,28195.0714848,
2022-11-18 11:10:00+00:00,0.08522,0.08548,0.08546,0.08528,213457.0,0.08536,18220.68952,213457.0,18220.68952,
2022-11-18 11:15:00+00:00,0.08523,0.08538,0.08531,0.08538,224836.1,0.085325,19184.1402325,224836.1,19184.1402325,
2022-11-18 11:20:00+00:00,0.08524,0.08536,0.08535,0.08531,428220.1,0.085315,36533.5978315,428220.1,36533.5978315,
2022-11-18 11:25:00+00:00,0.08518,0.08537,0.08531,0.08522,162614.7,0.08527,13866.155469,162614.7,13866.155469,
2022-11-18 11:30:00+00:00,0.08511,0.08525,0.08519,0.08525,246867.5,0.0852,21033.111,246867.5,21033.111,
2022-11-18 11:35:00+00:00,0.08511,0.08526,0.08522,0.08514,328719.1,0.085183,28001.2790953,328719.1,28001.2790953,
2022-11-18 11:40:00+00:00,0.08497,0.0852,0.08515,0.08509,362742.6,0.085102,30870.1207452,362742.6,30870.1207452,
2022-11-18 11:45:00+00:00,0.08502,0.08518,0.08505,0.08517,134200.4,0.085105,11421.125042,134200.4,11421.125042,
2022-11-18 11:50:00+00:00,0.08514,0.08527,0.08517,0.08522,39414.6,0.0852,3358.12392,39414.6,3358.12392,
2022-11-18 11:55:00+00:00,0.08521,0.0854,0.08523,0.08528,87297.7,0.08528,7444.747856,87297.7,7444.747856,
2022-11-18 12:00:00+00:00,0.08523,0.08549,0.08525,0.08549,329719.3,0.085365,28146.4880445,329719.3,28146.4880445,
2022-11-18 12:05:00+00:00,0.08544,0.0857,0.08548,0.08567,234801.8,0.085572,20092.4596296,234801.8,20092.4596296,
2022-11-18 12:10:00+00:00,0.08548,0.08572,0.08569,0.08558,359319.6,0.085618,30764.2255128,359319.6,30764.2255128,
2022-11-18 12:15:00+00:00,0.08553,0.08572,0.08558,0.08558,432983.1,0.085602,37064.2193262,432983.1,37064.2193262,
2022-11-18 12:20:00+00:00,0.08545,0.08562,0.08558,0.08548,60637.3,0.085533,5186.4901809,60637.3,5186.4901809,
2022-11-18 12:25:00+00:00,0.08542,0.08553,0.08544,0.08552,143509.1,0.085478,12266.8708498,143509.1,12266.8708498,
2022-11-18 12:30:00+00:00,0.08539,0.08557,0.08552,0.08543,171186.2,0.085478,14632.6540036,171186.2,14632.6540036,
2022-11-18 12:35:00+00:00,0.08537,0.08546,0.0854,0.08541,253425.2,0.08541,21645.046332,253425.2,21645.046332,
2022-11-18 12:40:00+00:00,0.08536,0.08553,0.08541,0.08544,1601581.4,0.085435,136831.106909,1601581.4,136831.106909,
2022-11-18 12:45:00+00:00,0.08529,0.08552,0.08548,0.08537,575349.3,0.085415,49143.4604595,575349.3,49143.4604595,
2022-11-18 12:50:00+00:00,0.08533,0.08547,0.08538,0.08534,277960.2,0.08538,23732.241876,277960.2,23732.241876,
2022-11-18 12:55:00+00:00,0.08529,0.08541,0.08534,0.08529,218866.9,0.085332,18676.3503108,218866.9,18676.3503108,
2022-11-18 13:00:00+00:00,0.08529,0.08547,0.0853,0.08543,207511.3,0.085372,17715.6547036,207511.3,17715.6547036,
2022-11-18 13:05:00+00:00,0.0853,0.08552,0.08543,0.08533,377582.1,0.085395,32243.6234295,377582.1,32243.6234295,
2022-11-18 13:10:00+00:00,0.08531,0.08543,0.08534,0.08537,615522.9,0.085362,52542.2657898,615522.9,52542.2657898,
2022-11-18 13:15:00+00:00,0.08531,0.08553,0.08536,0.08546,121582.6,0.085415,10384.977779,121582.6,10384.977779,
2022-11-18 13:20:00+00:00,0.08542,0.08576,0.08546,0.08556,1071890.4,0.08555,91700.22372,1071890.4,91700.22372,
2022-11-18 13:25:00+00:00,0.08552,0.08569,0.08556,0.08557,617208.5,0.085585,52823.7894725,617208.5,52823.7894725,
2022-11-18 13:30:00+00:00,0.08546,0.08561,0.08557,0.08559,304322.4,0.085558,26037.2158992,304322.4,26037.2158992,
2022-11-18 13:35:00+00:00,0.08554,0.0858,0.08559,0.08554,673185.0,0.085618,57636.75333,673185.0,57636.75333,
2022-11-18 13:40:00+00:00,0.0855,0.08565,0.08555,0.08556,320610.5,0.085565,27433.0374325,320610.5,27433.0374325,
2022-11-18 13:45:00+00:00,0.08514,0.08558,0.08557,0.08517,1020508.0,0.085365,87115.66542,1020508.0,87115.66542,
2022-11-18 13:50:00+00:00,0.08511,0.08531,0.08516,0.08527,574458.3,0.085213,48951.3151179,574458.3,48951.3151179,
2022-11-18 13:55:00+00:00,0.08512,0.08529,0.08529,0.08515,403471.2,0.085213,34380.9913656,403471.2,34380.9913656,
2022-11-18 14:00:00+00:00,0.08501,0.08528,0.08516,0.08528,1036215.5,0.085182,88266.908721,1036215.5,88266.908721,
2022-11-18 14:05:00+00:00,0.08517,0.08538,0.08523,0.08535,642940.5,0.085282,54831.251721,642940.5,54831.251721,
2022-11-18 14:10:00+00:00,0.08522,0.0854,0.08538,0.08529,640254.7,0.085322,54627.8115134,640254.7,54627.8115134,
2022-11-18 14:15:00+00:00,0.08526,0.08547,0.08528,0.08542,293073.7,0.085358,25016.1848846,293073.7,25016.1848846,
2022-11-18 14:20:00+00:00,0.08536,0.08549,0.08542,0.08543,267424.8,0.085425,22844.76354,267424.8,22844.76354,
2022-11-18 14:25:00+00:00,0.08535,0.08549,0.08541,0.08549,531314.2,0.085435,45392.828677,531314.2,45392.828677,
2022-11-18 14:30:00+00:00,0.08437,0.08549,0.08549,0.08483,2901911.3,0.085045,246793.0465085,2901911.3,246793.0465085,
2022-11-18 14:35:00+00:00,0.08463,0.08504,0.08489,0.08463,1469723.7,0.084798,124629.6303126,1469723.7,124629.6303126,
2022-11-18 14:40:00+00:00,0.08454,0.08481,0.08465,0.08474,1082541.3,0.084685,91675.0099905,1082541.3,91675.0099905,
2022-11-18 14:45:00+00:00,0.08468,0.08499,0.08472,0.0847,590014.1,0.084772,50016.6752852,590014.1,50016.6752852,
2022-11-18 14:50:00+00:00,0.08466,0.08491,0.08466,0.08491,1062617.3,0.084785,90094.0077805,1062617.3,90094.0077805,
2022-11-18 14:55:00+00:00,0.08477,0.08497,0.08492,0.08487,459975.4,0.084882,39043.6319028,459975.4,39043.6319028,
2022-11-18 15:00:00+00:00,0.08432,0.08484,0.08484,0.08447,2004206.8,0.084618,169591.9710024,2004206.8,169591.9710024,
2022-11-18 15:05:00+00:00,0.08446,0.08473,0.08447,0.08472,800415.9,0.084595,67711.1830605,800415.9,67711.1830605,
2022-11-18 15:10:00+00:00,0.08454,0.08481,0.08467,0.08469,380197.7,0.084678,32194.3808406,380197.7,32194.3808406,
2022-11-18 15:15:00+00:00,0.08461,0.08498,0.08464,0.08476,347861.3,0.084748,29480.5494524,347861.3,29480.5494524,
2022-11-18 15:20:00+00:00,0.08474,0.0849,0.08476,0.08483,340930.8,0.084808,28913.6592864,340930.8,28913.6592864,
2022-11-18 15:25:00+00:00,0.08459,0.08481,0.08479,0.08472,259726.3,0.084728,22006.0899464,259726.3,22006.0899464,
2022-11-18 15:30:00+00:00,0.08469,0.08488,0.08471,0.08478,252878.6,0.084765,21435.254529,252878.6,21435.254529,
2022-11-18 15:35:00+00:00,0.08475,0.0849,0.08482,0.08481,907790.1,0.08482,76998.756282,907790.1,76998.756282,
2022-11-18 15:40:00+00:00,0.08474,0.08486,0.08479,0.08479,222920.1,0.084795,18902.5098795,222920.1,18902.5098795,
2022-11-18 15:45:00+00:00,0.0847,0.08484,0.08476,0.08478,378412.6,0.08477,32078.036102,378412.6,32078.036102,
2022-11-18 15:50:00+00:00,0.0848,0.08496,0.08482,0.08492,205019.1,0.084875,17400.9961125,205019.1,17400.9961125,
2022-11-18 15:55:00+00:00,0.08469,0.08492,0.08492,0.08478,889978.6,0.084828,75495.1046808,889978.6,75495.1046808,
2022-11-18 16:00:00+00:00,0.08463,0.08485,0.08475,0.08469,424071.3,0.08473,35931.561249,424071.3,35931.561249,
2022-11-18 16:05:00+00:00,0.08467,0.0848,0.08469,0.08473,443771.5,0.084722,37597.209023,443771.5,37597.209023,
2022-11-18 16:10:00+00:00,0.08471,0.08478,0.08477,0.08478,429752.0,0.08476,36425.77952,429752.0,36425.77952,
2022-11-18 16:15:00+00:00,0.08475,0.08493,0.08475,0.08491,997221.1,0.084835,84599.2520185,997221.1,84599.2520185,
2022-11-18 16:20:00+00:00,0.08466,0.08492,0.08491,0.08471,411688.0,0.0848,34911.1424,411688.0,34911.1424,
2022-11-18 16:25:00+00:00,0.08454,0.08471,0.08469,0.08459,528107.7,0.084632,44694.8108664,528107.7,44694.8108664,
2022-11-18 16:30:00+00:00,0.08446,0.08471,0.08461,0.08455,724604.6,0.084582,61288.5062772,724604.6,61288.5062772,
2022-11-18 16:35:00+00:00,0.08437,0.08456,0.08452,0.08448,349745.0,0.084482,29547.15709,349745.0,29547.15709,
2022-11-18 16:40:00+00:00,0.08446,0.08469,0.08446,0.08469,479406.7,0.084575,40545.8216525,479406.7,40545.8216525,
2022-11-18 16:45:00+00:00,0.0845,0.08473,0.08469,0.08455,384755.4,0.084618,32557.2324372,384755.4,32557.2324372,
2022-11-18 16:50:00+00:00,0.08426,0.08457,0.08453,0.08447,1289885.9,0.084458,108941.1833422,1289885.9,108941.1833422,
2022-11-18 16:55:00+00:00,0.08433,0.08456,0.08448,0.08436,3418052.6,0.084432,288593.0171232,3418052.6,288593.0171232,
2022-11-18 17:00:00+00:00,0.0843,0.0844,0.08436,0.08434,2271463.4,0.08435,191597.93779,2271463.4,191597.93779,
2022-11-18 17:05:00+00:00,0.08369,0.08437,0.08435,0.0838,3142180.6,0.084052,264106.5637912,3142180.6,264106.5637912,
2022-11-18 17:10:00+00:00,0.08375,0.08413,0.08382,0.08384,9131408.5,0.083885,765988.2020225,9131408.5,765988.2020225,
2022-11-18 17:15:00+00:00,0.08368,0.08399,0.08385,0.08389,14466723.7,0.083852,1213063.7156924,14466723.7,1213063.7156924,
2022-11-18 17:20:00+00:00,0.08387,0.08398,0.08389,0.08395,1463234.2,0.083923,122799.0037666,1463234.2,122799.0037666,
2022-11-18 17:25:00+00:00,0.08391,0.08402,0.08395,0.08397,1430450.1,0.083962,120103.4512962,1430450.1,120103.4512962,
2022-11-18 17:30:00+00:00,0.08374,0.084,0.08398,0.08386,678721.0,0.083895,56941.298295,678721.0,56941.298295,
2022-11-18 17:35:00+00:00,0.08365,0.08393,0.08383,0.08374,925831.5,0.083788,77573.569722,925831.5,77573.569722,
2022-11-18 17:40:00+00:00,0.08373,0.08392,0.08377,0.08384,487618.5,0.083815,40869.7445775,487618.5,40869.7445775,
2022-11-18 17:45:00+00:00,0.0838,0.084,0.08387,0.08397,479595.0,0.08391,40242.81645,479595.0,40242.81645,
2022-11-18 17:50:00+00:00,0.0836,0.08403,0.084,0.08363,1885519.5,0.083815,158034.8168925,1885519.5,158034.8168925,
2022-11-18 17:55:00+00:00,0.08366,0.08384,0.08366,0.08381,1155608.4,0.083742,96772.9586328,1155608.4,96772.9586328,
2022-11-18 18:00:00+00:00,0.08373,0.08389,0.08376,0.08387,490020.8,0.083813,41070.1133104,490020.8,41070.1133104,
2022-11-18 18:05:00+00:00,0.08369,0.08385,0.08384,0.08384,497214.2,0.083805,41669.036031,497214.2,41669.036031,
2022-11-18 18:10:00+00:00,0.08376,0.08387,0.08384,0.08386,274150.5,0.083832,22982.584716,274150.5,22982.584716,
2022-11-18 18:15:00+00:00,0.08356,0.08385,0.08385,0.08357,652023.1,0.083707,54578.8976317,652023.1,54578.8976317,
2022-11-18 18:20:00+00:00,0.08349,0.08373,0.08358,0.08373,1311881.7,0.083632,109715.2903344,1311881.7,109715.2903344,
2022-11-18 18:25:00+00:00,0.08361,0.08376,0.08371,0.08372,419065.1,0.0837,35075.74887,419065.1,35075.74887,
2022-11-18 18:30:00+00:00,0.08357,0.08377,0.08375,0.08367,262396.6,0.08369,21959.971454,262396.6,21959.971454,
2022-11-18 18:35:00+00:00,0.08367,0.08377,0.08369,0.08376,375064.9,0.083722,31401.1835578,375064.9,31401.1835578,
2022-11-18 18:40:00+00:00,0.08372,0.08389,0.08373,0.08383,859100.9,0.083792,71985.7826128,859100.9,71985.7826128,
2022-11-18 18:45:00+00:00,0.08375,0.08396,0.08381,0.08395,624543.4,0.083868,52379.2058712,624543.4,52379.2058712,
2022-11-18 18:50:00+00:00,0.08375,0.08395,0.08395,0.08379,531838.7,0.08386,44599.993382,531838.7,44599.993382,
2022-11-18 18:55:00+00:00,0.08381,0.08403,0.08381,0.08402,370532.5,0.083917,31093.9758025,370532.5,31093.9758025,
2022-11-18 19:00:00+00:00,0.08391,0.08424,0.08397,0.08413,1471736.2,0.084062,123717.0884444,1471736.2,123717.0884444,
2022-11-18 19:05:00+00:00,0.08393,0.08412,0.08411,0.084,529158.8,0.08404,44470.505552,529158.8,44470.505552,
2022-11-18 19:10:00+00:00,0.0839,0.084,0.08397,0.0839,354086.7,0.083942,29722.7457714,354086.7,29722.7457714,
2022-11-18 19:15:00+00:00,0.08382,0.08397,0.08393,0.0839,882635.5,0.083905,74057.5316275,882635.5,74057.5316275,
2022-11-18 19:20:00+00:00,0.08387,0.08417,0.08388,0.08417,618220.9,0.084022,51944.1564598,618220.9,51944.1564598,
2022-11-18 19:25:00+00:00,0.08405,0.08417,0.08411,0.08411,310060.6,0.08411,26079.197066,310060.6,26079.197066,
2022-11-18 19:30:00+00:00,0.08399,0.08416,0.08412,0.08401,265783.7,0.08407,22344.435659,265783.7,22344.435659,
2022-11-18 19:35:00+00:00,0.08397,0.0841,0.08403,0.0841,1150989.1,0.08405,96740.633855,1150989.1,96740.633855,
2022-11-18 19:40:00+00:00,0.08404,0.08413,0.08411,0.0841,279976.9,0.084095,23544.6574055,279976.9,23544.6574055,
2022-11-18 19:45:00+00:00,0.08402,0.08422,0.08407,0.08409,1531031.5,0.0841,128759.74915,1531031.5,128759.74915,
2022-11-18 19:50:00+00:00,0.08403,0.08418,0.08411,0.08415,1136255.6,0.084118,95579.5485608,1136255.6,95579.5485608,
2022-11-18 19:55:00+00:00,0.08413,0.08444,0.08415,0.08429,868090.5,0.084253,73139.2288965,868090.5,73139.2288965,
2022-11-18 20:00:00+00:00,0.08381,0.08431,0.0843,0.08418,1689973.8,0.08415,142211.29527,1689973.8,142211.29527,
2022-11-18 20:05:00+00:00,0.08396,0.08418,0.08414,0.0841,370820.6,0.084095,31184.158357,370820.6,31184.158357,
2022-11-18 20:10:00+00:00,0.08411,0.08433,0.08412,0.08419,464488.3,0.084188,39104.3410004,464488.3,39104.3410004,
2022-11-18 20:15:00+00:00,0.0841,0.08431,0.08416,0.08431,422566.9,0.08422,35588.584318,422566.9,35588.584318,
2022-11-18 20:20:00+00:00,0.08414,0.08435,0.08431,0.08422,446822.9,0.084255,37647.0634395,446822.9,37647.0634395,
2022-11-18 20:25:00+00:00,0.084,0.08425,0.08419,0.08409,912455.5,0.084132,76766.706126,912455.5,76766.706126,
2022-11-18 20:30:00+00:00,0.08405,0.08422,0.08409,0.08418,279863.9,0.084135,23546.3492265,279863.9,23546.3492265,
2022-11-18 20:35:00+00:00,0.08405,0.08422,0.08418,0.08407,587117.1,0.08413,49394.161623,587117.1,49394.161623,
2022-11-18 20:40:00+00:00,0.08401,0.08411,0.08403,0.08411,102782.3,0.084065,8640.3940495,102782.3,8640.3940495,
2022-11-18 20:45:00+00:00,0.08401,0.08414,0.08408,0.08414,1453423.1,0.084092,122221.2553252,1453423.1,122221.2553252,
2022-11-18 20:50:00+00:00,0.08404,0.08416,0.08414,0.08414,303624.5,0.08412,25540.89294,303624.5,25540.89294,
2022-11-18 20:55:00+00:00,0.08411,0.08422,0.08416,0.08422,269571.8,0.084178,22692.0149804,269571.8,22692.0149804,
2022-11-18 21:00:00+00:00,0.08418,0.08435,0.08421,0.08426,418907.0,0.08425,35292.91475,418907.0,35292.91475,
2022-11-18 21:05:00+00:00,0.0842,0.08431,0.08426,0.08421,199952.2,0.084245,16844.973089,199952.2,16844.973089,
2022-11-18 21:10:00+00:00,0.0842,0.08432,0.08423,0.08423,57416.7,0.084245,4837.0698915,57416.7,4837.0698915,
2022-11-18 21:15:00+00:00,0.08419,0.08431,0.08422,0.08423,215506.0,0.084238,18153.794428,215506.0,18153.794428,
2022-11-18 21:20:00+00:00,0.08415,0.08427,0.08423,0.08423,582051.5,0.08422,49020.37733,582051.5,49020.37733,
2022-11-18 21:25:00+00:00,0.08422,0.08437,0.08422,0.08437,324170.5,0.084295,27325.9522975,324170.5,27325.9522975,
2022-11-18 21:30:00+00:00,0.08421,0.08442,0.08437,0.08423,100907.8,0.084308,8507.3348024,100907.8,8507.3348024,
2022-11-18 21:35:00+00:00,0.08414,0.08426,0.08424,0.08416,199125.9,0.0842,16766.40078,199125.9,16766.40078,
2022-11-18 21:40:00+00:00,0.08408,0.0842,0.08416,0.0842,312703.0,0.08416,26317.08448,312703.0,26317.08448,
2022-11-18 21:45:00+00:00,0.08414,0.08422,0.0842,0.08422,239189.9,0.084195,20138.5936305,239189.9,20138.5936305,
2022-11-18 21:50:00+00:00,0.08413,0.08426,0.08421,0.08414,385578.3,0.084185,32459.9091855,385578.3,32459.9091855,
2022-11-18 21:55:00+00:00,0.08411,0.08427,0.08418,0.08422,524609.3,0.084195,44169.4800135,524609.3,44169.4800135,
2022-11-18 22:00:00+00:00,0.08404,0.08426,0.08421,0.08409,387856.9,0.08415,32638.158135,387856.9,32638.158135,
2022-11-18 22:05:00+00:00,0.08397,0.08409,0.08408,0.08409,392240.8,0.084058,32970.9771664,392240.8,32970.9771664,
2022-11-18 22:10:00+00:00,0.08404,0.08419,0.08407,0.08417,308540.3,0.084118,25953.7929554,308540.3,25953.7929554,
2022-11-18 22:15:00+00:00,0.08415,0.0843,0.08418,0.0842,256855.5,0.084208,21629.287944,256855.5,21629.287944,
2022-11-18 22:20:00+00:00,0.08417,0.08438,0.0842,0.0843,257509.4,0.084262,21698.2570628,257509.4,21698.2570628,
2022-11-18 22:25:00+00:00,0.08421,0.08433,0.0843,0.08428,254839.3,0.08428,21477.856204,254839.3,21477.856204,
2022-11-18 22:30:00+00:00,0.08407,0.08428,0.08425,0.08408,236795.9,0.08417,19931.110903,236795.9,19931.110903,
2022-11-18 22:35:00+00:00,0.08403,0.08413,0.08409,0.08404,169482.0,0.084072,14248.690704,169482.0,14248.690704,
2022-11-18 22:40:00+00:00,0.08404,0.08415,0.08404,0.0841,273033.0,0.084082,22957.160706,273033.0,22957.160706,
2022-11-18 22:45:00+00:00,0.08405,0.08413,0.08407,0.08409,189030.9,0.084085,15894.6632265,189030.9,15894.6632265,
2022-11-18 22:50:00+00:00,0.08409,0.0843,0.08409,0.0842,176486.5,0.08417,14854.868705,176486.5,14854.868705,
2022-11-18 22:55:00+00:00,0.08416,0.08428,0.0842,0.08421,189631.1,0.084212,15969.2141932,189631.1,15969.2141932,
2022-11-18 23:00:00+00:00,0.0841,0.08426,0.08422,0.08413,314586.9,0.084178,26481.2960682,314586.9,26481.2960682,
2022-11-18 23:05:00+00:00,0.08412,0.08425,0.08413,0.08415,305992.2,0.084162,25752.9155364,305992.2,25752.9155364,
2022-11-18 23:10:00+00:00,0.08412,0.08422,0.08418,0.08413,326469.9,0.084162,27476.3597238,326469.9,27476.3597238,
2022-11-18 23:15:00+00:00,0.08402,0.08421,0.08413,0.08408,210899.0,0.08411,17738.71489,210899.0,17738.71489,
2022-11-18 23:20:00+00:00,0.0841,0.08434,0.0841,0.08424,626578.2,0.084195,52754.751549,626578.2,52754.751549,
2022-11-18 23:25:00+00:00,0.08408,0.08429,0.08425,0.08419,387873.1,0.084202,32659.6907662,387873.1,32659.6907662,
2022-11-18 23:30:00+00:00,0.08413,0.08446,0.08422,0.08446,1002751.8,0.084317,84549.0235206,1002751.8,84549.0235206,
2022-11-18 23:35:00+00:00,0.08441,0.08469,0.08441,0.08458,1079224.6,0.084522,91218.2216412,1079224.6,91218.2216412,
2022-11-18 23:40:00+00:00,0.08435,0.08464,0.08459,0.08454,550546.3,0.08453,46537.678739,550546.3,46537.678739,
2022-11-18 23:45:00+00:00,0.08439,0.08462,0.08451,0.08456,892639.1,0.08452,75445.856732,892639.1,75445.856732,
2022-11-18 23:50:00+00:00,0.08453,0.08469,0.08456,0.08453,705236.7,0.084578,59647.5096126,705236.7,59647.5096126,
2022-11-18 23:55:00+00:00,0.08453,0.08467,0.08455,0.08465,420846.0,0.0846,35603.5716,420846.0,35603.5716,
2022-11-19 00:00:00+00:00,0.08451,0.08478,0.08459,0.08453,765025.2,0.084602,64722.6619704,765025.2,64722.6619704,
2022-11-19 00:05:00+00:00,0.08447,0.08467,0.08453,0.08457,313443.0,0.08456,26504.74008,313443.0,26504.74008,
2022-11-19 00:10:00+00:00,0.08445,0.08464,0.08453,0.0845,242971.5,0.08453,20538.380895,242971.5,20538.380895,
2022-11-19 00:15:00+00:00,0.08434,0.08458,0.08449,0.08435,740850.8,0.08444,62557.441552,740850.8,62557.441552,
2022-11-19 00:20:00+00:00,0.08427,0.08449,0.08434,0.0843,271455.5,0.08435,22897.271425,271455.5,22897.271425,
2022-11-19 00:25:00+00:00,0.08427,0.08448,0.08427,0.08441,273273.0,0.084358,23052.763734,273273.0,23052.763734,
2022-11-19 00:30:00+00:00,0.08426,0.08444,0.08441,0.08438,188145.4,0.084372,15874.2036888,188145.4,15874.2036888,
2022-11-19 00:35:00+00:00,0.08428,0.08446,0.08434,0.08442,247020.9,0.084375,20842.3884375,247020.9,20842.3884375,
2022-11-19 00:40:00+00:00,0.08429,0.08446,0.08446,0.08434,445807.8,0.084388,37620.8286264,445807.8,37620.8286264,
2022-11-19 00:45:00+00:00,0.0843,0.08438,0.08434,0.08432,117148.2,0.084335,9879.693447,117148.2,9879.693447,
2022-11-19 00:50:00+00:00,0.08428,0.08441,0.08434,0.08436,327198.4,0.084347,27598.2034448,327198.4,27598.2034448,
2022-11-19 00:55:00+00:00,0.08427,0.0844,0.08438,0.08429,36510.3,0.084335,3079.0961505,36510.3,3079.0961505,
2022-11-19 01:00:00+00:00,0.08424,0.08436,0.08428,0.08428,484837.7,0.08429,40866.969733,484837.7,40866.969733,
2022-11-19 01:05:00+00:00,0.08424,0.0843,0.08425,0.08428,116137.0,0.084268,9786.632716,116137.0,9786.632716,
2022-11-19 01:10:00+00:00,0.08423,0.0843,0.08426,0.08429,98459.9,0.08427,8297.215773,98459.9,8297.215773,
2022-11-19 01:15:00+00:00,0.08421,0.08434,0.08428,0.08425,241511.5,0.08427,20352.174105,241511.5,20352.174105,
2022-11-19 01:20:00+00:00,0.08424,0.08439,0.08427,0.08433,812182.6,0.084308,68473.4906408,812182.6,68473.4906408,
2022-11-19 01:25:00+00:00,0.08429,0.08441,0.08431,0.08441,133611.8,0.084355,11270.823389,133611.8,11270.823389,
2022-11-19 01:30:00+00:00,0.08434,0.08452,0.0844,0.08434,223975.5,0.0844,18903.5322,223975.5,18903.5322,
2022-11-19 01:35:00+00:00,0.08426,0.08436,0.08435,0.08436,169817.0,0.084332,14321.007244,169817.0,14321.007244,
2022-11-19 01:40:00+00:00,0.08425,0.08436,0.08436,0.08428,54479.0,0.084313,4593.287927,54479.0,4593.287927,
2022-11-19 01:45:00+00:00,0.08424,0.08442,0.08428,0.08441,125401.8,0.084338,10576.1370084,125401.8,10576.1370084,
2022-11-19 01:50:00+00:00,0.08437,0.08452,0.08443,0.08446,226014.9,0.084445,19085.8282305,226014.9,19085.8282305,
2022-11-19 01:55:00+00:00,0.08444,0.0847,0.08446,0.08464,608593.2,0.08456,51462.640992,608593.2,51462.640992,
2022-11-19 02:00:00+00:00,0.08456,0.08474,0.08464,0.08459,754491.3,0.084632,63854.1077016,754491.3,63854.1077016,
2022-11-19 02:05:00+00:00,0.08438,0.0846,0.08457,0.0844,1406605.3,0.084488,118841.2685864,1406605.3,118841.2685864,
2022-11-19 02:10:00+00:00,0.08441,0.08463,0.08441,0.08449,150132.4,0.084485,12683.935814,150132.4,12683.935814,
2022-11-19 02:15:00+00:00,0.08418,0.08457,0.0845,0.08418,456017.0,0.084358,38468.682086,456017.0,38468.682086,
2022-11-19 02:20:00+00:00,0.084,0.08434,0.08417,0.08433,921988.5,0.08421,77640.651585,921988.5,77640.651585,
2022-11-19 02:25:00+00:00,0.0841,0.08431,0.08431,0.08421,407907.2,0.084232,34358.8392704,407907.2,34358.8392704,
2022-11-19 02:30:00+00:00,0.08367,0.08423,0.08423,0.08398,1792332.0,0.084027,150604.280964,1792332.0,150604.280964,
2022-11-19 02:35:00+00:00,0.08376,0.08403,0.08397,0.08395,1445405.2,0.083927,121308.5222204,1445405.2,121308.5222204,
2022-11-19 02:40:00+00:00,0.08393,0.08414,0.08395,0.0841,1002505.7,0.08403,84240.553971,1002505.7,84240.553971,
2022-11-19 02:45:00+00:00,0.08411,0.08425,0.08414,0.08422,488234.1,0.08418,41099.546538,488234.1,41099.546538,
2022-11-19 02:50:00+00:00,0.08416,0.08426,0.08422,0.0842,648696.2,0.08421,54626.707002,648696.2,54626.707002,
2022-11-19 02:55:00+00:00,0.08412,0.08425,0.08419,0.08416,1029507.3,0.08418,86663.924514,1029507.3,86663.924514,
2022-11-19 03:00:00+00:00,0.08408,0.08426,0.08412,0.08422,219529.1,0.08417,18477.764347,219529.1,18477.764347,
2022-11-19 03:05:00+00:00,0.08421,0.08447,0.08423,0.08436,573589.9,0.084318,48363.9531882,573589.9,48363.9531882,
2022-11-19 03:10:00+00:00,0.08436,0.08451,0.08438,0.08445,169824.6,0.084425,14337.441855,169824.6,14337.441855,
2022-11-19 03:15:00+00:00,0.08432,0.08452,0.0845,0.08435,282139.2,0.084422,23818.7555424,282139.2,23818.7555424,
2022-11-19 03:20:00+00:00,0.08419,0.08434,0.08434,0.08422,317284.6,0.084272,26738.2078112,317284.6,26738.2078112,
2022-11-19 03:25:00+00:00,0.08418,0.0843,0.08422,0.08421,651958.8,0.084228,54913.1858064,651958.8,54913.1858064,
2022-11-19 03:30:00+00:00,0.08419,0.0844,0.08422,0.08426,341623.0,0.084268,28787.886964,341623.0,28787.886964,
2022-11-19 03:35:00+00:00,0.0842,0.08431,0.08428,0.0842,828181.4,0.084247,69771.7984058,828181.4,69771.7984058,
2022-11-19 03:40:00+00:00,0.08419,0.08431,0.0842,0.08429,112377.8,0.084248,9467.6048944,112377.8,9467.6048944,
2022-11-19 03:45:00+00:00,0.08426,0.0844,0.08429,0.08435,506663.7,0.084325,42724.4165025,506663.7,42724.4165025,
2022-11-19 03:50:00+00:00,0.08427,0.08437,0.08434,0.08428,184197.8,0.084315,15530.637507,184197.8,15530.637507,
2022-11-19 03:55:00+00:00,0.08417,0.0843,0.08428,0.08429,292240.0,0.08426,24624.1424,292240.0,24624.1424,
2022-11-19 04:00:00+00:00,0.0842,0.08433,0.08427,0.08422,220410.4,0.084255,18570.678252,220410.4,18570.678252,
2022-11-19 04:05:00+00:00,0.08401,0.08421,0.08421,0.08402,266814.3,0.084112,22442.2844016,266814.3,22442.2844016,
2022-11-19 04:10:00+00:00,0.08402,0.0842,0.08402,0.08413,372553.2,0.084092,31328.7436944,372553.2,31328.7436944,
2022-11-19 04:15:00+00:00,0.0841,0.08425,0.08411,0.08425,239123.9,0.084178,20128.9716542,239123.9,20128.9716542,
2022-11-19 04:20:00+00:00,0.08425,0.08444,0.08425,0.08444,654166.5,0.084345,55175.6734425,654166.5,55175.6734425,
2022-11-19 04:25:00+00:00,0.08433,0.0845,0.0844,0.08434,627367.3,0.084393,52945.4085489,627367.3,52945.4085489,
2022-11-19 04:30:00+00:00,0.08423,0.08442,0.08437,0.08428,71250.6,0.084325,6008.206845,71250.6,6008.206845,
2022-11-19 04:35:00+00:00,0.0842,0.08431,0.08427,0.08424,138770.9,0.084255,11692.1421795,138770.9,11692.1421795,
2022-11-19 04:40:00+00:00,0.0842,0.08436,0.08428,0.08426,147513.8,0.084275,12431.725495,147513.8,12431.725495,
2022-11-19 04:45:00+00:00,0.08421,0.08438,0.0843,0.08422,216432.0,0.084278,18240.456096,216432.0,18240.456096,
2022-11-19 04:50:00+00:00,0.08414,0.08422,0.08422,0.08416,194409.2,0.084185,16366.338502,194409.2,16366.338502,
2022-11-19 04:55:00+00:00,0.08412,0.08427,0.08416,0.08422,186322.2,0.084192,15686.8386624,186322.2,15686.8386624,
2022-11-19 05:00:00+00:00,0.08425,0.08432,0.08426,0.08426,328046.9,0.084272,27645.1683568,328046.9,27645.1683568,
2022-11-19 05:05:00+00:00,0.08419,0.08438,0.08424,0.08437,130401.5,0.084295,10992.1944425,130401.5,10992.1944425,
2022-11-19 05:10:00+00:00,0.08392,0.08438,0.08437,0.08393,697717.1,0.08415,58712.893965,697717.1,58712.893965,
2022-11-19 05:15:00+00:00,0.08319,0.08411,0.08396,0.08341,2632408.9,0.083667,220245.7554363,2632408.9,220245.7554363,
2022-11-19 05:20:00+00:00,0.08328,0.08359,0.08343,0.0835,1222426.3,0.08345,102011.474735,1222426.3,102011.474735,
2022-11-19 05:25:00+00:00,0.08344,0.08372,0.08348,0.08364,1600343.1,0.08357,133740.672867,1600343.1,133740.672867,
2022-11-19 05:30:00+00:00,0.08355,0.08369,0.0836,0.08358,621957.2,0.083605,51998.731706,621957.2,51998.731706,
2022-11-19 05:35:00+00:00,0.08337,0.08367,0.08358,0.08358,622363.9,0.08355,51998.503845,622363.9,51998.503845,
2022-11-19 05:40:00+00:00,0.0835,0.08362,0.08355,0.08361,571635.1,0.08357,47771.545307,571635.1,47771.545307,
2022-11-19 05:45:00+00:00,0.08326,0.08359,0.08359,0.08347,1872227.0,0.083478,156289.765506,1872227.0,156289.765506,
2022-11-19 05:50:00+00:00,0.08347,0.08369,0.08347,0.08361,547550.0,0.08356,45753.278,547550.0,45753.278,
2022-11-19 05:55:00+00:00,0.08349,0.08364,0.08364,0.08352,505675.7,0.083572,42260.3296004,505675.7,42260.3296004,
2022-11-19 06:00:00+00:00,0.08331,0.08353,0.08351,0.0834,961574.0,0.083438,80231.811412,961574.0,80231.811412,
2022-11-19 06:05:00+00:00,0.08319,0.08341,0.0834,0.08334,675677.8,0.083335,56307.609463,675677.8,56307.609463,
2022-11-19 06:10:00+00:00,0.08319,0.08334,0.08334,0.0832,288306.2,0.083268,24006.6806616,288306.2,24006.6806616,
2022-11-19 06:15:00+00:00,0.08295,0.08326,0.08323,0.08316,1716130.8,0.08315,142696.27602,1716130.8,142696.27602,
2022-11-19 06:20:00+00:00,0.08309,0.08346,0.08314,0.08344,558382.1,0.083283,46503.7364343,558382.1,46503.7364343,
2022-11-19 06:25:00+00:00,0.08337,0.08348,0.08345,0.08341,479122.6,0.083427,39971.7611502,479122.6,39971.7611502,
2022-11-19 06:30:00+00:00,0.08323,0.08344,0.08342,0.0833,508813.6,0.083348,42408.5959328,508813.6,42408.5959328,
2022-11-19 06:35:00+00:00,0.0833,0.08346,0.0833,0.08339,322639.5,0.083362,26895.873999,322639.5,26895.873999,
2022-11-19 06:40:00+00:00,0.08339,0.0836,0.08339,0.08352,557256.1,0.083475,46516.9529475,557256.1,46516.9529475,
2022-11-19 06:45:00+00:00,0.08342,0.08357,0.08349,0.08344,299892.7,0.08348,25035.042596,299892.7,25035.042596,
2022-11-19 06:50:00+00:00,0.08346,0.08358,0.08347,0.08355,89791.0,0.083515,7498.895365,89791.0,7498.895365,
2022-11-19 06:55:00+00:00,0.08351,0.0836,0.08353,0.0836,431493.7,0.08356,36055.613572,431493.7,36055.613572,
2022-11-19 07:00:00+00:00,0.08349,0.08359,0.08359,0.08355,186352.6,0.083555,15570.691493,186352.6,15570.691493,
2022-11-19 07:05:00+00:00,0.08357,0.08365,0.08357,0.08365,70663.3,0.08361,5908.158513,70663.3,5908.158513,
2022-11-19 07:10:00+00:00,0.08364,0.08374,0.0837,0.08373,210889.0,0.083702,17651.831078,210889.0,17651.831078,
2022-11-19 07:15:00+00:00,0.0835,0.08374,0.08372,0.08365,562039.7,0.083652,47015.7449844,562039.7,47015.7449844,
2022-11-19 07:20:00+00:00,0.08361,0.0837,0.08361,0.08366,76303.8,0.083645,6382.431351,76303.8,6382.431351,
2022-11-19 07:25:00+00:00,0.08354,0.08368,0.08364,0.08358,116114.1,0.08361,9708.299901,116114.1,9708.299901,
2022-11-19 07:30:00+00:00,0.08347,0.0836,0.08359,0.08357,749325.1,0.083558,62612.1067058,749325.1,62612.1067058,
2022-11-19 07:35:00+00:00,0.08354,0.08362,0.08358,0.08354,92897.7,0.08357,7763.460789,92897.7,7763.460789,
2022-11-19 07:40:00+00:00,0.08347,0.0836,0.08354,0.08357,212068.2,0.083545,17717.237769,212068.2,17717.237769,
2022-11-19 07:45:00+00:00,0.08349,0.08365,0.08353,0.08362,177184.0,0.083572,14807.621248,177184.0,14807.621248,
2022-11-19 07:50:00+00:00,0.08345,0.08362,0.08361,0.0835,456897.1,0.083545,38171.4682195,456897.1,38171.4682195,
2022-11-19 07:55:00+00:00,0.08346,0.08361,0.08349,0.08349,183314.8,0.083512,15308.9855776,183314.8,15308.9855776,
2022-11-19 08:00:00+00:00,0.08341,0.08366,0.08348,0.08347,414724.9,0.083505,34631.6027745,414724.9,34631.6027745,
2022-11-19 08:05:00+00:00,0.08341,0.08351,0.08348,0.08342,279800.2,0.083455,23350.725691,279800.2,23350.725691,
2022-11-19 08:10:00+00:00,0.08334,0.08352,0.08344,0.08336,337813.7,0.083415,28178.7297855,337813.7,28178.7297855,
2022-11-19 08:15:00+00:00,0.08336,0.08348,0.08336,0.08342,182721.1,0.083405,15239.8533455,182721.1,15239.8533455,
2022-11-19 08:20:00+00:00,0.08312,0.08352,0.08344,0.0832,670364.9,0.08332,55854.803468,670364.9,55854.803468,
2022-11-19 08:25:00+00:00,0.08299,0.08329,0.08318,0.08308,595071.2,0.083135,49471.244212,595071.2,49471.244212,
2022-11-19 08:30:00+00:00,0.0831,0.08335,0.08311,0.08329,889207.6,0.083212,73992.7428112,889207.6,73992.7428112,
2022-11-19 08:35:00+00:00,0.08323,0.08366,0.08329,0.08359,928278.2,0.083442,77457.3895644,928278.2,77457.3895644,
2022-11-19 08:40:00+00:00,0.08345,0.08362,0.08357,0.08349,598056.4,0.083532,49956.8472048,598056.4,49956.8472048,
2022-11-19 08:45:00+00:00,0.08351,0.08362,0.08354,0.08356,165108.2,0.083558,13796.1109756,165108.2,13796.1109756,
2022-11-19 08:50:00+00:00,0.08356,0.08394,0.08356,0.08382,996237.3,0.08372,83404.986756,996237.3,83404.986756,
2022-11-19 08:55:00+00:00,0.0837,0.08384,0.08382,0.0837,501457.5,0.083765,42004.5874875,501457.5,42004.5874875,
2022-11-19 09:00:00+00:00,0.08357,0.08377,0.08371,0.08358,349988.0,0.083658,29279.296104,349988.0,29279.296104,
2022-11-19 09:05:00+00:00,0.08356,0.08367,0.0836,0.08366,380428.0,0.083622,31812.150216,380428.0,31812.150216,
2022-11-19 09:10:00+00:00,0.08359,0.08367,0.08365,0.08359,177097.0,0.083625,14809.736625,177097.0,14809.736625,
2022-11-19 09:15:00+00:00,0.08354,0.08362,0.0836,0.08358,361955.8,0.083585,30254.075543,361955.8,30254.075543,
2022-11-19 09:20:00+00:00,0.08356,0.08365,0.08357,0.08363,236368.0,0.083602,19760.837536,236368.0,19760.837536,
2022-11-19 09:25:00+00:00,0.08356,0.08364,0.08362,0.0836,125261.1,0.083605,10472.4542655,125261.1,10472.4542655,
2022-11-19 09:30:00+00:00,0.08359,0.08364,0.08361,0.08359,79634.6,0.083608,6658.0896368,79634.6,6658.0896368,
2022-11-19 09:35:00+00:00,0.08358,0.08375,0.08359,0.08373,237775.4,0.083662,19892.7655148,237775.4,19892.7655148,
2022-11-19 09:40:00+00:00,0.08366,0.08377,0.08373,0.08372,391433.3,0.08372,32770.795876,391433.3,32770.795876,
2022-11-19 09:45:00+00:00,0.08366,0.08384,0.08371,0.08373,160635.8,0.083735,13450.838713,160635.8,13450.838713,
2022-11-19 09:50:00+00:00,0.08365,0.08378,0.08373,0.08378,190534.5,0.083735,15954.4063575,190534.5,15954.4063575,
2022-11-19 09:55:00+00:00,0.08369,0.0838,0.08378,0.08373,40691.6,0.08375,3407.9215,40691.6,3407.9215,
2022-11-19 10:00:00+00:00,0.0837,0.08378,0.08376,0.08373,168187.9,0.083742,14084.3911218,168187.9,14084.3911218,
2022-11-19 10:05:00+00:00,0.08368,0.0838,0.08375,0.08369,160083.4,0.08373,13403.783082,160083.4,13403.783082,
2022-11-19 10:10:00+00:00,0.08367,0.08376,0.08368,0.08372,49346.1,0.083708,4130.6633388,49346.1,4130.6633388,
2022-11-19 10:15:00+00:00,0.08363,0.08371,0.08369,0.08365,80790.5,0.08367,6759.741135,80790.5,6759.741135,
2022-11-19 10:20:00+00:00,0.08364,0.08371,0.08365,0.08368,61197.6,0.08367,5120.403192,61197.6,5120.403192,
2022-11-19 10:25:00+00:00,0.08363,0.08369,0.08364,0.08365,153861.4,0.083652,12870.8138328,153861.4,12870.8138328,
2022-11-19 10:30:00+00:00,0.08364,0.08376,0.08367,0.08368,274136.7,0.083688,22941.9521496,274136.7,22941.9521496,
2022-11-19 10:35:00+00:00,0.08368,0.08407,0.08368,0.08392,652619.9,0.083838,54714.3471762,652619.9,54714.3471762,
2022-11-19 10:40:00+00:00,0.08383,0.0841,0.08394,0.08403,697617.1,0.083975,58582.3959725,697617.1,58582.3959725,
2022-11-19 10:45:00+00:00,0.08386,0.08414,0.08406,0.08391,526666.1,0.083992,44235.7390712,526666.1,44235.7390712,
2022-11-19 10:50:00+00:00,0.08387,0.08399,0.0839,0.08395,221914.8,0.083927,18624.6434196,221914.8,18624.6434196,
2022-11-19 10:55:00+00:00,0.08395,0.08415,0.08397,0.0841,646206.3,0.084042,54308.4698646,646206.3,54308.4698646,
2022-11-19 11:00:00+00:00,0.08405,0.08423,0.08407,0.08408,488827.0,0.084108,41114.261316,488827.0,41114.261316,
2022-11-19 11:05:00+00:00,0.08397,0.08414,0.08406,0.084,196933.0,0.084042,16550.643186,196933.0,16550.643186,
2022-11-19 11:10:00+00:00,0.084,0.08414,0.084,0.08405,353502.5,0.084048,29711.17812,353502.5,29711.17812,
2022-11-19 11:15:00+00:00,0.08403,0.08421,0.08407,0.08405,173931.3,0.08409,14625.883017,173931.3,14625.883017,
2022-11-19 11:20:00+00:00,0.08402,0.08411,0.08405,0.08404,76040.6,0.084055,6391.592633,76040.6,6391.592633,
2022-11-19 11:25:00+00:00,0.08403,0.0842,0.08403,0.08413,52425.2,0.084097,4408.8020444,52425.2,4408.8020444,
2022-11-19 11:30:00+00:00,0.08406,0.08415,0.0841,0.08407,59806.5,0.084095,5029.4276175,59806.5,5029.4276175,
2022-11-19 11:35:00+00:00,0.08402,0.08418,0.08405,0.0841,320459.4,0.084088,26946.7900272,320459.4,26946.7900272,
2022-11-19 11:40:00+00:00,0.08407,0.08418,0.0841,0.08414,81431.7,0.084122,6850.1974674,81431.7,6850.1974674,
2022-11-19 11:45:00+00:00,0.08403,0.08414,0.08414,0.08405,135534.7,0.08409,11397.112923,135534.7,11397.112923,
2022-11-19 11:50:00+00:00,0.08393,0.08411,0.08406,0.08396,181702.1,0.084015,15265.7019315,181702.1,15265.7019315,
2022-11-19 11:55:00+00:00,0.08396,0.08421,0.084,0.08418,200297.2,0.084088,16842.5909536,200297.2,16842.5909536,
2022-11-19 12:00:00+00:00,0.08403,0.0843,0.08422,0.08404,1295202.7,0.084148,108988.7167996,1295202.7,108988.7167996,
2022-11-19 12:05:00+00:00,0.08403,0.08415,0.0841,0.08415,142702.4,0.084108,12002.4134592,142702.4,12002.4134592,
2022-11-19 12:10:00+00:00,0.08411,0.08415,0.08414,0.08413,103919.6,0.084132,8742.9637872,103919.6,8742.9637872,
2022-11-19 12:15:00+00:00,0.084,0.08417,0.08413,0.08402,421457.4,0.08408,35436.138192,421457.4,35436.138192,
2022-11-19 12:20:00+00:00,0.08397,0.08405,0.084,0.08401,64905.8,0.084008,5452.6064464,64905.8,5452.6064464,
2022-11-19 12:25:00+00:00,0.08394,0.084,0.08397,0.08399,445082.9,0.083975,37375.8365275,445082.9,37375.8365275,
2022-11-19 12:30:00+00:00,0.08397,0.08409,0.08406,0.084,124952.9,0.08403,10499.792187,124952.9,10499.792187,
2022-11-19 12:35:00+00:00,0.08388,0.08403,0.08399,0.0839,152348.5,0.08395,12789.656575,152348.5,12789.656575,
2022-11-19 12:40:00+00:00,0.08384,0.08395,0.0839,0.08389,150692.9,0.083895,12642.3808455,150692.9,12642.3808455,
2022-11-19 12:45:00+00:00,0.08384,0.08394,0.08391,0.08391,20012.8,0.0839,1679.07392,20012.8,1679.07392,
2022-11-19 12:50:00+00:00,0.08383,0.08399,0.0839,0.08393,165713.8,0.083912,13905.3763856,165713.8,13905.3763856,
2022-11-19 12:55:00+00:00,0.0839,0.08402,0.08396,0.0839,42989.7,0.083945,3608.7703665,42989.7,3608.7703665,
2022-11-19 13:00:00+00:00,0.08379,0.08397,0.08394,0.0838,161926.0,0.083875,13581.54325,161926.0,13581.54325,
2022-11-19 13:05:00+00:00,0.08376,0.08383,0.0838,0.08376,189323.0,0.083788,15862.995524,189323.0,15862.995524,
2022-11-19 13:10:00+00:00,0.08372,0.0838,0.08378,0.08376,178660.4,0.083765,14965.488406,178660.4,14965.488406,
2022-11-19 13:15:00+00:00,0.08375,0.08386,0.08381,0.08376,247727.1,0.083795,20758.2923445,247727.1,20758.2923445,
2022-11-19 13:20:00+00:00,0.08351,0.08375,0.08372,0.08361,455701.0,0.083648,38118.477248,455701.0,38118.477248,
2022-11-19 13:25:00+00:00,0.08362,0.08381,0.08365,0.08363,366557.3,0.083677,30672.4151921,366557.3,30672.4151921,
2022-11-19 13:30:00+00:00,0.08364,0.08382,0.08364,0.08375,333283.4,0.083712,27899.8199808,333283.4,27899.8199808,
2022-11-19 13:35:00+00:00,0.08371,0.08383,0.08375,0.08377,63227.9,0.083765,5296.2850435,63227.9,5296.2850435,
2022-11-19 13:40:00+00:00,0.08376,0.0839,0.08376,0.08387,136079.8,0.083822,11406.4809956,136079.8,11406.4809956,
2022-11-19 13:45:00+00:00,0.08384,0.08402,0.08388,0.08398,1188387.2,0.08393,99741.337696,1188387.2,99741.337696,
2022-11-19 13:50:00+00:00,0.08391,0.08403,0.08398,0.08391,253717.1,0.083957,21301.3265647,253717.1,21301.3265647,
2022-11-19 13:55:00+00:00,0.08377,0.08393,0.08389,0.08386,261487.6,0.083862,21928.8731112,261487.6,21928.8731112,
2022-11-19 14:00:00+00:00,0.08383,0.08393,0.08386,0.08383,313518.3,0.083862,26292.2716746,313518.3,26292.2716746,
2022-11-19 14:05:00+00:00,0.08383,0.08399,0.08383,0.08388,386528.7,0.083882,32422.8004134,386528.7,32422.8004134,
2022-11-19 14:10:00+00:00,0.08389,0.08405,0.0839,0.08401,782453.7,0.083962,65696.3775594,782453.7,65696.3775594,
2022-11-19 14:15:00+00:00,0.08391,0.08405,0.08401,0.08394,377730.9,0.083978,31721.0855202,377730.9,31721.0855202,
2022-11-19 14:20:00+00:00,0.08388,0.08394,0.08394,0.0839,94933.2,0.083915,7966.319478,94933.2,7966.319478,
2022-11-19 14:25:00+00:00,0.08376,0.08389,0.08387,0.0838,561595.7,0.08383,47078.567531,561595.7,47078.567531,
2022-11-19 14:30:00+00:00,0.08378,0.0839,0.08383,0.0838,159079.5,0.083828,13335.316326,159079.5,13335.316326,
2022-11-19 14:35:00+00:00,0.08366,0.08383,0.08381,0.0837,401238.9,0.08375,33603.757875,401238.9,33603.757875,
2022-11-19 14:40:00+00:00,0.08372,0.08381,0.08372,0.08374,147366.1,0.083748,12341.6161428,147366.1,12341.6161428,
2022-11-19 14:45:00+00:00,0.08374,0.08384,0.08376,0.08379,206283.7,0.083783,17283.0672371,206283.7,17283.0672371,
2022-11-19 14:50:00+00:00,0.08372,0.08382,0.08375,0.08374,448196.5,0.083758,37540.042447,448196.5,37540.042447,
2022-11-19 14:55:00+00:00,0.08365,0.084,0.08371,0.08395,582677.6,0.083828,48844.6978528,582677.6,48844.6978528,
2022-11-19 15:00:00+00:00,0.08392,0.08418,0.08395,0.08407,538581.8,0.08403,45257.028654,538581.8,45257.028654,
2022-11-19 15:05:00+00:00,0.08404,0.08426,0.08404,0.08422,513349.7,0.08414,43193.243758,513349.7,43193.243758,
2022-11-19 15:10:00+00:00,0.08403,0.08421,0.08421,0.08417,982181.5,0.084155,82655.4841325,982181.5,82655.4841325,
2022-11-19 15:15:00+00:00,0.08403,0.0842,0.08417,0.08404,250862.5,0.08411,21100.044875,250862.5,21100.044875,
2022-11-19 15:20:00+00:00,0.08396,0.08408,0.08405,0.08396,340871.9,0.084013,28637.6709347,340871.9,28637.6709347,
2022-11-19 15:25:00+00:00,0.08395,0.08408,0.08396,0.08408,242909.8,0.084018,20408.7955764,242909.8,20408.7955764,
2022-11-19 15:30:00+00:00,0.08403,0.08416,0.08411,0.08412,340420.1,0.084105,28631.0325105,340420.1,28631.0325105,
2022-11-19 15:35:00+00:00,0.08412,0.08426,0.08412,0.08416,351211.3,0.084165,29559.6990645,351211.3,29559.6990645,
2022-11-19 15:40:00+00:00,0.08411,0.0842,0.08417,0.08417,451373.4,0.084162,37988.4880908,451373.4,37988.4880908,
2022-11-19 15:45:00+00:00,0.08407,0.08423,0.08416,0.0841,460858.2,0.08414,38776.608948,460858.2,38776.608948,
2022-11-19 15:50:00+00:00,0.08401,0.08419,0.0841,0.08407,2778947.3,0.084092,233687.2363516,2778947.3,233687.2363516,
2022-11-19 15:55:00+00:00,0.08407,0.08419,0.08408,0.08415,687487.0,0.084122,57832.781414,687487.0,57832.781414,
2022-11-19 16:00:00+00:00,0.08411,0.08425,0.08416,0.08414,175101.2,0.084165,14737.392498,175101.2,14737.392498,
2022-11-19 16:05:00+00:00,0.08412,0.08424,0.08412,0.08417,99261.5,0.084162,8354.046363,99261.5,8354.046363,
2022-11-19 16:10:00+00:00,0.08407,0.08421,0.08419,0.08407,258964.9,0.084135,21788.0118615,258964.9,21788.0118615,
2022-11-19 16:15:00+00:00,0.08398,0.08412,0.08408,0.08407,520366.7,0.084063,43743.5859021,520366.7,43743.5859021,
2022-11-19 16:20:00+00:00,0.084,0.08412,0.08408,0.08401,904988.4,0.084052,76066.0849968,904988.4,76066.0849968,
2022-11-19 16:25:00+00:00,0.08394,0.08411,0.08401,0.0841,297456.5,0.08404,24998.24426,297456.5,24998.24426,
2022-11-19 16:30:00+00:00,0.08397,0.08409,0.08409,0.08406,484627.6,0.084052,40733.9190352,484627.6,40733.9190352,
2022-11-19 16:35:00+00:00,0.08406,0.08414,0.08406,0.08411,210439.6,0.084093,17696.4972828,210439.6,17696.4972828,
2022-11-19 16:40:00+00:00,0.08402,0.08423,0.08411,0.08402,292778.4,0.084095,24621.199548,292778.4,24621.199548,
2022-11-19 16:45:00+00:00,0.08382,0.08401,0.08401,0.08393,772998.3,0.083942,64887.0232986,772998.3,64887.0232986,
2022-11-19 16:50:00+00:00,0.08384,0.08397,0.08393,0.08389,334231.1,0.083908,28044.6631388,334231.1,28044.6631388,
2022-11-19 16:55:00+00:00,0.08387,0.08402,0.08389,0.08396,217409.0,0.083935,18248.224415,217409.0,18248.224415,
2022-11-19 17:00:00+00:00,0.08387,0.08404,0.08397,0.08392,850741.1,0.08395,71419.715345,850741.1,71419.715345,
2022-11-19 17:05:00+00:00,0.08386,0.084,0.08392,0.08398,324782.4,0.08394,27262.234656,324782.4,27262.234656,
2022-11-19 17:10:00+00:00,0.08393,0.08399,0.08398,0.08395,100797.0,0.083962,8463.117714,100797.0,8463.117714,
2022-11-19 17:15:00+00:00,0.08387,0.084,0.08394,0.08393,350045.4,0.083935,29381.060649,350045.4,29381.060649,
2022-11-19 17:20:00+00:00,0.08383,0.08397,0.08393,0.08392,443194.0,0.083912,37189.294928,443194.0,37189.294928,
2022-11-19 17:25:00+00:00,0.0839,0.08405,0.0839,0.08394,522888.0,0.083948,43895.401824,522888.0,43895.401824,
2022-11-19 17:30:00+00:00,0.08383,0.08395,0.08392,0.08385,362812.0,0.083887,30435.210244,362812.0,30435.210244,
2022-11-19 17:35:00+00:00,0.08384,0.08398,0.08384,0.08392,354378.0,0.083895,29730.54231,354378.0,29730.54231,
2022-11-19 17:40:00+00:00,0.08382,0.08394,0.08392,0.08384,152181.2,0.08388,12764.959056,152181.2,12764.959056,
2022-11-19 17:45:00+00:00,0.0838,0.08399,0.08384,0.08395,284061.7,0.083895,23831.3563215,284061.7,23831.3563215,
2022-11-19 17:50:00+00:00,0.08389,0.084,0.08395,0.08394,264670.9,0.083945,22217.7987005,264670.9,22217.7987005,
2022-11-19 17:55:00+00:00,0.0838,0.08397,0.08396,0.08382,271605.1,0.083888,22784.4086288,271605.1,22784.4086288,
2022-11-19 18:00:00+00:00,0.08377,0.08385,0.08382,0.0838,208343.2,0.08381,17461.243592,208343.2,17461.243592,
2022-11-19 18:05:00+00:00,0.08378,0.0839,0.08382,0.08384,221969.7,0.083835,18608.8297995,221969.7,18608.8297995,
2022-11-19 18:10:00+00:00,0.08374,0.08387,0.08384,0.08375,440815.0,0.0838,36940.297,440815.0,36940.297,
2022-11-19 18:15:00+00:00,0.08374,0.08388,0.08374,0.08388,240813.9,0.08381,20182.612959,240813.9,20182.612959,
2022-11-19 18:20:00+00:00,0.08376,0.08388,0.08387,0.0838,501720.4,0.083828,42058.2176912,501720.4,42058.2176912,
2022-11-19 18:25:00+00:00,0.08376,0.08385,0.08378,0.08381,577971.3,0.0838,48433.99494,577971.3,48433.99494,
2022-11-19 18:30:00+00:00,0.08378,0.08386,0.08381,0.08385,241901.2,0.083825,20277.36809,241901.2,20277.36809,
2022-11-19 18:35:00+00:00,0.08384,0.08391,0.08386,0.0839,107924.4,0.083878,9052.4828232,107924.4,9052.4828232,
2022-11-19 18:40:00+00:00,0.08385,0.08403,0.0839,0.0839,287080.5,0.08392,24091.79556,287080.5,24091.79556,
2022-11-19 18:45:00+00:00,0.08388,0.08394,0.08391,0.08391,88718.2,0.08391,7444.344162,88718.2,7444.344162,
2022-11-19 18:50:00+00:00,0.08382,0.08395,0.08391,0.08395,154833.5,0.083908,12991.769318,154833.5,12991.769318,
2022-11-19 18:55:00+00:00,0.08382,0.08395,0.08395,0.08387,591953.4,0.083898,49663.7063532,591953.4,49663.7063532,
2022-11-19 19:00:00+00:00,0.08387,0.084,0.08387,0.08397,202616.9,0.083928,17005.2311832,202616.9,17005.2311832,
2022-11-19 19:05:00+00:00,0.08389,0.08401,0.08398,0.08393,153432.2,0.083952,12880.9400544,153432.2,12880.9400544,
2022-11-19 19:10:00+00:00,0.08391,0.08404,0.08392,0.08395,198229.8,0.083955,16642.382859,198229.8,16642.382859,
2022-11-19 19:15:00+00:00,0.08395,0.08404,0.08395,0.08402,659744.3,0.08399,55411.923757,659744.3,55411.923757,
2022-11-19 19:20:00+00:00,0.08395,0.08402,0.08402,0.08397,365936.8,0.08399,30735.031832,365936.8,30735.031832,
2022-11-19 19:25:00+00:00,0.08393,0.08406,0.08398,0.08404,294549.4,0.084003,24743.0332482,294549.4,24743.0332482,
2022-11-19 19:30:00+00:00,0.08394,0.08405,0.08404,0.08394,231308.1,0.083993,19428.2612433,231308.1,19428.2612433,
2022-11-19 19:35:00+00:00,0.08392,0.08402,0.08394,0.08398,199162.2,0.083965,16722.654123,199162.2,16722.654123,
2022-11-19 19:40:00+00:00,0.08397,0.08407,0.084,0.08397,194644.4,0.084002,16350.5188888,194644.4,16350.5188888,
2022-11-19 19:45:00+00:00,0.08391,0.08399,0.08398,0.08394,332674.3,0.083955,27929.6708565,332674.3,27929.6708565,
2022-11-19 19:50:00+00:00,0.08391,0.084,0.08391,0.084,179152.9,0.083955,15040.7817195,179152.9,15040.7817195,
2022-11-19 19:55:00+00:00,0.08392,0.084,0.084,0.08396,116513.1,0.08397,9783.605007,116513.1,9783.605007,
2022-11-19 20:00:00+00:00,0.08386,0.084,0.08396,0.08392,179365.6,0.083935,15055.051636,179365.6,15055.051636,
2022-11-19 20:05:00+00:00,0.08393,0.08406,0.08393,0.08402,232831.7,0.083985,19554.3703245,232831.7,19554.3703245,
2022-11-19 20:10:00+00:00,0.08403,0.08418,0.08403,0.08416,511112.8,0.0841,42984.58648,511112.8,42984.58648,
2022-11-19 20:15:00+00:00,0.08408,0.08418,0.08416,0.08408,700762.0,0.084125,58951.60325,700762.0,58951.60325,
2022-11-19 20:20:00+00:00,0.08404,0.08416,0.08408,0.08407,1734088.2,0.084088,145816.0085616,1734088.2,145816.0085616,
2022-11-19 20:25:00+00:00,0.08403,0.08417,0.08406,0.08408,1066897.5,0.084085,89710.0762875,1066897.5,89710.0762875,
2022-11-19 20:30:00+00:00,0.08397,0.08412,0.08409,0.08404,345416.2,0.084055,29033.958691,345416.2,29033.958691,
2022-11-19 20:35:00+00:00,0.08392,0.08405,0.08402,0.08395,403388.7,0.083985,33878.5999695,403388.7,33878.5999695,
2022-11-19 20:40:00+00:00,0.08392,0.08408,0.08394,0.08408,522020.4,0.084005,43852.323702,522020.4,43852.323702,
2022-11-19 20:45:00+00:00,0.08403,0.08413,0.08403,0.08409,318058.4,0.08407,26739.169688,318058.4,26739.169688,
2022-11-19 20:50:00+00:00,0.08401,0.08421,0.08407,0.08414,767470.4,0.084108,64550.4004032,767470.4,64550.4004032,
2022-11-19 20:55:00+00:00,0.08409,0.08425,0.08417,0.08409,524794.4,0.08415,44161.44876,524794.4,44161.44876,
2022-11-19 21:00:00+00:00,0.08403,0.08412,0.08409,0.0841,598294.1,0.084085,50307.5593985,598294.1,50307.5593985,
2022-11-19 21:05:00+00:00,0.084,0.08414,0.0841,0.08403,1108202.2,0.084068,93164.3425496,1108202.2,93164.3425496,
2022-11-19 21:10:00+00:00,0.08398,0.08409,0.08405,0.08402,164252.8,0.084035,13802.984048,164252.8,13802.984048,
2022-11-19 21:15:00+00:00,0.084,0.08415,0.084,0.08413,556339.9,0.08407,46771.495393,556339.9,46771.495393,
2022-11-19 21:20:00+00:00,0.08411,0.08457,0.08415,0.08433,2217523.5,0.08429,186915.055815,2217523.5,186915.055815,
2022-11-19 21:25:00+00:00,0.08432,0.08463,0.08433,0.08456,611149.8,0.08446,51617.712108,611149.8,51617.712108,
2022-11-19 21:30:00+00:00,0.08445,0.0846,0.08457,0.08455,583927.2,0.084542,49366.3733424,583927.2,49366.3733424,
2022-11-19 21:35:00+00:00,0.08437,0.08454,0.08454,0.08447,936450.4,0.08448,79111.329792,936450.4,79111.329792,
2022-11-19 21:40:00+00:00,0.08438,0.08448,0.08444,0.08444,141419.6,0.084435,11940.763926,141419.6,11940.763926,
2022-11-19 21:45:00+00:00,0.08438,0.08451,0.08444,0.0845,274740.7,0.084458,23204.0500406,274740.7,23204.0500406,
2022-11-19 21:50:00+00:00,0.08444,0.08453,0.08448,0.08444,264745.3,0.084472,22363.5649816,264745.3,22363.5649816,
2022-11-19 21:55:00+00:00,0.08433,0.08443,0.08443,0.08441,855110.9,0.0844,72171.35996,855110.9,72171.35996,
2022-11-19 22:00:00+00:00,0.08437,0.0847,0.08437,0.08454,1834363.7,0.084495,154994.5608315,1834363.7,154994.5608315,
2022-11-19 22:05:00+00:00,0.0845,0.08464,0.08454,0.08457,335480.3,0.084563,28369.2206089,335480.3,28369.2206089,
2022-11-19 22:10:00+00:00,0.08452,0.08471,0.08457,0.08466,336055.3,0.084615,28435.3192095,336055.3,28435.3192095,
2022-11-19 22:15:00+00:00,0.08466,0.08476,0.08467,0.0847,458992.2,0.084698,38875.7213556,458992.2,38875.7213556,
2022-11-19 22:20:00+00:00,0.08468,0.0849,0.08471,0.08483,1424334.0,0.08478,120755.03652,1424334.0,120755.03652,
2022-11-19 22:25:00+00:00,0.08475,0.08489,0.08483,0.0848,1634866.4,0.084817,138664.4634488,1634866.4,138664.4634488,
2022-11-19 22:30:00+00:00,0.08476,0.08486,0.0848,0.08481,1309096.0,0.084808,111021.813568,1309096.0,111021.813568,
2022-11-19 22:35:00+00:00,0.08469,0.08482,0.08477,0.08479,1675505.8,0.084768,142029.2756544,1675505.8,142029.2756544,
2022-11-19 22:40:00+00:00,0.08446,0.08481,0.08481,0.08446,599462.7,0.084635,50735.5256145,599462.7,50735.5256145,
2022-11-19 22:45:00+00:00,0.08428,0.08461,0.08445,0.08439,1376004.1,0.084433,116180.1541753,1376004.1,116180.1541753,
2022-11-19 22:50:00+00:00,0.08436,0.08459,0.08439,0.08456,1138879.2,0.084475,96206.82042,1138879.2,96206.82042,
2022-11-19 22:55:00+00:00,0.08443,0.08458,0.08457,0.08456,628448.3,0.084535,53125.8770405,628448.3,53125.8770405,
2022-11-19 23:00:00+00:00,0.08451,0.08464,0.08454,0.08457,523822.9,0.084565,44297.0835385,523822.9,44297.0835385,
2022-11-19 23:05:00+00:00,0.08459,0.08469,0.08459,0.0846,191975.0,0.084618,16244.54055,191975.0,16244.54055,
2022-11-19 23:10:00+00:00,0.08454,0.08471,0.08462,0.08454,341216.4,0.084602,28867.5898728,341216.4,28867.5898728,
2022-11-19 23:15:00+00:00,0.08441,0.0846,0.08454,0.08448,383047.9,0.084508,32370.6119332,383047.9,32370.6119332,
2022-11-19 23:20:00+00:00,0.08435,0.0845,0.08449,0.08439,159554.5,0.084433,13471.6650985,159554.5,13471.6650985,
2022-11-19 23:25:00+00:00,0.08435,0.08447,0.0844,0.08442,372121.5,0.08441,31410.775815,372121.5,31410.775815,
2022-11-19 23:30:00+00:00,0.0843,0.08453,0.08442,0.08432,280762.5,0.084392,23694.1089,280762.5,23694.1089,
2022-11-19 23:35:00+00:00,0.08425,0.0844,0.08431,0.08432,380888.2,0.08432,32116.493024,380888.2,32116.493024,
2022-11-19 23:40:00+00:00,0.08427,0.08439,0.08432,0.08435,264411.3,0.084332,22298.3337516,264411.3,22298.3337516,
2022-11-19 23:45:00+00:00,0.08432,0.08446,0.08436,0.0844,187885.6,0.084385,15854.726356,187885.6,15854.726356,
2022-11-19 23:50:00+00:00,0.08441,0.08449,0.08441,0.08444,177644.8,0.084438,14999.9716224,177644.8,14999.9716224,
2022-11-19 23:55:00+00:00,0.0844,0.08449,0.08444,0.0844,181131.7,0.084432,15293.3116944,181131.7,15293.3116944,
2022-11-20 00:00:00+00:00,0.08433,0.08455,0.08442,0.08453,338827.5,0.084458,28616.692995,338827.5,28616.692995,
2022-11-20 00:05:00+00:00,0.08454,0.08466,0.08454,0.08456,90715.2,0.084575,7672.23804,90715.2,7672.23804,
2022-11-20 00:10:00+00:00,0.08427,0.0846,0.08455,0.08427,150587.0,0.084422,12712.855714,150587.0,12712.855714,
2022-11-20 00:15:00+00:00,0.0842,0.08441,0.08429,0.08425,557546.7,0.084288,46994.4962496,557546.7,46994.4962496,
2022-11-20 00:20:00+00:00,0.08424,0.08451,0.08424,0.08451,203338.9,0.084375,17156.7196875,203338.9,17156.7196875,
2022-11-20 00:25:00+00:00,0.08439,0.08456,0.0845,0.08455,442178.5,0.0845,37364.08325,442178.5,37364.08325,
2022-11-20 00:30:00+00:00,0.08451,0.08464,0.08455,0.08458,632768.7,0.08457,53513.248959,632768.7,53513.248959,
2022-11-20 00:35:00+00:00,0.08446,0.08461,0.08458,0.08453,523657.8,0.084545,44272.648701,523657.8,44272.648701,
2022-11-20 00:40:00+00:00,0.08434,0.08455,0.08453,0.0844,403620.5,0.084455,34087.7693275,403620.5,34087.7693275,
2022-11-20 00:45:00+00:00,0.08437,0.08447,0.08438,0.08437,238182.4,0.084398,20102.1181952,238182.4,20102.1181952,
2022-11-20 00:50:00+00:00,0.08434,0.08454,0.08437,0.08448,360205.0,0.084432,30412.82856,360205.0,30412.82856,
2022-11-20 00:55:00+00:00,0.08448,0.0846,0.08451,0.08458,361470.7,0.084542,30559.4559194,361470.7,30559.4559194,
2022-11-20 01:00:00+00:00,0.08459,0.0854,0.0846,0.08523,4271869.8,0.084955,362916.698859,4271869.8,362916.698859,
2022-11-20 01:05:00+00:00,0.08485,0.08535,0.08523,0.0849,2149623.3,0.085082,182894.2496106,2149623.3,182894.2496106,
2022-11-20 01:10:00+00:00,0.08466,0.08492,0.08491,0.08472,552051.1,0.084802,46815.0373822,552051.1,46815.0373822,
2022-11-20 01:15:00+00:00,0.08439,0.08488,0.08474,0.08439,475153.4,0.0846,40197.97764,475153.4,40197.97764,
2022-11-20 01:20:00+00:00,0.08424,0.08459,0.08434,0.08454,1810536.6,0.084428,152859.9840648,1810536.6,152859.9840648,
2022-11-20 01:25:00+00:00,0.08451,0.08473,0.08457,0.08466,691689.5,0.084618,58529.382111,691689.5,58529.382111,
2022-11-20 01:30:00+00:00,0.08457,0.08471,0.08466,0.08466,358496.9,0.08465,30346.762585,358496.9,30346.762585,
2022-11-20 01:35:00+00:00,0.08452,0.08467,0.08467,0.08453,88380.8,0.084597,7476.7505376,88380.8,7476.7505376,
2022-11-20 01:40:00+00:00,0.08457,0.08467,0.08457,0.08465,287625.9,0.084615,24337.4655285,287625.9,24337.4655285,
2022-11-20 01:45:00+00:00,0.08455,0.08478,0.08467,0.08465,449701.7,0.084662,38072.6453254,449701.7,38072.6453254,
2022-11-20 01:50:00+00:00,0.08458,0.08472,0.08461,0.08468,284930.0,0.084648,24118.75464,284930.0,24118.75464,
2022-11-20 01:55:00+00:00,0.08438,0.0847,0.08469,0.08452,1614292.8,0.084572,136523.9706816,1614292.8,136523.9706816,
2022-11-20 02:00:00+00:00,0.08439,0.08457,0.08456,0.08442,226389.1,0.084485,19126.4831135,226389.1,19126.4831135,
2022-11-20 02:05:00+00:00,0.08443,0.08453,0.08443,0.08452,157059.7,0.084478,13268.0893366,157059.7,13268.0893366,
2022-11-20 02:10:00+00:00,0.08445,0.08454,0.08452,0.08447,383471.9,0.084495,32401.4581905,383471.9,32401.4581905,
2022-11-20 02:15:00+00:00,0.08445,0.08465,0.08447,0.08465,437500.2,0.084555,36992.829411,437500.2,36992.829411,
2022-11-20 02:20:00+00:00,0.0845,0.08469,0.08464,0.08463,231033.3,0.084615,19548.8826795,231033.3,19548.8826795,
2022-11-20 02:25:00+00:00,0.08456,0.08466,0.08463,0.08463,191503.7,0.08462,16205.043094,191503.7,16205.043094,
2022-11-20 02:30:00+00:00,0.08459,0.08479,0.08461,0.08475,369499.6,0.084685,31291.073626,369499.6,31291.073626,
2022-11-20 02:35:00+00:00,0.08466,0.08478,0.08478,0.08477,216982.7,0.084748,18388.8498596,216982.7,18388.8498596,
2022-11-20 02:40:00+00:00,0.08462,0.08476,0.08473,0.08466,81230.0,0.084692,6879.53116,81230.0,6879.53116,
2022-11-20 02:45:00+00:00,0.08456,0.08469,0.08467,0.0846,425694.9,0.08463,36026.559387,425694.9,36026.559387,
2022-11-20 02:50:00+00:00,0.08455,0.08468,0.0846,0.08468,78013.8,0.084628,6602.1518664,78013.8,6602.1518664,
2022-11-20 02:55:00+00:00,0.08463,0.08473,0.08468,0.0847,229977.2,0.084685,19475.619182,229977.2,19475.619182,
2022-11-20 03:00:00+00:00,0.08463,0.08485,0.08468,0.08483,261635.1,0.084748,22173.0514548,261635.1,22173.0514548,
2022-11-20 03:05:00+00:00,0.08475,0.08483,0.08483,0.08481,328895.7,0.084805,27891.9998385,328895.7,27891.9998385,
2022-11-20 03:10:00+00:00,0.08479,0.08516,0.08483,0.08515,2734966.3,0.084982,232422.9061066,2734966.3,232422.9061066,
2022-11-20 03:15:00+00:00,0.08491,0.08518,0.08512,0.08491,120981.5,0.08503,10287.056945,120981.5,10287.056945,
2022-11-20 03:20:00+00:00,0.08492,0.08509,0.08492,0.08492,180098.8,0.084962,15301.5542456,180098.8,15301.5542456,
2022-11-20 03:25:00+00:00,0.08485,0.08504,0.08494,0.08499,229360.4,0.084955,19485.312782,229360.4,19485.312782,
2022-11-20 03:30:00+00:00,0.08497,0.08511,0.08504,0.08499,144808.4,0.085028,12312.7686352,144808.4,12312.7686352,
2022-11-20 03:35:00+00:00,0.08499,0.08512,0.08502,0.08504,42853.8,0.085042,3644.3728596,42853.8,3644.3728596,
2022-11-20 03:40:00+00:00,0.08496,0.08508,0.08504,0.08496,266020.4,0.08501,22614.394204,266020.4,22614.394204,
2022-11-20 03:45:00+00:00,0.08491,0.08504,0.08498,0.08496,487537.5,0.084972,41427.03645,487537.5,41427.03645,
2022-11-20 03:50:00+00:00,0.08491,0.08503,0.08496,0.08495,264679.1,0.084962,22487.6656942,264679.1,22487.6656942,
2022-11-20 03:55:00+00:00,0.08485,0.08492,0.08492,0.08486,78053.6,0.084887,6625.7359432,78053.6,6625.7359432,
2022-11-20 04:00:00+00:00,0.08487,0.08514,0.08487,0.08511,911098.5,0.084998,77441.550303,911098.5,77441.550303,
2022-11-20 04:05:00+00:00,0.08501,0.08517,0.08508,0.08516,237433.4,0.085105,20206.769507,237433.4,20206.769507,
2022-11-20 04:10:00+00:00,0.08501,0.08519,0.08516,0.08516,306467.3,0.08513,26089.561249,306467.3,26089.561249,
2022-11-20 04:15:00+00:00,0.08503,0.0852,0.08512,0.08509,269876.7,0.08511,22969.205937,269876.7,22969.205937,
2022-11-20 04:20:00+00:00,0.08503,0.08521,0.08509,0.08505,274241.2,0.085095,23336.554914,274241.2,23336.554914,
2022-11-20 04:25:00+00:00,0.08503,0.08522,0.08508,0.08514,497074.5,0.085118,42309.987291,497074.5,42309.987291,
2022-11-20 04:30:00+00:00,0.08501,0.08521,0.08516,0.08507,374464.3,0.085113,31871.7799659,374464.3,31871.7799659,
2022-11-20 04:35:00+00:00,0.08491,0.08514,0.08511,0.08499,1173534.6,0.085038,99795.0353148,1173534.6,99795.0353148,
2022-11-20 04:40:00+00:00,0.08491,0.08503,0.08503,0.085,250511.9,0.084992,21291.5074048,250511.9,21291.5074048,
2022-11-20 04:45:00+00:00,0.08485,0.0855,0.085,0.08527,2739930.9,0.085155,233318.8157895,2739930.9,233318.8157895,
2022-11-20 04:50:00+00:00,0.08523,0.08545,0.08526,0.08534,839470.8,0.08532,71623.648656,839470.8,71623.648656,
2022-11-20 04:55:00+00:00,0.08538,0.08557,0.08539,0.08542,676562.2,0.08544,57805.474368,676562.2,57805.474368,
2022-11-20 05:00:00+00:00,0.08539,0.0856,0.08543,0.08557,1089747.1,0.085497,93170.1078087,1089747.1,93170.1078087,
2022-11-20 05:05:00+00:00,0.08532,0.08555,0.08555,0.08536,681153.4,0.085445,58201.152263,681153.4,58201.152263,
2022-11-20 05:10:00+00:00,0.08527,0.08538,0.08538,0.08527,189495.2,0.085325,16168.67794,189495.2,16168.67794,
2022-11-20 05:15:00+00:00,0.08525,0.08569,0.08527,0.08569,1537055.5,0.085475,131379.8188625,1537055.5,131379.8188625,
2022-11-20 05:20:00+00:00,0.08556,0.08574,0.08569,0.0856,828434.4,0.085648,70953.7494912,828434.4,70953.7494912,
2022-11-20 05:25:00+00:00,0.0854,0.08564,0.08561,0.08552,1496856.5,0.085543,128045.5955795,1496856.5,128045.5955795,
2022-11-20 05:30:00+00:00,0.0854,0.08568,0.08552,0.08555,431068.9,0.085538,36872.7715682,431068.9,36872.7715682,
2022-11-20 05:35:00+00:00,0.08538,0.08559,0.08556,0.08557,648754.7,0.085525,55484.7457175,648754.7,55484.7457175,
2022-11-20 05:40:00+00:00,0.08551,0.08562,0.08554,0.08562,487105.1,0.085572,41682.5576172,487105.1,41682.5576172,
2022-11-20 05:45:00+00:00,0.08555,0.08565,0.08561,0.08557,279820.5,0.085595,23951.2356975,279820.5,23951.2356975,
2022-11-20 05:50:00+00:00,0.0855,0.08563,0.08558,0.0855,418383.9,0.085552,35793.5794128,418383.9,35793.5794128,
2022-11-20 05:55:00+00:00,0.08538,0.08559,0.08551,0.08541,569614.4,0.085472,48686.0819968,569614.4,48686.0819968,
2022-11-20 06:00:00+00:00,0.08536,0.08551,0.0854,0.08549,615369.1,0.08544,52577.135904,615369.1,52577.135904,
2022-11-20 06:05:00+00:00,0.08527,0.08552,0.08546,0.08537,495440.5,0.085405,42313.0959025,495440.5,42313.0959025,
2022-11-20 06:10:00+00:00,0.08515,0.08538,0.08538,0.08518,255394.5,0.085272,21777.999804,255394.5,21777.999804,
2022-11-20 06:15:00+00:00,0.08514,0.08525,0.08519,0.08519,265200.5,0.085192,22592.960996,265200.5,22592.960996,
2022-11-20 06:20:00+00:00,0.08501,0.08521,0.08519,0.08504,634039.5,0.085113,53965.0039635,634039.5,53965.0039635,
2022-11-20 06:25:00+00:00,0.08508,0.0852,0.08508,0.08513,487108.6,0.085122,41463.6582492,487108.6,41463.6582492,
2022-11-20 06:30:00+00:00,0.08505,0.08524,0.08516,0.08521,417428.0,0.085165,35550.25562,417428.0,35550.25562,
2022-11-20 06:35:00+00:00,0.0851,0.08528,0.08521,0.0851,445878.5,0.085172,37976.363602,445878.5,37976.363602,
2022-11-20 06:40:00+00:00,0.08505,0.0852,0.08508,0.08519,458432.8,0.08513,39026.384264,458432.8,39026.384264,
2022-11-20 06:45:00+00:00,0.08507,0.08519,0.08517,0.0851,183383.4,0.085133,15611.9789922,183383.4,15611.9789922,
2022-11-20 06:50:00+00:00,0.08507,0.08526,0.0851,0.08522,305675.5,0.085163,26032.2426065,305675.5,26032.2426065,
2022-11-20 06:55:00+00:00,0.08514,0.08526,0.08526,0.08519,37507.4,0.085212,3196.0805688,37507.4,3196.0805688,
2022-11-20 07:00:00+00:00,0.08498,0.08521,0.08519,0.08498,319503.3,0.08509,27186.535797,319503.3,27186.535797,
2022-11-20 07:05:00+00:00,0.08502,0.08511,0.08503,0.0851,183562.9,0.085065,15614.7780885,183562.9,15614.7780885,
2022-11-20 07:10:00+00:00,0.08503,0.08512,0.0851,0.08504,269672.5,0.085072,22941.57892,269672.5,22941.57892,
2022-11-20 07:15:00+00:00,0.08503,0.08517,0.08504,0.08516,162798.8,0.0851,13854.17788,162798.8,13854.17788,
2022-11-20 07:20:00+00:00,0.0851,0.08519,0.08513,0.08517,122313.9,0.085147,10414.6616433,122313.9,10414.6616433,
2022-11-20 07:25:00+00:00,0.08515,0.08524,0.08517,0.08523,189986.8,0.085198,16186.4953864,189986.8,16186.4953864,
2022-11-20 07:30:00+00:00,0.08512,0.08525,0.08523,0.08517,155465.6,0.085192,13244.4253952,155465.6,13244.4253952,
2022-11-20 07:35:00+00:00,0.08512,0.08522,0.08517,0.0852,55799.8,0.085178,4752.9153644,55799.8,4752.9153644,
2022-11-20 07:40:00+00:00,0.08504,0.0852,0.08519,0.08515,184639.1,0.085145,15721.0961695,184639.1,15721.0961695,
2022-11-20 07:45:00+00:00,0.08504,0.08523,0.08514,0.08507,249385.0,0.08512,21227.6512,249385.0,21227.6512,
2022-11-20 07:50:00+00:00,0.08503,0.0851,0.08503,0.08506,96614.8,0.085055,8217.571814,96614.8,8217.571814,
2022-11-20 07:55:00+00:00,0.08503,0.08513,0.08503,0.08505,233892.1,0.08506,19894.862026,233892.1,19894.862026,
2022-11-20 08:00:00+00:00,0.08503,0.08519,0.08512,0.08517,153052.2,0.085128,13029.0276816,153052.2,13029.0276816,
2022-11-20 08:05:00+00:00,0.08499,0.08515,0.08514,0.08503,314466.1,0.085078,26754.1468558,314466.1,26754.1468558,
2022-11-20 08:10:00+00:00,0.08462,0.08504,0.08503,0.08471,1285604.9,0.08485,109083.575765,1285604.9,109083.575765,
2022-11-20 08:15:00+00:00,0.08457,0.08492,0.08472,0.08457,481800.4,0.084695,40806.084878,481800.4,40806.084878,
2022-11-20 08:20:00+00:00,0.08458,0.08478,0.08459,0.08478,551492.8,0.084682,46701.5132896,551492.8,46701.5132896,
2022-11-20 08:25:00+00:00,0.08472,0.08488,0.08474,0.0848,194724.2,0.084785,16509.691297,194724.2,16509.691297,
2022-11-20 08:30:00+00:00,0.08457,0.08479,0.08476,0.08462,521507.2,0.084685,44163.837232,521507.2,44163.837232,
2022-11-20 08:35:00+00:00,0.08443,0.08465,0.08465,0.08446,393891.6,0.084548,33302.7469968,393891.6,33302.7469968,
2022-11-20 08:40:00+00:00,0.08298,0.08449,0.08449,0.08336,7437343.0,0.08383,623472.46369,7437343.0,623472.46369,
2022-11-20 08:45:00+00:00,0.08328,0.0837,0.08335,0.08343,794366.5,0.08344,66281.94076,794366.5,66281.94076,
2022-11-20 08:50:00+00:00,0.08342,0.08371,0.08344,0.08364,1479652.5,0.083552,123627.92568,1479652.5,123627.92568,
2022-11-20 08:55:00+00:00,0.0835,0.08369,0.08361,0.08365,1728804.9,0.083612,144548.8352988,1728804.9,144548.8352988,
2022-11-20 09:00:00+00:00,0.08348,0.08368,0.08364,0.08362,1435637.1,0.083605,120026.4397455,1435637.1,120026.4397455,
2022-11-20 09:05:00+00:00,0.08355,0.08383,0.08358,0.08381,438528.5,0.083692,36701.327222,438528.5,36701.327222,
2022-11-20 09:10:00+00:00,0.08375,0.08385,0.08381,0.08381,791391.1,0.083805,66322.5311355,791391.1,66322.5311355,
2022-11-20 09:15:00+00:00,0.0837,0.0838,0.08379,0.0838,377521.1,0.083772,31625.6975892,377521.1,31625.6975892,
2022-11-20 09:20:00+00:00,0.0836,0.08379,0.08379,0.08361,930179.5,0.083698,77854.163791,930179.5,77854.163791,
2022-11-20 09:25:00+00:00,0.08358,0.08366,0.08362,0.08364,487542.1,0.083625,40770.7081125,487542.1,40770.7081125,
2022-11-20 09:30:00+00:00,0.08357,0.08377,0.08363,0.08373,704573.1,0.083675,58955.1541425,704573.1,58955.1541425,
2022-11-20 09:35:00+00:00,0.08352,0.08373,0.08372,0.08355,1064202.2,0.08363,88999.229986,1064202.2,88999.229986,
2022-11-20 09:40:00+00:00,0.08357,0.08383,0.08357,0.08381,1005854.6,0.083695,84185.000747,1005854.6,84185.000747,
2022-11-20 09:45:00+00:00,0.08363,0.08387,0.08384,0.08369,262675.7,0.083758,22001.1912806,262675.7,22001.1912806,
2022-11-20 09:50:00+00:00,0.08366,0.08373,0.0837,0.08371,242928.8,0.0837,20333.14056,242928.8,20333.14056,
2022-11-20 09:55:00+00:00,0.08364,0.08374,0.08371,0.08364,157026.5,0.083682,13140.291573,157026.5,13140.291573,
2022-11-20 10:00:00+00:00,0.08353,0.08366,0.08364,0.08357,371908.7,0.0836,31091.56732,371908.7,31091.56732,
2022-11-20 10:05:00+00:00,0.08356,0.08375,0.08359,0.08369,160159.1,0.083648,13396.9883968,160159.1,13396.9883968,
2022-11-20 10:10:00+00:00,0.08363,0.08382,0.08369,0.0838,264262.0,0.083735,22127.97857,264262.0,22127.97857,
2022-11-20 10:15:00+00:00,0.08375,0.08383,0.08379,0.08378,201637.5,0.083787,16894.6012125,201637.5,16894.6012125,
2022-11-20 10:20:00+00:00,0.08372,0.08383,0.08377,0.08376,815507.6,0.08377,68315.071652,815507.6,68315.071652,
2022-11-20 10:25:00+00:00,0.08373,0.08384,0.08376,0.08383,307469.1,0.08379,25762.835889,307469.1,25762.835889,
2022-11-20 10:30:00+00:00,0.08368,0.08382,0.0838,0.08372,188448.8,0.083755,15783.529244,188448.8,15783.529244,
2022-11-20 10:35:00+00:00,0.08365,0.08376,0.08371,0.08366,594429.2,0.083695,49750.751894,594429.2,49750.751894,
2022-11-20 10:40:00+00:00,0.08316,0.08373,0.08366,0.08335,2359009.6,0.083475,196918.32636,2359009.6,196918.32636,
2022-11-20 10:45:00+00:00,0.08326,0.08365,0.08332,0.08362,696894.8,0.083462,58164.2337976,696894.8,58164.2337976,
2022-11-20 10:50:00+00:00,0.08356,0.08367,0.08361,0.08367,163458.4,0.083628,13669.6990752,163458.4,13669.6990752,
2022-11-20 10:55:00+00:00,0.08354,0.08368,0.08366,0.08362,390506.5,0.083625,32656.1060625,390506.5,32656.1060625,
2022-11-20 11:00:00+00:00,0.08345,0.08361,0.08355,0.08347,339086.5,0.08352,28320.50448,339086.5,28320.50448,
2022-11-20 11:05:00+00:00,0.08348,0.08369,0.08348,0.08369,203065.5,0.083585,16973.2298175,203065.5,16973.2298175,
2022-11-20 11:10:00+00:00,0.0836,0.0837,0.08369,0.08366,187102.9,0.083662,15653.4028198,187102.9,15653.4028198,
2022-11-20 11:15:00+00:00,0.08327,0.08365,0.08363,0.08337,679141.4,0.08348,56694.724072,679141.4,56694.724072,
2022-11-20 11:20:00+00:00,0.08339,0.08361,0.08339,0.08357,399507.8,0.08349,33354.906222,399507.8,33354.906222,
2022-11-20 11:25:00+00:00,0.08337,0.0836,0.08359,0.08348,486965.3,0.08351,40666.472203,486965.3,40666.472203,
2022-11-20 11:30:00+00:00,0.08142,0.08349,0.08347,0.08166,7508718.6,0.08251,619544.371686,7508718.6,619544.371686,
2022-11-20 11:35:00+00:00,0.0807,0.08198,0.08167,0.08168,4484484.7,0.081508,365521.3789276,4484484.7,365521.3789276,
2022-11-20 11:40:00+00:00,0.0816,0.08215,0.08169,0.0817,3275163.4,0.081785,267859.238669,3275163.4,267859.238669,
2022-11-20 11:45:00+00:00,0.08169,0.08213,0.0817,0.08197,1409563.2,0.081872,115403.7583104,1409563.2,115403.7583104,
2022-11-20 11:50:00+00:00,0.08174,0.08203,0.08192,0.08174,1257361.1,0.081858,102925.0649238,1257361.1,102925.0649238,
2022-11-20 11:55:00+00:00,0.0816,0.08186,0.0818,0.08166,1272321.0,0.08173,103986.79533,1272321.0,103986.79533,
2022-11-20 12:00:00+00:00,0.08102,0.08194,0.08168,0.08193,4787177.7,0.081642,390834.7617834,4787177.7,390834.7617834,
2022-11-20 12:05:00+00:00,0.0818,0.08203,0.08193,0.08187,1336812.5,0.081908,109495.63825,1336812.5,109495.63825,
2022-11-20 12:10:00+00:00,0.08153,0.08189,0.08188,0.0816,1638294.4,0.081725,133889.60984,1638294.4,133889.60984,
2022-11-20 12:15:00+00:00,0.08143,0.08172,0.08162,0.08158,1311317.7,0.081588,106987.7885076,1311317.7,106987.7885076,
2022-11-20 12:20:00+00:00,0.0815,0.08199,0.08156,0.08182,1563642.4,0.081718,127777.7296432,1563642.4,127777.7296432,
2022-11-20 12:25:00+00:00,0.0817,0.08185,0.08185,0.08173,352978.6,0.081783,28867.6488438,352978.6,28867.6488438,
2022-11-20 12:30:00+00:00,0.08165,0.08188,0.08174,0.08182,1306747.0,0.081772,106855.315684,1306747.0,106855.315684,
2022-11-20 12:35:00+00:00,0.08177,0.08202,0.0818,0.08197,796995.6,0.08189,65265.969684,796995.6,65265.969684,
2022-11-20 12:40:00+00:00,0.0819,0.08204,0.08196,0.08192,833539.4,0.081955,68312.721527,833539.4,68312.721527,
2022-11-20 12:45:00+00:00,0.08182,0.08196,0.08196,0.08188,286490.7,0.081905,23465.0207835,286490.7,23465.0207835,
2022-11-20 12:50:00+00:00,0.08182,0.08193,0.08189,0.08184,1036164.3,0.08187,84830.771241,1036164.3,84830.771241,
2022-11-20 12:55:00+00:00,0.08173,0.08189,0.08185,0.08178,774385.6,0.081812,63354.0347072,774385.6,63354.0347072,
2022-11-20 13:00:00+00:00,0.08171,0.08187,0.08178,0.08183,744364.6,0.081798,60887.5355508,744364.6,60887.5355508,
2022-11-20 13:05:00+00:00,0.0818,0.08199,0.08183,0.08197,473252.2,0.081898,38758.4086756,473252.2,38758.4086756,
2022-11-20 13:10:00+00:00,0.08196,0.08208,0.08196,0.08204,454365.3,0.08201,37262.498253,454365.3,37262.498253,
2022-11-20 13:15:00+00:00,0.0818,0.08222,0.08204,0.0821,1558891.7,0.08204,127891.475068,1558891.7,127891.475068,
2022-11-20 13:20:00+00:00,0.08185,0.0821,0.0821,0.08191,1101633.2,0.08199,90322.906068,1101633.2,90322.906068,
2022-11-20 13:25:00+00:00,0.08182,0.08191,0.08189,0.08187,1241172.6,0.081872,101617.2831072,1241172.6,101617.2831072,
2022-11-20 13:30:00+00:00,0.08171,0.08196,0.08188,0.08186,1049908.0,0.081852,85937.069616,1049908.0,85937.069616,
2022-11-20 13:35:00+00:00,0.0818,0.08206,0.08182,0.0819,761299.3,0.081895,62346.6061735,761299.3,62346.6061735,
2022-11-20 13:40:00+00:00,0.0819,0.08201,0.0819,0.08201,301434.7,0.081955,24704.0808385,301434.7,24704.0808385,
2022-11-20 13:45:00+00:00,0.08194,0.08214,0.08203,0.08212,511314.6,0.082058,41957.4534468,511314.6,41957.4534468,
2022-11-20 13:50:00+00:00,0.08202,0.08213,0.08213,0.08208,1200690.2,0.08209,98564.658518,1200690.2,98564.658518,
2022-11-20 13:55:00+00:00,0.08197,0.08211,0.08206,0.08205,1435959.1,0.082048,117817.5722368,1435959.1,117817.5722368,
2022-11-20 14:00:00+00:00,0.08189,0.08206,0.08206,0.08191,914352.6,0.08198,74958.626148,914352.6,74958.626148,
2022-11-20 14:05:00+00:00,0.08186,0.08196,0.08195,0.08192,694094.5,0.081922,56861.609629,694094.5,56861.609629,
2022-11-20 14:10:00+00:00,0.08192,0.08217,0.08194,0.08197,623657.0,0.082,51139.874,623657.0,51139.874,
2022-11-20 14:15:00+00:00,0.08185,0.082,0.08195,0.08188,1415768.2,0.08192,115979.730944,1415768.2,115979.730944,
2022-11-20 14:20:00+00:00,0.08171,0.08187,0.08185,0.08179,1081552.4,0.081805,88476.394082,1081552.4,88476.394082,
2022-11-20 14:25:00+00:00,0.08178,0.08194,0.0818,0.08183,353540.2,0.081838,28933.0228876,353540.2,28933.0228876,
2022-11-20 14:30:00+00:00,0.08163,0.08182,0.08182,0.08166,2003075.2,0.081732,163715.3422464,2003075.2,163715.3422464,
2022-11-20 14:35:00+00:00,0.08162,0.08173,0.08163,0.08169,399965.0,0.081668,32664.34162,399965.0,32664.34162,
2022-11-20 14:40:00+00:00,0.0815,0.08175,0.08167,0.08171,881952.3,0.081658,72018.4609134,881952.3,72018.4609134,
2022-11-20 14:45:00+00:00,0.0815,0.08171,0.0817,0.08164,596600.8,0.081638,48705.2961104,596600.8,48705.2961104,
2022-11-20 14:50:00+00:00,0.08152,0.08168,0.08165,0.08157,711954.4,0.081605,58099.038812,711954.4,58099.038812,
2022-11-20 14:55:00+00:00,0.08138,0.08157,0.08157,0.08145,954643.9,0.081492,77795.8406988,954643.9,77795.8406988,
2022-11-20 15:00:00+00:00,0.08128,0.08163,0.08145,0.08161,1427292.5,0.081493,116314.3477025,1427292.5,116314.3477025,
2022-11-20 15:05:00+00:00,0.08144,0.0816,0.0816,0.0815,1198286.8,0.081535,97702.314238,1198286.8,97702.314238,
2022-11-20 15:10:00+00:00,0.08154,0.08172,0.08155,0.08168,417028.1,0.081622,34038.6675782,417028.1,34038.6675782,
2022-11-20 15:15:00+00:00,0.08163,0.08193,0.08169,0.08163,1306698.4,0.08172,106783.393248,1306698.4,106783.393248,
2022-11-20 15:20:00+00:00,0.08157,0.08179,0.08163,0.0817,1116473.5,0.081673,91185.7401655,1116473.5,91185.7401655,
2022-11-20 15:25:00+00:00,0.08163,0.08176,0.0817,0.08168,754485.6,0.081692,61635.4376352,754485.6,61635.4376352,
2022-11-20 15:30:00+00:00,0.08168,0.08178,0.08172,0.08169,360342.9,0.081718,29446.5011022,360342.9,29446.5011022,
2022-11-20 15:35:00+00:00,0.08169,0.08188,0.0817,0.08175,300429.7,0.081755,24561.6301235,300429.7,24561.6301235,
2022-11-20 15:40:00+00:00,0.08173,0.08188,0.08175,0.08174,480466.7,0.081775,39290.1643925,480466.7,39290.1643925,
2022-11-20 15:45:00+00:00,0.08164,0.08191,0.08174,0.08191,812521.0,0.0818,66464.2178,812521.0,66464.2178,
2022-11-20 15:50:00+00:00,0.08177,0.08194,0.08189,0.0819,455599.2,0.081875,37302.1845,455599.2,37302.1845,
2022-11-20 15:55:00+00:00,0.08185,0.08194,0.08187,0.08192,243163.9,0.081895,19913.9075905,243163.9,19913.9075905,
2022-11-20 16:00:00+00:00,0.08184,0.08193,0.08191,0.0819,526417.4,0.081895,43110.952973,526417.4,43110.952973,
2022-11-20 16:05:00+00:00,0.08158,0.08211,0.08192,0.08159,812931.1,0.0818,66497.76398,812931.1,66497.76398,
2022-11-20 16:10:00+00:00,0.08147,0.08178,0.08157,0.08165,821081.9,0.081618,67015.0625142,821081.9,67015.0625142,
2022-11-20 16:15:00+00:00,0.08161,0.08178,0.08163,0.08173,905681.6,0.081688,73983.3185408,905681.6,73983.3185408,
2022-11-20 16:20:00+00:00,0.08166,0.08182,0.08173,0.08167,776735.8,0.08172,63474.849576,776735.8,63474.849576,
2022-11-20 16:25:00+00:00,0.08157,0.08172,0.08168,0.08166,1066446.9,0.081658,87083.9209602,1066446.9,87083.9209602,
2022-11-20 16:30:00+00:00,0.0816,0.08171,0.08166,0.08163,611911.2,0.08165,49962.54948,611911.2,49962.54948,
2022-11-20 16:35:00+00:00,0.08149,0.08163,0.08162,0.08155,1026197.7,0.081572,83708.9987844,1026197.7,83708.9987844,
2022-11-20 16:40:00+00:00,0.0813,0.08165,0.08156,0.08132,1151378.1,0.081458,93788.9572698,1151378.1,93788.9572698,
2022-11-20 16:45:00+00:00,0.08124,0.08152,0.08132,0.08137,802671.5,0.081362,65306.958583,802671.5,65306.958583,
2022-11-20 16:50:00+00:00,0.08136,0.08151,0.08138,0.08144,705967.1,0.081422,57481.2532162,705967.1,57481.2532162,
2022-11-20 16:55:00+00:00,0.08138,0.08158,0.08143,0.08144,651936.9,0.081458,53105.4760002,651936.9,53105.4760002,
2022-11-20 17:00:00+00:00,0.08114,0.08148,0.08143,0.08123,1353902.2,0.08132,110099.326904,1353902.2,110099.326904,
2022-11-20 17:05:00+00:00,0.08112,0.08132,0.08123,0.08124,608116.0,0.081228,49396.046448,608116.0,49396.046448,
2022-11-20 17:10:00+00:00,0.081,0.08127,0.08122,0.08116,1427104.8,0.081162,115826.6797776,1427104.8,115826.6797776,
2022-11-20 17:15:00+00:00,0.08101,0.08123,0.08115,0.0811,814487.4,0.081122,66072.8468628,814487.4,66072.8468628,
2022-11-20 17:20:00+00:00,0.08102,0.08114,0.0811,0.08106,840257.0,0.08108,68128.03756,840257.0,68128.03756,
2022-11-20 17:25:00+00:00,0.08093,0.08118,0.08106,0.08116,535379.9,0.081082,43409.6730518,535379.9,43409.6730518,
2022-11-20 17:30:00+00:00,0.08109,0.0813,0.08117,0.08127,573145.7,0.081208,46544.0160056,573145.7,46544.0160056,
2022-11-20 17:35:00+00:00,0.08119,0.08135,0.08129,0.08126,917005.6,0.081272,74526.8791232,917005.6,74526.8791232,
2022-11-20 17:40:00+00:00,0.08112,0.0813,0.08125,0.08118,701654.6,0.081212,56982.7733752,701654.6,56982.7733752,
2022-11-20 17:45:00+00:00,0.08102,0.08128,0.0812,0.08106,921411.9,0.08114,74763.361566,921411.9,74763.361566,
2022-11-20 17:50:00+00:00,0.08025,0.08111,0.08108,0.08044,3798339.2,0.08072,306601.940224,3798339.2,306601.940224,
2022-11-20 17:55:00+00:00,0.08034,0.08069,0.08048,0.08048,2354860.8,0.080498,189561.5846784,2354860.8,189561.5846784,
2022-11-20 18:00:00+00:00,0.07936,0.0806,0.0805,0.07962,11486473.8,0.08002,919147.633476,11486473.8,919147.633476,
2022-11-20 18:05:00+00:00,0.07961,0.08024,0.07961,0.08003,4031089.3,0.079872,321971.1645696,4031089.3,321971.1645696,
2022-11-20 18:10:00+00:00,0.08002,0.08037,0.08007,0.08016,3926023.4,0.080155,314690.405627,3926023.4,314690.405627,
2022-11-20 18:15:00+00:00,0.0801,0.08044,0.08017,0.0804,1787273.9,0.080278,143478.7741442,1787273.9,143478.7741442,
2022-11-20 18:20:00+00:00,0.08031,0.08049,0.08038,0.08044,1078891.5,0.080405,86748.2710575,1078891.5,86748.2710575,
2022-11-20 18:25:00+00:00,0.08033,0.08047,0.08044,0.08044,1015347.8,0.08042,81654.270076,1015347.8,81654.270076,
2022-11-20 18:30:00+00:00,0.08039,0.0806,0.08044,0.0806,1483814.5,0.080508,119458.937766,1483814.5,119458.937766,
2022-11-20 18:35:00+00:00,0.08051,0.08065,0.08061,0.08058,1115003.2,0.080588,89855.8778816,1115003.2,89855.8778816,
2022-11-20 18:40:00+00:00,0.08044,0.08062,0.08061,0.0805,966926.3,0.080542,77878.1780546,966926.3,77878.1780546,
2022-11-20 18:45:00+00:00,0.08013,0.08057,0.0805,0.08034,3155547.0,0.080385,253658.645595,3155547.0,253658.645595,
2022-11-20 18:50:00+00:00,0.08029,0.08051,0.08037,0.08031,1371968.7,0.08037,110265.124419,1371968.7,110265.124419,
2022-11-20 18:55:00+00:00,0.08026,0.08054,0.08028,0.08054,398574.9,0.080405,32047.4148345,398574.9,32047.4148345,
2022-11-20 19:00:00+00:00,0.08034,0.08057,0.08051,0.08042,2009130.0,0.08046,161654.5998,2009130.0,161654.5998,
2022-11-20 19:05:00+00:00,0.08038,0.08048,0.08038,0.08045,364722.6,0.080423,29332.0856598,364722.6,29332.0856598,
2022-11-20 19:10:00+00:00,0.08029,0.08047,0.08044,0.08034,1129752.7,0.080385,90815.1707895,1129752.7,90815.1707895,
2022-11-20 19:15:00+00:00,0.08032,0.08047,0.08034,0.08041,514071.7,0.080385,41323.6536045,514071.7,41323.6536045,
2022-11-20 19:20:00+00:00,0.08032,0.08045,0.08042,0.08043,569729.9,0.080405,45809.1326095,569729.9,45809.1326095,
2022-11-20 19:25:00+00:00,0.08034,0.08047,0.08042,0.08035,406495.4,0.080395,32680.197683,406495.4,32680.197683,
2022-11-20 19:30:00+00:00,0.0803,0.08042,0.08038,0.08032,1303743.0,0.080355,104762.268765,1303743.0,104762.268765,
2022-11-20 19:35:00+00:00,0.08031,0.0804,0.08032,0.08037,257343.6,0.08035,20677.55826,257343.6,20677.55826,
2022-11-20 19:40:00+00:00,0.08022,0.0804,0.08036,0.0803,598099.4,0.08032,48039.343808,598099.4,48039.343808,
2022-11-20 19:45:00+00:00,0.08028,0.08048,0.08029,0.08036,473304.1,0.080352,38030.9310432,473304.1,38030.9310432,
2022-11-20 19:50:00+00:00,0.08027,0.08038,0.08036,0.08038,317217.8,0.080348,25487.8157944,317217.8,25487.8157944,
2022-11-20 19:55:00+00:00,0.08038,0.0808,0.08038,0.0806,2858104.0,0.08054,230191.69616,2858104.0,230191.69616,
2022-11-20 20:00:00+00:00,0.08052,0.08084,0.08061,0.08069,2204776.8,0.080665,177848.320572,2204776.8,177848.320572,
2022-11-20 20:05:00+00:00,0.08049,0.08067,0.08064,0.08054,831904.3,0.080585,67039.0080155,831904.3,67039.0080155,
2022-11-20 20:10:00+00:00,0.08036,0.08062,0.08055,0.08043,530581.7,0.08049,42706.521033,530581.7,42706.521033,
2022-11-20 20:15:00+00:00,0.08021,0.08043,0.08039,0.08024,2218729.8,0.080318,178203.9400764,2218729.8,178203.9400764,
2022-11-20 20:20:00+00:00,0.07975,0.08032,0.08029,0.08018,1797416.9,0.080135,144036.0032815,1797416.9,144036.0032815,
2022-11-20 20:25:00+00:00,0.07856,0.08018,0.08015,0.07921,6435645.6,0.079525,511794.71634,6435645.6,511794.71634,
2022-11-20 20:30:00+00:00,0.079,0.07933,0.07924,0.07907,2242990.0,0.07916,177555.0884,2242990.0,177555.0884,
2022-11-20 20:35:00+00:00,0.0791,0.0793,0.0791,0.07925,1472526.7,0.079188,116606.4443196,1472526.7,116606.4443196,
2022-11-20 20:40:00+00:00,0.07891,0.07933,0.07924,0.07902,1660700.0,0.079125,131402.8875,1660700.0,131402.8875,
2022-11-20 20:45:00+00:00,0.07906,0.07938,0.07906,0.07931,1656882.9,0.079203,131230.0963287,1656882.9,131230.0963287,
2022-11-20 20:50:00+00:00,0.07922,0.07972,0.07929,0.07942,3456564.1,0.079412,274492.6683092,3456564.1,274492.6683092,
2022-11-20 20:55:00+00:00,0.07934,0.07951,0.07941,0.07951,1028792.5,0.079442,81729.333785,1028792.5,81729.333785,
2022-11-20 21:00:00+00:00,0.07934,0.07959,0.07954,0.07941,1210855.8,0.07947,96226.710426,1210855.8,96226.710426,
2022-11-20 21:05:00+00:00,0.07933,0.07959,0.0794,0.07952,1214434.4,0.07946,96498.957424,1214434.4,96498.957424,
2022-11-20 21:10:00+00:00,0.07939,0.07957,0.07954,0.07944,764724.1,0.079485,60784.0950885,764724.1,60784.0950885,
2022-11-20 21:15:00+00:00,0.07932,0.07953,0.0794,0.07949,725962.3,0.079435,57666.8153005,725962.3,57666.8153005,
2022-11-20 21:20:00+00:00,0.07944,0.07961,0.07949,0.07956,1145659.1,0.079525,91108.5399275,1145659.1,91108.5399275,
2022-11-20 21:25:00+00:00,0.07937,0.07962,0.0796,0.07955,886480.1,0.079535,70506.1947535,886480.1,70506.1947535,
2022-11-20 21:30:00+00:00,0.07884,0.07959,0.07957,0.07913,2871236.4,0.079282,227637.3642648,2871236.4,227637.3642648,
2022-11-20 21:35:00+00:00,0.07901,0.0793,0.07913,0.07906,1606718.6,0.079125,127131.609225,1606718.6,127131.609225,
2022-11-20 21:40:00+00:00,0.07833,0.07922,0.07903,0.07869,3133403.1,0.078818,246968.5655358,3133403.1,246968.5655358,
2022-11-20 21:45:00+00:00,0.07775,0.07878,0.07869,0.07779,4764965.8,0.078252,372868.1037816,4764965.8,372868.1037816,
2022-11-20 21:50:00+00:00,0.077,0.07821,0.07779,0.07718,9403093.5,0.077545,729162.8854575,9403093.5,729162.8854575,
2022-11-20 21:55:00+00:00,0.0763,0.07751,0.07715,0.07687,8044574.1,0.076958,619094.3335878,8044574.1,619094.3335878,
2022-11-20 22:00:00+00:00,0.07623,0.07715,0.07688,0.0771,7603446.2,0.07684,584248.806008,7603446.2,584248.806008,
2022-11-20 22:05:00+00:00,0.07708,0.07767,0.07708,0.07766,3208425.3,0.077372,248242.2823116,3208425.3,248242.2823116,
2022-11-20 22:10:00+00:00,0.07741,0.07783,0.07761,0.07756,2780055.3,0.077602,215737.8513906,2780055.3,215737.8513906,
2022-11-20 22:15:00+00:00,0.07757,0.07789,0.07758,0.07769,3883695.5,0.077682,301693.233831,3883695.5,301693.233831,
2022-11-20 22:20:00+00:00,0.07759,0.07804,0.07769,0.07796,2751061.5,0.07782,214087.60593,2751061.5,214087.60593,
2022-11-20 22:25:00+00:00,0.07777,0.07804,0.07795,0.07781,2922000.5,0.077892,227600.462946,2922000.5,227600.462946,
2022-11-20 22:30:00+00:00,0.07771,0.07791,0.07782,0.07787,1757589.9,0.077828,136789.7067372,1757589.9,136789.7067372,
2022-11-20 22:35:00+00:00,0.07751,0.07792,0.07787,0.0776,3125625.7,0.077725,242939.2575325,3125625.7,242939.2575325,
2022-11-20 22:40:00+00:00,0.07732,0.07767,0.07762,0.07764,2670531.8,0.077562,207131.7874716,2670531.8,207131.7874716,
2022-11-20 22:45:00+00:00,0.07742,0.07767,0.07763,0.07744,477681.9,0.07754,37039.454526,477681.9,37039.454526,
2022-11-20 22:50:00+00:00,0.07741,0.07768,0.07743,0.07763,631040.6,0.077538,48929.6260428,631040.6,48929.6260428,
2022-11-20 22:55:00+00:00,0.07742,0.07775,0.07765,0.07749,1483325.7,0.077578,115073.4411546,1483325.7,115073.4411546,
2022-11-20 23:00:00+00:00,0.0774,0.07788,0.07749,0.07759,3089083.7,0.07759,239682.004283,3089083.7,239682.004283,
2022-11-20 23:05:00+00:00,0.07713,0.07762,0.07759,0.07722,2149024.1,0.07739,166312.975099,2149024.1,166312.975099,
2022-11-20 23:10:00+00:00,0.07721,0.07756,0.07724,0.07752,1260958.0,0.077382,97575.451956,1260958.0,97575.451956,
2022-11-20 23:15:00+00:00,0.07706,0.07758,0.07752,0.07706,3140767.4,0.077305,242797.023857,3140767.4,242797.023857,
2022-11-20 23:20:00+00:00,0.07696,0.07729,0.07707,0.07718,2066581.8,0.077125,159385.121325,2066581.8,159385.121325,
2022-11-20 23:25:00+00:00,0.07696,0.07726,0.07722,0.07705,1717177.3,0.077122,132432.1477306,1717177.3,132432.1477306,
2022-11-20 23:30:00+00:00,0.07682,0.07742,0.07706,0.07688,2438659.6,0.077045,187886.528882,2438659.6,187886.528882,
2022-11-20 23:35:00+00:00,0.07668,0.07718,0.07691,0.07707,2584248.4,0.07696,198883.756864,2584248.4,198883.756864,
2022-11-20 23:40:00+00:00,0.07676,0.07727,0.0771,0.07681,1611262.3,0.076985,124043.0281655,1611262.3,124043.0281655,
2022-11-20 23:45:00+00:00,0.07668,0.07727,0.07679,0.07713,2744240.8,0.076968,211218.7258944,2744240.8,211218.7258944,
2022-11-20 23:50:00+00:00,0.07698,0.07719,0.07714,0.07704,2118077.4,0.077088,163278.3506112,2118077.4,163278.3506112,
2022-11-20 23:55:00+00:00,0.07684,0.0771,0.07707,0.07692,1160959.8,0.076982,89373.0073236,1160959.8,89373.0073236,
2022-11-21 00:00:00+00:00,0.07669,0.07726,0.07694,0.07679,2273121.7,0.07692,174848.521164,2273121.7,174848.521164,
2022-11-21 00:05:00+00:00,0.07514,0.07694,0.07676,0.0756,11490102.0,0.07611,874511.66322,11490102.0,874511.66322,
2022-11-21 00:10:00+00:00,0.0754,0.07597,0.07563,0.07565,6192775.0,0.075662,468557.74205,6192775.0,468557.74205,
2022-11-21 00:15:00+00:00,0.07556,0.0766,0.07561,0.0764,4635132.4,0.076043,352469.3730932,4635132.4,352469.3730932,
2022-11-21 00:20:00+00:00,0.07625,0.0765,0.07636,0.07644,1712957.3,0.076388,130849.3822324,1712957.3,130849.3822324,
2022-11-21 00:25:00+00:00,0.07637,0.07668,0.07642,0.07659,2030139.9,0.076515,155336.1544485,2030139.9,155336.1544485,
2022-11-21 00:30:00+00:00,0.07583,0.07667,0.07657,0.07596,2680959.3,0.076258,204444.5942994,2680959.3,204444.5942994,
2022-11-21 00:35:00+00:00,0.07573,0.07633,0.07596,0.07625,2281299.3,0.076068,173533.8751524,2281299.3,173533.8751524,
2022-11-21 00:40:00+00:00,0.07581,0.07631,0.07625,0.07597,2095279.8,0.076085,159419.363583,2095279.8,159419.363583,
2022-11-21 00:45:00+00:00,0.07566,0.07633,0.07597,0.07629,2671865.9,0.076062,203227.4640858,2671865.9,203227.4640858,
2022-11-21 00:50:00+00:00,0.07625,0.07665,0.07625,0.07662,2226592.4,0.076442,170205.1762408,2226592.4,170205.1762408,
2022-11-21 00:55:00+00:00,0.0763,0.07673,0.07664,0.07633,1879799.5,0.0765,143804.66175,1879799.5,143804.66175,
2022-11-21 01:00:00+00:00,0.07614,0.0765,0.07639,0.07645,2048357.6,0.07637,156433.069912,2048357.6,156433.069912,
2022-11-21 01:05:00+00:00,0.07615,0.07655,0.07648,0.07627,2182058.7,0.076362,166626.3664494,2182058.7,166626.3664494,
2022-11-21 01:10:00+00:00,0.07616,0.07645,0.07623,0.07644,1239272.2,0.07632,94581.254304,1239272.2,94581.254304,
2022-11-21 01:15:00+00:00,0.0761,0.07645,0.07644,0.07623,1577771.1,0.076305,120391.8237855,1577771.1,120391.8237855,
2022-11-21 01:20:00+00:00,0.07613,0.07631,0.07623,0.07618,1527774.9,0.076212,116434.7806788,1527774.9,116434.7806788,
2022-11-21 01:25:00+00:00,0.07612,0.07634,0.07622,0.07618,1390733.6,0.076215,105994.761324,1390733.6,105994.761324,
2022-11-21 01:30:00+00:00,0.07592,0.07631,0.07618,0.07592,1954714.9,0.076082,148718.6190218,1954714.9,148718.6190218,
2022-11-21 01:35:00+00:00,0.0757,0.07604,0.07596,0.07576,3294776.6,0.075865,249958.226759,3294776.6,249958.226759,
2022-11-21 01:40:00+00:00,0.07569,0.0762,0.07572,0.07614,1164909.7,0.075937,88459.7478889,1164909.7,88459.7478889,
2022-11-21 01:45:00+00:00,0.0759,0.07625,0.07619,0.07599,857640.3,0.076082,65250.9893046,857640.3,65250.9893046,
2022-11-21 01:50:00+00:00,0.07586,0.07608,0.07598,0.07597,1317064.8,0.075972,100060.0469856,1317064.8,100060.0469856,
2022-11-21 01:55:00+00:00,0.07541,0.07598,0.07598,0.07547,4081085.2,0.07571,308978.960492,4081085.2,308978.960492,
2022-11-21 02:00:00+00:00,0.0752,0.0756,0.07547,0.07525,2608440.9,0.07538,196624.275042,2608440.9,196624.275042,
2022-11-21 02:05:00+00:00,0.07401,0.07531,0.07528,0.07404,6771871.8,0.07466,505587.948588,6771871.8,505587.948588,
2022-11-21 02:10:00+00:00,0.07378,0.07465,0.0741,0.07425,5905232.1,0.074195,438138.6956595,5905232.1,438138.6956595,
2022-11-21 02:15:00+00:00,0.07383,0.07438,0.07431,0.07432,2741914.5,0.07421,203477.475045,2741914.5,203477.475045,
2022-11-21 02:20:00+00:00,0.07355,0.07452,0.07428,0.07389,3857682.8,0.07406,285699.988168,3857682.8,285699.988168,
2022-11-21 02:25:00+00:00,0.07372,0.07415,0.07398,0.07384,2716361.1,0.073922,200798.8452342,2716361.1,200798.8452342,
2022-11-21 02:30:00+00:00,0.07354,0.07429,0.07378,0.07417,1928618.6,0.073945,142611.702377,1928618.6,142611.702377,
2022-11-21 02:35:00+00:00,0.07413,0.0745,0.07417,0.0745,1979694.2,0.074325,147140.771415,1979694.2,147140.771415,
2022-11-21 02:40:00+00:00,0.07432,0.07471,0.07445,0.07434,1629160.0,0.074455,121299.1078,1629160.0,121299.1078,
2022-11-21 02:45:00+00:00,0.07427,0.07462,0.07437,0.07454,2311483.1,0.07445,172089.916795,2311483.1,172089.916795,
2022-11-21 02:50:00+00:00,0.07452,0.07475,0.07455,0.07462,1496728.5,0.07461,111670.913385,1496728.5,111670.913385,
2022-11-21 02:55:00+00:00,0.07446,0.07475,0.07465,0.07467,1268689.3,0.074632,94684.8198376,1268689.3,94684.8198376,
2022-11-21 03:00:00+00:00,0.07448,0.075,0.07465,0.07481,1687545.8,0.074735,126118.735363,1687545.8,126118.735363,
2022-11-21 03:05:00+00:00,0.07452,0.07483,0.07479,0.07483,1497234.8,0.074742,111906.3234216,1497234.8,111906.3234216,
2022-11-21 03:10:00+00:00,0.0746,0.07481,0.07481,0.07464,1384480.0,0.074715,103441.4232,1384480.0,103441.4232,
2022-11-21 03:15:00+00:00,0.07433,0.07469,0.07465,0.07434,2073322.0,0.074502,154466.635644,2073322.0,154466.635644,
2022-11-21 03:20:00+00:00,0.074,0.07453,0.07432,0.07401,3938737.1,0.074215,292313.3738765,3938737.1,292313.3738765,
2022-11-21 03:25:00+00:00,0.07378,0.07468,0.07401,0.07442,3641232.6,0.074222,270259.5660372,3641232.6,270259.5660372,
2022-11-21 03:30:00+00:00,0.07439,0.07517,0.07439,0.07517,1569370.6,0.07478,117357.533468,1569370.6,117357.533468,
2022-11-21 03:35:00+00:00,0.07486,0.07521,0.07515,0.07512,1033358.8,0.075085,77589.745498,1033358.8,77589.745498,
2022-11-21 03:40:00+00:00,0.07512,0.07536,0.07517,0.07521,1833082.2,0.075215,137875.277673,1833082.2,137875.277673,
2022-11-21 03:45:00+00:00,0.07509,0.07551,0.07517,0.07543,1119552.2,0.0753,84302.28066,1119552.2,84302.28066,
2022-11-21 03:50:00+00:00,0.07532,0.07571,0.07538,0.07552,1511040.4,0.075483,114057.8625132,1511040.4,114057.8625132,
2022-11-21 03:55:00+00:00,0.07524,0.07552,0.07549,0.07534,1024090.1,0.075398,77214.3453598,1024090.1,77214.3453598,
2022-11-21 04:00:00+00:00,0.07524,0.07596,0.07533,0.07552,2420521.4,0.075512,182778.4119568,2420521.4,182778.4119568,
2022-11-21 04:05:00+00:00,0.07547,0.07589,0.07551,0.07587,2087397.7,0.075685,157984.6949245,2087397.7,157984.6949245,
2022-11-21 04:10:00+00:00,0.07572,0.076,0.07582,0.07596,2097390.9,0.075875,159139.5345375,2097390.9,159139.5345375,
2022-11-21 04:15:00+00:00,0.076,0.07635,0.076,0.07619,2837538.3,0.076135,216035.9784705,2837538.3,216035.9784705,
2022-11-21 04:20:00+00:00,0.07596,0.07621,0.07618,0.07605,1237408.2,0.0761,94166.76402,1237408.2,94166.76402,
2022-11-21 04:25:00+00:00,0.07578,0.07606,0.07604,0.07599,1645835.4,0.075968,125030.8236672,1645835.4,125030.8236672,
2022-11-21 04:30:00+00:00,0.07571,0.07593,0.07591,0.07571,414844.0,0.075815,31451.39786,414844.0,31451.39786,
2022-11-21 04:35:00+00:00,0.07565,0.07584,0.07576,0.07569,982694.4,0.075735,74424.360384,982694.4,74424.360384,
2022-11-21 04:40:00+00:00,0.0755,0.07571,0.0757,0.07557,1569619.1,0.07562,118694.596342,1569619.1,118694.596342,
2022-11-21 04:45:00+00:00,0.07549,0.07577,0.07559,0.07577,574367.2,0.075655,43453.750516,574367.2,43453.750516,
2022-11-21 04:50:00+00:00,0.07561,0.07583,0.07573,0.07575,574356.8,0.07573,43496.040464,574356.8,43496.040464,
2022-11-21 04:55:00+00:00,0.07569,0.07583,0.07579,0.07576,704260.5,0.075767,53359.7053035,704260.5,53359.7053035,
2022-11-21 05:00:00+00:00,0.07564,0.076,0.07577,0.076,975803.1,0.075852,74016.6167412,975803.1,74016.6167412,
2022-11-21 05:05:00+00:00,0.07584,0.07625,0.07593,0.0762,2339883.1,0.076055,177959.8091705,2339883.1,177959.8091705,
2022-11-21 05:10:00+00:00,0.07607,0.07642,0.07615,0.07621,797625.1,0.076212,60788.6041212,797625.1,60788.6041212,
2022-11-21 05:15:00+00:00,0.07596,0.07635,0.07619,0.07612,927334.7,0.076155,70621.1740785,927334.7,70621.1740785,
2022-11-21 05:20:00+00:00,0.07598,0.07624,0.07607,0.07621,922696.0,0.076125,70240.233,922696.0,70240.233,
2022-11-21 05:25:00+00:00,0.07617,0.07638,0.07618,0.07635,735332.8,0.07627,56083.832656,735332.8,56083.832656,
2022-11-21 05:30:00+00:00,0.07617,0.0764,0.07633,0.07621,587760.6,0.076278,44833.2030468,587760.6,44833.2030468,
2022-11-21 05:35:00+00:00,0.07613,0.07654,0.07625,0.07653,1399459.5,0.076362,106865.526339,1399459.5,106865.526339,
2022-11-21 05:40:00+00:00,0.07646,0.07686,0.0765,0.07686,1842064.9,0.07667,141231.115883,1842064.9,141231.115883,
2022-11-21 05:45:00+00:00,0.07668,0.07706,0.07685,0.07701,1124399.7,0.0769,86466.33693,1124399.7,86466.33693,
2022-11-21 05:50:00+00:00,0.07691,0.0771,0.07702,0.07697,979062.8,0.077,75387.8356,979062.8,75387.8356,
2022-11-21 05:55:00+00:00,0.07677,0.07704,0.07697,0.07698,366742.9,0.07694,28217.198726,366742.9,28217.198726,
2022-11-21 06:00:00+00:00,0.07677,0.07719,0.07697,0.0771,952856.6,0.077008,73377.5810528,952856.6,73377.5810528,
2022-11-21 06:05:00+00:00,0.07686,0.07715,0.07712,0.07686,1216043.6,0.076998,93632.9251128,1216043.6,93632.9251128,
2022-11-21 06:10:00+00:00,0.0768,0.07703,0.07685,0.07687,1293874.0,0.076888,99483.384112,1293874.0,99483.384112,
2022-11-21 06:15:00+00:00,0.07665,0.07697,0.0769,0.07685,624655.2,0.076843,48000.3795336,624655.2,48000.3795336,
2022-11-21 06:20:00+00:00,0.07661,0.07686,0.07686,0.07672,588061.7,0.076762,45140.7922154,588061.7,45140.7922154,
2022-11-21 06:25:00+00:00,0.07639,0.07679,0.07672,0.07648,696415.6,0.076595,53341.952882,696415.6,53341.952882,
2022-11-21 06:30:00+00:00,0.07644,0.07669,0.07644,0.07652,1907319.0,0.076522,145951.864518,1907319.0,145951.864518,
2022-11-21 06:35:00+00:00,0.07647,0.07665,0.07656,0.07647,509413.6,0.076538,38989.4981168,509413.6,38989.4981168,
2022-11-21 06:40:00+00:00,0.07647,0.07661,0.07651,0.07654,328044.9,0.076532,25105.9322868,328044.9,25105.9322868,
2022-11-21 06:45:00+00:00,0.07649,0.07668,0.0766,0.07664,494804.4,0.076602,37903.0066488,494804.4,37903.0066488,
2022-11-21 06:50:00+00:00,0.07653,0.0767,0.07663,0.07655,645345.1,0.076602,49434.7253502,645345.1,49434.7253502,
2022-11-21 06:55:00+00:00,0.07624,0.07654,0.07654,0.07628,1664438.0,0.0764,127163.0632,1664438.0,127163.0632,
2022-11-21 07:00:00+00:00,0.07621,0.07644,0.07631,0.07642,854559.6,0.076345,65241.352662,854559.6,65241.352662,
2022-11-21 07:05:00+00:00,0.0764,0.07658,0.07644,0.07644,345948.2,0.076465,26452.929113,345948.2,26452.929113,
2022-11-21 07:10:00+00:00,0.07636,0.07655,0.07643,0.07645,505849.7,0.076448,38671.1978656,505849.7,38671.1978656,
2022-11-21 07:15:00+00:00,0.07628,0.07657,0.07641,0.07628,1142349.4,0.076385,87258.358919,1142349.4,87258.358919,
2022-11-21 07:20:00+00:00,0.07616,0.07636,0.07629,0.07616,910842.1,0.076242,69444.4233882,910842.1,69444.4233882,
2022-11-21 07:25:00+00:00,0.0759,0.07622,0.07617,0.07602,1128967.7,0.076077,85888.4757129,1128967.7,85888.4757129,
2022-11-21 07:30:00+00:00,0.07592,0.07624,0.07603,0.07617,1055138.3,0.07609,80285.473247,1055138.3,80285.473247,
2022-11-21 07:35:00+00:00,0.07584,0.07617,0.07617,0.07596,2324094.4,0.076035,176712.517704,2324094.4,176712.517704,
2022-11-21 07:40:00+00:00,0.07547,0.07603,0.07594,0.0755,2740695.6,0.075735,207566.581266,2740695.6,207566.581266,
2022-11-21 07:45:00+00:00,0.07551,0.07601,0.07553,0.07594,1805749.6,0.075748,136781.9207008,1805749.6,136781.9207008,
2022-11-21 07:50:00+00:00,0.07573,0.07604,0.0759,0.07583,514993.9,0.075875,39075.1621625,514993.9,39075.1621625,
2022-11-21 07:55:00+00:00,0.07568,0.0759,0.07581,0.07573,485922.1,0.07578,36823.176738,485922.1,36823.176738,
2022-11-21 08:00:00+00:00,0.07571,0.07598,0.07577,0.07593,415933.4,0.075848,31547.7165232,415933.4,31547.7165232,
2022-11-21 08:05:00+00:00,0.07546,0.07592,0.07592,0.07551,613201.9,0.075702,46420.6102338,613201.9,46420.6102338,
2022-11-21 08:10:00+00:00,0.07538,0.0756,0.07556,0.07545,864684.7,0.075498,65281.9654806,864684.7,65281.9654806,
2022-11-21 08:15:00+00:00,0.07513,0.07546,0.07545,0.07536,1321166.2,0.07535,99549.87317,1321166.2,99549.87317,
2022-11-21 08:20:00+00:00,0.07528,0.07554,0.07536,0.07543,961258.8,0.075402,72480.8360376,961258.8,72480.8360376,
2022-11-21 08:25:00+00:00,0.07539,0.0755,0.07544,0.07543,369270.6,0.07544,27857.774064,369270.6,27857.774064,
2022-11-21 08:30:00+00:00,0.07531,0.07554,0.07541,0.07531,327383.8,0.075392,24682.1194496,327383.8,24682.1194496,
2022-11-21 08:35:00+00:00,0.07524,0.07551,0.07529,0.07532,950169.4,0.07534,71585.762596,950169.4,71585.762596,
2022-11-21 08:40:00+00:00,0.07531,0.07558,0.07531,0.07552,1326622.9,0.07543,100067.165347,1326622.9,100067.165347,
2022-11-21 08:45:00+00:00,0.0753,0.07568,0.0755,0.07539,1937465.5,0.075468,146216.646354,1937465.5,146216.646354,
2022-11-21 08:50:00+00:00,0.07512,0.07549,0.07534,0.07514,623154.7,0.075272,46906.1005784,623154.7,46906.1005784,
2022-11-21 08:55:00+00:00,0.07518,0.07544,0.07518,0.07534,733563.2,0.075285,55226.305512,733563.2,55226.305512,
2022-11-21 09:00:00+00:00,0.07529,0.07554,0.07534,0.07539,518289.6,0.07539,39073.852944,518289.6,39073.852944,
2022-11-21 09:05:00+00:00,0.07497,0.0754,0.07539,0.0753,1172555.8,0.075265,88252.412287,1172555.8,88252.412287,
2022-11-21 09:10:00+00:00,0.07527,0.07579,0.07528,0.07574,1172335.9,0.07552,88534.807168,1172335.9,88534.807168,
2022-11-21 09:15:00+00:00,0.07564,0.07623,0.07578,0.076,1725436.0,0.075913,130983.023068,1725436.0,130983.023068,
2022-11-21 09:20:00+00:00,0.0753,0.0761,0.07603,0.0755,1748335.4,0.075732,132404.9365128,1748335.4,132404.9365128,
2022-11-21 09:25:00+00:00,0.075,0.07556,0.07553,0.07511,1514296.0,0.0753,114026.4888,1514296.0,114026.4888,
2022-11-21 09:30:00+00:00,0.07508,0.07559,0.07512,0.07548,569850.5,0.075318,42919.999959,569850.5,42919.999959,
2022-11-21 09:35:00+00:00,0.0755,0.07585,0.0755,0.0758,1420096.6,0.075662,107447.3489492,1420096.6,107447.3489492,
2022-11-21 09:40:00+00:00,0.07565,0.07581,0.07577,0.07576,519990.6,0.075748,39388.2479688,519990.6,39388.2479688,
2022-11-21 09:45:00+00:00,0.07558,0.0759,0.07579,0.07586,1146385.8,0.075782,86875.4086956,1146385.8,86875.4086956,
2022-11-21 09:50:00+00:00,0.07585,0.07639,0.07586,0.07624,748513.9,0.076085,56950.6800815,748513.9,56950.6800815,
2022-11-21 09:55:00+00:00,0.0759,0.07628,0.07628,0.07595,743278.5,0.076102,56564.980407,743278.5,56564.980407,
2022-11-21 10:00:00+00:00,0.07592,0.07615,0.07595,0.07596,478603.9,0.075995,36371.5033805,478603.9,36371.5033805,
2022-11-21 10:05:00+00:00,0.07547,0.07596,0.07596,0.07553,1047857.1,0.07573,79354.218183,1047857.1,79354.218183,
2022-11-21 10:10:00+00:00,0.07543,0.07571,0.07552,0.07543,666675.8,0.075522,50348.6897676,666675.8,50348.6897676,
2022-11-21 10:15:00+00:00,0.07538,0.07561,0.07542,0.07557,685054.3,0.075495,51718.1743785,685054.3,51718.1743785,
2022-11-21 10:20:00+00:00,0.07546,0.07568,0.07556,0.07554,785328.1,0.07556,59339.391236,785328.1,59339.391236,
2022-11-21 10:25:00+00:00,0.07543,0.07556,0.07553,0.07544,458429.0,0.07549,34606.80521,458429.0,34606.80521,
2022-11-21 10:30:00+00:00,0.07543,0.07556,0.07543,0.07545,341655.0,0.075468,25784.01954,341655.0,25784.01954,
2022-11-21 10:35:00+00:00,0.07543,0.07575,0.07545,0.07575,253836.9,0.075595,19188.8004555,253836.9,19188.8004555,
2022-11-21 10:40:00+00:00,0.07563,0.07592,0.07576,0.07565,912925.2,0.07574,69144.954648,912925.2,69144.954648,
2022-11-21 10:45:00+00:00,0.07564,0.07614,0.07564,0.0759,858886.0,0.07583,65129.32538,858886.0,65129.32538,
2022-11-21 10:50:00+00:00,0.07581,0.0761,0.07585,0.07605,729626.3,0.075952,55416.5767376,729626.3,55416.5767376,
2022-11-21 10:55:00+00:00,0.07596,0.07626,0.07603,0.07611,761891.6,0.07609,57972.331844,761891.6,57972.331844,
2022-11-21 11:00:00+00:00,0.07597,0.07627,0.07613,0.076,705034.4,0.076093,53648.1825992,705034.4,53648.1825992,
2022-11-21 11:05:00+00:00,0.07582,0.07599,0.07599,0.07584,508703.7,0.07591,38615.697867,508703.7,38615.697867,
2022-11-21 11:10:00+00:00,0.07572,0.076,0.07584,0.076,733580.9,0.07589,55671.454501,733580.9,55671.454501,
2022-11-21 11:15:00+00:00,0.07579,0.07603,0.07602,0.07581,318321.3,0.075913,24164.7248469,318321.3,24164.7248469,
2022-11-21 11:20:00+00:00,0.07571,0.07591,0.07581,0.07575,519818.8,0.075795,39399.665946,519818.8,39399.665946,
2022-11-21 11:25:00+00:00,0.07565,0.07591,0.07578,0.07571,227663.4,0.075762,17248.2345108,227663.4,17248.2345108,
2022-11-21 11:30:00+00:00,0.0757,0.07589,0.07572,0.0757,575265.6,0.075752,43577.5197312,575265.6,43577.5197312,
2022-11-21 11:35:00+00:00,0.07555,0.07573,0.07573,0.07557,147433.2,0.075645,11152.584414,147433.2,11152.584414,
2022-11-21 11:40:00+00:00,0.07549,0.0757,0.07557,0.07555,564185.1,0.075578,42639.9814878,564185.1,42639.9814878,
2022-11-21 11:45:00+00:00,0.07551,0.07569,0.07555,0.07566,165332.8,0.075602,12499.4903456,165332.8,12499.4903456,
2022-11-21 11:50:00+00:00,0.07563,0.07582,0.07566,0.0757,188970.8,0.075702,14305.4675016,188970.8,14305.4675016,
2022-11-21 11:55:00+00:00,0.07566,0.07577,0.07566,0.07568,298391.7,0.075692,22585.8645564,298391.7,22585.8645564,
2022-11-21 12:00:00+00:00,0.07563,0.07586,0.07572,0.07571,374410.8,0.07573,28354.129884,374410.8,28354.129884,
2022-11-21 12:05:00+00:00,0.07542,0.07585,0.07574,0.07542,831703.1,0.075608,62883.4079848,831703.1,62883.4079848,
2022-11-21 12:10:00+00:00,0.07526,0.07558,0.07543,0.07539,2315328.5,0.075415,174610.4988275,2315328.5,174610.4988275,
2022-11-21 12:15:00+00:00,0.07531,0.07557,0.07535,0.07553,628421.0,0.07544,47408.08024,628421.0,47408.08024,
2022-11-21 12:20:00+00:00,0.07527,0.07556,0.07553,0.07546,1196219.6,0.075455,90260.749918,1196219.6,90260.749918,
2022-11-21 12:25:00+00:00,0.07525,0.0755,0.07549,0.07534,679564.7,0.075395,51235.7805565,679564.7,51235.7805565,
2022-11-21 12:30:00+00:00,0.07528,0.07549,0.07534,0.07536,491086.6,0.075368,37012.2148688,491086.6,37012.2148688,
2022-11-21 12:35:00+00:00,0.07528,0.07562,0.07537,0.0756,702682.8,0.075468,53030.0655504,702682.8,53030.0655504,
2022-11-21 12:40:00+00:00,0.07548,0.07635,0.07559,0.07619,1785224.8,0.075902,135502.1327696,1785224.8,135502.1327696,
2022-11-21 12:45:00+00:00,0.07597,0.07664,0.07618,0.07619,2168032.7,0.076245,165301.6532115,2168032.7,165301.6532115,
2022-11-21 12:50:00+00:00,0.076,0.07637,0.07619,0.07637,788252.5,0.076232,60090.06458,788252.5,60090.06458,
2022-11-21 12:55:00+00:00,0.07603,0.07638,0.07636,0.0762,1528149.1,0.076242,116509.1436822,1528149.1,116509.1436822,
2022-11-21 13:00:00+00:00,0.07606,0.07651,0.07621,0.07649,1829031.1,0.076318,139587.9954898,1829031.1,139587.9954898,
2022-11-21 13:05:00+00:00,0.07647,0.07687,0.07647,0.0768,2735389.4,0.076652,209673.0682888,2735389.4,209673.0682888,
2022-11-21 13:10:00+00:00,0.07657,0.07689,0.07679,0.07657,1439153.8,0.076705,110390.292229,1439153.8,110390.292229,
2022-11-21 13:15:00+00:00,0.0765,0.07698,0.07656,0.07691,2554387.4,0.076738,196018.5803012,2554387.4,196018.5803012,
2022-11-21 13:20:00+00:00,0.07681,0.0773,0.07689,0.07703,2041788.7,0.077007,157232.0224209,2041788.7,157232.0224209,
2022-11-21 13:25:00+00:00,0.07671,0.07703,0.07703,0.07687,1034352.9,0.07691,79552.081539,1034352.9,79552.081539,
2022-11-21 13:30:00+00:00,0.07661,0.07691,0.07689,0.07667,922437.8,0.07677,70815.549906,922437.8,70815.549906,
2022-11-21 13:35:00+00:00,0.07648,0.07674,0.07662,0.07649,821755.2,0.076582,62931.6567264,821755.2,62931.6567264,
2022-11-21 13:40:00+00:00,0.07647,0.07665,0.07651,0.0766,634724.7,0.076558,48593.2535826,634724.7,48593.2535826,
2022-11-21 13:45:00+00:00,0.07616,0.07666,0.07656,0.07616,1207446.5,0.076385,92230.8009025,1207446.5,92230.8009025,
2022-11-21 13:50:00+00:00,0.07616,0.07635,0.07618,0.07629,1368065.3,0.076245,104308.1387985,1368065.3,104308.1387985,
2022-11-21 13:55:00+00:00,0.07617,0.07651,0.07632,0.07638,540233.7,0.076345,41244.1418265,540233.7,41244.1418265,
2022-11-21 14:00:00+00:00,0.07624,0.07654,0.07638,0.07628,405965.7,0.07636,30999.540852,405965.7,30999.540852,
2022-11-21 14:05:00+00:00,0.07618,0.0763,0.07627,0.07621,1650540.4,0.07624,125837.200096,1650540.4,125837.200096,
2022-11-21 14:10:00+00:00,0.07609,0.0764,0.07621,0.07612,2865346.7,0.076205,218353.7452735,2865346.7,218353.7452735,
2022-11-21 14:15:00+00:00,0.07605,0.07641,0.07612,0.07629,3901447.7,0.076218,297360.5407986,3901447.7,297360.5407986,
2022-11-21 14:20:00+00:00,0.07625,0.0766,0.07633,0.0765,925401.6,0.07642,70719.190272,925401.6,70719.190272,
2022-11-21 14:25:00+00:00,0.07614,0.07659,0.07652,0.07617,943244.3,0.076355,72021.4185265,943244.3,72021.4185265,
2022-11-21 14:30:00+00:00,0.07585,0.07661,0.07617,0.07597,2657397.7,0.07615,202360.834855,2657397.7,202360.834855,
2022-11-21 14:35:00+00:00,0.0759,0.07613,0.07595,0.07599,996449.5,0.075992,75722.190404,996449.5,75722.190404,
2022-11-21 14:40:00+00:00,0.07592,0.07613,0.07597,0.07596,1224050.5,0.075995,93021.7177475,1224050.5,93021.7177475,
2022-11-21 14:45:00+00:00,0.07592,0.07627,0.07594,0.07624,986038.5,0.076093,75030.6275805,986038.5,75030.6275805,
2022-11-21 14:50:00+00:00,0.07615,0.07637,0.07624,0.07617,519304.6,0.076232,39587.6282672,519304.6,39587.6282672,
2022-11-21 14:55:00+00:00,0.07588,0.07615,0.07615,0.07592,888198.9,0.076025,67525.3213725,888198.9,67525.3213725,
2022-11-21 15:00:00+00:00,0.07563,0.07603,0.07592,0.07585,899750.0,0.075858,68253.2355,899750.0,68253.2355,
2022-11-21 15:05:00+00:00,0.07572,0.07593,0.07583,0.07584,453675.5,0.07583,34402.213165,453675.5,34402.213165,
2022-11-21 15:10:00+00:00,0.07579,0.07601,0.07587,0.07586,1098678.9,0.075882,83369.9522898,1098678.9,83369.9522898,
2022-11-21 15:15:00+00:00,0.07584,0.07607,0.07584,0.07599,920746.5,0.075935,69916.8854775,920746.5,69916.8854775,
2022-11-21 15:20:00+00:00,0.07578,0.07604,0.07597,0.076,649728.6,0.075948,49345.5877128,649728.6,49345.5877128,
2022-11-21 15:25:00+00:00,0.07586,0.07607,0.07603,0.07599,322729.5,0.075988,24523.569246,322729.5,24523.569246,
2022-11-21 15:30:00+00:00,0.07592,0.07618,0.07597,0.07608,322626.0,0.076038,24531.835788,322626.0,24531.835788,
2022-11-21 15:35:00+00:00,0.07608,0.07617,0.07609,0.07608,381136.1,0.076105,29006.3628905,381136.1,29006.3628905,
2022-11-21 15:40:00+00:00,0.07597,0.07621,0.07607,0.07599,356059.9,0.07606,27081.915994,356059.9,27081.915994,
2022-11-21 15:45:00+00:00,0.07587,0.0762,0.07599,0.07611,614151.2,0.076042,46701.2855504,614151.2,46701.2855504,
2022-11-21 15:50:00+00:00,0.07595,0.07623,0.07612,0.076,1163770.3,0.076075,88533.8255725,1163770.3,88533.8255725,
2022-11-21 15:55:00+00:00,0.07584,0.0761,0.07601,0.07591,468231.9,0.075965,35569.2362835,468231.9,35569.2362835,
2022-11-21 16:00:00+00:00,0.07573,0.076,0.07591,0.07589,1788279.0,0.075882,135698.187078,1788279.0,135698.187078,
2022-11-21 16:05:00+00:00,0.07579,0.07605,0.07589,0.07601,788522.2,0.075935,59876.433257,788522.2,59876.433257,
2022-11-21 16:10:00+00:00,0.07574,0.07613,0.07601,0.07598,1073856.6,0.075965,81575.516619,1073856.6,81575.516619,
2022-11-21 16:15:00+00:00,0.07533,0.07615,0.07603,0.07546,1417955.9,0.075742,107398.8157778,1417955.9,107398.8157778,
2022-11-21 16:20:00+00:00,0.07505,0.07561,0.07547,0.07547,2442853.2,0.0754,184191.13128,2442853.2,184191.13128,
2022-11-21 16:25:00+00:00,0.07496,0.07547,0.07545,0.07517,2808549.2,0.075262,211377.0298904,2808549.2,211377.0298904,
2022-11-21 16:30:00+00:00,0.07452,0.07522,0.07514,0.07489,2188713.2,0.074942,164026.5446344,2188713.2,164026.5446344,
2022-11-21 16:35:00+00:00,0.07474,0.07517,0.07494,0.07483,11616485.1,0.07492,870307.063692,11616485.1,870307.063692,
2022-11-21 16:40:00+00:00,0.07479,0.07531,0.07483,0.07527,3022775.8,0.07505,226859.32379,3022775.8,226859.32379,
2022-11-21 16:45:00+00:00,0.07523,0.07609,0.07527,0.076,1297340.8,0.075648,98141.2368384,1297340.8,98141.2368384,
2022-11-21 16:50:00+00:00,0.07577,0.07608,0.07596,0.07588,716778.4,0.075922,54419.2496848,716778.4,54419.2496848,
2022-11-21 16:55:00+00:00,0.07546,0.07593,0.07591,0.07555,898950.3,0.075712,68061.3251136,898950.3,68061.3251136,
2022-11-21 17:00:00+00:00,0.07527,0.07582,0.07556,0.07528,1583322.4,0.075483,119513.9247192,1583322.4,119513.9247192,
2022-11-21 17:05:00+00:00,0.07512,0.07543,0.07525,0.07515,890028.4,0.075238,66963.9567592,890028.4,66963.9567592,
2022-11-21 17:10:00+00:00,0.07498,0.07529,0.07511,0.07504,810354.7,0.075105,60861.6897435,810354.7,60861.6897435,
2022-11-21 17:15:00+00:00,0.07501,0.07543,0.07506,0.07531,633292.2,0.075202,47624.8400244,633292.2,47624.8400244,
2022-11-21 17:20:00+00:00,0.07511,0.07542,0.07528,0.07537,885399.0,0.075295,66666.117705,885399.0,66666.117705,
2022-11-21 17:25:00+00:00,0.07486,0.07539,0.07535,0.07493,758153.4,0.075132,56961.5812488,758153.4,56961.5812488,
2022-11-21 17:30:00+00:00,0.07456,0.07504,0.07491,0.07499,1637390.5,0.074875,122599.6136875,1637390.5,122599.6136875,
2022-11-21 17:35:00+00:00,0.0749,0.07528,0.07501,0.07517,1235444.4,0.07509,92769.519996,1235444.4,92769.519996,
2022-11-21 17:40:00+00:00,0.07507,0.07523,0.07515,0.07518,522351.5,0.075158,39258.894037,522351.5,39258.894037,
2022-11-21 17:45:00+00:00,0.07482,0.07517,0.07516,0.07484,1946437.9,0.074998,145978.9496242,1946437.9,145978.9496242,
2022-11-21 17:50:00+00:00,0.07462,0.07491,0.07487,0.07463,1830757.4,0.074758,136863.7617092,1830757.4,136863.7617092,
2022-11-21 17:55:00+00:00,0.07452,0.0749,0.07464,0.07458,2255064.5,0.07466,168363.11557,2255064.5,168363.11557,
2022-11-21 18:00:00+00:00,0.07408,0.07477,0.07455,0.0742,3252866.0,0.0744,242013.2304,3252866.0,242013.2304,
2022-11-21 18:05:00+00:00,0.0733,0.07429,0.07422,0.07345,6036178.4,0.073815,445560.508596,6036178.4,445560.508596,
2022-11-21 18:10:00+00:00,0.07339,0.07397,0.07346,0.07353,4049012.7,0.073588,297958.7465676,4049012.7,297958.7465676,
2022-11-21 18:15:00+00:00,0.07262,0.07356,0.07354,0.07275,5812175.3,0.073118,424974.6335854,5812175.3,424974.6335854,
2022-11-21 18:20:00+00:00,0.07239,0.07318,0.07274,0.07305,4742584.6,0.07284,345449.862264,4742584.6,345449.862264,
2022-11-21 18:25:00+00:00,0.07277,0.07318,0.07306,0.073,2737182.7,0.073002,199819.8114654,2737182.7,199819.8114654,
2022-11-21 18:30:00+00:00,0.07283,0.07331,0.073,0.07304,2175342.5,0.073045,158897.8929125,2175342.5,158897.8929125,
2022-11-21 18:35:00+00:00,0.073,0.07353,0.07303,0.07333,2634518.0,0.073222,192904.676996,2634518.0,192904.676996,
2022-11-21 18:40:00+00:00,0.07323,0.07353,0.07333,0.07347,1398257.0,0.07339,102618.08123,1398257.0,102618.08123,
2022-11-21 18:45:00+00:00,0.07329,0.07349,0.07345,0.07349,1423027.7,0.07343,104492.924011,1423027.7,104492.924011,
2022-11-21 18:50:00+00:00,0.07335,0.07363,0.07349,0.07335,1154594.9,0.073455,84810.7683795,1154594.9,84810.7683795,
2022-11-21 18:55:00+00:00,0.07315,0.07347,0.07334,0.07321,1768301.3,0.073292,129602.3388796,1768301.3,129602.3388796,
2022-11-21 19:00:00+00:00,0.07317,0.07342,0.07317,0.07332,908426.1,0.07327,66560.380347,908426.1,66560.380347,
2022-11-21 19:05:00+00:00,0.07324,0.07357,0.07327,0.07348,788592.8,0.07339,57874.825592,788592.8,57874.825592,
2022-11-21 19:10:00+00:00,0.07345,0.07361,0.0735,0.07354,589770.7,0.073525,43362.8907175,589770.7,43362.8907175,
2022-11-21 19:15:00+00:00,0.07321,0.07359,0.07353,0.07338,1445941.9,0.073428,106172.6218332,1445941.9,106172.6218332,
2022-11-21 19:20:00+00:00,0.0729,0.0734,0.07336,0.07304,1696229.8,0.073175,124121.615615,1696229.8,124121.615615,
2022-11-21 19:25:00+00:00,0.07199,0.07313,0.07301,0.07232,5678030.1,0.072612,412293.1216212,5678030.1,412293.1216212,
2022-11-21 19:30:00+00:00,0.07151,0.07271,0.07232,0.07158,6103273.1,0.07203,439618.761393,6103273.1,439618.761393,
2022-11-21 19:35:00+00:00,0.07117,0.07208,0.07151,0.07182,7106143.5,0.071645,509119.6510575,7106143.5,509119.6510575,
2022-11-21 19:40:00+00:00,0.07168,0.07215,0.0718,0.07178,2742008.6,0.071852,197018.8019272,2742008.6,197018.8019272,
2022-11-21 19:45:00+00:00,0.07141,0.0723,0.07179,0.07217,6082838.5,0.071918,437465.579243,6082838.5,437465.579243,
2022-11-21 19:50:00+00:00,0.07195,0.07225,0.07219,0.07219,2342569.2,0.072145,169004.654934,2342569.2,169004.654934,
2022-11-21 19:55:00+00:00,0.0721,0.07244,0.07217,0.07231,3691966.2,0.072255,266763.017781,3691966.2,266763.017781,
2022-11-21 20:00:00+00:00,0.07224,0.07267,0.07228,0.0726,2610043.3,0.072448,189092.4169984,2610043.3,189092.4169984,
2022-11-21 20:05:00+00:00,0.07255,0.0737,0.07255,0.07367,5793701.1,0.073118,423623.8370298,5793701.1,423623.8370298,
2022-11-21 20:10:00+00:00,0.07333,0.07374,0.07369,0.07349,1474254.9,0.073562,108449.1389538,1474254.9,108449.1389538,
2022-11-21 20:15:00+00:00,0.07347,0.07386,0.07348,0.07357,2675241.1,0.073595,196884.3687545,2675241.1,196884.3687545,
2022-11-21 20:20:00+00:00,0.07331,0.07371,0.07354,0.07337,1464386.4,0.073482,107606.0414448,1464386.4,107606.0414448,
2022-11-21 20:25:00+00:00,0.07328,0.07375,0.0734,0.07372,1543278.7,0.073538,113489.6290406,1543278.7,113489.6290406,
2022-11-21 20:30:00+00:00,0.07344,0.07392,0.07372,0.07367,2297098.5,0.073688,169268.594268,2297098.5,169268.594268,
2022-11-21 20:35:00+00:00,0.07363,0.07466,0.07365,0.07405,4929851.2,0.073998,364799.1290976,4929851.2,364799.1290976,
2022-11-21 20:40:00+00:00,0.07392,0.07432,0.07406,0.07425,3054278.4,0.074138,226438.0920192,3054278.4,226438.0920192,
2022-11-21 20:45:00+00:00,0.074,0.07446,0.07428,0.07415,2159919.6,0.074222,160313.5525512,2159919.6,160313.5525512,
2022-11-21 20:50:00+00:00,0.07391,0.07427,0.07416,0.07421,1778654.8,0.074138,131865.9095624,1778654.8,131865.9095624,
2022-11-21 20:55:00+00:00,0.074,0.07428,0.07421,0.07403,1565429.9,0.07413,116045.318487,1565429.9,116045.318487,
2022-11-21 21:00:00+00:00,0.07402,0.07457,0.07402,0.0744,2631232.4,0.074252,195374.2681648,2631232.4,195374.2681648,
2022-11-21 21:05:00+00:00,0.07422,0.07449,0.07434,0.07443,766025.0,0.07437,56969.27925,766025.0,56969.27925,
2022-11-21 21:10:00+00:00,0.0744,0.07462,0.0744,0.07451,1415785.6,0.074482,105450.5430592,1415785.6,105450.5430592,
2022-11-21 21:15:00+00:00,0.07424,0.07487,0.07451,0.07468,1653017.1,0.074575,123273.7502325,1653017.1,123273.7502325,
2022-11-21 21:20:00+00:00,0.07447,0.07478,0.07465,0.07447,3150727.5,0.074592,235019.06568,3150727.5,235019.06568,
2022-11-21 21:25:00+00:00,0.07441,0.07465,0.0745,0.07452,1040868.3,0.07452,77565.505716,1040868.3,77565.505716,
2022-11-21 21:30:00+00:00,0.0741,0.07455,0.07452,0.07438,2392124.3,0.074388,177945.3424284,2392124.3,177945.3424284,
2022-11-21 21:35:00+00:00,0.07423,0.07439,0.07433,0.07432,1110486.4,0.074318,82529.1282752,1110486.4,82529.1282752,
2022-11-21 21:40:00+00:00,0.07423,0.07437,0.07432,0.07432,1048433.2,0.07431,77909.071092,1048433.2,77909.071092,
2022-11-21 21:45:00+00:00,0.07331,0.07434,0.07432,0.07396,7562902.9,0.073982,559518.6823478,7562902.9,559518.6823478,
2022-11-21 21:50:00+00:00,0.07332,0.0741,0.07397,0.07388,5788298.8,0.073818,427280.6408184,5788298.8,427280.6408184,
2022-11-21 21:55:00+00:00,0.07385,0.07426,0.07389,0.07399,3297598.8,0.073998,244015.7160024,3297598.8,244015.7160024,
2022-11-21 22:00:00+00:00,0.07373,0.07435,0.07394,0.0738,7483942.4,0.073955,553474.960192,7483942.4,553474.960192,
2022-11-21 22:05:00+00:00,0.07373,0.07403,0.07378,0.07396,1760004.0,0.073875,130020.2955,1760004.0,130020.2955,
2022-11-21 22:10:00+00:00,0.0735,0.07394,0.07394,0.07368,2592020.4,0.073765,191200.384806,2592020.4,191200.384806,
2022-11-21 22:15:00+00:00,0.07351,0.07385,0.07367,0.07362,2288280.9,0.073662,168559.3476558,2288280.9,168559.3476558,
2022-11-21 22:20:00+00:00,0.07364,0.07431,0.07364,0.07412,2886561.9,0.073928,213397.7481432,2886561.9,213397.7481432,
2022-11-21 22:25:00+00:00,0.07408,0.07492,0.07412,0.07485,2857070.2,0.074492,212828.8733384,2857070.2,212828.8733384,
2022-11-21 22:30:00+00:00,0.07459,0.07508,0.07485,0.07474,2096136.6,0.074815,156822.459729,2096136.6,156822.459729,
2022-11-21 22:35:00+00:00,0.07463,0.07493,0.07474,0.07476,1510182.7,0.074765,112908.8095655,1510182.7,112908.8095655,
2022-11-21 22:40:00+00:00,0.07456,0.07478,0.07475,0.07478,1388590.6,0.074718,103752.7124508,1388590.6,103752.7124508,
2022-11-21 22:45:00+00:00,0.07424,0.07481,0.07476,0.07444,655915.4,0.074562,48906.3640548,655915.4,48906.3640548,
2022-11-21 22:50:00+00:00,0.07407,0.0746,0.07442,0.07425,945904.2,0.074335,70313.788707,945904.2,70313.788707,
2022-11-21 22:55:00+00:00,0.07417,0.07436,0.07425,0.07421,2009226.2,0.074248,149181.0268976,2009226.2,149181.0268976,
2022-11-21 23:00:00+00:00,0.0742,0.0746,0.07425,0.07445,1687245.1,0.074375,125488.8543125,1687245.1,125488.8543125,
2022-11-21 23:05:00+00:00,0.07444,0.07484,0.07447,0.07482,984693.5,0.074642,73499.492227,984693.5,73499.492227,
2022-11-21 23:10:00+00:00,0.07472,0.07505,0.07479,0.07505,1235948.4,0.074902,92575.0070568,1235948.4,92575.0070568,
2022-11-21 23:15:00+00:00,0.07475,0.07519,0.07507,0.07485,1151194.1,0.074965,86299.2657065,1151194.1,86299.2657065,
2022-11-21 23:20:00+00:00,0.07469,0.07489,0.07486,0.07474,447722.1,0.074795,33487.3744695,447722.1,33487.3744695,
2022-11-21 23:25:00+00:00,0.07452,0.07478,0.07472,0.07466,511923.0,0.07467,38225.29041,511923.0,38225.29041,
2022-11-21 23:30:00+00:00,0.07456,0.07479,0.07468,0.07466,631989.3,0.074672,47191.9050096,631989.3,47191.9050096,
2022-11-21 23:35:00+00:00,0.0745,0.07475,0.07465,0.07461,1479045.6,0.074628,110378.2150368,1479045.6,110378.2150368,
2022-11-21 23:40:00+00:00,0.07442,0.07466,0.07459,0.07459,576657.3,0.074565,42998.4515745,576657.3,42998.4515745,
2022-11-21 23:45:00+00:00,0.07444,0.07467,0.07461,0.07461,1013116.8,0.074582,75560.2771776,1013116.8,75560.2771776,
2022-11-21 23:50:00+00:00,0.07445,0.0747,0.07461,0.07455,916030.1,0.074578,68315.6927978,916030.1,68315.6927978,
2022-11-21 23:55:00+00:00,0.07444,0.07475,0.07461,0.07458,1504743.4,0.074595,112246.333923,1504743.4,112246.333923,
2022-11-22 00:00:00+00:00,0.07426,0.07546,0.07459,0.07525,3769434.5,0.07489,282292.949705,3769434.5,282292.949705,
2022-11-22 00:05:00+00:00,0.07509,0.07565,0.07528,0.07542,2032747.9,0.07536,153187.881744,2032747.9,153187.881744,
2022-11-22 00:10:00+00:00,0.0753,0.07565,0.07544,0.0754,2352034.3,0.075448,177456.2838664,2352034.3,177456.2838664,
2022-11-22 00:15:00+00:00,0.07514,0.07542,0.07541,0.07528,1506821.9,0.075312,113481.7709328,1506821.9,113481.7709328,
2022-11-22 00:20:00+00:00,0.07523,0.07574,0.07528,0.07549,2203531.3,0.075435,166223.3836155,2203531.3,166223.3836155,
2022-11-22 00:25:00+00:00,0.07521,0.07546,0.07546,0.07531,1402224.0,0.07536,105671.60064,1402224.0,105671.60064,
2022-11-22 00:30:00+00:00,0.07517,0.0754,0.07531,0.07525,1052133.5,0.075282,79206.714147,1052133.5,79206.714147,
2022-11-22 00:35:00+00:00,0.07514,0.07536,0.07525,0.07525,563115.8,0.07525,42374.46395,563115.8,42374.46395,
2022-11-22 00:40:00+00:00,0.07514,0.07528,0.07522,0.07517,415814.2,0.075202,31270.0594684,415814.2,31270.0594684,
2022-11-22 00:45:00+00:00,0.07508,0.07526,0.07514,0.07519,501716.5,0.075168,37713.025872,501716.5,37713.025872,
2022-11-22 00:50:00+00:00,0.07513,0.0754,0.07517,0.07526,1166908.3,0.07524,87798.180492,1166908.3,87798.180492,
2022-11-22 00:55:00+00:00,0.07505,0.0753,0.0753,0.07509,758465.4,0.075185,57025.221099,758465.4,57025.221099,
2022-11-22 01:00:00+00:00,0.07488,0.07523,0.07508,0.07501,1432877.9,0.07505,107537.486395,1432877.9,107537.486395,
2022-11-22 01:05:00+00:00,0.07485,0.07501,0.075,0.07485,414493.3,0.074928,31057.1539824,414493.3,31057.1539824,
2022-11-22 01:10:00+00:00,0.07482,0.07505,0.07484,0.07499,2850538.7,0.074925,213576.6120975,2850538.7,213576.6120975,
2022-11-22 01:15:00+00:00,0.07485,0.07506,0.07499,0.0749,973458.3,0.07495,72960.699585,973458.3,72960.699585,
2022-11-22 01:20:00+00:00,0.07465,0.07498,0.07486,0.07492,1205673.7,0.074852,90247.0877924,1205673.7,90247.0877924,
2022-11-22 01:25:00+00:00,0.07475,0.07494,0.07486,0.07494,2287383.3,0.074872,171260.9624376,2287383.3,171260.9624376,
2022-11-22 01:30:00+00:00,0.07488,0.07517,0.07491,0.07507,766652.3,0.075008,57505.0557184,766652.3,57505.0557184,
2022-11-22 01:35:00+00:00,0.07494,0.07511,0.07508,0.07504,683098.0,0.075042,51261.040116,683098.0,51261.040116,
2022-11-22 01:40:00+00:00,0.07483,0.07503,0.07501,0.0749,793205.5,0.074942,59444.406581,793205.5,59444.406581,
2022-11-22 01:45:00+00:00,0.07465,0.07495,0.07491,0.07476,1126925.0,0.074818,84314.27465,1126925.0,84314.27465,
2022-11-22 01:50:00+00:00,0.07465,0.07481,0.07475,0.0747,1167619.7,0.074728,87253.8849416,1167619.7,87253.8849416,
2022-11-22 01:55:00+00:00,0.07467,0.0748,0.07468,0.07472,612462.7,0.074718,45761.9880186,612462.7,45761.9880186,
2022-11-22 02:00:00+00:00,0.07461,0.07501,0.07469,0.07486,1557363.3,0.074792,116478.3159336,1557363.3,116478.3159336,
2022-11-22 02:05:00+00:00,0.07456,0.07488,0.07486,0.0747,1119117.8,0.07475,83654.05555,1119117.8,83654.05555,
2022-11-22 02:10:00+00:00,0.07446,0.07473,0.0747,0.07455,1048996.6,0.07461,78265.636326,1048996.6,78265.636326,
2022-11-22 02:15:00+00:00,0.07455,0.07515,0.07457,0.07507,2317708.7,0.074835,173445.7305645,2317708.7,173445.7305645,
2022-11-22 02:20:00+00:00,0.07482,0.0752,0.07508,0.07492,1729059.8,0.075005,129688.130299,1729059.8,129688.130299,
2022-11-22 02:25:00+00:00,0.07455,0.07494,0.07493,0.07489,2104794.7,0.074828,157497.5778116,2104794.7,157497.5778116,
2022-11-22 02:30:00+00:00,0.07471,0.07489,0.07488,0.07485,602302.8,0.074832,45071.5231296,602302.8,45071.5231296,
2022-11-22 02:35:00+00:00,0.07478,0.07499,0.07484,0.07481,816223.3,0.074855,61098.3951215,816223.3,61098.3951215,
2022-11-22 02:40:00+00:00,0.07477,0.0749,0.0748,0.07488,287017.8,0.074838,21479.8381164,287017.8,21479.8381164,
2022-11-22 02:45:00+00:00,0.07478,0.07503,0.07488,0.07503,935753.2,0.07493,70115.987276,935753.2,70115.987276,
2022-11-22 02:50:00+00:00,0.07488,0.07506,0.07503,0.07495,646213.4,0.07498,48453.080732,646213.4,48453.080732,
2022-11-22 02:55:00+00:00,0.07493,0.0755,0.07493,0.07528,1479726.5,0.07516,111216.24374,1479726.5,111216.24374,
2022-11-22 03:00:00+00:00,0.07526,0.07615,0.0753,0.07599,2962027.5,0.075675,224151.4310625,2962027.5,224151.4310625,
2022-11-22 03:05:00+00:00,0.07585,0.07613,0.07596,0.07599,1724556.8,0.075983,131036.9993344,1724556.8,131036.9993344,
2022-11-22 03:10:00+00:00,0.07588,0.07613,0.07596,0.07598,774774.6,0.075988,58873.5723048,774774.6,58873.5723048,
2022-11-22 03:15:00+00:00,0.07575,0.07605,0.07599,0.07585,873857.4,0.07591,66334.515234,873857.4,66334.515234,
2022-11-22 03:20:00+00:00,0.07563,0.07584,0.07581,0.07577,1359209.7,0.075763,102977.8045011,1359209.7,102977.8045011,
2022-11-22 03:25:00+00:00,0.07571,0.07632,0.07579,0.0762,2248065.7,0.076005,170864.2335285,2248065.7,170864.2335285,
2022-11-22 03:30:00+00:00,0.07592,0.07671,0.07617,0.07641,5748506.4,0.076302,438622.5353328,5748506.4,438622.5353328,
2022-11-22 03:35:00+00:00,0.07602,0.07667,0.07638,0.07612,3815999.7,0.076298,291153.1451106,3815999.7,291153.1451106,
2022-11-22 03:40:00+00:00,0.07582,0.07617,0.07611,0.07586,1770981.6,0.07599,134576.891784,1770981.6,134576.891784,
2022-11-22 03:45:00+00:00,0.07577,0.07595,0.07587,0.0758,1545573.1,0.075848,117228.6284888,1545573.1,117228.6284888,
2022-11-22 03:50:00+00:00,0.07574,0.07593,0.07577,0.07587,894300.6,0.075828,67813.0258968,894300.6,67813.0258968,
2022-11-22 03:55:00+00:00,0.07568,0.07593,0.07587,0.07593,974470.4,0.075852,73915.5287808,974470.4,73915.5287808,
2022-11-22 04:00:00+00:00,0.07574,0.07602,0.07594,0.07601,894085.7,0.075928,67886.1390296,894085.7,67886.1390296,
2022-11-22 04:05:00+00:00,0.07591,0.07612,0.076,0.076,1576221.0,0.076007,119803.829547,1576221.0,119803.829547,
2022-11-22 04:10:00+00:00,0.07589,0.07613,0.07597,0.07601,1289378.0,0.076,97992.728,1289378.0,97992.728,
2022-11-22 04:15:00+00:00,0.07594,0.07618,0.076,0.076,1093868.9,0.07603,83166.852467,1093868.9,83166.852467,
2022-11-22 04:20:00+00:00,0.07573,0.07602,0.07601,0.07573,1139658.2,0.075873,86469.2866086,1139658.2,86469.2866086,
2022-11-22 04:25:00+00:00,0.07575,0.07603,0.07575,0.07597,1945046.4,0.075875,147580.3956,1945046.4,147580.3956,
2022-11-22 04:30:00+00:00,0.07573,0.07603,0.07599,0.0758,948736.8,0.075888,71997.7382784,948736.8,71997.7382784,
2022-11-22 04:35:00+00:00,0.07574,0.07589,0.07578,0.07578,856600.3,0.075798,64928.5895394,856600.3,64928.5895394,
2022-11-22 04:40:00+00:00,0.07573,0.07585,0.0758,0.07582,275687.8,0.0758,20897.13524,275687.8,20897.13524,
2022-11-22 04:45:00+00:00,0.07564,0.07591,0.07585,0.07571,600969.1,0.075778,45540.2364598,600969.1,45540.2364598,
2022-11-22 04:50:00+00:00,0.07531,0.07571,0.07568,0.07539,1001895.6,0.075522,75665.1595032,1001895.6,75665.1595032,
2022-11-22 04:55:00+00:00,0.07531,0.07551,0.0754,0.07549,656327.2,0.075428,49505.4480416,656327.2,49505.4480416,
2022-11-22 05:00:00+00:00,0.07515,0.07551,0.07551,0.07524,809498.3,0.075352,60997.3159016,809498.3,60997.3159016,
2022-11-22 05:05:00+00:00,0.07523,0.07544,0.07523,0.07542,778227.2,0.07533,58623.854976,778227.2,58623.854976,
2022-11-22 05:10:00+00:00,0.07532,0.07549,0.0754,0.07534,431446.7,0.075388,32525.9038196,431446.7,32525.9038196,
2022-11-22 05:15:00+00:00,0.07511,0.07549,0.07532,0.07547,1750627.4,0.075348,131906.2733352,1750627.4,131906.2733352,
2022-11-22 05:20:00+00:00,0.07525,0.07548,0.07546,0.07536,333784.8,0.075388,25163.3685024,333784.8,25163.3685024,
2022-11-22 05:25:00+00:00,0.07517,0.07536,0.07533,0.07526,513552.7,0.07528,38660.247256,513552.7,38660.247256,
2022-11-22 05:30:00+00:00,0.07524,0.07542,0.07524,0.07535,302766.2,0.075312,22801.9280544,302766.2,22801.9280544,
2022-11-22 05:35:00+00:00,0.07526,0.07566,0.07535,0.0754,2999617.2,0.075418,226225.1299896,2999617.2,226225.1299896,
2022-11-22 05:40:00+00:00,0.07536,0.07553,0.0754,0.0754,1064718.8,0.075422,80303.2213336,1064718.8,80303.2213336,
2022-11-22 05:45:00+00:00,0.07531,0.07542,0.07538,0.07534,253447.3,0.075362,19100.2954226,253447.3,19100.2954226,
2022-11-22 05:50:00+00:00,0.07481,0.07533,0.07533,0.07494,1448934.6,0.075102,108817.8863292,1448934.6,108817.8863292,
2022-11-22 05:55:00+00:00,0.0749,0.07507,0.07496,0.0749,409227.4,0.074958,30674.8674492,409227.4,30674.8674492,
2022-11-22 06:00:00+00:00,0.07487,0.07512,0.07496,0.07487,1514055.4,0.074955,113486.022507,1514055.4,113486.022507,
2022-11-22 06:05:00+00:00,0.07485,0.07517,0.07487,0.07515,986804.1,0.07501,74020.175541,986804.1,74020.175541,
2022-11-22 06:10:00+00:00,0.07505,0.07529,0.07515,0.07513,3251729.0,0.075155,244383.692995,3251729.0,244383.692995,
2022-11-22 06:15:00+00:00,0.07499,0.07518,0.07512,0.0751,1420179.9,0.075098,106652.6701302,1420179.9,106652.6701302,
2022-11-22 06:20:00+00:00,0.07483,0.07516,0.07511,0.07499,1037373.7,0.075022,77825.8497214,1037373.7,77825.8497214,
2022-11-22 06:25:00+00:00,0.07483,0.07504,0.075,0.0749,326088.5,0.074942,24437.724367,326088.5,24437.724367,
2022-11-22 06:30:00+00:00,0.07474,0.07498,0.0749,0.07488,1126872.6,0.074875,84374.585925,1126872.6,84374.585925,
2022-11-22 06:35:00+00:00,0.07484,0.07498,0.07488,0.07497,777106.9,0.074918,58219.2947342,777106.9,58219.2947342,
2022-11-22 06:40:00+00:00,0.0744,0.07501,0.07498,0.07463,2388877.5,0.074755,178580.5375125,2388877.5,178580.5375125,
2022-11-22 06:45:00+00:00,0.07391,0.07472,0.07462,0.07405,2206012.8,0.074325,163961.90136,2206012.8,163961.90136,
2022-11-22 06:50:00+00:00,0.07366,0.07408,0.07407,0.07391,2711864.2,0.07393,200488.120306,2711864.2,200488.120306,
2022-11-22 06:55:00+00:00,0.0735,0.07397,0.07391,0.07367,3646070.0,0.073763,268945.06141,3646070.0,268945.06141,
2022-11-22 07:00:00+00:00,0.07305,0.0737,0.07366,0.07356,3477593.9,0.073492,255575.3308988,3477593.9,255575.3308988,
2022-11-22 07:05:00+00:00,0.07352,0.07375,0.07352,0.0737,1153738.6,0.073623,84941.6969478,1153738.6,84941.6969478,
2022-11-22 07:10:00+00:00,0.07368,0.07393,0.07369,0.0739,1814787.3,0.0738,133931.30274,1814787.3,133931.30274,
2022-11-22 07:15:00+00:00,0.07368,0.07416,0.07389,0.07403,1766491.2,0.07394,130614.359328,1766491.2,130614.359328,
2022-11-22 07:20:00+00:00,0.07398,0.07432,0.07399,0.07409,650185.3,0.074095,48175.4798035,650185.3,48175.4798035,
2022-11-22 07:25:00+00:00,0.074,0.07419,0.07409,0.07414,535390.8,0.074105,39675.135234,535390.8,39675.135234,
2022-11-22 07:30:00+00:00,0.07409,0.07436,0.07412,0.07435,291463.4,0.07423,21635.328182,291463.4,21635.328182,
2022-11-22 07:35:00+00:00,0.07408,0.07431,0.07431,0.07415,776455.2,0.074212,57622.2933024,776455.2,57622.2933024,
2022-11-22 07:40:00+00:00,0.07408,0.07425,0.07419,0.07421,416553.7,0.074182,30900.7865734,416553.7,30900.7865734,
2022-11-22 07:45:00+00:00,0.07401,0.07434,0.07419,0.07416,803871.9,0.074175,59627.1981825,803871.9,59627.1981825,
2022-11-22 07:50:00+00:00,0.07416,0.07439,0.07416,0.07435,476947.0,0.074265,35420.468955,476947.0,35420.468955,
2022-11-22 07:55:00+00:00,0.0744,0.07463,0.07442,0.07444,1014760.2,0.074472,75571.2216144,1014760.2,75571.2216144,
2022-11-22 08:00:00+00:00,0.07426,0.07457,0.07444,0.07428,941384.6,0.074388,70027.7176248,941384.6,70027.7176248,
2022-11-22 08:05:00+00:00,0.07414,0.07451,0.07431,0.07418,874802.7,0.074285,64984.7185695,874802.7,64984.7185695,
2022-11-22 08:10:00+00:00,0.07411,0.07429,0.07417,0.07421,762096.8,0.074195,56543.772076,762096.8,56543.772076,
2022-11-22 08:15:00+00:00,0.07356,0.07417,0.07417,0.07356,2264353.6,0.073865,167256.478664,2264353.6,167256.478664,
2022-11-22 08:20:00+00:00,0.07343,0.07387,0.07356,0.07366,1602201.0,0.07363,117970.05963,1602201.0,117970.05963,
2022-11-22 08:25:00+00:00,0.07367,0.07394,0.07367,0.07386,1510507.3,0.073785,111452.7811305,1510507.3,111452.7811305,
2022-11-22 08:30:00+00:00,0.07363,0.07399,0.07388,0.07378,1717279.2,0.07382,126769.550544,1717279.2,126769.550544,
2022-11-22 08:35:00+00:00,0.07357,0.07386,0.0738,0.07368,1108037.5,0.073728,81693.3888,1108037.5,81693.3888,
2022-11-22 08:40:00+00:00,0.07352,0.07381,0.07368,0.07379,1070776.6,0.0737,78916.23542,1070776.6,78916.23542,
2022-11-22 08:45:00+00:00,0.07375,0.0741,0.07377,0.07405,2333360.6,0.073918,172477.3488308,2333360.6,172477.3488308,
2022-11-22 08:50:00+00:00,0.07396,0.07415,0.07406,0.07404,541737.0,0.074052,40116.708324,541737.0,40116.708324,
2022-11-22 08:55:00+00:00,0.07372,0.07405,0.07405,0.07379,1602750.1,0.073903,118448.0406403,1602750.1,118448.0406403,
2022-11-22 09:00:00+00:00,0.07359,0.07403,0.07381,0.07403,3135097.5,0.073865,231573.9768375,3135097.5,231573.9768375,
2022-11-22 09:05:00+00:00,0.07394,0.07406,0.07403,0.07403,753171.6,0.074015,55745.995974,753171.6,55745.995974,
2022-11-22 09:10:00+00:00,0.0738,0.07412,0.07401,0.0738,1180146.4,0.073933,87251.7637912,1180146.4,87251.7637912,
2022-11-22 09:15:00+00:00,0.07353,0.07386,0.07376,0.07356,1188609.7,0.073678,87574.3854766,1188609.7,87574.3854766,
2022-11-22 09:20:00+00:00,0.07316,0.07358,0.07356,0.07333,1301845.8,0.073408,95565.8964864,1301845.8,95565.8964864,
2022-11-22 09:25:00+00:00,0.07324,0.07351,0.07336,0.07344,838162.8,0.073388,61511.0915664,838162.8,61511.0915664,
2022-11-22 09:30:00+00:00,0.07334,0.07357,0.07344,0.07354,873481.2,0.073472,64176.4107264,873481.2,64176.4107264,
2022-11-22 09:35:00+00:00,0.07346,0.07362,0.07353,0.07356,737660.3,0.073542,54249.0137826,737660.3,54249.0137826,
2022-11-22 09:40:00+00:00,0.07336,0.07358,0.07356,0.07338,635303.1,0.07347,46675.718757,635303.1,46675.718757,
2022-11-22 09:45:00+00:00,0.07324,0.07343,0.07335,0.0733,1394350.8,0.07333,102247.744164,1394350.8,102247.744164,
2022-11-22 09:50:00+00:00,0.07302,0.07333,0.07326,0.07314,1311939.0,0.073188,96018.191532,1311939.0,96018.191532,
2022-11-22 09:55:00+00:00,0.07314,0.07331,0.07314,0.07324,913639.7,0.073208,66885.7351576,913639.7,66885.7351576,
2022-11-22 10:00:00+00:00,0.07298,0.07347,0.0732,0.07337,2617775.6,0.073255,191765.151578,2617775.6,191765.151578,
2022-11-22 10:05:00+00:00,0.07325,0.0735,0.07338,0.07346,997182.4,0.073398,73191.1937952,997182.4,73191.1937952,
2022-11-22 10:10:00+00:00,0.07323,0.07357,0.07348,0.07349,5247354.5,0.073443,385381.4565435,5247354.5,385381.4565435,
2022-11-22 10:15:00+00:00,0.07345,0.07381,0.07351,0.07367,961035.4,0.07361,70741.815794,961035.4,70741.815794,
2022-11-22 10:20:00+00:00,0.0735,0.07365,0.07362,0.07353,594891.9,0.073575,43769.1715425,594891.9,43769.1715425,
2022-11-22 10:25:00+00:00,0.07352,0.07374,0.07355,0.07365,747526.2,0.073615,55029.141213,747526.2,55029.141213,
2022-11-22 10:30:00+00:00,0.07352,0.07379,0.07367,0.07358,656689.9,0.07364,48358.644236,656689.9,48358.644236,
2022-11-22 10:35:00+00:00,0.07358,0.07374,0.07358,0.07362,1515934.7,0.07363,111618.271961,1515934.7,111618.271961,
2022-11-22 10:40:00+00:00,0.07362,0.07379,0.07363,0.07366,365854.6,0.073675,26954.337655,365854.6,26954.337655,
2022-11-22 10:45:00+00:00,0.07361,0.07406,0.07367,0.07401,1298945.6,0.073838,95911.5452128,1298945.6,95911.5452128,
2022-11-22 10:50:00+00:00,0.07402,0.07452,0.07402,0.07443,1051015.5,0.074248,78035.798844,1051015.5,78035.798844,
2022-11-22 10:55:00+00:00,0.0744,0.07476,0.0744,0.07453,1268521.2,0.074522,94532.7368664,1268521.2,94532.7368664,
2022-11-22 11:00:00+00:00,0.07426,0.0747,0.07455,0.07443,2785276.2,0.074485,207461.297757,2785276.2,207461.297757,
2022-11-22 11:05:00+00:00,0.07419,0.07456,0.07442,0.07455,2119828.8,0.07443,157778.857584,2119828.8,157778.857584,
2022-11-22 11:10:00+00:00,0.07436,0.07467,0.07454,0.07438,1323235.7,0.074488,98565.1808216,1323235.7,98565.1808216,
2022-11-22 11:15:00+00:00,0.07438,0.07465,0.07438,0.07441,668047.9,0.074455,49739.5063945,668047.9,49739.5063945,
2022-11-22 11:20:00+00:00,0.07436,0.07455,0.07438,0.07446,973203.8,0.074437,72442.3712606,973203.8,72442.3712606,
2022-11-22 11:25:00+00:00,0.07445,0.07453,0.07446,0.07445,484034.3,0.074473,36047.4864239,484034.3,36047.4864239,
2022-11-22 11:30:00+00:00,0.07432,0.0746,0.07445,0.07436,967178.8,0.074432,71989.0524416,967178.8,71989.0524416,
2022-11-22 11:35:00+00:00,0.07413,0.07452,0.07447,0.07415,751322.1,0.074318,55836.7558278,751322.1,55836.7558278,
2022-11-22 11:40:00+00:00,0.0741,0.07432,0.07424,0.0742,896697.7,0.074215,66548.4198055,896697.7,66548.4198055,
2022-11-22 11:45:00+00:00,0.07418,0.07441,0.07418,0.07437,707292.1,0.074285,52541.1936485,707292.1,52541.1936485,
2022-11-22 11:50:00+00:00,0.07431,0.0744,0.07437,0.07432,476748.5,0.07435,35446.250975,476748.5,35446.250975,
2022-11-22 11:55:00+00:00,0.07417,0.07439,0.07434,0.07425,672611.9,0.074287,49966.3202153,672611.9,49966.3202153,
2022-11-22 12:00:00+00:00,0.07415,0.07435,0.0743,0.07416,715472.5,0.07424,53116.6784,715472.5,53116.6784,
2022-11-22 12:05:00+00:00,0.07408,0.07424,0.07416,0.07412,584363.1,0.07415,43330.523865,584363.1,43330.523865,
2022-11-22 12:10:00+00:00,0.07404,0.07462,0.07409,0.07457,1454397.8,0.07433,108105.388474,1454397.8,108105.388474,
2022-11-22 12:15:00+00:00,0.07455,0.07514,0.07458,0.0747,3256760.8,0.074742,243416.8157136,3256760.8,243416.8157136,
2022-11-22 12:20:00+00:00,0.07464,0.07507,0.07471,0.07476,2073596.1,0.074795,155094.6202995,2073596.1,155094.6202995,
2022-11-22 12:25:00+00:00,0.07445,0.0748,0.07472,0.07457,1565740.2,0.074635,116859.019827,1565740.2,116859.019827,
2022-11-22 12:30:00+00:00,0.07442,0.07463,0.07455,0.07453,804637.4,0.074532,59971.2346968,804637.4,59971.2346968,
2022-11-22 12:35:00+00:00,0.07443,0.07467,0.0745,0.07461,1406167.0,0.074552,104832.562184,1406167.0,104832.562184,
2022-11-22 12:40:00+00:00,0.07446,0.07463,0.07461,0.07451,396880.7,0.074552,29588.2499464,396880.7,29588.2499464,
2022-11-22 12:45:00+00:00,0.07451,0.0749,0.07451,0.07479,1686423.9,0.074678,125938.7640042,1686423.9,125938.7640042,
2022-11-22 12:50:00+00:00,0.07477,0.0752,0.07477,0.07502,1376667.0,0.07494,103167.42498,1376667.0,103167.42498,
2022-11-22 12:55:00+00:00,0.07489,0.07528,0.075,0.07493,2802341.8,0.075025,210245.693545,2802341.8,210245.693545,
2022-11-22 13:00:00+00:00,0.07492,0.07539,0.07496,0.07515,2192756.6,0.075105,164686.984443,2192756.6,164686.984443,
2022-11-22 13:05:00+00:00,0.0751,0.07583,0.07516,0.07578,3098433.1,0.075468,233832.5491908,3098433.1,233832.5491908,
2022-11-22 13:10:00+00:00,0.07565,0.07627,0.07583,0.0761,5729309.2,0.075962,435209.7854504,5729309.2,435209.7854504,
2022-11-22 13:15:00+00:00,0.07553,0.07626,0.07613,0.07568,4809175.2,0.0759,365016.39768,4809175.2,365016.39768,
2022-11-22 13:20:00+00:00,0.07567,0.07616,0.07568,0.076,3016002.9,0.075878,228848.2680462,3016002.9,228848.2680462,
2022-11-22 13:25:00+00:00,0.07585,0.07613,0.07599,0.07612,1730687.5,0.076022,131570.325125,1730687.5,131570.325125,
2022-11-22 13:30:00+00:00,0.07588,0.07622,0.07613,0.0759,1881911.2,0.076032,143085.4723584,1881911.2,143085.4723584,
2022-11-22 13:35:00+00:00,0.07561,0.07593,0.07591,0.07569,1367845.5,0.075785,103662.1712175,1367845.5,103662.1712175,
2022-11-22 13:40:00+00:00,0.07565,0.07611,0.07568,0.07607,1794415.2,0.075877,136154.8421304,1794415.2,136154.8421304,
2022-11-22 13:45:00+00:00,0.07586,0.07622,0.07604,0.076,1951124.9,0.07603,148344.026147,1951124.9,148344.026147,
2022-11-22 13:50:00+00:00,0.07594,0.07954,0.07602,0.07862,10432463.4,0.07753,808828.887402,10432463.4,808828.887402,
2022-11-22 13:55:00+00:00,0.07792,0.0793,0.07868,0.07899,8775267.1,0.078722,690806.5766462,8775267.1,690806.5766462,
2022-11-22 14:00:00+00:00,0.07819,0.07911,0.07903,0.07831,3332279.2,0.07866,262117.081872,3332279.2,262117.081872,
2022-11-22 14:05:00+00:00,0.07784,0.07897,0.07829,0.07803,4823399.4,0.078282,377585.3518308,4823399.4,377585.3518308,
2022-11-22 14:10:00+00:00,0.07765,0.0781,0.07805,0.07773,2900400.5,0.077882,225888.991741,2900400.5,225888.991741,
2022-11-22 14:15:00+00:00,0.07745,0.07788,0.07772,0.07759,2432274.0,0.07766,188890.39884,2432274.0,188890.39884,
2022-11-22 14:20:00+00:00,0.07753,0.0778,0.07759,0.07769,1872175.2,0.077652,145378.1486304,1872175.2,145378.1486304,
2022-11-22 14:25:00+00:00,0.07761,0.078,0.07768,0.07774,2273366.5,0.077758,176772.432307,2273366.5,176772.432307,
2022-11-22 14:30:00+00:00,0.07744,0.07787,0.07774,0.0776,2520153.9,0.077662,195720.1921818,2520153.9,195720.1921818,
2022-11-22 14:35:00+00:00,0.07707,0.07763,0.07755,0.07725,2177281.9,0.077375,168467.1870125,2177281.9,168467.1870125,
2022-11-22 14:40:00+00:00,0.07721,0.07757,0.07721,0.07751,1852960.6,0.077375,143372.826425,1852960.6,143372.826425,
2022-11-22 14:45:00+00:00,0.07751,0.07786,0.07757,0.07774,1378139.3,0.07767,107040.079431,1378139.3,107040.079431,
2022-11-22 14:50:00+00:00,0.07755,0.07784,0.07774,0.0777,1588541.1,0.077708,123442.3517988,1588541.1,123442.3517988,
2022-11-22 14:55:00+00:00,0.07764,0.07787,0.07771,0.07777,1717651.6,0.077748,133543.9765968,1717651.6,133543.9765968,
2022-11-22 15:00:00+00:00,0.0777,0.07806,0.07773,0.07804,1418050.2,0.077882,110440.5856764,1418050.2,110440.5856764,
2022-11-22 15:05:00+00:00,0.07788,0.0781,0.07804,0.07794,1276340.3,0.07799,99541.779997,1276340.3,99541.779997,
2022-11-22 15:10:00+00:00,0.07781,0.07831,0.07794,0.07831,1914019.6,0.078092,149469.6186032,1914019.6,149469.6186032,
2022-11-22 15:15:00+00:00,0.07808,0.07851,0.07832,0.07808,2016236.9,0.078248,157766.5049512,2016236.9,157766.5049512,
2022-11-22 15:20:00+00:00,0.07807,0.07832,0.0781,0.07814,1523451.7,0.078158,119069.9379686,1523451.7,119069.9379686,
2022-11-22 15:25:00+00:00,0.07806,0.07834,0.0782,0.07821,1046935.1,0.078203,81873.4656253,1046935.1,81873.4656253,
2022-11-22 15:30:00+00:00,0.07786,0.07828,0.07822,0.07789,1587148.4,0.078062,123895.9784008,1587148.4,123895.9784008,
2022-11-22 15:35:00+00:00,0.07789,0.07808,0.07793,0.07792,1601756.6,0.077955,124864.935753,1601756.6,124864.935753,
2022-11-22 15:40:00+00:00,0.07794,0.07855,0.07794,0.07833,3747033.8,0.07819,292980.572822,3747033.8,292980.572822,
2022-11-22 15:45:00+00:00,0.07821,0.0785,0.07834,0.07842,6090010.0,0.078368,477261.90368,6090010.0,477261.90368,
2022-11-22 15:50:00+00:00,0.07843,0.0789,0.07845,0.07847,6814571.6,0.078562,535366.3740392,6814571.6,535366.3740392,
2022-11-22 15:55:00+00:00,0.07848,0.07877,0.0785,0.07864,3353741.0,0.078598,263597.335118,3353741.0,263597.335118,
2022-11-22 16:00:00+00:00,0.07853,0.07892,0.07866,0.07863,3807058.7,0.078685,299558.4138095,3807058.7,299558.4138095,
2022-11-22 16:05:00+00:00,0.07802,0.07865,0.07862,0.07817,1939124.4,0.078365,151959.483606,1939124.4,151959.483606,
2022-11-22 16:10:00+00:00,0.07808,0.07828,0.07814,0.07809,1309472.3,0.078148,102332.6413004,1309472.3,102332.6413004,
2022-11-22 16:15:00+00:00,0.07795,0.07817,0.07808,0.07815,1151087.1,0.078088,89886.0894648,1151087.1,89886.0894648,
2022-11-22 16:20:00+00:00,0.07812,0.07823,0.07819,0.07819,1508147.0,0.078182,117909.948754,1508147.0,117909.948754,
2022-11-22 16:25:00+00:00,0.0781,0.07834,0.07818,0.0781,1086565.2,0.07818,84947.667336,1086565.2,84947.667336,
2022-11-22 16:30:00+00:00,0.07786,0.07816,0.07811,0.078,1536988.7,0.078032,119934.3022384,1536988.7,119934.3022384,
2022-11-22 16:35:00+00:00,0.07793,0.07802,0.07798,0.07801,419227.0,0.077985,32693.417595,419227.0,32693.417595,
2022-11-22 16:40:00+00:00,0.07797,0.07814,0.07801,0.07805,623074.0,0.078042,48625.941108,623074.0,48625.941108,
2022-11-22 16:45:00+00:00,0.07786,0.07809,0.07805,0.07796,934605.5,0.07799,72889.882945,934605.5,72889.882945,
2022-11-22 16:50:00+00:00,0.07788,0.07803,0.07795,0.07797,322771.3,0.077958,25162.6050054,322771.3,25162.6050054,
2022-11-22 16:55:00+00:00,0.0777,0.078,0.07796,0.07778,1725792.3,0.07786,134370.188478,1725792.3,134370.188478,
2022-11-22 17:00:00+00:00,0.07783,0.07804,0.07784,0.07796,575079.5,0.077918,44809.044481,575079.5,44809.044481,
2022-11-22 17:05:00+00:00,0.07783,0.07799,0.07797,0.0779,693607.7,0.077922,54047.2991994,693607.7,54047.2991994,
2022-11-22 17:10:00+00:00,0.07786,0.07801,0.07787,0.07789,1127176.8,0.077908,87816.0901344,1127176.8,87816.0901344,
2022-11-22 17:15:00+00:00,0.07768,0.07797,0.0779,0.0777,416986.9,0.077812,32446.5846628,416986.9,32446.5846628,
2022-11-22 17:20:00+00:00,0.07754,0.07773,0.0777,0.07761,1126042.4,0.077645,87431.562148,1126042.4,87431.562148,
2022-11-22 17:25:00+00:00,0.07754,0.07775,0.07763,0.07768,664944.9,0.07765,51632.971485,664944.9,51632.971485,
2022-11-22 17:30:00+00:00,0.0774,0.07781,0.0777,0.0775,1822334.3,0.077602,141416.7863486,1822334.3,141416.7863486,
2022-11-22 17:35:00+00:00,0.07718,0.07756,0.07754,0.07735,1649711.0,0.077408,127700.829088,1649711.0,127700.829088,
2022-11-22 17:40:00+00:00,0.07726,0.0775,0.07733,0.07728,1734478.0,0.077342,134147.997476,1734478.0,134147.997476,
2022-11-22 17:45:00+00:00,0.07712,0.07739,0.0773,0.07718,661161.7,0.077248,51073.4190016,661161.7,51073.4190016,
2022-11-22 17:50:00+00:00,0.07711,0.07737,0.07719,0.07731,348189.9,0.077245,26895.9288255,348189.9,26895.9288255,
2022-11-22 17:55:00+00:00,0.07663,0.0774,0.07731,0.0769,1776452.6,0.07706,136893.437356,1776452.6,136893.437356,
2022-11-22 18:00:00+00:00,0.07659,0.0771,0.07688,0.07688,1595019.0,0.076862,122596.350378,1595019.0,122596.350378,
2022-11-22 18:05:00+00:00,0.07671,0.07736,0.07692,0.07713,1278994.5,0.07703,98520.946335,1278994.5,98520.946335,
2022-11-22 18:10:00+00:00,0.07715,0.07747,0.07717,0.07732,1571596.7,0.077278,121449.8497826,1571596.7,121449.8497826,
2022-11-22 18:15:00+00:00,0.07717,0.07744,0.07734,0.07725,1325035.2,0.0773,102425.22096,1325035.2,102425.22096,
2022-11-22 18:20:00+00:00,0.07717,0.0773,0.07723,0.07727,429743.3,0.077242,33194.2319786,429743.3,33194.2319786,
2022-11-22 18:25:00+00:00,0.0772,0.07734,0.07725,0.07732,193107.0,0.077278,14922.922746,193107.0,14922.922746,
2022-11-22 18:30:00+00:00,0.07708,0.07734,0.07729,0.0772,260526.3,0.077227,20119.6645701,260526.3,20119.6645701,
2022-11-22 18:35:00+00:00,0.07701,0.0772,0.0772,0.0771,1037954.2,0.077128,80055.3315376,1037954.2,80055.3315376,
2022-11-22 18:40:00+00:00,0.07696,0.07717,0.07708,0.07704,212060.8,0.077062,16341.8293696,212060.8,16341.8293696,
2022-11-22 18:45:00+00:00,0.07689,0.0774,0.07702,0.07721,814313.8,0.07713,62808.023394,814313.8,62808.023394,
2022-11-22 18:50:00+00:00,0.07718,0.07732,0.07721,0.07721,968006.8,0.07723,74759.165164,968006.8,74759.165164,
2022-11-22 18:55:00+00:00,0.07718,0.07736,0.07723,0.07732,256268.8,0.077272,19802.4027136,256268.8,19802.4027136,
2022-11-22 19:00:00+00:00,0.07718,0.0775,0.07733,0.07722,804005.0,0.077308,62156.01854,804005.0,62156.01854,
2022-11-22 19:05:00+00:00,0.07713,0.07727,0.07726,0.0772,295797.7,0.077215,22840.0194055,295797.7,22840.0194055,
2022-11-22 19:10:00+00:00,0.07713,0.07731,0.07718,0.07725,192251.9,0.077218,14845.3072142,192251.9,14845.3072142,
2022-11-22 19:15:00+00:00,0.07726,0.07743,0.07726,0.07733,588887.7,0.07732,45532.796964,588887.7,45532.796964,
2022-11-22 19:20:00+00:00,0.07731,0.0777,0.07739,0.0775,919188.9,0.077475,71214.1600275,919188.9,71214.1600275,
2022-11-22 19:25:00+00:00,0.0774,0.07778,0.07752,0.07742,2320016.2,0.07753,179870.855986,2320016.2,179870.855986,
2022-11-22 19:30:00+00:00,0.07737,0.07756,0.07743,0.07741,1960558.6,0.077442,151829.5791012,1960558.6,151829.5791012,
2022-11-22 19:35:00+00:00,0.07736,0.07755,0.07741,0.07745,2385739.6,0.077442,184756.4461032,2385739.6,184756.4461032,
2022-11-22 19:40:00+00:00,0.07741,0.07763,0.07745,0.07752,574016.6,0.077502,44487.4345332,574016.6,44487.4345332,
2022-11-22 19:45:00+00:00,0.07726,0.0776,0.07752,0.07755,1447633.2,0.077482,112165.5156024,1447633.2,112165.5156024,
2022-11-22 19:50:00+00:00,0.07744,0.07763,0.07753,0.07753,617621.2,0.077532,47885.4068784,617621.2,47885.4068784,
2022-11-22 19:55:00+00:00,0.07745,0.07762,0.07754,0.07752,523788.0,0.077532,40610.331216,523788.0,40610.331216,
2022-11-22 20:00:00+00:00,0.0775,0.07773,0.07752,0.07773,549717.9,0.07762,42669.103398,549717.9,42669.103398,
2022-11-22 20:05:00+00:00,0.07757,0.07773,0.0777,0.07763,447302.5,0.077658,34736.617545,447302.5,34736.617545,
2022-11-22 20:10:00+00:00,0.07761,0.07772,0.07763,0.07772,624289.3,0.07767,48488.549931,624289.3,48488.549931,
2022-11-22 20:15:00+00:00,0.07762,0.07789,0.07775,0.07773,638314.4,0.077748,49627.6679712,638314.4,49627.6679712,
2022-11-22 20:20:00+00:00,0.07768,0.07797,0.0777,0.07787,508075.4,0.077805,39530.806497,508075.4,39530.806497,
2022-11-22 20:25:00+00:00,0.07785,0.07808,0.07789,0.07797,2050652.3,0.077948,159844.2454804,2050652.3,159844.2454804,
2022-11-22 20:30:00+00:00,0.07785,0.07806,0.07801,0.07795,682138.6,0.077968,53184.9823648,682138.6,53184.9823648,
2022-11-22 20:35:00+00:00,0.07787,0.07807,0.07793,0.07792,1296296.6,0.077948,101043.7273768,1296296.6,101043.7273768,
2022-11-22 20:40:00+00:00,0.07779,0.07794,0.07792,0.0779,279712.6,0.077888,21786.2549888,279712.6,21786.2549888,
2022-11-22 20:45:00+00:00,0.07785,0.07804,0.07785,0.07788,764258.4,0.077905,59539.550652,764258.4,59539.550652,
2022-11-22 20:50:00+00:00,0.0777,0.07798,0.07788,0.07791,3431349.4,0.077867,267188.8837298,3431349.4,267188.8837298,
2022-11-22 20:55:00+00:00,0.07788,0.07831,0.07791,0.07829,1679586.3,0.078098,131172.3308574,1679586.3,131172.3308574,
2022-11-22 21:00:00+00:00,0.07794,0.07827,0.07827,0.07805,2247258.6,0.078133,175585.0561938,2247258.6,175585.0561938,
2022-11-22 21:05:00+00:00,0.07782,0.07811,0.07808,0.07796,1304294.4,0.077992,101724.5288448,1304294.4,101724.5288448,
2022-11-22 21:10:00+00:00,0.07778,0.07799,0.07797,0.07791,1060945.5,0.077912,82660.385796,1060945.5,82660.385796,
2022-11-22 21:15:00+00:00,0.07789,0.07798,0.07793,0.07792,203232.9,0.07793,15837.939897,203232.9,15837.939897,
2022-11-22 21:20:00+00:00,0.0779,0.07801,0.07795,0.07797,423893.7,0.077958,33045.9050646,423893.7,33045.9050646,
2022-11-22 21:25:00+00:00,0.07795,0.07815,0.07801,0.07807,307866.3,0.078045,24027.4253835,307866.3,24027.4253835,
2022-11-22 21:30:00+00:00,0.07803,0.07814,0.07808,0.0781,368102.3,0.078088,28744.3724024,368102.3,28744.3724024,
2022-11-22 21:35:00+00:00,0.07806,0.07816,0.07809,0.07812,277944.9,0.078108,21709.7202492,277944.9,21709.7202492,
2022-11-22 21:40:00+00:00,0.07807,0.07822,0.07812,0.07813,652495.7,0.078135,50982.7515195,652495.7,50982.7515195,
2022-11-22 21:45:00+00:00,0.07811,0.07824,0.07814,0.0782,577837.7,0.078172,45170.7286844,577837.7,45170.7286844,
2022-11-22 21:50:00+00:00,0.07811,0.07829,0.07819,0.07811,455599.8,0.078175,35616.514365,455599.8,35616.514365,
2022-11-22 21:55:00+00:00,0.07804,0.0782,0.07811,0.07805,456194.7,0.0781,35628.80607,456194.7,35628.80607,
2022-11-22 22:00:00+00:00,0.07798,0.07811,0.07802,0.07809,313292.6,0.07805,24452.48743,313292.6,24452.48743,
2022-11-22 22:05:00+00:00,0.07799,0.07822,0.07811,0.07799,373543.2,0.078078,29165.5059696,373543.2,29165.5059696,
2022-11-22 22:10:00+00:00,0.07784,0.07801,0.07799,0.07785,614199.7,0.077922,47859.6690234,614199.7,47859.6690234,
2022-11-22 22:15:00+00:00,0.07764,0.07787,0.07784,0.07768,573637.4,0.077758,44604.8969492,573637.4,44604.8969492,
2022-11-22 22:20:00+00:00,0.07769,0.07785,0.0777,0.07779,726273.4,0.077758,56473.5670372,726273.4,56473.5670372,
2022-11-22 22:25:00+00:00,0.07777,0.07799,0.07779,0.07778,463912.3,0.077832,36107.2221336,463912.3,36107.2221336,
2022-11-22 22:30:00+00:00,0.07775,0.07784,0.07778,0.0778,148519.2,0.077792,11553.6056064,148519.2,11553.6056064,
2022-11-22 22:35:00+00:00,0.07767,0.07787,0.07781,0.07768,217817.5,0.077758,16937.053165,217817.5,16937.053165,
2022-11-22 22:40:00+00:00,0.07764,0.07797,0.07768,0.07797,745078.4,0.077815,57978.275696,745078.4,57978.275696,
2022-11-22 22:45:00+00:00,0.07798,0.07819,0.078,0.07819,521816.0,0.07809,40748.61144,521816.0,40748.61144,
2022-11-22 22:50:00+00:00,0.07805,0.07843,0.07817,0.07834,523215.2,0.078248,40940.5429696,523215.2,40940.5429696,
2022-11-22 22:55:00+00:00,0.07813,0.07836,0.07834,0.07824,519618.2,0.078268,40669.4772776,519618.2,40669.4772776,
2022-11-22 23:00:00+00:00,0.07815,0.07871,0.07823,0.07854,811221.7,0.078407,63605.4598319,811221.7,63605.4598319,
2022-11-22 23:05:00+00:00,0.07842,0.07859,0.07853,0.07846,744787.8,0.0785,58465.8423,744787.8,58465.8423,
2022-11-22 23:10:00+00:00,0.07829,0.07856,0.07848,0.0783,1211039.6,0.078408,94955.1929568,1211039.6,94955.1929568,
2022-11-22 23:15:00+00:00,0.0782,0.07834,0.0783,0.0783,694560.1,0.078285,54373.6374285,694560.1,54373.6374285,
2022-11-22 23:20:00+00:00,0.07827,0.07854,0.07827,0.07846,1082296.9,0.078385,84835.8425065,1082296.9,84835.8425065,
2022-11-22 23:25:00+00:00,0.0784,0.07859,0.07849,0.07857,276743.4,0.078512,21727.6778208,276743.4,21727.6778208,
2022-11-22 23:30:00+00:00,0.07827,0.07861,0.07856,0.07827,713122.9,0.078428,55928.8028012,713122.9,55928.8028012,
2022-11-22 23:35:00+00:00,0.07817,0.07846,0.07828,0.07841,1082811.3,0.07833,84816.609129,1082811.3,84816.609129,
2022-11-22 23:40:00+00:00,0.07832,0.07851,0.07838,0.07851,289415.9,0.07843,22698.889037,289415.9,22698.889037,
2022-11-22 23:45:00+00:00,0.07815,0.07858,0.07852,0.07821,1064192.0,0.078365,83395.40608,1064192.0,83395.40608,
2022-11-22 23:50:00+00:00,0.0782,0.07834,0.07822,0.07832,478953.2,0.07827,37487.666964,478953.2,37487.666964,
2022-11-22 23:55:00+00:00,0.07833,0.07866,0.07833,0.07866,705122.5,0.078495,55348.5906375,705122.5,55348.5906375,
2022-11-23 00:00:00+00:00,0.07856,0.0788,0.07864,0.0787,948329.0,0.078675,74609.784075,948329.0,74609.784075,
2022-11-23 00:05:00+00:00,0.07822,0.0787,0.07868,0.07837,1990493.2,0.078492,156237.7922544,1990493.2,156237.7922544,
2022-11-23 00:10:00+00:00,0.07833,0.07857,0.07837,0.07846,948559.8,0.078432,74397.4422336,948559.8,74397.4422336,
2022-11-23 00:15:00+00:00,0.07786,0.07853,0.07847,0.07805,1220720.8,0.078228,95494.5467424,1220720.8,95494.5467424,
2022-11-23 00:20:00+00:00,0.07802,0.07879,0.07804,0.07862,2964924.9,0.078368,232355.2345632,2964924.9,232355.2345632,
2022-11-23 00:25:00+00:00,0.07841,0.07873,0.07864,0.07846,870391.5,0.07856,68377.95624,870391.5,68377.95624,
2022-11-23 00:30:00+00:00,0.07802,0.0785,0.07846,0.0781,1399496.4,0.07827,109538.583228,1399496.4,109538.583228,
2022-11-23 00:35:00+00:00,0.07792,0.07814,0.0781,0.07803,1665539.4,0.078047,129990.3535518,1665539.4,129990.3535518,
2022-11-23 00:40:00+00:00,0.07795,0.07816,0.07803,0.07803,936335.3,0.078042,73073.4794826,936335.3,73073.4794826,
2022-11-23 00:45:00+00:00,0.07796,0.07821,0.07804,0.07816,651039.5,0.078092,50840.976634,651039.5,50840.976634,
2022-11-23 00:50:00+00:00,0.07803,0.07827,0.07815,0.07803,3972172.4,0.07812,310306.107888,3972172.4,310306.107888,
2022-11-23 00:55:00+00:00,0.07801,0.07826,0.07804,0.07814,463516.4,0.078112,36206.1930368,463516.4,36206.1930368,
2022-11-23 01:00:00+00:00,0.07792,0.0783,0.07815,0.07794,706831.6,0.078078,55187.9976648,706831.6,55187.9976648,
2022-11-23 01:05:00+00:00,0.07784,0.07802,0.07795,0.07802,791976.2,0.077958,61740.8805996,791976.2,61740.8805996,
2022-11-23 01:10:00+00:00,0.07781,0.07811,0.07801,0.07789,506330.7,0.077955,39471.0097185,506330.7,39471.0097185,
2022-11-23 01:15:00+00:00,0.07784,0.078,0.0779,0.07785,605810.7,0.077898,47191.4419086,605810.7,47191.4419086,
2022-11-23 01:20:00+00:00,0.07768,0.07789,0.07785,0.07777,799390.5,0.077797,62190.1827285,799390.5,62190.1827285,
2022-11-23 01:25:00+00:00,0.07774,0.07785,0.07778,0.07777,259735.0,0.077785,20203.486975,259735.0,20203.486975,
2022-11-23 01:30:00+00:00,0.07771,0.07801,0.0778,0.07798,349464.2,0.077875,27214.524575,349464.2,27214.524575,
2022-11-23 01:35:00+00:00,0.07791,0.07808,0.07798,0.07795,474129.0,0.07798,36972.57942,474129.0,36972.57942,
2022-11-23 01:40:00+00:00,0.07779,0.07798,0.07796,0.07784,584604.0,0.077892,45535.974768,584604.0,45535.974768,
2022-11-23 01:45:00+00:00,0.07772,0.07792,0.07785,0.07789,2014462.4,0.077845,156815.825528,2014462.4,156815.825528,
2022-11-23 01:50:00+00:00,0.07777,0.07793,0.07785,0.07789,1121550.7,0.07786,87323.937502,1121550.7,87323.937502,
2022-11-23 01:55:00+00:00,0.07776,0.07789,0.07786,0.07776,229901.8,0.077818,17890.4982724,229901.8,17890.4982724,
2022-11-23 02:00:00+00:00,0.07776,0.07809,0.07776,0.07798,656616.9,0.077898,51149.1432762,656616.9,51149.1432762,
2022-11-23 02:05:00+00:00,0.07792,0.0781,0.07798,0.07808,526751.8,0.07802,41097.175436,526751.8,41097.175436,
2022-11-23 02:10:00+00:00,0.07806,0.07819,0.07807,0.07817,482692.2,0.078123,37709.3627406,482692.2,37709.3627406,
2022-11-23 02:15:00+00:00,0.07817,0.07902,0.07819,0.07893,4046745.6,0.078578,317985.1757568,4046745.6,317985.1757568,
2022-11-23 02:20:00+00:00,0.07879,0.07954,0.07897,0.07939,5029206.0,0.079172,398172.297432,5029206.0,398172.297432,
2022-11-23 02:25:00+00:00,0.0793,0.0801,0.07941,0.07956,6768566.1,0.079592,538723.7130312,6768566.1,538723.7130312,
2022-11-23 02:30:00+00:00,0.07936,0.08022,0.07959,0.0798,4598415.6,0.079742,366686.8567752,4598415.6,366686.8567752,
2022-11-23 02:35:00+00:00,0.07972,0.08009,0.0798,0.07999,4036772.2,0.0799,322538.09878,4036772.2,322538.09878,
2022-11-23 02:40:00+00:00,0.07956,0.08004,0.07999,0.07977,1901789.9,0.07984,151838.905616,1901789.9,151838.905616,
2022-11-23 02:45:00+00:00,0.0794,0.07984,0.0798,0.07983,1853723.0,0.079718,147775.090114,1853723.0,147775.090114,
2022-11-23 02:50:00+00:00,0.07979,0.08064,0.07983,0.08048,1615584.5,0.080185,129545.6431325,1615584.5,129545.6431325,
2022-11-23 02:55:00+00:00,0.08045,0.08098,0.08047,0.08054,2153848.6,0.08061,173621.735646,2153848.6,173621.735646,
2022-11-23 03:00:00+00:00,0.0803,0.08063,0.08061,0.08047,4203966.2,0.080502,338427.6870324,4203966.2,338427.6870324,
2022-11-23 03:05:00+00:00,0.08044,0.08076,0.08046,0.08076,1800147.3,0.080605,145100.8731165,1800147.3,145100.8731165,
2022-11-23 03:10:00+00:00,0.08055,0.08089,0.08072,0.08079,1247106.1,0.080737,100687.6051957,1247106.1,100687.6051957,
2022-11-23 03:15:00+00:00,0.0808,0.08157,0.0808,0.08141,4467397.8,0.081145,362506.994481,4467397.8,362506.994481,
2022-11-23 03:20:00+00:00,0.08129,0.0816,0.08141,0.08159,2273852.5,0.081472,185255.31088,2273852.5,185255.31088,
2022-11-23 03:25:00+00:00,0.08157,0.08216,0.08157,0.08194,5798302.3,0.08181,474359.111163,5798302.3,474359.111163,
2022-11-23 03:30:00+00:00,0.08155,0.08199,0.08194,0.08182,2611607.9,0.081825,213694.8164175,2611607.9,213694.8164175,
2022-11-23 03:35:00+00:00,0.08159,0.08182,0.08179,0.08175,1394778.7,0.081738,114006.4213806,1394778.7,114006.4213806,
2022-11-23 03:40:00+00:00,0.08168,0.082,0.08176,0.08169,2230125.1,0.081783,182386.3210533,2230125.1,182386.3210533,
2022-11-23 03:45:00+00:00,0.08168,0.08196,0.08168,0.0818,3458309.2,0.08178,282820.526376,3458309.2,282820.526376,
2022-11-23 03:50:00+00:00,0.08156,0.08183,0.08177,0.08158,1550443.0,0.081685,126647.936455,1550443.0,126647.936455,
2022-11-23 03:55:00+00:00,0.08145,0.08175,0.08158,0.08175,1366749.4,0.081632,111570.4870208,1366749.4,111570.4870208,
2022-11-23 04:00:00+00:00,0.08159,0.08214,0.08177,0.08213,3260819.0,0.081908,267087.162652,3260819.0,267087.162652,
2022-11-23 04:05:00+00:00,0.0821,0.08343,0.08212,0.0832,10411052.2,0.082712,861118.9495664,10411052.2,861118.9495664,
2022-11-23 04:10:00+00:00,0.08272,0.08329,0.0832,0.08291,3591234.0,0.08303,298180.15902,3591234.0,298180.15902,
2022-11-23 04:15:00+00:00,0.08245,0.08291,0.08286,0.08252,2466749.9,0.082685,203963.2154815,2466749.9,203963.2154815,
2022-11-23 04:20:00+00:00,0.08225,0.08257,0.08252,0.0823,2534120.2,0.08241,208836.845682,2534120.2,208836.845682,
2022-11-23 04:25:00+00:00,0.08211,0.08237,0.08229,0.08215,2969189.1,0.08223,244156.419693,2969189.1,244156.419693,
2022-11-23 04:30:00+00:00,0.08162,0.08228,0.08222,0.08179,4257771.2,0.081978,349043.5674336,4257771.2,349043.5674336,
2022-11-23 04:35:00+00:00,0.08139,0.08188,0.08179,0.08157,2890422.2,0.081658,236026.0960076,2890422.2,236026.0960076,
2022-11-23 04:40:00+00:00,0.08142,0.08167,0.08158,0.08146,1852075.8,0.081533,151005.2962014,1852075.8,151005.2962014,
2022-11-23 04:45:00+00:00,0.08141,0.08167,0.08145,0.08147,1803193.2,0.0815,146960.2458,1803193.2,146960.2458,
2022-11-23 04:50:00+00:00,0.08145,0.08162,0.08145,0.08154,935857.0,0.081515,76286.383355,935857.0,76286.383355,
2022-11-23 04:55:00+00:00,0.08155,0.08184,0.08156,0.08164,1284484.9,0.081648,104875.6231152,1284484.9,104875.6231152,
2022-11-23 05:00:00+00:00,0.08131,0.08165,0.08163,0.08134,1374706.3,0.081482,112013.8187366,1374706.3,112013.8187366,
2022-11-23 05:05:00+00:00,0.0811,0.08155,0.08136,0.08121,1664739.9,0.081305,135351.6775695,1664739.9,135351.6775695,
2022-11-23 05:10:00+00:00,0.08109,0.08128,0.08122,0.08109,1749057.1,0.08117,141970.964807,1749057.1,141970.964807,
2022-11-23 05:15:00+00:00,0.08106,0.08131,0.08108,0.08111,1190949.8,0.08114,96633.666772,1190949.8,96633.666772,
2022-11-23 05:20:00+00:00,0.0811,0.08132,0.0811,0.08122,835879.3,0.081185,67860.8609705,835879.3,67860.8609705,
2022-11-23 05:25:00+00:00,0.08111,0.08129,0.08121,0.08119,749702.1,0.0812,60875.81052,749702.1,60875.81052,
2022-11-23 05:30:00+00:00,0.0812,0.08144,0.0812,0.08126,2984383.3,0.081275,242555.7527075,2984383.3,242555.7527075,
2022-11-23 05:35:00+00:00,0.08121,0.08169,0.08127,0.08151,1231903.4,0.08142,100301.574828,1231903.4,100301.574828,
2022-11-23 05:40:00+00:00,0.08147,0.08184,0.0815,0.08176,1243679.8,0.081642,101536.5062316,1243679.8,101536.5062316,
2022-11-23 05:45:00+00:00,0.0815,0.08175,0.08175,0.08152,955591.4,0.08163,78004.925982,955591.4,78004.925982,
2022-11-23 05:50:00+00:00,0.08132,0.08161,0.08153,0.08137,1572650.1,0.081458,128104.9318458,1572650.1,128104.9318458,
2022-11-23 05:55:00+00:00,0.08096,0.08141,0.08136,0.081,2376322.4,0.081182,192914.6050768,2376322.4,192914.6050768,
2022-11-23 06:00:00+00:00,0.08103,0.08128,0.08103,0.08106,690768.6,0.0811,56021.33346,690768.6,56021.33346,
2022-11-23 06:05:00+00:00,0.08101,0.08125,0.08107,0.08122,729465.5,0.081138,59187.371739,729465.5,59187.371739,
2022-11-23 06:10:00+00:00,0.08109,0.08123,0.08121,0.08117,1211901.0,0.081175,98376.063675,1211901.0,98376.063675,
2022-11-23 06:15:00+00:00,0.08114,0.08132,0.08119,0.08131,601366.8,0.08124,48855.038832,601366.8,48855.038832,
2022-11-23 06:20:00+00:00,0.08112,0.08134,0.08132,0.08119,540726.0,0.081242,43929.661692,540726.0,43929.661692,
2022-11-23 06:25:00+00:00,0.08112,0.08132,0.08119,0.08131,234231.8,0.081235,19027.820273,234231.8,19027.820273,
2022-11-23 06:30:00+00:00,0.08114,0.08135,0.08131,0.0813,784741.3,0.081275,63779.8491575,784741.3,63779.8491575,
2022-11-23 06:35:00+00:00,0.08121,0.08133,0.08128,0.08124,548163.4,0.081265,44546.498701,548163.4,44546.498701,
2022-11-23 06:40:00+00:00,0.08112,0.08127,0.08125,0.08117,1108990.4,0.081202,90052.2384608,1108990.4,90052.2384608,
2022-11-23 06:45:00+00:00,0.08114,0.08139,0.08119,0.08137,959717.2,0.081272,77998.1362784,959717.2,77998.1362784,
2022-11-23 06:50:00+00:00,0.08138,0.08162,0.08138,0.08156,722572.2,0.081485,58878.795717,722572.2,58878.795717,
2022-11-23 06:55:00+00:00,0.08153,0.08166,0.08155,0.0816,537464.6,0.081585,43849.049391,537464.6,43849.049391,
2022-11-23 07:00:00+00:00,0.08146,0.08172,0.0816,0.08151,673747.0,0.081572,54958.890284,673747.0,54958.890284,
2022-11-23 07:05:00+00:00,0.0814,0.08157,0.08152,0.08142,444298.8,0.081478,36200.5776264,444298.8,36200.5776264,
2022-11-23 07:10:00+00:00,0.08123,0.08143,0.0814,0.08128,404831.0,0.081335,32926.929385,404831.0,32926.929385,
2022-11-23 07:15:00+00:00,0.08116,0.08133,0.08128,0.08121,519331.5,0.081245,42193.0877175,519331.5,42193.0877175,
2022-11-23 07:20:00+00:00,0.0812,0.08173,0.08122,0.08163,938460.4,0.081445,76432.907278,938460.4,76432.907278,
2022-11-23 07:25:00+00:00,0.0815,0.08169,0.08162,0.08167,629565.4,0.08162,51385.127948,629565.4,51385.127948,
2022-11-23 07:30:00+00:00,0.08158,0.08217,0.08169,0.08195,2621461.0,0.081847,214558.718467,2621461.0,214558.718467,
2022-11-23 07:35:00+00:00,0.08169,0.08187,0.08187,0.08182,1173678.0,0.081812,96020.944536,1173678.0,96020.944536,
2022-11-23 07:40:00+00:00,0.08176,0.08189,0.08182,0.08186,641619.8,0.081832,52505.0314736,641619.8,52505.0314736,
2022-11-23 07:45:00+00:00,0.08164,0.08185,0.08184,0.08171,716765.8,0.08176,58602.771808,716765.8,58602.771808,
2022-11-23 07:50:00+00:00,0.08162,0.08177,0.08171,0.08165,892547.2,0.081688,72910.3956736,892547.2,72910.3956736,
2022-11-23 07:55:00+00:00,0.08161,0.0817,0.08165,0.0817,417766.4,0.081665,34116.893056,417766.4,34116.893056,
2022-11-23 08:00:00+00:00,0.08142,0.08214,0.0817,0.08151,2354742.5,0.081692,192363.62431,2354742.5,192363.62431,
2022-11-23 08:05:00+00:00,0.08116,0.08158,0.08151,0.08149,1504391.1,0.081435,122510.0892285,1504391.1,122510.0892285,
2022-11-23 08:10:00+00:00,0.08137,0.08158,0.08149,0.08153,1122193.2,0.081492,91449.7682544,1122193.2,91449.7682544,
2022-11-23 08:15:00+00:00,0.08111,0.08156,0.08154,0.08116,1115152.2,0.081342,90708.7102524,1115152.2,90708.7102524,
2022-11-23 08:20:00+00:00,0.08099,0.08133,0.08118,0.08118,1492509.4,0.08117,121146.987998,1492509.4,121146.987998,
2022-11-23 08:25:00+00:00,0.08104,0.08132,0.08117,0.08113,660097.0,0.081165,53576.773005,660097.0,53576.773005,
2022-11-23 08:30:00+00:00,0.08114,0.08132,0.08116,0.08132,698086.2,0.081235,56709.032457,698086.2,56709.032457,
2022-11-23 08:35:00+00:00,0.0813,0.08149,0.08133,0.08141,712342.7,0.081382,57971.8736114,712342.7,57971.8736114,
2022-11-23 08:40:00+00:00,0.08136,0.08164,0.08141,0.08162,1578765.7,0.081508,128682.0346756,1578765.7,128682.0346756,
2022-11-23 08:45:00+00:00,0.08145,0.08171,0.08161,0.08155,820845.4,0.08158,66964.567732,820845.4,66964.567732,
2022-11-23 08:50:00+00:00,0.08155,0.08165,0.08156,0.08161,421487.4,0.081592,34389.9999408,421487.4,34389.9999408,
2022-11-23 08:55:00+00:00,0.08151,0.08178,0.0816,0.08164,658326.0,0.081633,53741.126358,658326.0,53741.126358,
2022-11-23 09:00:00+00:00,0.08156,0.08174,0.08165,0.08164,750806.6,0.081648,61301.8572768,750806.6,61301.8572768,
2022-11-23 09:05:00+00:00,0.08163,0.08199,0.08163,0.08198,1718914.1,0.081807,140619.2057787,1718914.1,140619.2057787,
2022-11-23 09:10:00+00:00,0.08189,0.082,0.08194,0.08197,312767.3,0.08195,25631.280235,312767.3,25631.280235,
2022-11-23 09:15:00+00:00,0.08196,0.08215,0.08198,0.08212,704951.1,0.082052,57842.6476572,704951.1,57842.6476572,
2022-11-23 09:20:00+00:00,0.08195,0.08214,0.08211,0.08203,719923.5,0.082058,59075.482563,719923.5,59075.482563,
2022-11-23 09:25:00+00:00,0.08186,0.08206,0.08205,0.08189,218510.4,0.081965,17910.204936,218510.4,17910.204936,
2022-11-23 09:30:00+00:00,0.08154,0.08193,0.08192,0.08182,934722.7,0.081802,76462.1863054,934722.7,76462.1863054,
2022-11-23 09:35:00+00:00,0.08156,0.08194,0.08184,0.08174,1269166.1,0.08177,103779.711997,1269166.1,103779.711997,
2022-11-23 09:40:00+00:00,0.08167,0.08189,0.08176,0.08176,532276.3,0.08177,43524.233051,532276.3,43524.233051,
2022-11-23 09:45:00+00:00,0.08167,0.08214,0.08173,0.08196,1164860.5,0.081875,95372.9534375,1164860.5,95372.9534375,
2022-11-23 09:50:00+00:00,0.0819,0.08206,0.08191,0.08202,1165610.3,0.081972,95547.4075116,1165610.3,95547.4075116,
2022-11-23 09:55:00+00:00,0.08201,0.08237,0.08201,0.08209,846390.8,0.08212,69505.612496,846390.8,69505.612496,
2022-11-23 10:00:00+00:00,0.08198,0.08216,0.0821,0.08201,621722.4,0.082063,51020.4053112,621722.4,51020.4053112,
2022-11-23 10:05:00+00:00,0.08191,0.08238,0.08203,0.08199,2317564.2,0.082078,190221.0344076,2317564.2,190221.0344076,
2022-11-23 10:10:00+00:00,0.08196,0.0822,0.08203,0.08211,1296721.2,0.082075,106428.39249,1296721.2,106428.39249,
2022-11-23 10:15:00+00:00,0.08163,0.08217,0.08212,0.08177,1541722.5,0.081922,126300.990645,1541722.5,126300.990645,
2022-11-23 10:20:00+00:00,0.08116,0.08184,0.08176,0.08144,2538208.2,0.08155,206990.87871,2538208.2,206990.87871,
2022-11-23 10:25:00+00:00,0.08127,0.08153,0.08142,0.08137,958158.2,0.081398,77992.1611636,958158.2,77992.1611636,
2022-11-23 10:30:00+00:00,0.08132,0.08167,0.08138,0.08162,1101910.1,0.081498,89803.4693298,1101910.1,89803.4693298,
2022-11-23 10:35:00+00:00,0.0815,0.0817,0.08163,0.08165,991279.2,0.08162,80908.208304,991279.2,80908.208304,
2022-11-23 10:40:00+00:00,0.08161,0.08171,0.08165,0.08171,288501.1,0.08167,23561.884837,288501.1,23561.884837,
2022-11-23 10:45:00+00:00,0.08171,0.08228,0.08171,0.08203,2228826.4,0.081932,182612.2046048,2228826.4,182612.2046048,
2022-11-23 10:50:00+00:00,0.08183,0.08243,0.08203,0.082,2614393.6,0.082072,214568.5115392,2614393.6,214568.5115392,
2022-11-23 10:55:00+00:00,0.08185,0.08212,0.082,0.08204,958480.9,0.082002,78597.3507618,958480.9,78597.3507618,
2022-11-23 11:00:00+00:00,0.08189,0.08213,0.08205,0.08211,836515.3,0.082045,68631.8977885,836515.3,68631.8977885,
2022-11-23 11:05:00+00:00,0.08151,0.08212,0.08208,0.0817,1012754.4,0.081852,82895.9731488,1012754.4,82895.9731488,
2022-11-23 11:10:00+00:00,0.08132,0.08176,0.0817,0.08146,696578.9,0.08156,56812.975084,696578.9,56812.975084,
2022-11-23 11:15:00+00:00,0.08139,0.08156,0.08139,0.0815,801441.1,0.08146,65285.392006,801441.1,65285.392006,
2022-11-23 11:20:00+00:00,0.08141,0.08177,0.08147,0.08177,1913580.0,0.081605,156157.6959,1913580.0,156157.6959,
2022-11-23 11:25:00+00:00,0.08166,0.08182,0.08177,0.08176,377456.0,0.081752,30857.782912,377456.0,30857.782912,
2022-11-23 11:30:00+00:00,0.08166,0.08184,0.08177,0.08179,467437.8,0.081765,38220.051717,467437.8,38220.051717,
2022-11-23 11:35:00+00:00,0.08176,0.08195,0.08176,0.08189,544020.5,0.08184,44522.63772,544020.5,44522.63772,
2022-11-23 11:40:00+00:00,0.08183,0.08195,0.0819,0.08187,349055.6,0.081888,28583.4649728,349055.6,28583.4649728,
2022-11-23 11:45:00+00:00,0.08165,0.0819,0.08188,0.0817,646260.6,0.081782,52852.4843892,646260.6,52852.4843892,
2022-11-23 11:50:00+00:00,0.08161,0.08176,0.08169,0.08169,471887.3,0.081688,38547.5297624,471887.3,38547.5297624,
2022-11-23 11:55:00+00:00,0.08166,0.08185,0.08173,0.0818,230487.4,0.08176,18844.649824,230487.4,18844.649824,
2022-11-23 12:00:00+00:00,0.0816,0.08184,0.0818,0.0816,419214.3,0.08171,34254.000453,419214.3,34254.000453,
2022-11-23 12:05:00+00:00,0.08132,0.08161,0.08159,0.0815,768839.1,0.081505,62664.2308455,768839.1,62664.2308455,
2022-11-23 12:10:00+00:00,0.08147,0.08165,0.08147,0.08156,833578.0,0.081537,67967.449386,833578.0,67967.449386,
2022-11-23 12:15:00+00:00,0.0814,0.08158,0.08157,0.08147,1041437.8,0.081505,84882.387889,1041437.8,84882.387889,
2022-11-23 12:20:00+00:00,0.08118,0.08149,0.08149,0.08121,969372.3,0.081343,78851.6509989,969372.3,78851.6509989,
2022-11-23 12:25:00+00:00,0.08121,0.08145,0.08121,0.08129,835242.1,0.08129,67896.830309,835242.1,67896.830309,
2022-11-23 12:30:00+00:00,0.08123,0.08141,0.08128,0.08129,751667.0,0.081302,61112.030434,751667.0,61112.030434,
2022-11-23 12:35:00+00:00,0.08128,0.08151,0.0813,0.08142,351070.7,0.081378,28569.4314246,351070.7,28569.4314246,
2022-11-23 12:40:00+00:00,0.0805,0.08143,0.08141,0.08062,3314448.5,0.08099,268437.184015,3314448.5,268437.184015,
2022-11-23 12:45:00+00:00,0.08027,0.081,0.08062,0.08065,3253491.3,0.080635,262345.2709755,3253491.3,262345.2709755,
2022-11-23 12:50:00+00:00,0.08043,0.0808,0.08066,0.08056,1277099.8,0.080612,102949.5690776,1277099.8,102949.5690776,
2022-11-23 12:55:00+00:00,0.08041,0.08077,0.08056,0.08051,833515.3,0.080563,67150.4931139,833515.3,67150.4931139,
2022-11-23 13:00:00+00:00,0.08037,0.0807,0.08054,0.08039,4313982.2,0.0805,347275.5671,4313982.2,347275.5671,
2022-11-23 13:05:00+00:00,0.08029,0.08047,0.08038,0.08033,1129552.7,0.080368,90779.8913936,1129552.7,90779.8913936,
2022-11-23 13:10:00+00:00,0.08036,0.08064,0.08036,0.08058,1139712.5,0.080485,91729.7605625,1139712.5,91729.7605625,
2022-11-23 13:15:00+00:00,0.08047,0.08063,0.08061,0.08051,933317.2,0.080555,75183.367046,933317.2,75183.367046,
2022-11-23 13:20:00+00:00,0.0804,0.08058,0.08054,0.08045,444147.0,0.080492,35750.280324,444147.0,35750.280324,
2022-11-23 13:25:00+00:00,0.08046,0.08059,0.08047,0.08056,276636.4,0.08052,22274.762928,276636.4,22274.762928,
2022-11-23 13:30:00+00:00,0.08027,0.08078,0.08054,0.08058,1900070.4,0.080542,153035.4701568,1900070.4,153035.4701568,
2022-11-23 13:35:00+00:00,0.08043,0.08064,0.08064,0.08052,1023274.7,0.080558,82432.9632826,1023274.7,82432.9632826,
2022-11-23 13:40:00+00:00,0.08017,0.08073,0.08053,0.08028,1902024.2,0.080428,152976.0023576,1902024.2,152976.0023576,
2022-11-23 13:45:00+00:00,0.07961,0.08031,0.08031,0.07984,4692063.7,0.080017,375444.8610829,4692063.7,375444.8610829,
2022-11-23 13:50:00+00:00,0.0795,0.08006,0.07986,0.07966,2746417.8,0.07977,219081.747906,2746417.8,219081.747906,
2022-11-23 13:55:00+00:00,0.0794,0.07981,0.07969,0.07949,3328054.5,0.079598,264906.482091,3328054.5,264906.482091,
2022-11-23 14:00:00+00:00,0.07945,0.08011,0.07949,0.07998,2160004.7,0.079758,172277.6548626,2160004.7,172277.6548626,
2022-11-23 14:05:00+00:00,0.07993,0.08012,0.07996,0.07997,561011.5,0.079995,44878.1149425,561011.5,44878.1149425,
2022-11-23 14:10:00+00:00,0.07971,0.08005,0.07996,0.07974,1597302.9,0.079865,127568.5961085,1597302.9,127568.5961085,
2022-11-23 14:15:00+00:00,0.07976,0.08007,0.07976,0.08005,1380101.6,0.07991,110283.918856,1380101.6,110283.918856,
2022-11-23 14:20:00+00:00,0.07968,0.08009,0.08004,0.07969,1680553.9,0.079875,134234.2427625,1680553.9,134234.2427625,
2022-11-23 14:25:00+00:00,0.07931,0.07973,0.07968,0.07965,2184487.1,0.079592,173867.6972632,2184487.1,173867.6972632,
2022-11-23 14:30:00+00:00,0.07967,0.07995,0.07967,0.07991,1377613.2,0.0798,109933.53336,1377613.2,109933.53336,
2022-11-23 14:35:00+00:00,0.07989,0.08017,0.07994,0.08017,881611.7,0.080042,70565.9636914,881611.7,70565.9636914,
2022-11-23 14:40:00+00:00,0.08001,0.08051,0.08013,0.08038,2254318.6,0.080258,180927.1021988,2254318.6,180927.1021988,
2022-11-23 14:45:00+00:00,0.08017,0.08045,0.08035,0.08037,1716112.7,0.080335,137863.9137545,1716112.7,137863.9137545,
2022-11-23 14:50:00+00:00,0.08029,0.08062,0.08033,0.08049,875842.1,0.080432,70445.7317872,875842.1,70445.7317872,
2022-11-23 14:55:00+00:00,0.08025,0.08049,0.08043,0.08043,1064287.8,0.0804,85568.73912,1064287.8,85568.73912,
2022-11-23 15:00:00+00:00,0.08033,0.08069,0.08051,0.08055,1923884.4,0.08052,154911.171888,1923884.4,154911.171888,
2022-11-23 15:05:00+00:00,0.08038,0.08058,0.08054,0.08039,828119.2,0.080472,66640.4082624,828119.2,66640.4082624,
2022-11-23 15:10:00+00:00,0.08023,0.08044,0.08042,0.08023,869801.1,0.08033,69871.122363,869801.1,69871.122363,
2022-11-23 15:15:00+00:00,0.08007,0.08027,0.08022,0.08023,690860.6,0.080198,55405.6383988,690860.6,55405.6383988,
2022-11-23 15:20:00+00:00,0.08008,0.08028,0.08026,0.08013,343162.8,0.080188,27517.5386064,343162.8,27517.5386064,
2022-11-23 15:25:00+00:00,0.07998,0.08022,0.08014,0.08013,994409.4,0.080118,79670.0923092,994409.4,79670.0923092,
2022-11-23 15:30:00+00:00,0.08,0.08033,0.08012,0.08031,371160.3,0.08019,29763.344457,371160.3,29763.344457,
2022-11-23 15:35:00+00:00,0.08008,0.08038,0.08028,0.08033,2930671.7,0.080268,235239.1560156,2930671.7,235239.1560156,
2022-11-23 15:40:00+00:00,0.08019,0.08044,0.08033,0.08019,674865.3,0.080288,54183.5852064,674865.3,54183.5852064,
2022-11-23 15:45:00+00:00,0.07996,0.08022,0.0802,0.08003,881751.0,0.080102,70630.018602,881751.0,70630.018602,
2022-11-23 15:50:00+00:00,0.07999,0.08014,0.08003,0.08005,398001.6,0.080052,31860.8240832,398001.6,31860.8240832,
2022-11-23 15:55:00+00:00,0.08006,0.08024,0.08008,0.08021,378346.9,0.080148,30323.7473412,378346.9,30323.7473412,
2022-11-23 16:00:00+00:00,0.08014,0.08031,0.08028,0.08019,386954.0,0.08023,31045.31942,386954.0,31045.31942,
2022-11-23 16:05:00+00:00,0.08012,0.08039,0.0802,0.08034,1244659.6,0.080262,99898.8688152,1244659.6,99898.8688152,
2022-11-23 16:10:00+00:00,0.08018,0.08035,0.08035,0.0803,275562.9,0.080295,22126.3230555,275562.9,22126.3230555,
2022-11-23 16:15:00+00:00,0.08013,0.08031,0.08031,0.08014,420172.5,0.080222,33707.078295,420172.5,33707.078295,
2022-11-23 16:20:00+00:00,0.07999,0.08015,0.08009,0.07999,869477.1,0.080055,69605.9892405,869477.1,69605.9892405,
2022-11-23 16:25:00+00:00,0.07954,0.07998,0.07995,0.07954,1061475.0,0.079752,84654.7542,1061475.0,84654.7542,
2022-11-23 16:30:00+00:00,0.07953,0.07978,0.07959,0.07973,1157101.8,0.079657,92171.2580826,1157101.8,92171.2580826,
2022-11-23 16:35:00+00:00,0.07958,0.07982,0.07973,0.07979,939238.9,0.07973,74885.517497,939238.9,74885.517497,
2022-11-23 16:40:00+00:00,0.07977,0.07996,0.07978,0.07996,415769.9,0.079868,33206.7103732,415769.9,33206.7103732,
2022-11-23 16:45:00+00:00,0.07959,0.08002,0.07994,0.07959,904423.6,0.079785,72159.436926,904423.6,72159.436926,
2022-11-23 16:50:00+00:00,0.07952,0.07978,0.07964,0.07958,625728.0,0.07963,49826.72064,625728.0,49826.72064,
2022-11-23 16:55:00+00:00,0.07908,0.07958,0.07958,0.0792,1942715.9,0.07936,154173.933824,1942715.9,154173.933824,
2022-11-23 17:00:00+00:00,0.07909,0.07942,0.07922,0.07922,1594882.1,0.079238,126375.2678398,1594882.1,126375.2678398,
2022-11-23 17:05:00+00:00,0.07926,0.07955,0.07926,0.07955,472266.3,0.079405,37500.3055515,472266.3,37500.3055515,
2022-11-23 17:10:00+00:00,0.07952,0.07974,0.07957,0.07969,429696.1,0.07963,34216.700443,429696.1,34216.700443,
2022-11-23 17:15:00+00:00,0.07934,0.07985,0.07969,0.07979,2814603.6,0.079668,224233.8396048,2814603.6,224233.8396048,
2022-11-23 17:20:00+00:00,0.07977,0.07991,0.0798,0.07985,581571.1,0.079832,46427.9840552,581571.1,46427.9840552,
2022-11-23 17:25:00+00:00,0.07965,0.07996,0.07983,0.07968,1086265.4,0.07978,86662.253612,1086265.4,86662.253612,
2022-11-23 17:30:00+00:00,0.07966,0.07999,0.07972,0.07986,879516.6,0.079808,70192.4608128,879516.6,70192.4608128,
2022-11-23 17:35:00+00:00,0.07965,0.07992,0.07984,0.07984,1190528.5,0.079813,95019.6511705,1190528.5,95019.6511705,
2022-11-23 17:40:00+00:00,0.07979,0.07992,0.07984,0.07987,691451.0,0.079855,55215.819605,691451.0,55215.819605,
2022-11-23 17:45:00+00:00,0.07983,0.07996,0.07985,0.07988,435929.3,0.07988,34822.032484,435929.3,34822.032484,
2022-11-23 17:50:00+00:00,0.07977,0.07992,0.07988,0.07987,243760.3,0.07986,19466.697558,243760.3,19466.697558,
2022-11-23 17:55:00+00:00,0.07975,0.07989,0.07986,0.07982,1085239.9,0.07983,86634.701217,1085239.9,86634.701217,
2022-11-23 18:00:00+00:00,0.07973,0.07995,0.0798,0.07985,412899.7,0.079832,32962.6088504,412899.7,32962.6088504,
2022-11-23 18:05:00+00:00,0.07983,0.08014,0.07983,0.08003,803196.6,0.079958,64221.9937428,803196.6,64221.9937428,
2022-11-23 18:10:00+00:00,0.07993,0.08005,0.08003,0.07997,361305.9,0.079995,28902.6654705,361305.9,28902.6654705,
2022-11-23 18:15:00+00:00,0.07995,0.08005,0.07999,0.08,187659.5,0.079998,15012.384681,187659.5,15012.384681,
2022-11-23 18:20:00+00:00,0.07999,0.08022,0.07999,0.08018,867582.0,0.080095,69488.98029,867582.0,69488.98029,
2022-11-23 18:25:00+00:00,0.08014,0.08056,0.08017,0.0804,1338410.3,0.080318,107498.4384754,1338410.3,107498.4384754,
2022-11-23 18:30:00+00:00,0.08017,0.08045,0.08037,0.08017,586824.4,0.08029,47116.131076,586824.4,47116.131076,
2022-11-23 18:35:00+00:00,0.08013,0.08024,0.08016,0.08021,315775.8,0.080185,25320.482523,315775.8,25320.482523,
2022-11-23 18:40:00+00:00,0.08014,0.08025,0.08018,0.08021,333104.7,0.080195,26713.3314165,333104.7,26713.3314165,
2022-11-23 18:45:00+00:00,0.08017,0.08039,0.08024,0.08021,868487.9,0.080252,69697.8909508,868487.9,69697.8909508,
2022-11-23 18:50:00+00:00,0.08012,0.08025,0.08022,0.08025,261597.7,0.08021,20982.751517,261597.7,20982.751517,
2022-11-23 18:55:00+00:00,0.0802,0.08079,0.08025,0.0805,1350868.8,0.080435,108657.131928,1350868.8,108657.131928,
2022-11-23 19:00:00+00:00,0.08028,0.08143,0.08049,0.08129,3866743.0,0.080873,312715.106639,3866743.0,312715.106639,
2022-11-23 19:05:00+00:00,0.08086,0.08171,0.08133,0.08094,4297223.8,0.08121,348977.544798,4297223.8,348977.544798,
2022-11-23 19:10:00+00:00,0.08064,0.08106,0.08096,0.08105,1390157.4,0.080928,112502.6580672,1390157.4,112502.6580672,
2022-11-23 19:15:00+00:00,0.08062,0.08111,0.08104,0.0807,1225594.3,0.080868,99111.3598524,1225594.3,99111.3598524,
2022-11-23 19:20:00+00:00,0.08061,0.08093,0.08069,0.08077,904340.6,0.08075,73025.50345,904340.6,73025.50345,
2022-11-23 19:25:00+00:00,0.08027,0.08079,0.08078,0.08044,1820090.3,0.08057,146644.675471,1820090.3,146644.675471,
2022-11-23 19:30:00+00:00,0.08025,0.08074,0.08046,0.08065,1056929.0,0.080525,85109.207725,1056929.0,85109.207725,
2022-11-23 19:35:00+00:00,0.08056,0.08076,0.08067,0.08066,682521.7,0.080663,55054.2478871,682521.7,55054.2478871,
2022-11-23 19:40:00+00:00,0.08062,0.08092,0.08063,0.08089,412860.6,0.080765,33344.686359,412860.6,33344.686359,
2022-11-23 19:45:00+00:00,0.08076,0.08105,0.08089,0.08098,1046887.5,0.08092,84714.1365,1046887.5,84714.1365,
2022-11-23 19:50:00+00:00,0.08087,0.08108,0.08096,0.081,555386.0,0.080978,44974.047508,555386.0,44974.047508,
2022-11-23 19:55:00+00:00,0.08089,0.08105,0.08097,0.08095,541531.3,0.080965,43845.0817045,541531.3,43845.0817045,
2022-11-23 20:00:00+00:00,0.08055,0.08101,0.08095,0.08057,939464.8,0.08077,75880.571896,939464.8,75880.571896,
2022-11-23 20:05:00+00:00,0.08055,0.08078,0.08055,0.08067,551843.4,0.080638,44499.5480892,551843.4,44499.5480892,
2022-11-23 20:10:00+00:00,0.08045,0.08071,0.08067,0.08068,986203.3,0.080628,79515.5996724,986203.3,79515.5996724,
2022-11-23 20:15:00+00:00,0.08062,0.08096,0.08066,0.0809,531488.5,0.080785,42936.2984725,531488.5,42936.2984725,
2022-11-23 20:20:00+00:00,0.08068,0.08094,0.0809,0.08091,331707.1,0.080858,26821.1726918,331707.1,26821.1726918,
2022-11-23 20:25:00+00:00,0.08085,0.08096,0.0809,0.08093,487695.0,0.08091,39459.40245,487695.0,39459.40245,
2022-11-23 20:30:00+00:00,0.08089,0.08105,0.08096,0.081,556423.3,0.080975,45056.3767175,556423.3,45056.3767175,
2022-11-23 20:35:00+00:00,0.08089,0.08123,0.08097,0.08123,946866.5,0.08108,76771.93582,946866.5,76771.93582,
2022-11-23 20:40:00+00:00,0.08105,0.08126,0.08121,0.0812,1466449.0,0.08118,119046.32982,1466449.0,119046.32982,
2022-11-23 20:45:00+00:00,0.08111,0.08134,0.08119,0.08131,1214957.5,0.081238,98700.717385,1214957.5,98700.717385,
2022-11-23 20:50:00+00:00,0.08128,0.08142,0.08131,0.08135,518024.5,0.08134,42136.11283,518024.5,42136.11283,
2022-11-23 20:55:00+00:00,0.08126,0.08147,0.08134,0.0814,876808.2,0.081368,71344.1296176,876808.2,71344.1296176,
2022-11-23 21:00:00+00:00,0.08111,0.08141,0.08141,0.08125,754795.9,0.081295,61361.1326905,754795.9,61361.1326905,
2022-11-23 21:05:00+00:00,0.08113,0.08131,0.08124,0.08119,816840.1,0.081218,66342.1192418,816840.1,66342.1192418,
2022-11-23 21:10:00+00:00,0.08117,0.08129,0.08118,0.08122,461307.4,0.081215,37465.080491,461307.4,37465.080491,
2022-11-23 21:15:00+00:00,0.08122,0.08144,0.08123,0.08128,529063.1,0.081292,43008.5975252,529063.1,43008.5975252,
2022-11-23 21:20:00+00:00,0.08124,0.08148,0.08131,0.08126,576105.7,0.081322,46850.0677354,576105.7,46850.0677354,
2022-11-23 21:25:00+00:00,0.08119,0.08129,0.08126,0.08124,173340.6,0.081245,14083.057047,173340.6,14083.057047,
2022-11-23 21:30:00+00:00,0.08092,0.08127,0.08126,0.08094,1030459.2,0.081098,83568.1802016,1030459.2,83568.1802016,
2022-11-23 21:35:00+00:00,0.08092,0.0811,0.08095,0.08107,440808.0,0.08101,35709.85608,440808.0,35709.85608,
2022-11-23 21:40:00+00:00,0.08105,0.08121,0.08107,0.0811,175215.0,0.081108,14211.33822,175215.0,14211.33822,
2022-11-23 21:45:00+00:00,0.08099,0.08112,0.08109,0.08107,218280.5,0.081068,17695.563574,218280.5,17695.563574,
2022-11-23 21:50:00+00:00,0.08096,0.08108,0.08106,0.08097,247027.4,0.081018,20013.6658932,247027.4,20013.6658932,
2022-11-23 21:55:00+00:00,0.08089,0.08108,0.08097,0.08094,778069.1,0.08097,63000.255027,778069.1,63000.255027,
2022-11-23 22:00:00+00:00,0.0809,0.08119,0.08091,0.08116,153379.9,0.08104,12429.907096,153379.9,12429.907096,
2022-11-23 22:05:00+00:00,0.08116,0.08145,0.08116,0.08138,442834.2,0.081288,35997.1064496,442834.2,35997.1064496,
2022-11-23 22:10:00+00:00,0.08136,0.08155,0.08136,0.08148,711991.0,0.081438,57983.123058,711991.0,57983.123058,
2022-11-23 22:15:00+00:00,0.08122,0.08147,0.08147,0.08124,346733.4,0.08135,28206.76209,346733.4,28206.76209,
2022-11-23 22:20:00+00:00,0.08115,0.08131,0.08123,0.08115,241440.8,0.08121,19607.407368,241440.8,19607.407368,
2022-11-23 22:25:00+00:00,0.0811,0.08126,0.08114,0.08116,395698.8,0.081165,32116.893102,395698.8,32116.893102,
2022-11-23 22:30:00+00:00,0.08101,0.08118,0.08116,0.08104,190424.6,0.081097,15442.8637862,190424.6,15442.8637862,
2022-11-23 22:35:00+00:00,0.08102,0.08123,0.08105,0.08102,411275.9,0.08108,33346.249972,411275.9,33346.249972,
2022-11-23 22:40:00+00:00,0.08098,0.08113,0.08101,0.08103,317884.7,0.081038,25760.7403186,317884.7,25760.7403186,
2022-11-23 22:45:00+00:00,0.08095,0.08108,0.08104,0.08097,74014.1,0.08101,5995.882241,74014.1,5995.882241,
2022-11-23 22:50:00+00:00,0.08093,0.08105,0.08095,0.08102,125431.1,0.080987,10158.2884957,125431.1,10158.2884957,
2022-11-23 22:55:00+00:00,0.08102,0.08108,0.08104,0.08103,115612.1,0.081042,9369.4358082,115612.1,9369.4358082,
2022-11-23 23:00:00+00:00,0.08102,0.08145,0.08104,0.08132,1442627.2,0.081208,117152.8696576,1442627.2,117152.8696576,
2022-11-23 23:05:00+00:00,0.08119,0.08152,0.08132,0.08132,1695537.4,0.081338,137911.6210412,1695537.4,137911.6210412,
2022-11-23 23:10:00+00:00,0.08132,0.08177,0.08134,0.08174,1586020.6,0.081542,129327.2917652,1586020.6,129327.2917652,
2022-11-23 23:15:00+00:00,0.08163,0.08197,0.08175,0.08183,1034874.6,0.081795,84647.567907,1034874.6,84647.567907,
2022-11-23 23:20:00+00:00,0.08164,0.08191,0.08181,0.08171,1663162.0,0.081768,135993.430416,1663162.0,135993.430416,
2022-11-23 23:25:00+00:00,0.08163,0.08188,0.08167,0.08179,813252.8,0.081742,66476.9103776,813252.8,66476.9103776,
2022-11-23 23:30:00+00:00,0.08167,0.08185,0.08179,0.0818,595745.5,0.081778,48718.875499,595745.5,48718.875499,
2022-11-23 23:35:00+00:00,0.08174,0.08186,0.0818,0.08182,543551.8,0.081805,44465.254999,543551.8,44465.254999,
2022-11-23 23:40:00+00:00,0.08176,0.08187,0.08182,0.08184,393840.6,0.081822,32224.8255732,393840.6,32224.8255732,
2022-11-23 23:45:00+00:00,0.08178,0.08203,0.08185,0.08181,1952622.2,0.081868,159857.2742696,1952622.2,159857.2742696,
2022-11-23 23:50:00+00:00,0.08165,0.0819,0.08182,0.08169,468105.4,0.081765,38274.638031,468105.4,38274.638031,
2022-11-23 23:55:00+00:00,0.08161,0.08191,0.08175,0.08187,612390.4,0.081785,50084.348864,612390.4,50084.348864,
2022-11-24 00:00:00+00:00,0.08161,0.08202,0.08187,0.08169,1524464.0,0.081798,124698.106272,1524464.0,124698.106272,
2022-11-24 00:05:00+00:00,0.08168,0.08191,0.08172,0.08171,966778.3,0.081755,79038.9599165,966778.3,79038.9599165,
2022-11-24 00:10:00+00:00,0.08154,0.08173,0.08169,0.08167,475919.0,0.081658,38862.593702,475919.0,38862.593702,
2022-11-24 00:15:00+00:00,0.08128,0.0817,0.08166,0.08133,893697.0,0.081493,72830.049621,893697.0,72830.049621,
2022-11-24 00:20:00+00:00,0.08125,0.0814,0.08133,0.0813,588295.3,0.08132,47840.173796,588295.3,47840.173796,
2022-11-24 00:25:00+00:00,0.08126,0.08141,0.0813,0.08135,478058.4,0.08133,38880.489672,478058.4,38880.489672,
2022-11-24 00:30:00+00:00,0.08124,0.0814,0.08133,0.08137,335222.5,0.081335,27265.3220375,335222.5,27265.3220375,
2022-11-24 00:35:00+00:00,0.08105,0.0814,0.08138,0.08114,762572.2,0.081242,61952.8906724,762572.2,61952.8906724,
2022-11-24 00:40:00+00:00,0.08103,0.08119,0.08112,0.08113,757600.8,0.081118,61455.0616944,757600.8,61455.0616944,
2022-11-24 00:45:00+00:00,0.0808,0.08114,0.08113,0.08093,935870.2,0.081,75805.4862,935870.2,75805.4862,
2022-11-24 00:50:00+00:00,0.08073,0.08097,0.08093,0.08088,839847.8,0.080877,67924.3705206,839847.8,67924.3705206,
2022-11-24 00:55:00+00:00,0.08077,0.08096,0.08088,0.08093,492006.8,0.080885,39795.970018,492006.8,39795.970018,
2022-11-24 01:00:00+00:00,0.08085,0.08128,0.08091,0.08128,712025.3,0.08108,57731.011324,712025.3,57731.011324,
2022-11-24 01:05:00+00:00,0.08112,0.0813,0.08128,0.08112,1083754.1,0.081205,88006.2516905,1083754.1,88006.2516905,
2022-11-24 01:10:00+00:00,0.08094,0.08115,0.08111,0.08097,553434.7,0.081042,44851.4549574,553434.7,44851.4549574,
2022-11-24 01:15:00+00:00,0.08098,0.0813,0.08098,0.0813,428653.0,0.08114,34780.90442,428653.0,34780.90442,
2022-11-24 01:20:00+00:00,0.08113,0.08131,0.08126,0.08115,475451.1,0.081212,38612.3347332,475451.1,38612.3347332,
2022-11-24 01:25:00+00:00,0.08109,0.08131,0.08116,0.0813,507003.6,0.081215,41176.297374,507003.6,41176.297374,
2022-11-24 01:30:00+00:00,0.08112,0.08136,0.08128,0.08115,700468.7,0.081228,56897.6715636,700468.7,56897.6715636,
2022-11-24 01:35:00+00:00,0.08107,0.08165,0.08115,0.0816,1596573.6,0.081368,129910.0006848,1596573.6,129910.0006848,
2022-11-24 01:40:00+00:00,0.08152,0.08211,0.0816,0.08197,2294064.1,0.0818,187654.44338,2294064.1,187654.44338,
2022-11-24 01:45:00+00:00,0.08196,0.08258,0.08197,0.0825,2971171.0,0.082252,244384.757092,2971171.0,244384.757092,
2022-11-24 01:50:00+00:00,0.08218,0.08413,0.08252,0.08392,7801792.6,0.083188,649015.5228088,7801792.6,649015.5228088,
2022-11-24 01:55:00+00:00,0.08332,0.08414,0.08397,0.08342,6009971.0,0.083713,503112.702323,6009971.0,503112.702323,
2022-11-24 02:00:00+00:00,0.08329,0.08387,0.0834,0.08369,3740041.7,0.083562,312525.3645354,3740041.7,312525.3645354,
2022-11-24 02:05:00+00:00,0.08266,0.08372,0.08368,0.08301,4606456.3,0.083268,383570.4031884,4606456.3,383570.4031884,
2022-11-24 02:10:00+00:00,0.08283,0.08303,0.08301,0.08298,2241499.5,0.082963,185961.5230185,2241499.5,185961.5230185,
2022-11-24 02:15:00+00:00,0.08254,0.08301,0.08299,0.08276,1261579.1,0.082825,104490.2889575,1261579.1,104490.2889575,
2022-11-24 02:20:00+00:00,0.08254,0.08291,0.08274,0.08259,1724341.7,0.082695,142594.4368815,1724341.7,142594.4368815,
2022-11-24 02:25:00+00:00,0.08235,0.08257,0.08257,0.08238,872829.3,0.082468,71980.4867124,872829.3,71980.4867124,
2022-11-24 02:30:00+00:00,0.08228,0.08265,0.08239,0.08238,1664215.1,0.082425,137172.9296175,1664215.1,137172.9296175,
2022-11-24 02:35:00+00:00,0.08236,0.08268,0.08236,0.0826,1243863.6,0.0825,102618.747,1243863.6,102618.747,
2022-11-24 02:40:00+00:00,0.08253,0.08275,0.08256,0.08262,586812.1,0.082615,48479.4816415,586812.1,48479.4816415,
2022-11-24 02:45:00+00:00,0.08259,0.08274,0.08259,0.08272,1188942.7,0.08266,98278.003582,1188942.7,98278.003582,
2022-11-24 02:50:00+00:00,0.08266,0.08285,0.08272,0.08284,1179916.3,0.082768,97659.3123184,1179916.3,97659.3123184,
2022-11-24 02:55:00+00:00,0.08256,0.08289,0.08284,0.08258,846904.3,0.082718,70054.2298874,846904.3,70054.2298874,
2022-11-24 03:00:00+00:00,0.08239,0.08264,0.08261,0.08244,2293325.9,0.08252,189245.253268,2293325.9,189245.253268,
2022-11-24 03:05:00+00:00,0.08241,0.08252,0.08245,0.08247,365146.8,0.082462,30110.7354216,365146.8,30110.7354216,
2022-11-24 03:10:00+00:00,0.08219,0.08251,0.08247,0.0822,1255409.2,0.082342,103372.9043464,1255409.2,103372.9043464,
2022-11-24 03:15:00+00:00,0.08219,0.08279,0.08221,0.08263,1949448.0,0.082455,160741.73484,1949448.0,160741.73484,
2022-11-24 03:20:00+00:00,0.08256,0.08297,0.08264,0.0828,1635262.6,0.082742,135304.8980492,1635262.6,135304.8980492,
2022-11-24 03:25:00+00:00,0.08265,0.08305,0.08281,0.08295,934012.8,0.082865,77396.970672,934012.8,77396.970672,
2022-11-24 03:30:00+00:00,0.08268,0.08305,0.08296,0.08286,1191355.6,0.082888,98749.0829728,1191355.6,98749.0829728,
2022-11-24 03:35:00+00:00,0.0828,0.08316,0.08284,0.08288,2594588.9,0.08292,215143.311588,2594588.9,215143.311588,
2022-11-24 03:40:00+00:00,0.08277,0.08309,0.08288,0.08292,954157.0,0.082915,79113.927655,954157.0,79113.927655,
2022-11-24 03:45:00+00:00,0.08272,0.0831,0.08287,0.08307,1769247.4,0.08294,146741.379356,1769247.4,146741.379356,
2022-11-24 03:50:00+00:00,0.08259,0.08305,0.08305,0.08278,1115915.7,0.082868,92473.7022276,1115915.7,92473.7022276,
2022-11-24 03:55:00+00:00,0.08276,0.08298,0.08277,0.08276,1689555.8,0.082818,139925.6322444,1689555.8,139925.6322444,
2022-11-24 04:00:00+00:00,0.08268,0.08296,0.08276,0.08268,1439704.6,0.08277,119164.349742,1439704.6,119164.349742,
2022-11-24 04:05:00+00:00,0.08247,0.08306,0.08269,0.08305,2364989.2,0.082818,195863.6755656,2364989.2,195863.6755656,
2022-11-24 04:10:00+00:00,0.08272,0.08304,0.08304,0.08279,849758.7,0.082898,70443.2967126,849758.7,70443.2967126,
2022-11-24 04:15:00+00:00,0.08258,0.08298,0.08281,0.08266,1538796.1,0.082758,127347.6876438,1538796.1,127347.6876438,
2022-11-24 04:20:00+00:00,0.08244,0.08274,0.08265,0.08247,670523.3,0.082575,55368.4614975,670523.3,55368.4614975,
2022-11-24 04:25:00+00:00,0.08226,0.0825,0.08248,0.08229,1575474.1,0.082382,129790.7073062,1575474.1,129790.7073062,
2022-11-24 04:30:00+00:00,0.08225,0.08245,0.08226,0.08232,402313.5,0.08232,33118.44732,402313.5,33118.44732,
2022-11-24 04:35:00+00:00,0.08229,0.08242,0.08232,0.08237,218382.2,0.08235,17983.77417,218382.2,17983.77417,
2022-11-24 04:40:00+00:00,0.08222,0.08249,0.08237,0.08223,528475.1,0.082328,43508.2980328,528475.1,43508.2980328,
2022-11-24 04:45:00+00:00,0.08224,0.08244,0.08225,0.08237,502897.0,0.082325,41400.995525,502897.0,41400.995525,
2022-11-24 04:50:00+00:00,0.08238,0.08253,0.08238,0.08251,222939.2,0.08245,18381.33704,222939.2,18381.33704,
2022-11-24 04:55:00+00:00,0.08228,0.08251,0.08251,0.08233,424684.7,0.082408,34997.4167576,424684.7,34997.4167576,
2022-11-24 05:00:00+00:00,0.08229,0.08238,0.08232,0.08233,170378.8,0.08233,14027.286604,170378.8,14027.286604,
2022-11-24 05:05:00+00:00,0.08228,0.08252,0.08232,0.08229,366976.1,0.082352,30221.2157872,366976.1,30221.2157872,
2022-11-24 05:10:00+00:00,0.08214,0.08232,0.08229,0.08219,773013.6,0.082235,63568.773396,773013.6,63568.773396,
2022-11-24 05:15:00+00:00,0.082,0.08224,0.08219,0.08212,1707807.9,0.082138,140275.9252902,1707807.9,140275.9252902,
2022-11-24 05:20:00+00:00,0.08199,0.08228,0.08213,0.08219,437644.7,0.082148,35951.6368156,437644.7,35951.6368156,
2022-11-24 05:25:00+00:00,0.08217,0.0823,0.08218,0.08229,361755.0,0.082235,29748.922425,361755.0,29748.922425,
2022-11-24 05:30:00+00:00,0.08225,0.08243,0.08225,0.08237,442050.9,0.082325,36391.8403425,442050.9,36391.8403425,
2022-11-24 05:35:00+00:00,0.08231,0.08248,0.08238,0.08246,401663.2,0.082408,33100.2609856,401663.2,33100.2609856,
2022-11-24 05:40:00+00:00,0.08242,0.0825,0.08246,0.08247,290453.3,0.082462,23951.3600246,290453.3,23951.3600246,
2022-11-24 05:45:00+00:00,0.08243,0.08252,0.08249,0.08248,463199.6,0.08248,38204.703008,463199.6,38204.703008,
2022-11-24 05:50:00+00:00,0.08234,0.0825,0.08247,0.08235,212956.3,0.082415,17550.7934645,212956.3,17550.7934645,
2022-11-24 05:55:00+00:00,0.08213,0.08237,0.08234,0.08216,586234.5,0.08225,48217.787625,586234.5,48217.787625,
2022-11-24 06:00:00+00:00,0.08217,0.08241,0.08217,0.08233,497343.6,0.08227,40916.457972,497343.6,40916.457972,
2022-11-24 06:05:00+00:00,0.08231,0.08249,0.08232,0.08242,408382.5,0.082385,33644.5922625,408382.5,33644.5922625,
2022-11-24 06:10:00+00:00,0.08237,0.08261,0.08242,0.08253,688342.6,0.082482,56775.8743332,688342.6,56775.8743332,
2022-11-24 06:15:00+00:00,0.08243,0.08261,0.08251,0.08258,514889.6,0.082532,42494.8684672,514889.6,42494.8684672,
2022-11-24 06:20:00+00:00,0.0825,0.08264,0.08263,0.0825,214383.5,0.082568,17701.216828,214383.5,17701.216828,
2022-11-24 06:25:00+00:00,0.08234,0.08253,0.08251,0.08238,483857.7,0.08244,39889.228788,483857.7,39889.228788,
2022-11-24 06:30:00+00:00,0.08236,0.08265,0.08239,0.08264,282693.2,0.08251,23325.015932,282693.2,23325.015932,
2022-11-24 06:35:00+00:00,0.08255,0.08268,0.08262,0.08259,135635.3,0.08261,11204.832133,135635.3,11204.832133,
2022-11-24 06:40:00+00:00,0.08256,0.08275,0.08259,0.08269,450016.4,0.082648,37192.9554272,450016.4,37192.9554272,
2022-11-24 06:45:00+00:00,0.08252,0.08274,0.0827,0.08268,361838.5,0.08266,29909.57041,361838.5,29909.57041,
2022-11-24 06:50:00+00:00,0.08254,0.0827,0.08268,0.08264,235929.3,0.08264,19497.197352,235929.3,19497.197352,
2022-11-24 06:55:00+00:00,0.08256,0.0829,0.08263,0.08287,1520698.3,0.08274,125822.577342,1520698.3,125822.577342,
2022-11-24 07:00:00+00:00,0.08259,0.0829,0.08283,0.0826,805359.9,0.08273,66627.424527,805359.9,66627.424527,
2022-11-24 07:05:00+00:00,0.08245,0.08265,0.08258,0.08247,1089900.6,0.082538,89958.2157228,1089900.6,89958.2157228,
2022-11-24 07:10:00+00:00,0.08231,0.08249,0.08245,0.08249,524912.7,0.082435,43271.1784245,524912.7,43271.1784245,
2022-11-24 07:15:00+00:00,0.0825,0.08276,0.08251,0.08259,508170.4,0.08259,41969.793336,508170.4,41969.793336,
2022-11-24 07:20:00+00:00,0.08259,0.08275,0.0826,0.08265,482870.0,0.082648,39908.23976,482870.0,39908.23976,
2022-11-24 07:25:00+00:00,0.08263,0.08281,0.08264,0.08277,546888.9,0.082712,45234.2746968,546888.9,45234.2746968,
2022-11-24 07:30:00+00:00,0.08263,0.08292,0.08276,0.0827,664033.6,0.082752,54950.1084672,664033.6,54950.1084672,
2022-11-24 07:35:00+00:00,0.08259,0.08273,0.08269,0.08261,384097.7,0.082655,31747.5953935,384097.7,31747.5953935,
2022-11-24 07:40:00+00:00,0.0825,0.08272,0.08263,0.08261,676109.4,0.082615,55856.778081,676109.4,55856.778081,
2022-11-24 07:45:00+00:00,0.08247,0.08263,0.08259,0.08249,362790.5,0.082545,29946.5418225,362790.5,29946.5418225,
2022-11-24 07:50:00+00:00,0.08228,0.08253,0.08248,0.08228,287310.7,0.082393,23672.3905051,287310.7,23672.3905051,
2022-11-24 07:55:00+00:00,0.08175,0.08231,0.08229,0.08198,2224778.0,0.082082,182614.227796,2224778.0,182614.227796,
2022-11-24 08:00:00+00:00,0.08165,0.08214,0.08198,0.08168,1364628.1,0.081862,111711.1855222,1364628.1,111711.1855222,
2022-11-24 08:05:00+00:00,0.08141,0.08179,0.08172,0.08147,1632182.1,0.081597,133181.1628137,1632182.1,133181.1628137,
2022-11-24 08:10:00+00:00,0.08144,0.08186,0.08147,0.08186,1107590.5,0.081658,90443.625049,1107590.5,90443.625049,
2022-11-24 08:15:00+00:00,0.08171,0.08193,0.08183,0.08184,291121.0,0.081828,23821.849188,291121.0,23821.849188,
2022-11-24 08:20:00+00:00,0.08169,0.08199,0.08186,0.08172,564241.2,0.081815,46163.393778,564241.2,46163.393778,
2022-11-24 08:25:00+00:00,0.0815,0.08189,0.08176,0.08161,1015032.2,0.08169,82917.980418,1015032.2,82917.980418,
2022-11-24 08:30:00+00:00,0.08152,0.08181,0.08157,0.08171,813659.4,0.081652,66436.9173288,813659.4,66436.9173288,
2022-11-24 08:35:00+00:00,0.08172,0.08187,0.08172,0.08184,327028.5,0.081788,26747.006958,327028.5,26747.006958,
2022-11-24 08:40:00+00:00,0.08176,0.08188,0.08181,0.08181,479811.9,0.081815,39255.8105985,479811.9,39255.8105985,
2022-11-24 08:45:00+00:00,0.08179,0.08193,0.08179,0.08187,376115.4,0.081845,30783.164913,376115.4,30783.164913,
2022-11-24 08:50:00+00:00,0.0818,0.0819,0.08187,0.08181,328956.2,0.081845,26923.420189,328956.2,26923.420189,
2022-11-24 08:55:00+00:00,0.08175,0.08188,0.08179,0.08175,222358.5,0.081792,18187.146432,222358.5,18187.146432,
2022-11-24 09:00:00+00:00,0.08154,0.08181,0.08175,0.08159,931171.7,0.081672,76050.6550824,931171.7,76050.6550824,
2022-11-24 09:05:00+00:00,0.08157,0.08171,0.08158,0.08162,307589.6,0.08162,25105.463152,307589.6,25105.463152,
2022-11-24 09:10:00+00:00,0.08149,0.08172,0.08162,0.08154,195233.8,0.081592,15929.5162096,195233.8,15929.5162096,
2022-11-24 09:15:00+00:00,0.08123,0.08154,0.08151,0.08148,922553.3,0.08144,75132.740752,922553.3,75132.740752,
2022-11-24 09:20:00+00:00,0.08144,0.08158,0.08147,0.08156,240442.0,0.081512,19598.908304,240442.0,19598.908304,
2022-11-24 09:25:00+00:00,0.08155,0.08182,0.08155,0.08178,307671.5,0.081675,25129.0697625,307671.5,25129.0697625,
2022-11-24 09:30:00+00:00,0.08164,0.08182,0.08176,0.0817,665983.4,0.08173,54430.823282,665983.4,54430.823282,
2022-11-24 09:35:00+00:00,0.08168,0.08184,0.08168,0.08182,162370.0,0.081755,13274.55935,162370.0,13274.55935,
2022-11-24 09:40:00+00:00,0.08174,0.08182,0.08182,0.08179,40075.7,0.081792,3277.8716544,40075.7,3277.8716544,
2022-11-24 09:45:00+00:00,0.08164,0.08182,0.08181,0.08166,162286.7,0.081732,13264.0165644,162286.7,13264.0165644,
2022-11-24 09:50:00+00:00,0.08164,0.08184,0.08166,0.08179,292909.8,0.081732,23940.1037736,292909.8,23940.1037736,
2022-11-24 09:55:00+00:00,0.08167,0.0818,0.08179,0.08178,365657.2,0.08176,29896.132672,365657.2,29896.132672,
2022-11-24 10:00:00+00:00,0.08162,0.08179,0.08176,0.08165,117983.5,0.081705,9639.8418675,117983.5,9639.8418675,
2022-11-24 10:05:00+00:00,0.08165,0.0818,0.08167,0.08178,357819.0,0.081725,29242.757775,357819.0,29242.757775,
2022-11-24 10:10:00+00:00,0.08171,0.08182,0.08182,0.08177,493876.4,0.08178,40389.211992,493876.4,40389.211992,
2022-11-24 10:15:00+00:00,0.08158,0.0818,0.0818,0.08172,278824.3,0.081725,22786.9159175,278824.3,22786.9159175,
2022-11-24 10:20:00+00:00,0.0816,0.08176,0.08174,0.08165,168267.4,0.081688,13745.4273712,168267.4,13745.4273712,
2022-11-24 10:25:00+00:00,0.08158,0.08174,0.08163,0.08159,158063.1,0.081635,12903.4811685,158063.1,12903.4811685,
2022-11-24 10:30:00+00:00,0.08127,0.0816,0.08157,0.08136,418909.7,0.08145,34120.195065,418909.7,34120.195065,
2022-11-24 10:35:00+00:00,0.0808,0.08149,0.08139,0.0811,3446685.8,0.081195,279853.653531,3446685.8,279853.653531,
2022-11-24 10:40:00+00:00,0.08086,0.08123,0.08111,0.08091,725627.4,0.081027,58795.4113398,725627.4,58795.4113398,
2022-11-24 10:45:00+00:00,0.0804,0.08091,0.0809,0.08056,3227604.0,0.080692,260441.821968,3227604.0,260441.821968,
2022-11-24 10:50:00+00:00,0.08057,0.08081,0.08062,0.08078,984290.4,0.080695,79427.313828,984290.4,79427.313828,
2022-11-24 10:55:00+00:00,0.08074,0.08103,0.08077,0.08102,1110734.3,0.08089,89847.297527,1110734.3,89847.297527,
2022-11-24 11:00:00+00:00,0.08085,0.08112,0.08101,0.08085,1234839.3,0.080958,99970.1200494,1234839.3,99970.1200494,
2022-11-24 11:05:00+00:00,0.08071,0.08092,0.08087,0.08072,1826278.3,0.080805,147572.4180315,1826278.3,147572.4180315,
2022-11-24 11:10:00+00:00,0.08062,0.08074,0.08069,0.08066,1013717.5,0.080678,81784.700465,1013717.5,81784.700465,
2022-11-24 11:15:00+00:00,0.08046,0.08069,0.08067,0.08056,1443678.4,0.080595,116353.260648,1443678.4,116353.260648,
2022-11-24 11:20:00+00:00,0.08057,0.08069,0.08058,0.08069,246395.6,0.080632,19867.3700192,246395.6,19867.3700192,
2022-11-24 11:25:00+00:00,0.08053,0.08071,0.08069,0.08067,314439.2,0.08065,25359.52148,314439.2,25359.52148,
2022-11-24 11:30:00+00:00,0.08066,0.08084,0.08067,0.08072,665376.3,0.080722,53710.5056886,665376.3,53710.5056886,
2022-11-24 11:35:00+00:00,0.08073,0.08095,0.08073,0.08091,474461.6,0.08083,38350.731128,474461.6,38350.731128,
2022-11-24 11:40:00+00:00,0.08073,0.0809,0.0809,0.08079,635030.5,0.08083,51329.515315,635030.5,51329.515315,
2022-11-24 11:45:00+00:00,0.08082,0.08098,0.08082,0.08087,271337.5,0.080872,21943.6063,271337.5,21943.6063,
2022-11-24 11:50:00+00:00,0.08081,0.0809,0.08085,0.08084,231506.0,0.08085,18717.2601,231506.0,18717.2601,
2022-11-24 11:55:00+00:00,0.08084,0.08098,0.08084,0.08093,254989.1,0.080898,20628.1082118,254989.1,20628.1082118,
2022-11-24 12:00:00+00:00,0.08086,0.08106,0.08092,0.08103,538217.6,0.080968,43578.4026368,538217.6,43578.4026368,
2022-11-24 12:05:00+00:00,0.08095,0.08105,0.08103,0.08095,185668.0,0.080995,15038.17966,185668.0,15038.17966,
2022-11-24 12:10:00+00:00,0.08078,0.08094,0.08092,0.08078,540708.3,0.080855,43718.9695965,540708.3,43718.9695965,
2022-11-24 12:15:00+00:00,0.08075,0.08089,0.08077,0.08083,199896.7,0.08081,16153.652327,199896.7,16153.652327,
2022-11-24 12:20:00+00:00,0.08077,0.08091,0.08085,0.08083,140549.4,0.08084,11362.013496,140549.4,11362.013496,
2022-11-24 12:25:00+00:00,0.08081,0.08095,0.08081,0.08095,613679.7,0.08088,49634.414136,613679.7,49634.414136,
2022-11-24 12:30:00+00:00,0.08092,0.08116,0.08096,0.08115,376021.3,0.081048,30475.7743224,376021.3,30475.7743224,
2022-11-24 12:35:00+00:00,0.08093,0.08128,0.08114,0.08099,791828.3,0.081085,64205.3977055,791828.3,64205.3977055,
2022-11-24 12:40:00+00:00,0.08077,0.08104,0.081,0.08082,241361.6,0.080908,19528.0843328,241361.6,19528.0843328,
2022-11-24 12:45:00+00:00,0.08066,0.0809,0.08081,0.0808,583250.4,0.080792,47121.9663168,583250.4,47121.9663168,
2022-11-24 12:50:00+00:00,0.08082,0.08096,0.08082,0.08096,558096.8,0.08089,45144.450152,558096.8,45144.450152,
2022-11-24 12:55:00+00:00,0.08094,0.08115,0.08095,0.08113,380047.6,0.081042,30799.8175992,380047.6,30799.8175992,
2022-11-24 13:00:00+00:00,0.08105,0.08122,0.08111,0.08118,567382.8,0.08114,46037.440392,567382.8,46037.440392,
2022-11-24 13:05:00+00:00,0.08107,0.08126,0.08117,0.08118,610402.7,0.08117,49546.387159,610402.7,49546.387159,
2022-11-24 13:10:00+00:00,0.08109,0.0812,0.08119,0.08113,422362.2,0.081152,34275.5372544,422362.2,34275.5372544,
2022-11-24 13:15:00+00:00,0.08106,0.08119,0.08114,0.08116,317125.6,0.081138,25730.9369328,317125.6,25730.9369328,
2022-11-24 13:20:00+00:00,0.08104,0.08129,0.08114,0.0811,726061.5,0.081142,58914.082233,726061.5,58914.082233,
2022-11-24 13:25:00+00:00,0.08109,0.08119,0.08109,0.08119,207319.1,0.08114,16821.871774,207319.1,16821.871774,
2022-11-24 13:30:00+00:00,0.08101,0.08134,0.08119,0.08128,375576.2,0.081205,30498.665321,375576.2,30498.665321,
2022-11-24 13:35:00+00:00,0.08121,0.08143,0.08125,0.08128,400350.5,0.081292,32545.292846,400350.5,32545.292846,
2022-11-24 13:40:00+00:00,0.08125,0.08138,0.08128,0.0813,299777.0,0.081302,24372.469654,299777.0,24372.469654,
2022-11-24 13:45:00+00:00,0.08127,0.08145,0.08131,0.0814,435635.2,0.081358,35442.4086016,435635.2,35442.4086016,
2022-11-24 13:50:00+00:00,0.08134,0.08159,0.08138,0.08155,965524.8,0.081465,78656.477832,965524.8,78656.477832,
2022-11-24 13:55:00+00:00,0.08141,0.08177,0.08157,0.08142,785682.4,0.081542,64066.1142608,785682.4,64066.1142608,
2022-11-24 14:00:00+00:00,0.08128,0.08151,0.08144,0.08141,275826.0,0.08141,22454.99466,275826.0,22454.99466,
2022-11-24 14:05:00+00:00,0.08132,0.08145,0.08142,0.08141,191668.5,0.0814,15601.8159,191668.5,15601.8159,
2022-11-24 14:10:00+00:00,0.08131,0.08143,0.08139,0.08131,223549.4,0.08136,18187.979184,223549.4,18187.979184,
2022-11-24 14:15:00+00:00,0.08073,0.08138,0.08132,0.08075,2638521.3,0.081045,213838.9587585,2638521.3,213838.9587585,
2022-11-24 14:20:00+00:00,0.08074,0.08098,0.08074,0.08093,633709.4,0.080848,51234.1375712,633709.4,51234.1375712,
2022-11-24 14:25:00+00:00,0.0809,0.08104,0.08093,0.08091,363213.3,0.080945,29400.3005685,363213.3,29400.3005685,
2022-11-24 14:30:00+00:00,0.08089,0.08116,0.08092,0.08106,443406.7,0.081008,35919.4899536,443406.7,35919.4899536,
2022-11-24 14:35:00+00:00,0.081,0.08119,0.08104,0.08115,255393.5,0.081095,20711.1358825,255393.5,20711.1358825,
2022-11-24 14:40:00+00:00,0.08109,0.08122,0.08114,0.08116,575951.0,0.081152,46739.575552,575951.0,46739.575552,
2022-11-24 14:45:00+00:00,0.08114,0.08131,0.08115,0.08126,404565.9,0.081215,32856.8195685,404565.9,32856.8195685,
2022-11-24 14:50:00+00:00,0.08103,0.08128,0.0812,0.08105,248532.9,0.08114,20165.959506,248532.9,20165.959506,
2022-11-24 14:55:00+00:00,0.08092,0.08114,0.08106,0.08092,371555.1,0.08101,30099.678651,371555.1,30099.678651,
2022-11-24 15:00:00+00:00,0.08078,0.08105,0.08095,0.08083,496622.0,0.080902,40177.713044,496622.0,40177.713044,
2022-11-24 15:05:00+00:00,0.08067,0.08085,0.08083,0.08077,776439.3,0.08078,62720.766654,776439.3,62720.766654,
2022-11-24 15:10:00+00:00,0.08071,0.08092,0.08076,0.08091,261563.4,0.080825,21140.861805,261563.4,21140.861805,
2022-11-24 15:15:00+00:00,0.08088,0.08124,0.08089,0.08119,622761.2,0.08105,50474.79526,622761.2,50474.79526,
2022-11-24 15:20:00+00:00,0.08115,0.08128,0.08118,0.08124,302212.1,0.081212,24543.2490652,302212.1,24543.2490652,
2022-11-24 15:25:00+00:00,0.08115,0.08134,0.0812,0.08131,539490.9,0.08125,43833.635625,539490.9,43833.635625,
2022-11-24 15:30:00+00:00,0.08119,0.08135,0.08131,0.08121,256164.6,0.081265,20817.216219,256164.6,20817.216219,
2022-11-24 15:35:00+00:00,0.08119,0.08151,0.08119,0.0813,761763.1,0.081298,61929.8165038,761763.1,61929.8165038,
2022-11-24 15:40:00+00:00,0.08122,0.08142,0.0813,0.08138,442494.1,0.08133,35988.045153,442494.1,35988.045153,
2022-11-24 15:45:00+00:00,0.08121,0.08142,0.0814,0.08122,514632.7,0.081313,41846.3287351,514632.7,41846.3287351,
2022-11-24 15:50:00+00:00,0.08121,0.08134,0.08121,0.08128,1003956.0,0.08126,81581.46456,1003956.0,81581.46456,
2022-11-24 15:55:00+00:00,0.08126,0.08135,0.08128,0.08127,124384.0,0.08129,10111.17536,124384.0,10111.17536,
2022-11-24 16:00:00+00:00,0.0812,0.08139,0.08131,0.0812,473553.5,0.081275,38488.0607125,473553.5,38488.0607125,
2022-11-24 16:05:00+00:00,0.08117,0.08158,0.0812,0.08143,684813.1,0.081345,55706.1216195,684813.1,55706.1216195,
2022-11-24 16:10:00+00:00,0.08139,0.08172,0.08142,0.08158,1489184.8,0.081528,121410.2583744,1489184.8,121410.2583744,
2022-11-24 16:15:00+00:00,0.0814,0.08175,0.08153,0.08158,869771.6,0.081565,70942.920554,869771.6,70942.920554,
2022-11-24 16:20:00+00:00,0.08104,0.08155,0.08155,0.08121,911344.0,0.081338,74126.898272,911344.0,74126.898272,
2022-11-24 16:25:00+00:00,0.08087,0.0812,0.0812,0.08101,2118917.1,0.08107,171780.609297,2118917.1,171780.609297,
2022-11-24 16:30:00+00:00,0.08067,0.08101,0.08099,0.08081,784990.3,0.08087,63482.165561,784990.3,63482.165561,
2022-11-24 16:35:00+00:00,0.08075,0.0814,0.0808,0.08134,1772004.1,0.081072,143659.9163952,1772004.1,143659.9163952,
2022-11-24 16:40:00+00:00,0.08127,0.08164,0.08132,0.08155,1377799.7,0.081445,112214.8965665,1377799.7,112214.8965665,
2022-11-24 16:45:00+00:00,0.08134,0.08162,0.08154,0.08144,630773.2,0.081485,51398.554202,630773.2,51398.554202,
2022-11-24 16:50:00+00:00,0.08134,0.08149,0.08144,0.08138,342284.8,0.081412,27866.0901376,342284.8,27866.0901376,
2022-11-24 16:55:00+00:00,0.08131,0.08156,0.08136,0.08138,692098.3,0.081402,56338.1858166,692098.3,56338.1858166,
2022-11-24 17:00:00+00:00,0.08108,0.08138,0.08137,0.08127,659199.8,0.081275,53576.463745,659199.8,53576.463745,
2022-11-24 17:05:00+00:00,0.08128,0.08152,0.08129,0.08143,568241.6,0.08138,46243.501408,568241.6,46243.501408,
2022-11-24 17:10:00+00:00,0.08121,0.08141,0.0814,0.08123,321271.2,0.081313,26123.5250856,321271.2,26123.5250856,
2022-11-24 17:15:00+00:00,0.0811,0.08125,0.08125,0.08113,1039360.2,0.081182,84377.3397564,1039360.2,84377.3397564,
2022-11-24 17:20:00+00:00,0.08108,0.08136,0.08116,0.08121,1266525.0,0.081202,102844.36305,1266525.0,102844.36305,
2022-11-24 17:25:00+00:00,0.08117,0.08126,0.08117,0.0812,140609.9,0.0812,11417.52388,140609.9,11417.52388,
2022-11-24 17:30:00+00:00,0.08099,0.08125,0.08121,0.08104,357933.3,0.081122,29036.2651626,357933.3,29036.2651626,
2022-11-24 17:35:00+00:00,0.08092,0.0811,0.08102,0.081,319066.6,0.08101,25847.585266,319066.6,25847.585266,
2022-11-24 17:40:00+00:00,0.08098,0.08114,0.08099,0.08112,401764.6,0.081058,32566.2349468,401764.6,32566.2349468,
2022-11-24 17:45:00+00:00,0.08103,0.08125,0.08111,0.08112,2097059.6,0.081127,170128.1541692,2097059.6,170128.1541692,
2022-11-24 17:50:00+00:00,0.08099,0.08118,0.08112,0.08099,281854.6,0.08107,22849.952422,281854.6,22849.952422,
2022-11-24 17:55:00+00:00,0.08089,0.08111,0.081,0.08092,431717.1,0.08098,34960.450758,431717.1,34960.450758,
2022-11-24 18:00:00+00:00,0.08081,0.08101,0.08091,0.08086,490475.1,0.080898,39678.4546398,490475.1,39678.4546398,
2022-11-24 18:05:00+00:00,0.08083,0.08094,0.08085,0.08091,521797.8,0.080882,42204.0496596,521797.8,42204.0496596,
2022-11-24 18:10:00+00:00,0.08085,0.08097,0.08093,0.08094,466576.2,0.080922,37756.2792564,466576.2,37756.2792564,
2022-11-24 18:15:00+00:00,0.08086,0.08101,0.08095,0.08098,329254.1,0.08095,26653.119395,329254.1,26653.119395,
2022-11-24 18:20:00+00:00,0.08094,0.08108,0.08096,0.08094,440795.6,0.08098,35695.627688,440795.6,35695.627688,
2022-11-24 18:25:00+00:00,0.08092,0.08103,0.08094,0.08103,117132.3,0.08098,9485.373654,117132.3,9485.373654,
2022-11-24 18:30:00+00:00,0.08099,0.08119,0.081,0.08115,325221.7,0.081082,26369.6258794,325221.7,26369.6258794,
2022-11-24 18:35:00+00:00,0.08113,0.08126,0.08114,0.08116,119350.2,0.081172,9687.8944344,119350.2,9687.8944344,
2022-11-24 18:40:00+00:00,0.08108,0.08124,0.08114,0.08108,304906.1,0.081135,24738.5564235,304906.1,24738.5564235,
2022-11-24 18:45:00+00:00,0.08101,0.08114,0.08108,0.08108,204923.2,0.081078,16614.7632096,204923.2,16614.7632096,
2022-11-24 18:50:00+00:00,0.08105,0.08138,0.08109,0.08136,457917.2,0.08122,37192.034984,457917.2,37192.034984,
2022-11-24 18:55:00+00:00,0.0813,0.08146,0.08135,0.0814,564293.7,0.081377,45920.5284249,564293.7,45920.5284249,
2022-11-24 19:00:00+00:00,0.08126,0.08148,0.08139,0.08133,592792.0,0.081365,48232.52108,592792.0,48232.52108,
2022-11-24 19:05:00+00:00,0.08115,0.08137,0.08133,0.08122,154108.6,0.081268,12524.0977048,154108.6,12524.0977048,
2022-11-24 19:10:00+00:00,0.0812,0.08133,0.08123,0.08131,54834.1,0.081267,4456.2028047,54834.1,4456.2028047,
2022-11-24 19:15:00+00:00,0.08121,0.08132,0.08127,0.08125,129067.5,0.081262,10488.283185,129067.5,10488.283185,
2022-11-24 19:20:00+00:00,0.0812,0.08132,0.08127,0.0812,612332.3,0.081248,49750.7747104,612332.3,49750.7747104,
2022-11-24 19:25:00+00:00,0.08118,0.08132,0.08119,0.08125,104618.6,0.081235,8498.691971,104618.6,8498.691971,
2022-11-24 19:30:00+00:00,0.08119,0.08134,0.08125,0.08121,404659.6,0.081248,32877.7831808,404659.6,32877.7831808,
2022-11-24 19:35:00+00:00,0.08104,0.08125,0.08122,0.08112,156461.1,0.081158,12698.0699538,156461.1,12698.0699538,
2022-11-24 19:40:00+00:00,0.08106,0.08121,0.08112,0.08112,178441.9,0.081127,14476.4560213,178441.9,14476.4560213,
2022-11-24 19:45:00+00:00,0.08109,0.08124,0.08111,0.08115,303956.3,0.081148,24665.4458324,303956.3,24665.4458324,
2022-11-24 19:50:00+00:00,0.08098,0.08117,0.08113,0.0811,486381.7,0.081095,39443.1239615,486381.7,39443.1239615,
2022-11-24 19:55:00+00:00,0.08109,0.08122,0.08109,0.08119,265955.5,0.081148,21581.756914,265955.5,21581.756914,
2022-11-24 20:00:00+00:00,0.0811,0.08131,0.08118,0.0813,540943.3,0.081222,43936.4967126,540943.3,43936.4967126,
2022-11-24 20:05:00+00:00,0.08125,0.08136,0.0813,0.08129,553175.6,0.0813,44973.17628,553175.6,44973.17628,
2022-11-24 20:10:00+00:00,0.0812,0.08136,0.0813,0.08136,217403.1,0.081305,17675.9590455,217403.1,17675.9590455,
2022-11-24 20:15:00+00:00,0.08122,0.08135,0.08133,0.08135,288096.1,0.081313,23425.9581793,288096.1,23425.9581793,
2022-11-24 20:20:00+00:00,0.0812,0.08135,0.08133,0.0812,395897.0,0.08127,32174.54919,395897.0,32174.54919,
2022-11-24 20:25:00+00:00,0.08112,0.08126,0.08117,0.08118,1222469.2,0.081182,99242.4945944,1222469.2,99242.4945944,
2022-11-24 20:30:00+00:00,0.08102,0.08123,0.0812,0.08109,397777.6,0.081135,32273.685576,397777.6,32273.685576,
2022-11-24 20:35:00+00:00,0.08101,0.08117,0.08109,0.08113,204496.5,0.0811,16584.66615,204496.5,16584.66615,
2022-11-24 20:40:00+00:00,0.08098,0.08118,0.08113,0.08106,329731.1,0.081088,26737.2354368,329731.1,26737.2354368,
2022-11-24 20:45:00+00:00,0.08097,0.08107,0.08105,0.08107,319546.8,0.08104,25896.072672,319546.8,25896.072672,
2022-11-24 20:50:00+00:00,0.08096,0.08105,0.08105,0.08097,92615.8,0.081008,7502.6207264,92615.8,7502.6207264,
2022-11-24 20:55:00+00:00,0.08085,0.08105,0.081,0.08101,333800.3,0.080978,27030.4806934,333800.3,27030.4806934,
2022-11-24 21:00:00+00:00,0.08091,0.08114,0.08101,0.08093,676756.8,0.080998,54815.9472864,676756.8,54815.9472864,
2022-11-24 21:05:00+00:00,0.08088,0.08105,0.08093,0.08101,441110.4,0.080968,35715.8268672,441110.4,35715.8268672,
2022-11-24 21:10:00+00:00,0.08092,0.08101,0.08099,0.08096,207570.5,0.08097,16806.983385,207570.5,16806.983385,
2022-11-24 21:15:00+00:00,0.08084,0.08102,0.08098,0.08085,773993.5,0.080922,62633.102007,773993.5,62633.102007,
2022-11-24 21:20:00+00:00,0.08078,0.08097,0.08087,0.08097,308939.8,0.080898,24992.6119404,308939.8,24992.6119404,
2022-11-24 21:25:00+00:00,0.08095,0.08107,0.081,0.081,134210.9,0.081005,10871.7539545,134210.9,10871.7539545,
2022-11-24 21:30:00+00:00,0.08085,0.08104,0.08101,0.08085,304814.0,0.080938,24671.035532,304814.0,24671.035532,
2022-11-24 21:35:00+00:00,0.08078,0.08099,0.08085,0.08098,241698.8,0.0809,19553.43292,241698.8,19553.43292,
2022-11-24 21:40:00+00:00,0.08088,0.08107,0.08098,0.08096,368107.1,0.080972,29806.3681012,368107.1,29806.3681012,
2022-11-24 21:45:00+00:00,0.0809,0.08106,0.08098,0.0809,393165.8,0.08096,31830.703168,393165.8,31830.703168,
2022-11-24 21:50:00+00:00,0.08079,0.08099,0.0809,0.08088,375539.8,0.08089,30377.414422,375539.8,30377.414422,
2022-11-24 21:55:00+00:00,0.08083,0.08095,0.08089,0.08085,501323.9,0.08088,40547.077032,501323.9,40547.077032,
2022-11-24 22:00:00+00:00,0.08084,0.08108,0.08084,0.08097,635507.0,0.080932,51432.852524,635507.0,51432.852524,
2022-11-24 22:05:00+00:00,0.08095,0.08107,0.08096,0.08105,194330.4,0.081008,15742.3170432,194330.4,15742.3170432,
2022-11-24 22:10:00+00:00,0.08098,0.08106,0.08105,0.08103,729607.2,0.08103,59120.071416,729607.2,59120.071416,
2022-11-24 22:15:00+00:00,0.08102,0.08111,0.08104,0.08105,158068.9,0.081055,12812.2746895,158068.9,12812.2746895,
2022-11-24 22:20:00+00:00,0.08103,0.08118,0.08105,0.08111,174298.1,0.081092,14134.1815252,174298.1,14134.1815252,
2022-11-24 22:25:00+00:00,0.0811,0.08116,0.08112,0.08113,137051.9,0.081127,11118.6094913,137051.9,11118.6094913,
2022-11-24 22:30:00+00:00,0.08105,0.08115,0.08113,0.08111,463100.1,0.08111,37562.049111,463100.1,37562.049111,
2022-11-24 22:35:00+00:00,0.0811,0.08128,0.08111,0.08113,405778.5,0.081155,32930.9541675,405778.5,32930.9541675,
2022-11-24 22:40:00+00:00,0.08102,0.08116,0.08115,0.08107,147535.1,0.0811,11965.09661,147535.1,11965.09661,
2022-11-24 22:45:00+00:00,0.08107,0.08125,0.08108,0.08113,137818.5,0.081132,11181.490542,137818.5,11181.490542,
2022-11-24 22:50:00+00:00,0.08113,0.08131,0.08114,0.08119,260568.5,0.081192,21156.077652,260568.5,21156.077652,
2022-11-24 22:55:00+00:00,0.08116,0.08131,0.08117,0.08131,212069.8,0.081238,17228.1264124,212069.8,17228.1264124,
2022-11-24 23:00:00+00:00,0.08108,0.08144,0.08131,0.08129,861676.4,0.08128,70037.057792,861676.4,70037.057792,
2022-11-24 23:05:00+00:00,0.0811,0.08134,0.0813,0.08126,825835.2,0.08125,67099.11,825835.2,67099.11,
2022-11-24 23:10:00+00:00,0.08114,0.08133,0.08126,0.0813,648081.5,0.081258,52661.806527,648081.5,52661.806527,
2022-11-24 23:15:00+00:00,0.08115,0.08138,0.08131,0.08126,1173468.5,0.081275,95373.6523375,1173468.5,95373.6523375,
2022-11-24 23:20:00+00:00,0.08124,0.08146,0.08124,0.08138,464409.9,0.08133,37770.457167,464409.9,37770.457167,
2022-11-24 23:25:00+00:00,0.08136,0.08148,0.08137,0.08143,604605.1,0.08141,49220.901191,604605.1,49220.901191,
2022-11-24 23:30:00+00:00,0.08131,0.08144,0.08144,0.08136,614593.9,0.081388,50020.5683332,614593.9,50020.5683332,
2022-11-24 23:35:00+00:00,0.08135,0.08155,0.08136,0.08155,215311.7,0.081452,17537.5685884,215311.7,17537.5685884,
2022-11-24 23:40:00+00:00,0.08128,0.08155,0.0815,0.0813,604831.3,0.081408,49238.1064704,604831.3,49238.1064704,
2022-11-24 23:45:00+00:00,0.08129,0.08143,0.08132,0.08141,474943.9,0.081362,38642.3855918,474943.9,38642.3855918,
2022-11-24 23:50:00+00:00,0.08132,0.08142,0.08139,0.08142,251599.2,0.081388,20477.1556896,251599.2,20477.1556896,
2022-11-24 23:55:00+00:00,0.08137,0.08152,0.08142,0.08138,574711.6,0.081422,46794.1678952,574711.6,46794.1678952,
2022-11-25 00:00:00+00:00,0.08126,0.08141,0.08138,0.08141,611514.6,0.081365,49755.885429,611514.6,49755.885429,
2022-11-25 00:05:00+00:00,0.08101,0.08161,0.08142,0.08101,1219757.4,0.081262,99119.9258388,1219757.4,99119.9258388,
2022-11-25 00:10:00+00:00,0.08071,0.08105,0.08101,0.08086,1508707.4,0.080908,122066.4983192,1508707.4,122066.4983192,
2022-11-25 00:15:00+00:00,0.08079,0.08112,0.08087,0.08096,724081.1,0.080935,58603.5038285,724081.1,58603.5038285,
2022-11-25 00:20:00+00:00,0.08067,0.08108,0.08095,0.08074,1752105.8,0.08086,141675.274988,1752105.8,141675.274988,
2022-11-25 00:25:00+00:00,0.08073,0.08106,0.08076,0.08097,1160095.0,0.08088,93828.4836,1160095.0,93828.4836,
2022-11-25 00:30:00+00:00,0.08092,0.08112,0.08097,0.0811,822713.6,0.081028,66662.8375808,822713.6,66662.8375808,
2022-11-25 00:35:00+00:00,0.08108,0.08148,0.08109,0.08148,657045.3,0.081282,53405.9560746,657045.3,53405.9560746,
2022-11-25 00:40:00+00:00,0.0814,0.08247,0.0815,0.08205,4343249.4,0.081855,355516.679637,4343249.4,355516.679637,
2022-11-25 00:45:00+00:00,0.08142,0.08205,0.08205,0.08146,2341670.8,0.081745,191419.879546,2341670.8,191419.879546,
2022-11-25 00:50:00+00:00,0.08139,0.08159,0.08147,0.08145,464999.5,0.081475,37885.8342625,464999.5,37885.8342625,
2022-11-25 00:55:00+00:00,0.08139,0.08164,0.08146,0.08155,792057.7,0.08151,64560.623127,792057.7,64560.623127,
2022-11-25 01:00:00+00:00,0.08129,0.0816,0.08152,0.08132,684297.2,0.081432,55723.6895904,684297.2,55723.6895904,
2022-11-25 01:05:00+00:00,0.08126,0.08194,0.08133,0.08174,3010610.7,0.081568,245569.4935776,3010610.7,245569.4935776,
2022-11-25 01:10:00+00:00,0.08172,0.08204,0.08172,0.08182,1861019.2,0.081825,152277.89604,1861019.2,152277.89604,
2022-11-25 01:15:00+00:00,0.0818,0.08241,0.08183,0.08211,3321882.1,0.082038,272520.5637198,3321882.1,272520.5637198,
2022-11-25 01:20:00+00:00,0.08213,0.08308,0.08213,0.08283,3579949.4,0.082542,295496.1833748,3579949.4,295496.1833748,
2022-11-25 01:25:00+00:00,0.08256,0.08324,0.08281,0.0829,4656952.7,0.082878,385958.9258706,4656952.7,385958.9258706,
2022-11-25 01:30:00+00:00,0.08245,0.08294,0.08287,0.08245,3628174.7,0.082678,299970.2278466,3628174.7,299970.2278466,
2022-11-25 01:35:00+00:00,0.0824,0.08266,0.08248,0.08252,1646459.3,0.082515,135857.5891395,1646459.3,135857.5891395,
2022-11-25 01:40:00+00:00,0.08223,0.08251,0.08251,0.08223,1965857.4,0.08237,161927.674038,1965857.4,161927.674038,
2022-11-25 01:45:00+00:00,0.08212,0.08238,0.08222,0.0822,1697787.5,0.08223,139609.066125,1697787.5,139609.066125,
2022-11-25 01:50:00+00:00,0.08192,0.08228,0.08221,0.08202,2166648.3,0.082108,177899.1586164,2166648.3,177899.1586164,
2022-11-25 01:55:00+00:00,0.0817,0.08203,0.08202,0.08185,1194861.0,0.0819,97859.1159,1194861.0,97859.1159,
2022-11-25 02:00:00+00:00,0.08046,0.08191,0.08188,0.08082,7760682.6,0.081267,630687.3928542,7760682.6,630687.3928542,
2022-11-25 02:05:00+00:00,0.08073,0.08115,0.08082,0.08111,2582536.4,0.080952,209061.4866528,2582536.4,209061.4866528,
2022-11-25 02:10:00+00:00,0.08108,0.08134,0.0811,0.08125,1441104.0,0.081192,117006.115968,1441104.0,117006.115968,
2022-11-25 02:15:00+00:00,0.08128,0.08158,0.08129,0.08141,1286695.7,0.08139,104724.163023,1286695.7,104724.163023,
2022-11-25 02:20:00+00:00,0.08124,0.08153,0.08145,0.08141,1116556.3,0.081408,90896.6152704,1116556.3,90896.6152704,
2022-11-25 02:25:00+00:00,0.08112,0.08147,0.08141,0.08126,817209.0,0.081315,66451.349835,817209.0,66451.349835,
2022-11-25 02:30:00+00:00,0.08113,0.08159,0.08124,0.08156,2175600.1,0.08138,177050.336138,2175600.1,177050.336138,
2022-11-25 02:35:00+00:00,0.08138,0.08162,0.08157,0.0816,1271479.3,0.081542,103678.9650806,1271479.3,103678.9650806,
2022-11-25 02:40:00+00:00,0.08144,0.08162,0.0816,0.08144,970424.2,0.081525,79113.832905,970424.2,79113.832905,
2022-11-25 02:45:00+00:00,0.08142,0.08159,0.08142,0.08154,580198.1,0.081492,47281.5035652,580198.1,47281.5035652,
2022-11-25 02:50:00+00:00,0.08147,0.08157,0.08154,0.08156,486910.9,0.081535,39700.2802315,486910.9,39700.2802315,
2022-11-25 02:55:00+00:00,0.08148,0.08157,0.08156,0.08156,271382.7,0.081542,22129.0881234,271382.7,22129.0881234,
2022-11-25 03:00:00+00:00,0.08123,0.08156,0.08156,0.08125,513254.3,0.0814,41778.90002,513254.3,41778.90002,
2022-11-25 03:05:00+00:00,0.08116,0.08134,0.08123,0.08125,430425.1,0.081245,34969.8872495,430425.1,34969.8872495,
2022-11-25 03:10:00+00:00,0.08124,0.0815,0.08125,0.08145,565702.7,0.08136,46025.571672,565702.7,46025.571672,
2022-11-25 03:15:00+00:00,0.08124,0.08145,0.08145,0.08125,660381.5,0.081348,53720.714262,660381.5,53720.714262,
2022-11-25 03:20:00+00:00,0.08116,0.08155,0.08123,0.08138,1350483.5,0.08133,109834.823055,1350483.5,109834.823055,
2022-11-25 03:25:00+00:00,0.08136,0.08146,0.08137,0.08144,363457.7,0.081408,29588.3644416,363457.7,29588.3644416,
2022-11-25 03:30:00+00:00,0.08141,0.08157,0.08144,0.0815,412958.1,0.08148,33647.825988,412958.1,33647.825988,
2022-11-25 03:35:00+00:00,0.08136,0.08152,0.08152,0.0814,553574.3,0.08145,45088.626735,553574.3,45088.626735,
2022-11-25 03:40:00+00:00,0.08145,0.08191,0.08145,0.08191,3679292.8,0.08168,300524.635904,3679292.8,300524.635904,
2022-11-25 03:45:00+00:00,0.08179,0.08216,0.0819,0.08207,1750918.4,0.08198,143540.290432,1750918.4,143540.290432,
2022-11-25 03:50:00+00:00,0.08203,0.08235,0.08206,0.08231,1525252.1,0.082188,125357.4195948,1525252.1,125357.4195948,
2022-11-25 03:55:00+00:00,0.08198,0.08235,0.08231,0.08205,2012944.8,0.082172,165407.7001056,2012944.8,165407.7001056,
2022-11-25 04:00:00+00:00,0.08198,0.08216,0.08205,0.082,1411009.2,0.082048,115770.4828416,1411009.2,115770.4828416,
2022-11-25 04:05:00+00:00,0.08197,0.08234,0.08202,0.08224,1346595.8,0.082142,110612.0722036,1346595.8,110612.0722036,
2022-11-25 04:10:00+00:00,0.08218,0.08242,0.08224,0.0824,584445.5,0.08231,48105.709105,584445.5,48105.709105,
2022-11-25 04:15:00+00:00,0.08212,0.08248,0.08242,0.08227,2211367.0,0.082322,182044.154174,2211367.0,182044.154174,
2022-11-25 04:20:00+00:00,0.08197,0.08228,0.08228,0.08202,1701258.7,0.082138,139737.9871006,1701258.7,139737.9871006,
2022-11-25 04:25:00+00:00,0.08182,0.08203,0.08199,0.08184,812702.6,0.08192,66576.596992,812702.6,66576.596992,
2022-11-25 04:30:00+00:00,0.08184,0.08208,0.08187,0.08184,899331.7,0.081908,73662.4608836,899331.7,73662.4608836,
2022-11-25 04:35:00+00:00,0.08142,0.08182,0.08182,0.08143,2210569.4,0.081622,180431.0955668,2210569.4,180431.0955668,
2022-11-25 04:40:00+00:00,0.08135,0.08169,0.08142,0.08144,3802168.9,0.081475,309781.7111275,3802168.9,309781.7111275,
2022-11-25 04:45:00+00:00,0.08115,0.08157,0.08142,0.0815,2256114.4,0.08141,183670.273304,2256114.4,183670.273304,
2022-11-25 04:50:00+00:00,0.08137,0.08156,0.0815,0.08138,1071755.0,0.081452,87296.58826,1071755.0,87296.58826,
2022-11-25 04:55:00+00:00,0.08112,0.08145,0.0814,0.08134,2044568.6,0.081328,166280.6751008,2044568.6,166280.6751008,
2022-11-25 05:00:00+00:00,0.0811,0.08137,0.08137,0.08115,1019582.7,0.081248,82839.0552096,1019582.7,82839.0552096,
2022-11-25 05:05:00+00:00,0.0811,0.0812,0.08114,0.08114,622555.5,0.081145,50517.2660475,622555.5,50517.2660475,
2022-11-25 05:10:00+00:00,0.08101,0.08115,0.08114,0.08105,694246.5,0.081088,56295.060192,694246.5,56295.060192,
2022-11-25 05:15:00+00:00,0.08097,0.08131,0.08105,0.08126,910708.5,0.081148,73902.173358,910708.5,73902.173358,
2022-11-25 05:20:00+00:00,0.08119,0.0814,0.08125,0.08135,706408.3,0.081298,57429.5819734,706408.3,57429.5819734,
2022-11-25 05:25:00+00:00,0.08117,0.08135,0.08132,0.0812,1003353.7,0.08126,81532.521662,1003353.7,81532.521662,
2022-11-25 05:30:00+00:00,0.08119,0.08149,0.0812,0.08139,1875392.2,0.081318,152503.1429196,1875392.2,152503.1429196,
2022-11-25 05:35:00+00:00,0.08127,0.08136,0.08136,0.08133,381275.5,0.08133,31009.136415,381275.5,31009.136415,
2022-11-25 05:40:00+00:00,0.08123,0.08134,0.08134,0.08127,659829.4,0.081295,53640.831073,659829.4,53640.831073,
2022-11-25 05:45:00+00:00,0.08123,0.08132,0.08126,0.08123,252497.2,0.08126,20517.922472,252497.2,20517.922472,
2022-11-25 05:50:00+00:00,0.0811,0.08126,0.08123,0.08121,673110.8,0.0812,54656.59696,673110.8,54656.59696,
2022-11-25 05:55:00+00:00,0.08097,0.08127,0.0812,0.08098,1276349.4,0.081105,103518.318087,1276349.4,103518.318087,
2022-11-25 06:00:00+00:00,0.08088,0.08123,0.08098,0.08113,1796138.3,0.081055,145585.9899065,1796138.3,145585.9899065,
2022-11-25 06:05:00+00:00,0.08095,0.08118,0.08112,0.08107,868199.2,0.08108,70393.591136,868199.2,70393.591136,
2022-11-25 06:10:00+00:00,0.08101,0.08122,0.08106,0.08118,358036.8,0.081118,29043.2291424,358036.8,29043.2291424,
2022-11-25 06:15:00+00:00,0.08117,0.08142,0.08119,0.08131,583290.7,0.081272,47405.2017704,583290.7,47405.2017704,
2022-11-25 06:20:00+00:00,0.08126,0.08145,0.08131,0.08132,645439.6,0.081335,52496.829866,645439.6,52496.829866,
2022-11-25 06:25:00+00:00,0.0813,0.08154,0.08131,0.08145,664183.9,0.0814,54064.56946,664183.9,54064.56946,
2022-11-25 06:30:00+00:00,0.08146,0.08188,0.08146,0.08183,1534963.4,0.081658,125342.0413172,1534963.4,125342.0413172,
2022-11-25 06:35:00+00:00,0.08167,0.08189,0.08181,0.08179,1018176.1,0.08179,83276.623219,1018176.1,83276.623219,
2022-11-25 06:40:00+00:00,0.08164,0.08199,0.08177,0.0817,1618696.8,0.081775,132368.93082,1618696.8,132368.93082,
2022-11-25 06:45:00+00:00,0.08171,0.08201,0.08171,0.08201,1611931.3,0.08186,131952.696218,1611931.3,131952.696218,
2022-11-25 06:50:00+00:00,0.08199,0.08227,0.08201,0.08221,1158313.8,0.08212,95120.729256,1158313.8,95120.729256,
2022-11-25 06:55:00+00:00,0.08199,0.08223,0.08222,0.08212,504851.2,0.08214,41468.477568,504851.2,41468.477568,
2022-11-25 07:00:00+00:00,0.08185,0.08219,0.08212,0.08192,1292896.3,0.08202,106043.354526,1292896.3,106043.354526,
2022-11-25 07:05:00+00:00,0.08176,0.08194,0.08192,0.08179,950017.4,0.081852,77760.8242248,950017.4,77760.8242248,
2022-11-25 07:10:00+00:00,0.08177,0.082,0.08177,0.0819,630700.1,0.08186,51629.110186,630700.1,51629.110186,
2022-11-25 07:15:00+00:00,0.08183,0.08203,0.08191,0.08183,1038532.0,0.0819,85055.7708,1038532.0,85055.7708,
2022-11-25 07:20:00+00:00,0.0818,0.08194,0.08182,0.08189,379167.0,0.081862,31039.368954,379167.0,31039.368954,
2022-11-25 07:25:00+00:00,0.08187,0.08198,0.08189,0.08195,496340.0,0.081923,40661.66182,496340.0,40661.66182,
2022-11-25 07:30:00+00:00,0.0819,0.08203,0.08194,0.08193,736185.4,0.08195,60330.39353,736185.4,60330.39353,
2022-11-25 07:35:00+00:00,0.08185,0.08198,0.08195,0.08185,706120.0,0.081908,57836.87696,706120.0,57836.87696,
2022-11-25 07:40:00+00:00,0.08182,0.08196,0.08184,0.08193,223055.5,0.081888,18265.568784,223055.5,18265.568784,
2022-11-25 07:45:00+00:00,0.08191,0.0822,0.08194,0.08208,844358.0,0.082032,69264.375456,844358.0,69264.375456,
2022-11-25 07:50:00+00:00,0.08198,0.0821,0.08208,0.08202,197554.0,0.082045,16208.31793,197554.0,16208.31793,
2022-11-25 07:55:00+00:00,0.08195,0.08225,0.08204,0.08225,1458778.6,0.082122,119797.8161892,1458778.6,119797.8161892,
2022-11-25 08:00:00+00:00,0.08199,0.08254,0.08225,0.08206,2152565.9,0.08221,176962.442639,2152565.9,176962.442639,
2022-11-25 08:05:00+00:00,0.08201,0.08224,0.08206,0.08216,1323482.5,0.082118,108681.735935,1323482.5,108681.735935,
2022-11-25 08:10:00+00:00,0.08202,0.08223,0.08218,0.08204,500440.7,0.082118,41095.1894026,500440.7,41095.1894026,
2022-11-25 08:15:00+00:00,0.08207,0.08225,0.0821,0.08211,902564.2,0.082132,74129.4028744,902564.2,74129.4028744,
2022-11-25 08:20:00+00:00,0.08188,0.0822,0.08209,0.08192,990111.1,0.082022,81210.8926442,990111.1,81210.8926442,
2022-11-25 08:25:00+00:00,0.08186,0.08199,0.08191,0.08192,701110.4,0.08192,57434.963968,701110.4,57434.963968,
2022-11-25 08:30:00+00:00,0.08187,0.08194,0.08193,0.08188,227265.4,0.081905,18614.172587,227265.4,18614.172587,
2022-11-25 08:35:00+00:00,0.08166,0.08194,0.0819,0.08173,514829.1,0.081808,42117.1390128,514829.1,42117.1390128,
2022-11-25 08:40:00+00:00,0.08167,0.08178,0.08173,0.08173,295174.3,0.081728,24124.0051904,295174.3,24124.0051904,
2022-11-25 08:45:00+00:00,0.08172,0.08184,0.08174,0.08177,314249.6,0.081768,25695.5612928,314249.6,25695.5612928,
2022-11-25 08:50:00+00:00,0.08172,0.08183,0.0818,0.08173,152938.2,0.08177,12505.756614,152938.2,12505.756614,
2022-11-25 08:55:00+00:00,0.08171,0.08183,0.08173,0.08178,578031.9,0.081762,47261.0442078,578031.9,47261.0442078,
2022-11-25 09:00:00+00:00,0.08173,0.08202,0.08177,0.08194,846961.1,0.081865,69336.4704515,846961.1,69336.4704515,
2022-11-25 09:05:00+00:00,0.08195,0.08222,0.08198,0.08211,1577608.7,0.082065,129466.4579655,1577608.7,129466.4579655,
2022-11-25 09:10:00+00:00,0.08204,0.08226,0.08209,0.08206,993890.0,0.082112,81610.29568,993890.0,81610.29568,
2022-11-25 09:15:00+00:00,0.08194,0.08206,0.08206,0.08194,481639.2,0.082,39494.4144,481639.2,39494.4144,
2022-11-25 09:20:00+00:00,0.08195,0.08218,0.08195,0.08215,432488.7,0.082058,35489.1577446,432488.7,35489.1577446,
2022-11-25 09:25:00+00:00,0.08213,0.0824,0.08214,0.08229,924209.7,0.08224,76007.005728,924209.7,76007.005728,
2022-11-25 09:30:00+00:00,0.08216,0.08239,0.08229,0.08229,924868.1,0.082283,76100.9218723,924868.1,76100.9218723,
2022-11-25 09:35:00+00:00,0.08213,0.08241,0.08229,0.08214,1317962.1,0.082242,108391.8390282,1317962.1,108391.8390282,
2022-11-25 09:40:00+00:00,0.08214,0.08244,0.08214,0.0824,1447999.0,0.08228,119141.35772,1447999.0,119141.35772,
2022-11-25 09:45:00+00:00,0.08215,0.08247,0.08239,0.0822,392977.7,0.082302,32342.8506654,392977.7,32342.8506654,
2022-11-25 09:50:00+00:00,0.08209,0.08227,0.08219,0.08215,595566.1,0.082175,48940.6442675,595566.1,48940.6442675,
2022-11-25 09:55:00+00:00,0.08215,0.08229,0.08218,0.08227,770722.2,0.082222,63370.3207284,770722.2,63370.3207284,
2022-11-25 10:00:00+00:00,0.08203,0.08228,0.08227,0.08212,979284.5,0.082175,80472.7037875,979284.5,80472.7037875,
2022-11-25 10:05:00+00:00,0.08202,0.08234,0.08215,0.08234,989678.8,0.082212,81363.4735056,989678.8,81363.4735056,
2022-11-25 10:10:00+00:00,0.08235,0.08475,0.08237,0.08462,14202698.6,0.083522,1186237.7924692,14202698.6,1186237.7924692,
2022-11-25 10:15:00+00:00,0.08378,0.08515,0.08459,0.08392,8923791.6,0.08436,752811.059376,8923791.6,752811.059376,
2022-11-25 10:20:00+00:00,0.08373,0.08433,0.08391,0.08419,5326259.7,0.08404,447618.865188,5326259.7,447618.865188,
2022-11-25 10:25:00+00:00,0.08402,0.08464,0.08419,0.08441,5203352.1,0.084315,438720.6323115,5203352.1,438720.6323115,
2022-11-25 10:30:00+00:00,0.08423,0.08537,0.0844,0.0853,4653538.7,0.084825,394736.4202275,4653538.7,394736.4202275,
2022-11-25 10:35:00+00:00,0.08502,0.08631,0.08529,0.086,12057748.1,0.085655,1032806.4135055,12057748.1,1032806.4135055,
2022-11-25 10:40:00+00:00,0.0853,0.08612,0.08599,0.08578,8681025.5,0.085798,744814.625849,8681025.5,744814.625849,
2022-11-25 10:45:00+00:00,0.08539,0.08639,0.0858,0.08552,7211267.3,0.085775,618546.4526575,7211267.3,618546.4526575,
2022-11-25 10:50:00+00:00,0.08541,0.08647,0.0855,0.0859,7686209.9,0.08582,659630.533618,7686209.9,659630.533618,
2022-11-25 10:55:00+00:00,0.08574,0.08705,0.08588,0.08687,10784722.8,0.086385,931638.279078,10784722.8,931638.279078,
2022-11-25 11:00:00+00:00,0.08666,0.08824,0.08687,0.08788,7373984.2,0.087412,644574.7068904,7373984.2,644574.7068904,
2022-11-25 11:05:00+00:00,0.0879,0.08894,0.0879,0.08869,11748614.8,0.088357,1038072.3578836,11748614.8,1038072.3578836,
2022-11-25 11:10:00+00:00,0.08775,0.08892,0.08873,0.08881,9345618.8,0.088552,827573.2359776,9345618.8,827573.2359776,
2022-11-25 11:15:00+00:00,0.08882,0.09179,0.08882,0.09143,22262431.4,0.090215,2008405.248751,22262431.4,2008405.248751,
2022-11-25 11:20:00+00:00,0.09037,0.09159,0.09141,0.09062,9262515.6,0.090998,842870.3945688,9262515.6,842870.3945688,
2022-11-25 11:25:00+00:00,0.0902,0.09134,0.09058,0.09109,5434099.8,0.090803,493432.5641394,5434099.8,493432.5641394,
2022-11-25 11:30:00+00:00,0.08997,0.09153,0.09107,0.08997,5163020.7,0.090635,467950.3811445,5163020.7,467950.3811445,
2022-11-25 11:35:00+00:00,0.08934,0.09038,0.09002,0.08963,8122260.1,0.089842,729720.0919042,8122260.1,729720.0919042,
2022-11-25 11:40:00+00:00,0.08814,0.08976,0.08968,0.08852,10712900.5,0.089025,953715.9670125,10712900.5,953715.9670125,
2022-11-25 11:45:00+00:00,0.08779,0.08863,0.08854,0.08807,7003844.9,0.088257,618138.3393393,7003844.9,618138.3393393,
2022-11-25 11:50:00+00:00,0.08764,0.08817,0.08817,0.08777,4055617.9,0.087938,356642.9268902,4055617.9,356642.9268902,
2022-11-25 11:55:00+00:00,0.08755,0.08839,0.08767,0.08779,6844992.2,0.08785,601332.56477,6844992.2,601332.56477,
2022-11-25 12:00:00+00:00,0.08717,0.08832,0.08781,0.08724,5772920.3,0.087635,505909.8704905,5772920.3,505909.8704905,
2022-11-25 12:05:00+00:00,0.08722,0.08816,0.08727,0.08795,5654782.8,0.08765,495641.71242,5654782.8,495641.71242,
2022-11-25 12:10:00+00:00,0.08796,0.08835,0.08796,0.08803,4236917.6,0.088075,373166.51762,4236917.6,373166.51762,
2022-11-25 12:15:00+00:00,0.08792,0.08868,0.08809,0.08854,4281322.1,0.088308,378074.9920068,4281322.1,378074.9920068,
2022-11-25 12:20:00+00:00,0.088,0.08865,0.0886,0.0882,3025213.8,0.088362,267313.9417956,3025213.8,267313.9417956,
2022-11-25 12:25:00+00:00,0.0881,0.08851,0.08818,0.08834,2336573.5,0.088283,206279.7183005,2336573.5,206279.7183005,
2022-11-25 12:30:00+00:00,0.08829,0.08898,0.08829,0.08872,3391407.0,0.08857,300376.91799,3391407.0,300376.91799,
2022-11-25 12:35:00+00:00,0.088,0.08882,0.08877,0.08807,2383608.7,0.088415,210746.7632105,2383608.7,210746.7632105,
2022-11-25 12:40:00+00:00,0.08748,0.08816,0.08808,0.0875,3098203.7,0.087805,272037.7758785,3098203.7,272037.7758785,
2022-11-25 12:45:00+00:00,0.087,0.08783,0.0876,0.08725,3615546.9,0.08742,316071.109998,3615546.9,316071.109998,
2022-11-25 12:50:00+00:00,0.08725,0.0877,0.08727,0.08729,2566956.1,0.087378,224295.4901058,2566956.1,224295.4901058,
2022-11-25 12:55:00+00:00,0.08728,0.08752,0.08728,0.08733,2168631.3,0.087352,189434.2813176,2168631.3,189434.2813176,
2022-11-25 13:00:00+00:00,0.08713,0.08762,0.08729,0.0876,1885907.9,0.08741,164847.209539,1885907.9,164847.209539,
2022-11-25 13:05:00+00:00,0.08726,0.08785,0.08765,0.08727,4143744.3,0.087508,362610.7762044,4143744.3,362610.7762044,
2022-11-25 13:10:00+00:00,0.08613,0.08726,0.08722,0.08658,9137791.7,0.086798,793142.0439766,9137791.7,793142.0439766,
2022-11-25 13:15:00+00:00,0.08657,0.0871,0.08658,0.08694,3367731.5,0.086798,292312.358737,3367731.5,292312.358737,
2022-11-25 13:20:00+00:00,0.0868,0.08704,0.08691,0.08687,1634612.8,0.086905,142056.025384,1634612.8,142056.025384,
2022-11-25 13:25:00+00:00,0.0866,0.08721,0.08691,0.08702,3135648.4,0.086935,272597.593654,3135648.4,272597.593654,
2022-11-25 13:30:00+00:00,0.08697,0.08727,0.087,0.08713,1820069.9,0.087092,158513.5277308,1820069.9,158513.5277308,
2022-11-25 13:35:00+00:00,0.08709,0.08758,0.08709,0.08716,2876509.6,0.08723,250917.932408,2876509.6,250917.932408,
2022-11-25 13:40:00+00:00,0.08699,0.08722,0.08715,0.08718,1288077.3,0.087135,112236.6155355,1288077.3,112236.6155355,
2022-11-25 13:45:00+00:00,0.08702,0.08731,0.08717,0.08726,1295069.5,0.08719,112917.109705,1295069.5,112917.109705,
2022-11-25 13:50:00+00:00,0.08728,0.08769,0.08731,0.0876,3642153.3,0.08747,318579.149151,3642153.3,318579.149151,
2022-11-25 13:55:00+00:00,0.08715,0.0876,0.08753,0.08726,5122089.8,0.087385,447593.817173,5122089.8,447593.817173,
2022-11-25 14:00:00+00:00,0.08671,0.08726,0.08724,0.08688,3227451.7,0.087022,280859.3018374,3227451.7,280859.3018374,
2022-11-25 14:05:00+00:00,0.08679,0.08714,0.08692,0.08679,1425287.2,0.08691,123871.710552,1425287.2,123871.710552,
2022-11-25 14:10:00+00:00,0.08658,0.08715,0.08675,0.08715,2228537.5,0.086908,193677.73705,2228537.5,193677.73705,
2022-11-25 14:15:00+00:00,0.08713,0.08781,0.08714,0.08749,2604005.4,0.087392,227569.2399168,2604005.4,227569.2399168,
2022-11-25 14:20:00+00:00,0.08732,0.08757,0.08746,0.08746,1553134.8,0.087452,135824.7445296,1553134.8,135824.7445296,
2022-11-25 14:25:00+00:00,0.08743,0.08813,0.08745,0.08773,3861906.1,0.087685,338631.2363785,3861906.1,338631.2363785,
2022-11-25 14:30:00+00:00,0.08751,0.08795,0.0877,0.08758,2041173.1,0.087685,178980.2632735,2041173.1,178980.2632735,
2022-11-25 14:35:00+00:00,0.08749,0.08807,0.08758,0.08786,1387658.4,0.08775,121767.0246,1387658.4,121767.0246,
2022-11-25 14:40:00+00:00,0.08748,0.0881,0.08782,0.08763,2124441.7,0.087757,186434.6302669,2124441.7,186434.6302669,
2022-11-25 14:45:00+00:00,0.08751,0.08787,0.08763,0.08754,1186297.8,0.087638,103964.7665964,1186297.8,103964.7665964,
2022-11-25 14:50:00+00:00,0.08747,0.08794,0.08753,0.08786,1227774.6,0.0877,107675.83242,1227774.6,107675.83242,
2022-11-25 14:55:00+00:00,0.08765,0.08817,0.08784,0.08809,1301750.9,0.087938,114473.3706442,1301750.9,114473.3706442,
2022-11-25 15:00:00+00:00,0.08788,0.08862,0.08808,0.0885,4119194.0,0.08827,363601.25438,4119194.0,363601.25438,
2022-11-25 15:05:00+00:00,0.08784,0.08863,0.0885,0.08809,2451660.5,0.088265,216395.8140325,2451660.5,216395.8140325,
2022-11-25 15:10:00+00:00,0.0878,0.08817,0.08808,0.08796,2070993.7,0.088002,182251.5875874,2070993.7,182251.5875874,
2022-11-25 15:15:00+00:00,0.08794,0.08838,0.08799,0.08796,2338235.9,0.088068,205923.7592412,2338235.9,205923.7592412,
2022-11-25 15:20:00+00:00,0.0879,0.08824,0.08795,0.08812,1813743.3,0.088052,159703.7250516,1813743.3,159703.7250516,
2022-11-25 15:25:00+00:00,0.0877,0.08813,0.08812,0.08803,3162218.1,0.087995,278259.3817095,3162218.1,278259.3817095,
2022-11-25 15:30:00+00:00,0.088,0.08841,0.08803,0.08838,1191882.5,0.088205,105129.9959125,1191882.5,105129.9959125,
2022-11-25 15:35:00+00:00,0.08811,0.08843,0.08838,0.08817,2049254.4,0.088272,180891.7843968,2049254.4,180891.7843968,
2022-11-25 15:40:00+00:00,0.08799,0.08839,0.08815,0.08829,2630952.0,0.088205,232063.12116,2630952.0,232063.12116,
2022-11-25 15:45:00+00:00,0.08817,0.08858,0.08831,0.08824,1301524.1,0.088325,114957.1161325,1301524.1,114957.1161325,
2022-11-25 15:50:00+00:00,0.08798,0.0883,0.08823,0.08802,1507658.7,0.088132,132872.9765484,1507658.7,132872.9765484,
2022-11-25 15:55:00+00:00,0.08799,0.08828,0.088,0.08811,847312.1,0.088095,74643.9594495,847312.1,74643.9594495,
2022-11-25 16:00:00+00:00,0.08802,0.08841,0.08812,0.08838,1378990.9,0.088232,121671.1250888,1378990.9,121671.1250888,
2022-11-25 16:05:00+00:00,0.08835,0.08934,0.08837,0.08892,5429661.5,0.088745,481855.3098175,5429661.5,481855.3098175,
2022-11-25 16:10:00+00:00,0.08849,0.08897,0.08891,0.08867,3842589.6,0.08876,341068.252896,3842589.6,341068.252896,
2022-11-25 16:15:00+00:00,0.08814,0.08881,0.08862,0.08819,3740820.7,0.08844,330838.182708,3740820.7,330838.182708,
2022-11-25 16:20:00+00:00,0.08727,0.0883,0.0882,0.0875,3531142.3,0.087818,310097.8545014,3531142.3,310097.8545014,
2022-11-25 16:25:00+00:00,0.08723,0.0877,0.08748,0.0877,2027432.3,0.087528,177457.0943544,2027432.3,177457.0943544,
2022-11-25 16:30:00+00:00,0.08741,0.0878,0.0877,0.0877,1408181.7,0.087652,123429.9423684,1408181.7,123429.9423684,
2022-11-25 16:35:00+00:00,0.08761,0.08791,0.08766,0.0878,960714.2,0.087745,84297.867479,960714.2,84297.867479,
2022-11-25 16:40:00+00:00,0.08775,0.088,0.08781,0.08795,1346824.3,0.087878,118356.2258354,1346824.3,118356.2258354,
2022-11-25 16:45:00+00:00,0.08782,0.08812,0.08791,0.08782,2081069.3,0.087918,182963.4507174,2081069.3,182963.4507174,
2022-11-25 16:50:00+00:00,0.0878,0.08799,0.08781,0.08787,993131.3,0.087868,87264.4610684,993131.3,87264.4610684,
2022-11-25 16:55:00+00:00,0.08785,0.08822,0.08785,0.08803,1515436.6,0.087988,133340.2355608,1515436.6,133340.2355608,
2022-11-25 17:00:00+00:00,0.08798,0.08852,0.088,0.08844,2649393.3,0.088235,233769.2178255,2649393.3,233769.2178255,
2022-11-25 17:05:00+00:00,0.08837,0.08885,0.08845,0.08874,4516320.6,0.088602,400155.0378012,4516320.6,400155.0378012,
2022-11-25 17:10:00+00:00,0.08862,0.08892,0.08875,0.08881,2171442.1,0.088775,192769.7724275,2171442.1,192769.7724275,
2022-11-25 17:15:00+00:00,0.08859,0.08893,0.08877,0.08861,2039559.1,0.088725,180959.8811475,2039559.1,180959.8811475,
2022-11-25 17:20:00+00:00,0.08848,0.08917,0.08866,0.08893,3243590.5,0.08881,288063.272305,3243590.5,288063.272305,
2022-11-25 17:25:00+00:00,0.08867,0.08904,0.08894,0.08879,1969735.7,0.08886,175030.714302,1969735.7,175030.714302,
2022-11-25 17:30:00+00:00,0.08856,0.08916,0.08878,0.089,2519749.9,0.088875,223942.7723625,2519749.9,223942.7723625,
2022-11-25 17:35:00+00:00,0.08891,0.08956,0.08902,0.08943,2911186.3,0.08923,259765.153549,2911186.3,259765.153549,
2022-11-25 17:40:00+00:00,0.08912,0.0896,0.08946,0.08924,2672290.1,0.089355,238782.4818855,2672290.1,238782.4818855,
2022-11-25 17:45:00+00:00,0.08915,0.09044,0.08923,0.08976,3464565.4,0.089645,310580.965283,3464565.4,310580.965283,
2022-11-25 17:50:00+00:00,0.0896,0.09001,0.08975,0.0898,2394736.5,0.08979,215023.390335,2394736.5,215023.390335,
2022-11-25 17:55:00+00:00,0.08951,0.08994,0.08979,0.08951,2103289.0,0.089688,188639.783832,2103289.0,188639.783832,
2022-11-25 18:00:00+00:00,0.08951,0.08998,0.08954,0.08981,2784417.8,0.08971,249790.120838,2784417.8,249790.120838,
2022-11-25 18:05:00+00:00,0.0897,0.09006,0.08981,0.09002,1653337.4,0.089897,148630.0722478,1653337.4,148630.0722478,
2022-11-25 18:10:00+00:00,0.08978,0.09029,0.09002,0.08978,2293857.0,0.089968,206373.726576,2293857.0,206373.726576,
2022-11-25 18:15:00+00:00,0.08907,0.08978,0.08974,0.08958,3632718.0,0.089542,325280.835156,3632718.0,325280.835156,
2022-11-25 18:20:00+00:00,0.08925,0.08965,0.08961,0.08956,1682096.0,0.089518,150577.869728,1682096.0,150577.869728,
2022-11-25 18:25:00+00:00,0.0892,0.08964,0.08957,0.08941,2866006.5,0.089455,256378.6114575,2866006.5,256378.6114575,
2022-11-25 18:30:00+00:00,0.08939,0.08988,0.08939,0.08981,1603120.1,0.089618,143668.4171218,1603120.1,143668.4171218,
2022-11-25 18:35:00+00:00,0.08981,0.0902,0.08987,0.09011,2954639.3,0.089998,265911.6277214,2954639.3,265911.6277214,
2022-11-25 18:40:00+00:00,0.08988,0.0902,0.09009,0.09011,2198921.1,0.09007,198056.823477,2198921.1,198056.823477,
2022-11-25 18:45:00+00:00,0.08998,0.09029,0.09011,0.0902,2369385.8,0.090145,213588.282941,2369385.8,213588.282941,
2022-11-25 18:50:00+00:00,0.08934,0.09024,0.0902,0.08951,3910154.6,0.089822,351217.9064812,3910154.6,351217.9064812,
2022-11-25 18:55:00+00:00,0.08937,0.08998,0.08953,0.08969,3020431.6,0.089642,270757.5294872,3020431.6,270757.5294872,
2022-11-25 19:00:00+00:00,0.08939,0.09005,0.08969,0.08943,2928925.2,0.08964,262548.854928,2928925.2,262548.854928,
2022-11-25 19:05:00+00:00,0.08903,0.08958,0.08942,0.0892,2622914.2,0.089308,234247.2213736,2622914.2,234247.2213736,
2022-11-25 19:10:00+00:00,0.08915,0.08972,0.0892,0.08972,3020827.0,0.089447,270203.912669,3020827.0,270203.912669,
2022-11-25 19:15:00+00:00,0.08963,0.09059,0.08967,0.09059,5118376.1,0.09012,461268.054132,5118376.1,461268.054132,
2022-11-25 19:20:00+00:00,0.09041,0.09084,0.09053,0.09048,3271655.4,0.090565,296297.471301,3271655.4,296297.471301,
2022-11-25 19:25:00+00:00,0.09011,0.09053,0.09048,0.09017,2924593.9,0.090322,264155.1702358,2924593.9,264155.1702358,
2022-11-25 19:30:00+00:00,0.09017,0.09053,0.09021,0.09027,3072673.6,0.090295,277447.062712,3072673.6,277447.062712,
2022-11-25 19:35:00+00:00,0.09013,0.09055,0.09031,0.0902,2797206.8,0.090298,252582.1796264,2797206.8,252582.1796264,
2022-11-25 19:40:00+00:00,0.08974,0.09025,0.09015,0.08993,2346621.6,0.090018,211238.1831888,2346621.6,211238.1831888,
2022-11-25 19:45:00+00:00,0.08984,0.09005,0.08992,0.08986,2369573.4,0.089918,213067.3009812,2369573.4,213067.3009812,
2022-11-25 19:50:00+00:00,0.08943,0.09006,0.08986,0.08943,3154023.4,0.089695,282900.128863,3154023.4,282900.128863,
2022-11-25 19:55:00+00:00,0.08931,0.08962,0.08951,0.08948,2489797.0,0.08948,222787.03556,2489797.0,222787.03556,
2022-11-25 20:00:00+00:00,0.08925,0.08955,0.08955,0.08944,2085470.7,0.089448,186541.1831736,2085470.7,186541.1831736,
2022-11-25 20:05:00+00:00,0.08935,0.08973,0.08947,0.08956,1492743.3,0.089528,133642.3221624,1492743.3,133642.3221624,
2022-11-25 20:10:00+00:00,0.08909,0.08956,0.08955,0.08916,1950091.9,0.08934,174221.210346,1950091.9,174221.210346,
2022-11-25 20:15:00+00:00,0.08918,0.08962,0.08918,0.08953,2228680.9,0.089378,199195.0414802,2228680.9,199195.0414802,
2022-11-25 20:20:00+00:00,0.0895,0.08995,0.08951,0.0897,3567647.6,0.089665,319893.122054,3567647.6,319893.122054,
2022-11-25 20:25:00+00:00,0.08939,0.08972,0.0897,0.08939,1445131.9,0.08955,129411.561645,1445131.9,129411.561645,
2022-11-25 20:30:00+00:00,0.08878,0.08944,0.0894,0.08885,2342899.6,0.089117,208792.1836532,2342899.6,208792.1836532,
2022-11-25 20:35:00+00:00,0.0886,0.08895,0.08883,0.08876,3336933.7,0.088785,296269.6585545,3336933.7,296269.6585545,
2022-11-25 20:40:00+00:00,0.08866,0.08892,0.08877,0.08887,1159134.0,0.088805,102936.89487,1159134.0,102936.89487,
2022-11-25 20:45:00+00:00,0.08841,0.08902,0.08884,0.08868,8653178.3,0.088738,767865.7359854,8653178.3,767865.7359854,
2022-11-25 20:50:00+00:00,0.08821,0.08878,0.08871,0.08832,4717806.7,0.088505,417549.4819835,4717806.7,417549.4819835,
2022-11-25 20:55:00+00:00,0.08832,0.08856,0.08832,0.08848,1363709.8,0.08842,120579.220516,1363709.8,120579.220516,
2022-11-25 21:00:00+00:00,0.0883,0.08873,0.08848,0.08831,1290865.3,0.088455,114183.4901115,1290865.3,114183.4901115,
2022-11-25 21:05:00+00:00,0.08813,0.08854,0.0883,0.08838,1814967.9,0.088338,160330.6343502,1814967.9,160330.6343502,
2022-11-25 21:10:00+00:00,0.08839,0.08866,0.08842,0.08865,532550.6,0.08853,47146.704618,532550.6,47146.704618,
2022-11-25 21:15:00+00:00,0.08825,0.08869,0.08866,0.08832,1351356.4,0.08848,119568.014272,1351356.4,119568.014272,
2022-11-25 21:20:00+00:00,0.0883,0.08848,0.0883,0.08844,868947.2,0.08838,76797.553536,868947.2,76797.553536,
2022-11-25 21:25:00+00:00,0.08828,0.08851,0.08846,0.08831,1076202.0,0.08839,95125.49478,1076202.0,95125.49478,
2022-11-25 21:30:00+00:00,0.08833,0.08849,0.08833,0.08844,482445.2,0.088398,42647.1907896,482445.2,42647.1907896,
2022-11-25 21:35:00+00:00,0.08835,0.08861,0.08844,0.0886,1067700.8,0.0885,94491.5208,1067700.8,94491.5208,
2022-11-25 21:40:00+00:00,0.08859,0.08877,0.0886,0.08877,824050.6,0.088682,73078.4553092,824050.6,73078.4553092,
2022-11-25 21:45:00+00:00,0.08865,0.08885,0.08876,0.0887,1126025.1,0.08874,99923.467374,1126025.1,99923.467374,
2022-11-25 21:50:00+00:00,0.08865,0.08878,0.08869,0.08872,255646.6,0.08871,22678.409886,255646.6,22678.409886,
2022-11-25 21:55:00+00:00,0.08863,0.08898,0.08872,0.08882,967931.5,0.088788,85940.702022,967931.5,85940.702022,
2022-11-25 22:00:00+00:00,0.08878,0.08892,0.08884,0.08888,573713.0,0.088855,50977.268615,573713.0,50977.268615,
2022-11-25 22:05:00+00:00,0.08884,0.08904,0.08891,0.08904,943802.8,0.088958,83958.8094824,943802.8,83958.8094824,
2022-11-25 22:10:00+00:00,0.08905,0.08956,0.08905,0.08916,2418261.8,0.089205,215721.043869,2418261.8,215721.043869,
2022-11-25 22:15:00+00:00,0.08893,0.08929,0.08916,0.08922,1529363.4,0.08915,136342.74711,1529363.4,136342.74711,
2022-11-25 22:20:00+00:00,0.08895,0.08925,0.08923,0.08903,862205.3,0.089115,76835.4253095,862205.3,76835.4253095,
2022-11-25 22:25:00+00:00,0.08897,0.08913,0.08901,0.08899,436917.2,0.089025,38896.55373,436917.2,38896.55373,
2022-11-25 22:30:00+00:00,0.08903,0.08923,0.08903,0.08913,828482.4,0.089105,73821.924252,828482.4,73821.924252,
2022-11-25 22:35:00+00:00,0.08905,0.0892,0.08911,0.08909,1085570.5,0.089112,96737.358396,1085570.5,96737.358396,
2022-11-25 22:40:00+00:00,0.08871,0.08912,0.0891,0.08879,707517.8,0.08893,62919.557954,707517.8,62919.557954,
2022-11-25 22:45:00+00:00,0.0887,0.08889,0.08879,0.0887,156462.7,0.08877,13889.193879,156462.7,13889.193879,
2022-11-25 22:50:00+00:00,0.0884,0.0887,0.08869,0.08867,847425.9,0.088615,75094.6461285,847425.9,75094.6461285,
2022-11-25 22:55:00+00:00,0.08863,0.08898,0.08864,0.08897,392451.5,0.088805,34851.6554575,392451.5,34851.6554575,
2022-11-25 23:00:00+00:00,0.08896,0.08972,0.08899,0.08941,1843608.2,0.08927,164578.904014,1843608.2,164578.904014,
2022-11-25 23:05:00+00:00,0.08876,0.08953,0.0894,0.08893,1602836.7,0.089155,142900.9059885,1602836.7,142900.9059885,
2022-11-25 23:10:00+00:00,0.08892,0.08925,0.08892,0.08908,771141.6,0.089042,68663.9903472,771141.6,68663.9903472,
2022-11-25 23:15:00+00:00,0.08909,0.08948,0.08912,0.08941,1102105.3,0.089275,98390.4506575,1102105.3,98390.4506575,
2022-11-25 23:20:00+00:00,0.08907,0.08941,0.08941,0.08925,860563.2,0.089285,76835.385312,860563.2,76835.385312,
2022-11-25 23:25:00+00:00,0.08924,0.08965,0.08924,0.08965,2111885.2,0.089445,188897.571714,2111885.2,188897.571714,
2022-11-25 23:30:00+00:00,0.08931,0.08965,0.08962,0.08933,1040187.0,0.089478,93073.852386,1040187.0,93073.852386,
2022-11-25 23:35:00+00:00,0.08934,0.08951,0.08936,0.08945,472879.5,0.089415,42282.5204925,472879.5,42282.5204925,
2022-11-25 23:40:00+00:00,0.08943,0.08971,0.08945,0.08967,1055497.9,0.089565,94535.6694135,1055497.9,94535.6694135,
2022-11-25 23:45:00+00:00,0.08966,0.08999,0.08969,0.08978,856139.5,0.08978,76864.20431,856139.5,76864.20431,
2022-11-25 23:50:00+00:00,0.08932,0.08976,0.08976,0.08938,891136.7,0.089555,79805.7471685,891136.7,79805.7471685,
2022-11-25 23:55:00+00:00,0.08929,0.08952,0.08936,0.08947,743485.5,0.08941,66475.038555,743485.5,66475.038555,
2022-11-26 00:00:00+00:00,0.08894,0.08948,0.08944,0.08894,983138.4,0.0892,87695.94528,983138.4,87695.94528,
2022-11-26 00:05:00+00:00,0.08894,0.09043,0.08894,0.09,2082860.3,0.089578,186578.4599534,2082860.3,186578.4599534,
2022-11-26 00:10:00+00:00,0.08965,0.09022,0.09,0.09022,1707685.8,0.090022,153729.2910876,1707685.8,153729.2910876,
2022-11-26 00:15:00+00:00,0.09013,0.09061,0.09021,0.09019,4829187.1,0.090285,436003.1573235,4829187.1,436003.1573235,
2022-11-26 00:20:00+00:00,0.08952,0.09023,0.09018,0.09014,1935128.1,0.090018,174196.3613058,1935128.1,174196.3613058,
2022-11-26 00:25:00+00:00,0.09006,0.09101,0.09014,0.0908,3638866.4,0.090502,329324.6869328,3638866.4,329324.6869328,
2022-11-26 00:30:00+00:00,0.09068,0.09434,0.09079,0.09328,12516245.9,0.092273,1154911.5579307,12516245.9,1154911.5579307,
2022-11-26 00:35:00+00:00,0.09311,0.09427,0.09321,0.09404,7247628.2,0.093658,678798.3619556,7247628.2,678798.3619556,
2022-11-26 00:40:00+00:00,0.0935,0.09489,0.09404,0.0946,16413156.5,0.094258,1547071.305377,16413156.5,1547071.305377,
2022-11-26 00:45:00+00:00,0.09351,0.09486,0.09466,0.09376,10575703.2,0.094198,996210.0900336,10575703.2,996210.0900336,
2022-11-26 00:50:00+00:00,0.09298,0.09398,0.09372,0.0931,9261390.1,0.093445,865430.5978945,9261390.1,865430.5978945,
2022-11-26 00:55:00+00:00,0.09306,0.09373,0.09315,0.09338,5865802.1,0.09333,547455.309993,5865802.1,547455.309993,
2022-11-26 01:00:00+00:00,0.09306,0.09383,0.09338,0.09356,6865074.1,0.093458,641596.0952378,6865074.1,641596.0952378,
2022-11-26 01:05:00+00:00,0.09337,0.09401,0.09355,0.09383,5849713.6,0.09369,548059.667184,5849713.6,548059.667184,
2022-11-26 01:10:00+00:00,0.09351,0.09418,0.09381,0.09392,4675476.1,0.093855,438816.8093655,4675476.1,438816.8093655,
2022-11-26 01:15:00+00:00,0.09307,0.09398,0.09391,0.09317,5091813.5,0.093532,476247.500282,5091813.5,476247.500282,
2022-11-26 01:20:00+00:00,0.09314,0.09423,0.09314,0.09422,7365130.5,0.093682,689980.155501,7365130.5,689980.155501,
2022-11-26 01:25:00+00:00,0.09404,0.09452,0.09421,0.09421,4350967.9,0.094245,410056.9697355,4350967.9,410056.9697355,
2022-11-26 01:30:00+00:00,0.09361,0.09464,0.09422,0.09387,4901426.8,0.094085,461150.740478,4901426.8,461150.740478,
2022-11-26 01:35:00+00:00,0.09357,0.09388,0.09384,0.09359,2606607.4,0.09372,244291.245528,2606607.4,244291.245528,
2022-11-26 01:40:00+00:00,0.09333,0.09365,0.09356,0.09351,2945018.7,0.093512,275394.5886744,2945018.7,275394.5886744,
2022-11-26 01:45:00+00:00,0.09304,0.09353,0.09353,0.09319,4400386.6,0.093322,410652.8782852,4400386.6,410652.8782852,
2022-11-26 01:50:00+00:00,0.09301,0.09329,0.09319,0.0932,3158207.6,0.093172,294256.5185072,3158207.6,294256.5185072,
2022-11-26 01:55:00+00:00,0.09318,0.09363,0.09318,0.09352,2331023.2,0.093378,217666.2843696,2331023.2,217666.2843696,
2022-11-26 02:00:00+00:00,0.09337,0.09382,0.09352,0.09375,2022681.7,0.093615,189353.3473455,2022681.7,189353.3473455,
2022-11-26 02:05:00+00:00,0.0937,0.09421,0.09375,0.09415,2303909.4,0.093953,216459.1998582,2303909.4,216459.1998582,
2022-11-26 02:10:00+00:00,0.09403,0.09487,0.09413,0.09455,2894224.6,0.094395,273200.331117,2894224.6,273200.331117,
2022-11-26 02:15:00+00:00,0.09427,0.09492,0.09455,0.09471,5705705.3,0.094612,539828.1898436,5705705.3,539828.1898436,
2022-11-26 02:20:00+00:00,0.09414,0.09486,0.0947,0.09437,4154404.1,0.094518,392665.9667238,4154404.1,392665.9667238,
2022-11-26 02:25:00+00:00,0.09412,0.09548,0.09442,0.09428,9701922.3,0.094575,917559.3015225,9701922.3,917559.3015225,
2022-11-26 02:30:00+00:00,0.09369,0.09431,0.0943,0.09404,5058425.0,0.094085,475921.916125,5058425.0,475921.916125,
2022-11-26 02:35:00+00:00,0.09356,0.09411,0.09406,0.09369,3029150.1,0.093855,284300.8826355,3029150.1,284300.8826355,
2022-11-26 02:40:00+00:00,0.09339,0.09377,0.09368,0.09351,3191201.4,0.093587,298654.9654218,3191201.4,298654.9654218,
2022-11-26 02:45:00+00:00,0.09349,0.09394,0.09352,0.09354,2473859.9,0.093623,231610.1854177,2473859.9,231610.1854177,
2022-11-26 02:50:00+00:00,0.09338,0.0938,0.09354,0.09345,1864850.6,0.093542,174441.8548252,1864850.6,174441.8548252,
2022-11-26 02:55:00+00:00,0.09343,0.09377,0.09348,0.09352,1888038.8,0.09355,176626.02974,1888038.8,176626.02974,
2022-11-26 03:00:00+00:00,0.09318,0.09359,0.09353,0.0933,2266533.9,0.0934,211694.26626,2266533.9,211694.26626,
2022-11-26 03:05:00+00:00,0.09327,0.0935,0.09327,0.09328,1273223.3,0.09333,118829.930589,1273223.3,118829.930589,
2022-11-26 03:10:00+00:00,0.09294,0.09331,0.09327,0.09309,2785058.6,0.093152,259433.7787072,2785058.6,259433.7787072,
2022-11-26 03:15:00+00:00,0.0931,0.09349,0.0931,0.09345,2466335.2,0.093285,230072.079132,2466335.2,230072.079132,
2022-11-26 03:20:00+00:00,0.09333,0.09359,0.09345,0.09338,1362919.3,0.093438,127348.4535534,1362919.3,127348.4535534,
2022-11-26 03:25:00+00:00,0.09325,0.0935,0.09337,0.09346,966612.3,0.093395,90276.7557585,966612.3,90276.7557585,
2022-11-26 03:30:00+00:00,0.09346,0.09368,0.09348,0.09352,1066922.6,0.093535,99794.605391,1066922.6,99794.605391,
2022-11-26 03:35:00+00:00,0.09349,0.09383,0.09351,0.09351,1337588.7,0.093585,125178.2384895,1337588.7,125178.2384895,
2022-11-26 03:40:00+00:00,0.09313,0.09348,0.09348,0.09325,2240450.5,0.093335,209112.4474175,2240450.5,209112.4474175,
2022-11-26 03:45:00+00:00,0.09309,0.09337,0.09325,0.09312,987660.3,0.093208,92057.8412424,987660.3,92057.8412424,
2022-11-26 03:50:00+00:00,0.09225,0.0932,0.09312,0.09252,5969884.2,0.092772,553838.0970024,5969884.2,553838.0970024,
2022-11-26 03:55:00+00:00,0.09238,0.09284,0.09251,0.09248,4386792.9,0.092553,406010.8432737,4386792.9,406010.8432737,
2022-11-26 04:00:00+00:00,0.09177,0.09262,0.09252,0.09185,5218204.2,0.09219,481066.245198,5218204.2,481066.245198,
2022-11-26 04:05:00+00:00,0.09143,0.09204,0.09186,0.09162,4682883.9,0.091738,429598.4032182,4682883.9,429598.4032182,
2022-11-26 04:10:00+00:00,0.09155,0.09197,0.09161,0.09169,2955852.4,0.091705,271066.444342,2955852.4,271066.444342,
2022-11-26 04:15:00+00:00,0.09163,0.09199,0.09169,0.09196,1614418.0,0.091818,148232.631924,1614418.0,148232.631924,
2022-11-26 04:20:00+00:00,0.09187,0.09216,0.09199,0.09201,2562913.1,0.092007,235805.9455917,2562913.1,235805.9455917,
2022-11-26 04:25:00+00:00,0.0919,0.0921,0.09199,0.0919,889973.6,0.091972,81852.6519392,889973.6,81852.6519392,
2022-11-26 04:30:00+00:00,0.09181,0.09224,0.09189,0.09212,2002325.6,0.092015,184243.990084,2002325.6,184243.990084,
2022-11-26 04:35:00+00:00,0.09187,0.09212,0.09209,0.09198,1613894.3,0.092015,148502.4840145,1613894.3,148502.4840145,
2022-11-26 04:40:00+00:00,0.09193,0.09216,0.09204,0.09194,1371343.1,0.092018,126188.2493758,1371343.1,126188.2493758,
2022-11-26 04:45:00+00:00,0.09192,0.09212,0.09194,0.09196,1797781.8,0.091985,165368.958873,1797781.8,165368.958873,
2022-11-26 04:50:00+00:00,0.09195,0.0922,0.09196,0.09211,1730283.8,0.092055,159281.275209,1730283.8,159281.275209,
2022-11-26 04:55:00+00:00,0.09203,0.09243,0.09212,0.09243,2522959.7,0.092252,232748.0782444,2522959.7,232748.0782444,
2022-11-26 05:00:00+00:00,0.0922,0.09242,0.09241,0.09238,524210.5,0.092352,48411.888096,524210.5,48411.888096,
2022-11-26 05:05:00+00:00,0.09228,0.09293,0.09237,0.09282,1484789.4,0.0926,137491.49844,1484789.4,137491.49844,
2022-11-26 05:10:00+00:00,0.09258,0.09285,0.09284,0.09264,1168367.9,0.092728,108340.4186312,1168367.9,108340.4186312,
2022-11-26 05:15:00+00:00,0.09233,0.09282,0.09262,0.09282,1519469.6,0.092648,140775.8195008,1519469.6,140775.8195008,
2022-11-26 05:20:00+00:00,0.09274,0.09324,0.09286,0.09317,1621588.8,0.093002,150811.0015776,1621588.8,150811.0015776,
2022-11-26 05:25:00+00:00,0.093,0.09319,0.09313,0.09304,1901314.2,0.09309,176993.338878,1901314.2,176993.338878,
2022-11-26 05:30:00+00:00,0.0928,0.09322,0.09305,0.093,2175237.7,0.093018,202336.2603786,2175237.7,202336.2603786,
2022-11-26 05:35:00+00:00,0.0928,0.09307,0.093,0.09291,839216.9,0.092945,78001.0147705,839216.9,78001.0147705,
2022-11-26 05:40:00+00:00,0.09271,0.09321,0.09295,0.0932,1491030.0,0.093018,138692.62854,1491030.0,138692.62854,
2022-11-26 05:45:00+00:00,0.09304,0.09354,0.0932,0.09317,2395894.0,0.093238,223388.364772,2395894.0,223388.364772,
2022-11-26 05:50:00+00:00,0.09303,0.09336,0.09316,0.09317,1353729.8,0.09318,126140.542764,1353729.8,126140.542764,
2022-11-26 05:55:00+00:00,0.09279,0.09322,0.09317,0.09288,1797073.9,0.093015,167154.8288085,1797073.9,167154.8288085,
2022-11-26 06:00:00+00:00,0.09236,0.09296,0.0929,0.09238,2532896.5,0.09265,234672.860725,2532896.5,234672.860725,
2022-11-26 06:05:00+00:00,0.09219,0.09262,0.09239,0.09221,2290567.1,0.092352,211538.4528192,2290567.1,211538.4528192,
2022-11-26 06:10:00+00:00,0.09185,0.09232,0.09223,0.09203,2847979.8,0.092108,262321.7234184,2847979.8,262321.7234184,
2022-11-26 06:15:00+00:00,0.09203,0.09252,0.09203,0.09242,1210545.6,0.09225,111672.8316,1210545.6,111672.8316,
2022-11-26 06:20:00+00:00,0.09076,0.09245,0.09242,0.09095,7137034.5,0.091645,654073.5267525,7137034.5,654073.5267525,
2022-11-26 06:25:00+00:00,0.09095,0.09135,0.09101,0.09114,5217266.5,0.091112,475355.585348,5217266.5,475355.585348,
2022-11-26 06:30:00+00:00,0.09114,0.0916,0.09114,0.0914,3330399.1,0.09132,304132.045812,3330399.1,304132.045812,
2022-11-26 06:35:00+00:00,0.09133,0.0915,0.09139,0.0914,2350715.3,0.091405,214867.1319965,2350715.3,214867.1319965,
2022-11-26 06:40:00+00:00,0.09104,0.09146,0.09142,0.09143,2462816.4,0.091338,224948.7243432,2462816.4,224948.7243432,
2022-11-26 06:45:00+00:00,0.09132,0.09158,0.09141,0.09151,1635119.9,0.091455,149539.8904545,1635119.9,149539.8904545,
2022-11-26 06:50:00+00:00,0.09143,0.09168,0.09152,0.09161,1402349.4,0.09156,128399.111064,1402349.4,128399.111064,
2022-11-26 06:55:00+00:00,0.09145,0.09191,0.09162,0.09187,1873625.4,0.091712,171833.9326848,1873625.4,171833.9326848,
2022-11-26 07:00:00+00:00,0.09169,0.09191,0.09187,0.09172,1180094.5,0.091798,108330.314911,1180094.5,108330.314911,
2022-11-26 07:05:00+00:00,0.09138,0.09171,0.09169,0.09149,1712064.1,0.091568,156770.2855088,1712064.1,156770.2855088,
2022-11-26 07:10:00+00:00,0.09149,0.09189,0.09149,0.0918,1065360.6,0.091668,97659.4754808,1065360.6,97659.4754808,
2022-11-26 07:15:00+00:00,0.09153,0.09181,0.0918,0.09172,592676.6,0.091715,54357.334369,592676.6,54357.334369,
2022-11-26 07:20:00+00:00,0.09154,0.09181,0.09174,0.09158,988912.8,0.091668,90651.6585504,988912.8,90651.6585504,
2022-11-26 07:25:00+00:00,0.09149,0.09169,0.09157,0.09153,877824.0,0.09157,80382.34368,877824.0,80382.34368,
2022-11-26 07:30:00+00:00,0.09111,0.09169,0.09152,0.09136,1048767.5,0.09142,95878.32485,1048767.5,95878.32485,
2022-11-26 07:35:00+00:00,0.09133,0.09178,0.09135,0.09173,759702.7,0.091548,69549.2627796,759702.7,69549.2627796,
2022-11-26 07:40:00+00:00,0.0917,0.09187,0.09175,0.09181,1039713.4,0.091782,95426.9752788,1039713.4,95426.9752788,
2022-11-26 07:45:00+00:00,0.0917,0.09204,0.09183,0.09192,1281715.5,0.091872,117753.766416,1281715.5,117753.766416,
2022-11-26 07:50:00+00:00,0.09191,0.0923,0.09191,0.09219,2009370.2,0.092077,185016.7799054,2009370.2,185016.7799054,
2022-11-26 07:55:00+00:00,0.09205,0.09223,0.09217,0.09208,714050.7,0.092132,65786.9190924,714050.7,65786.9190924,
2022-11-26 08:00:00+00:00,0.0919,0.09222,0.09206,0.09196,1701950.6,0.092035,156639.023471,1701950.6,156639.023471,
2022-11-26 08:05:00+00:00,0.09182,0.09198,0.09194,0.09195,1178705.9,0.091922,108349.0037398,1178705.9,108349.0037398,
2022-11-26 08:10:00+00:00,0.09162,0.09216,0.09194,0.09185,2229055.5,0.091892,204832.368006,2229055.5,204832.368006,
2022-11-26 08:15:00+00:00,0.09139,0.0919,0.09185,0.09147,1268768.9,0.091652,116285.2072228,1268768.9,116285.2072228,
2022-11-26 08:20:00+00:00,0.09148,0.09205,0.09149,0.09188,1195873.0,0.091725,109691.450925,1195873.0,109691.450925,
2022-11-26 08:25:00+00:00,0.09189,0.09213,0.09189,0.09209,500823.3,0.092,46075.7436,500823.3,46075.7436,
2022-11-26 08:30:00+00:00,0.09182,0.09213,0.09211,0.09192,789726.7,0.091995,72650.9077665,789726.7,72650.9077665,
2022-11-26 08:35:00+00:00,0.09171,0.09191,0.09191,0.09187,1503341.8,0.09185,138081.94433,1503341.8,138081.94433,
2022-11-26 08:40:00+00:00,0.09158,0.09189,0.09186,0.09169,1129858.9,0.091755,103670.2033695,1129858.9,103670.2033695,
2022-11-26 08:45:00+00:00,0.09172,0.09197,0.09172,0.09195,835085.2,0.09184,76694.224768,835085.2,76694.224768,
2022-11-26 08:50:00+00:00,0.09195,0.09229,0.09195,0.09224,708190.3,0.092108,65229.9921524,708190.3,65229.9921524,
2022-11-26 08:55:00+00:00,0.0919,0.09231,0.09225,0.09202,1049598.9,0.09212,96689.050668,1049598.9,96689.050668,
2022-11-26 09:00:00+00:00,0.09192,0.09228,0.09202,0.09226,884285.4,0.09212,81460.371048,884285.4,81460.371048,
2022-11-26 09:05:00+00:00,0.09217,0.09271,0.09226,0.09235,2497167.1,0.092372,230668.3193612,2497167.1,230668.3193612,
2022-11-26 09:10:00+00:00,0.09229,0.0926,0.09233,0.09244,1162049.0,0.092415,107390.758335,1162049.0,107390.758335,
2022-11-26 09:15:00+00:00,0.09241,0.09267,0.09243,0.09253,928296.7,0.09251,85876.727717,928296.7,85876.727717,
2022-11-26 09:20:00+00:00,0.09206,0.09255,0.09255,0.09221,1236375.1,0.092342,114169.3494842,1236375.1,114169.3494842,
2022-11-26 09:25:00+00:00,0.09224,0.09275,0.09225,0.09255,1448961.3,0.092447,133952.1253011,1448961.3,133952.1253011,
2022-11-26 09:30:00+00:00,0.09224,0.09254,0.09254,0.09236,1633990.0,0.09242,151013.3558,1633990.0,151013.3558,
2022-11-26 09:35:00+00:00,0.09233,0.09258,0.09233,0.09254,889538.4,0.092445,82233.377388,889538.4,82233.377388,
2022-11-26 09:40:00+00:00,0.09242,0.09269,0.09254,0.0926,2298909.9,0.092562,212791.6981638,2298909.9,212791.6981638,
2022-11-26 09:45:00+00:00,0.09234,0.09263,0.09261,0.09239,828564.8,0.092492,76635.6154816,828564.8,76635.6154816,
2022-11-26 09:50:00+00:00,0.09216,0.09243,0.09237,0.09237,1046693.7,0.092332,96643.3227084,1046693.7,96643.3227084,
2022-11-26 09:55:00+00:00,0.09215,0.09242,0.09238,0.09232,761383.2,0.092318,70289.3742576,761383.2,70289.3742576,
2022-11-26 10:00:00+00:00,0.09183,0.0924,0.09233,0.09185,1109465.4,0.092102,102183.9822708,1109465.4,102183.9822708,
2022-11-26 10:05:00+00:00,0.09184,0.0923,0.09185,0.09225,1193187.2,0.09206,109844.813632,1193187.2,109844.813632,
2022-11-26 10:10:00+00:00,0.09218,0.09269,0.09224,0.09234,2267142.3,0.092362,209397.7971126,2267142.3,209397.7971126,
2022-11-26 10:15:00+00:00,0.09207,0.09238,0.09232,0.0921,828719.1,0.092218,76422.8179638,828719.1,76422.8179638,
2022-11-26 10:20:00+00:00,0.09198,0.09231,0.09209,0.09228,621817.2,0.092165,57309.782238,621817.2,57309.782238,
2022-11-26 10:25:00+00:00,0.09223,0.0925,0.09227,0.09247,907468.4,0.092368,83821.0411712,907468.4,83821.0411712,
2022-11-26 10:30:00+00:00,0.09229,0.09263,0.09246,0.09245,1799900.1,0.092458,166415.1634458,1799900.1,166415.1634458,
2022-11-26 10:35:00+00:00,0.09241,0.09291,0.09246,0.09264,2125704.3,0.092605,196850.8467015,2125704.3,196850.8467015,
2022-11-26 10:40:00+00:00,0.09254,0.09333,0.09264,0.09312,1753231.3,0.092907,162887.4603891,1753231.3,162887.4603891,
2022-11-26 10:45:00+00:00,0.09283,0.09337,0.09308,0.09292,1816185.3,0.09305,168996.042165,1816185.3,168996.042165,
2022-11-26 10:50:00+00:00,0.09273,0.09301,0.09289,0.09273,1098238.9,0.09284,101960.499476,1098238.9,101960.499476,
2022-11-26 10:55:00+00:00,0.09262,0.09292,0.09272,0.09269,1661470.9,0.092738,154081.4883242,1661470.9,154081.4883242,
2022-11-26 11:00:00+00:00,0.09254,0.09282,0.09269,0.09266,1759969.0,0.092678,163110.406982,1759969.0,163110.406982,
2022-11-26 11:05:00+00:00,0.09225,0.09275,0.09266,0.0923,1108936.4,0.09249,102565.527636,1108936.4,102565.527636,
2022-11-26 11:10:00+00:00,0.09205,0.09249,0.09232,0.09247,1113841.3,0.092332,102843.1949116,1113841.3,102843.1949116,
2022-11-26 11:15:00+00:00,0.09227,0.09257,0.09248,0.09238,941796.8,0.092425,87045.56924,941796.8,87045.56924,
2022-11-26 11:20:00+00:00,0.09236,0.09265,0.09237,0.09261,678860.8,0.092497,62792.5874176,678860.8,62792.5874176,
2022-11-26 11:25:00+00:00,0.09255,0.09273,0.09261,0.0926,926750.2,0.092622,85837.4570244,926750.2,85837.4570244,
2022-11-26 11:30:00+00:00,0.09227,0.0926,0.0926,0.09228,1169003.7,0.092438,108060.3640206,1169003.7,108060.3640206,
2022-11-26 11:35:00+00:00,0.09218,0.09251,0.09228,0.09251,1229338.8,0.09237,113554.024956,1229338.8,113554.024956,
2022-11-26 11:40:00+00:00,0.0921,0.09252,0.0925,0.09214,784138.7,0.092315,72387.7640905,784138.7,72387.7640905,
2022-11-26 11:45:00+00:00,0.09189,0.09218,0.09213,0.09197,957784.2,0.092042,88156.3733364,957784.2,88156.3733364,
2022-11-26 11:50:00+00:00,0.09181,0.09214,0.09198,0.09196,836283.6,0.091972,76914.6752592,836283.6,76914.6752592,
2022-11-26 11:55:00+00:00,0.09186,0.0921,0.09197,0.0921,779591.0,0.092008,71728.608728,779591.0,71728.608728,
2022-11-26 12:00:00+00:00,0.09184,0.09227,0.0921,0.09193,1272177.5,0.092035,117084.8562125,1272177.5,117084.8562125,
2022-11-26 12:05:00+00:00,0.09171,0.09194,0.09192,0.09176,906613.9,0.091832,83256.1676648,906613.9,83256.1676648,
2022-11-26 12:10:00+00:00,0.09171,0.09194,0.09175,0.09179,809672.3,0.091797,74325.4881231,809672.3,74325.4881231,
2022-11-26 12:15:00+00:00,0.09175,0.09207,0.09179,0.09179,1108172.8,0.09185,101785.67168,1108172.8,101785.67168,
2022-11-26 12:20:00+00:00,0.09167,0.09206,0.09179,0.09171,1897906.3,0.091808,174242.9815904,1897906.3,174242.9815904,
2022-11-26 12:25:00+00:00,0.09166,0.09188,0.09173,0.09174,1064713.9,0.091752,97689.6297528,1064713.9,97689.6297528,
2022-11-26 12:30:00+00:00,0.09113,0.09176,0.09173,0.09162,2073724.8,0.09156,189870.242688,2073724.8,189870.242688,
2022-11-26 12:35:00+00:00,0.09133,0.09168,0.09162,0.09133,1561750.8,0.09149,142884.580692,1561750.8,142884.580692,
2022-11-26 12:40:00+00:00,0.0914,0.09161,0.0914,0.09158,1508755.4,0.091498,138048.1015892,1508755.4,138048.1015892,
2022-11-26 12:45:00+00:00,0.09148,0.09165,0.09158,0.09154,655640.9,0.091562,60031.7920858,655640.9,60031.7920858,
2022-11-26 12:50:00+00:00,0.09147,0.09162,0.09152,0.09158,277718.0,0.091548,25424.527464,277718.0,25424.527464,
2022-11-26 12:55:00+00:00,0.09156,0.09181,0.09158,0.09181,761040.8,0.09169,69779.830952,761040.8,69779.830952,
2022-11-26 13:00:00+00:00,0.09177,0.09264,0.09181,0.09251,4023633.1,0.092182,370906.5464242,4023633.1,370906.5464242,
2022-11-26 13:05:00+00:00,0.09227,0.09258,0.09251,0.09246,1804269.4,0.092455,166813.727377,1804269.4,166813.727377,
2022-11-26 13:10:00+00:00,0.09226,0.09266,0.0925,0.09234,2092761.6,0.09244,193454.882304,2092761.6,193454.882304,
2022-11-26 13:15:00+00:00,0.09219,0.09249,0.09232,0.09239,1085740.2,0.092348,100265.9359896,1085740.2,100265.9359896,
2022-11-26 13:20:00+00:00,0.0922,0.09247,0.09236,0.09247,1821253.1,0.092375,168238.2551125,1821253.1,168238.2551125,
2022-11-26 13:25:00+00:00,0.09245,0.09265,0.09246,0.09253,901090.9,0.092523,83371.6333407,901090.9,83371.6333407,
2022-11-26 13:30:00+00:00,0.09251,0.09292,0.09258,0.0928,1181953.0,0.092702,109569.407006,1181953.0,109569.407006,
2022-11-26 13:35:00+00:00,0.09255,0.09283,0.09282,0.09274,571849.6,0.092735,53030.472656,571849.6,53030.472656,
2022-11-26 13:40:00+00:00,0.09254,0.09289,0.09271,0.09287,875100.7,0.092752,81167.3401264,875100.7,81167.3401264,
2022-11-26 13:45:00+00:00,0.09271,0.09308,0.09283,0.09307,1115593.6,0.092922,103663.1884992,1115593.6,103663.1884992,
2022-11-26 13:50:00+00:00,0.09287,0.0933,0.09304,0.09297,989546.1,0.093045,92072.3168745,989546.1,92072.3168745,
2022-11-26 13:55:00+00:00,0.09265,0.09297,0.09295,0.09265,1276261.7,0.092805,118443.4670685,1276261.7,118443.4670685,
2022-11-26 14:00:00+00:00,0.09249,0.09285,0.09266,0.09265,3117829.5,0.092663,288907.4349585,3117829.5,288907.4349585,
2022-11-26 14:05:00+00:00,0.09248,0.09284,0.09265,0.0928,1725164.5,0.092692,159908.947834,1725164.5,159908.947834,
2022-11-26 14:10:00+00:00,0.0928,0.0931,0.0928,0.09308,1100989.6,0.092945,102331.478372,1100989.6,102331.478372,
2022-11-26 14:15:00+00:00,0.09295,0.09322,0.09308,0.09302,1020532.7,0.093068,94978.9373236,1020532.7,94978.9373236,
2022-11-26 14:20:00+00:00,0.09278,0.09314,0.093,0.09299,2624323.3,0.092978,244004.3317874,2624323.3,244004.3317874,
2022-11-26 14:25:00+00:00,0.09286,0.09335,0.09297,0.09287,2860137.8,0.093012,266027.1370536,2860137.8,266027.1370536,
2022-11-26 14:30:00+00:00,0.09277,0.09302,0.09286,0.0928,1191687.5,0.092862,110662.484625,1191687.5,110662.484625,
2022-11-26 14:35:00+00:00,0.0926,0.0932,0.09281,0.09318,1257810.1,0.092948,116910.9331748,1257810.1,116910.9331748,
2022-11-26 14:40:00+00:00,0.09309,0.09471,0.09317,0.09329,10672732.2,0.093565,998594.188293,10672732.2,998594.188293,
2022-11-26 14:45:00+00:00,0.09251,0.09356,0.09328,0.09257,3728997.3,0.09298,346722.168954,3728997.3,346722.168954,
2022-11-26 14:50:00+00:00,0.09151,0.0927,0.09255,0.09224,8435929.0,0.09225,778214.45025,8435929.0,778214.45025,
2022-11-26 14:55:00+00:00,0.0912,0.09222,0.0922,0.0917,7387099.5,0.09183,678357.347085,7387099.5,678357.347085,
2022-11-26 15:00:00+00:00,0.09135,0.09247,0.09173,0.09191,5569699.3,0.091865,511660.4261945,5569699.3,511660.4261945,
2022-11-26 15:05:00+00:00,0.09177,0.0923,0.09187,0.09201,2670976.8,0.091988,245697.8138784,2670976.8,245697.8138784,
2022-11-26 15:10:00+00:00,0.09151,0.09235,0.092,0.09157,2425338.4,0.091858,222786.7347472,2425338.4,222786.7347472,
2022-11-26 15:15:00+00:00,0.09032,0.09157,0.09155,0.09042,6930129.7,0.090965,630399.2481605,6930129.7,630399.2481605,
2022-11-26 15:20:00+00:00,0.09025,0.0911,0.09045,0.09081,3558479.7,0.090652,322583.3017644,3558479.7,322583.3017644,
2022-11-26 15:25:00+00:00,0.09077,0.09142,0.0908,0.09123,2180491.1,0.091055,198544.6171105,2180491.1,198544.6171105,
2022-11-26 15:30:00+00:00,0.09063,0.09141,0.09123,0.09064,2517075.1,0.090978,228998.4584478,2517075.1,228998.4584478,
2022-11-26 15:35:00+00:00,0.09033,0.0909,0.09058,0.09035,2829927.7,0.09054,256221.653958,2829927.7,256221.653958,
2022-11-26 15:40:00+00:00,0.09033,0.0908,0.09033,0.09066,2529231.9,0.09053,228971.363907,2529231.9,228971.363907,
2022-11-26 15:45:00+00:00,0.09041,0.09091,0.09062,0.09041,1841082.4,0.090588,166779.9724512,1841082.4,166779.9724512,
2022-11-26 15:50:00+00:00,0.09039,0.09083,0.0904,0.0908,2043533.3,0.090605,185154.3346465,2043533.3,185154.3346465,
2022-11-26 15:55:00+00:00,0.09049,0.0911,0.09079,0.09088,3665688.6,0.090815,332899.510209,3665688.6,332899.510209,
2022-11-26 16:00:00+00:00,0.09052,0.09126,0.09095,0.09126,1985606.3,0.090998,180686.2020874,1985606.3,180686.2020874,
2022-11-26 16:05:00+00:00,0.09101,0.09134,0.09129,0.09115,1681981.3,0.091198,153393.3305974,1681981.3,153393.3305974,
2022-11-26 16:10:00+00:00,0.09113,0.09156,0.09113,0.09135,1126334.7,0.091292,102825.3474324,1126334.7,102825.3474324,
2022-11-26 16:15:00+00:00,0.09134,0.09172,0.09137,0.09163,1537857.7,0.091515,140737.0474155,1537857.7,140737.0474155,
2022-11-26 16:20:00+00:00,0.09142,0.09166,0.09166,0.09155,790561.6,0.091572,72393.3068352,790561.6,72393.3068352,
2022-11-26 16:25:00+00:00,0.09152,0.09167,0.09158,0.09164,587747.7,0.091602,53838.8648154,587747.7,53838.8648154,
2022-11-26 16:30:00+00:00,0.09115,0.09165,0.09165,0.09126,1547688.4,0.091428,141502.0550352,1547688.4,141502.0550352,
2022-11-26 16:35:00+00:00,0.09073,0.09143,0.09126,0.09078,995133.9,0.09105,90606.941595,995133.9,90606.941595,
2022-11-26 16:40:00+00:00,0.0907,0.09138,0.09083,0.09137,3476817.7,0.09107,316633.787939,3476817.7,316633.787939,
2022-11-26 16:45:00+00:00,0.09093,0.0915,0.09134,0.09105,1692944.5,0.091205,154405.0031225,1692944.5,154405.0031225,
2022-11-26 16:50:00+00:00,0.09063,0.09108,0.09108,0.09085,1679236.9,0.09091,152659.426579,1679236.9,152659.426579,
2022-11-26 16:55:00+00:00,0.09063,0.09099,0.09083,0.0908,914687.8,0.090812,83064.6284936,914687.8,83064.6284936,
2022-11-26 17:00:00+00:00,0.09062,0.0911,0.0908,0.0911,2385811.7,0.090905,216882.2125885,2385811.7,216882.2125885,
2022-11-26 17:05:00+00:00,0.09086,0.09153,0.09107,0.09136,2064853.5,0.091205,188324.9634675,2064853.5,188324.9634675,
2022-11-26 17:10:00+00:00,0.09131,0.09184,0.09135,0.09151,2211734.4,0.091502,202378.1210688,2211734.4,202378.1210688,
2022-11-26 17:15:00+00:00,0.09134,0.09168,0.09151,0.09152,983639.7,0.091512,90014.8362264,983639.7,90014.8362264,
2022-11-26 17:20:00+00:00,0.09147,0.09176,0.09154,0.09165,1208849.7,0.091605,110736.6767685,1208849.7,110736.6767685,
2022-11-26 17:25:00+00:00,0.0916,0.09173,0.09168,0.09167,300332.4,0.09167,27531.471108,300332.4,27531.471108,
2022-11-26 17:30:00+00:00,0.09143,0.0917,0.09165,0.09146,1077502.8,0.09156,98656.156368,1077502.8,98656.156368,
2022-11-26 17:35:00+00:00,0.09123,0.09152,0.09145,0.09133,1164268.3,0.091382,106393.1657906,1164268.3,106393.1657906,
2022-11-26 17:40:00+00:00,0.09129,0.09164,0.09135,0.09157,1229619.4,0.091462,112463.4495628,1229619.4,112463.4495628,
2022-11-26 17:45:00+00:00,0.09138,0.0916,0.09158,0.09142,507306.8,0.091495,46416.035666,507306.8,46416.035666,
2022-11-26 17:50:00+00:00,0.09124,0.09146,0.09141,0.09144,1172824.7,0.091388,107182.1036836,1172824.7,107182.1036836,
2022-11-26 17:55:00+00:00,0.09114,0.09145,0.09144,0.09117,1249512.6,0.0913,114080.50038,1249512.6,114080.50038,
2022-11-26 18:00:00+00:00,0.09116,0.09152,0.09116,0.09151,822120.4,0.091338,75090.8330952,822120.4,75090.8330952,
2022-11-26 18:05:00+00:00,0.09141,0.09162,0.09148,0.09144,1037522.4,0.091488,94920.8493312,1037522.4,94920.8493312,
2022-11-26 18:10:00+00:00,0.09121,0.0915,0.09144,0.0913,944104.1,0.091362,86255.2387842,944104.1,86255.2387842,
2022-11-26 18:15:00+00:00,0.09128,0.09143,0.09132,0.0913,220868.2,0.091332,20172.3344424,220868.2,20172.3344424,
2022-11-26 18:20:00+00:00,0.09119,0.09138,0.09133,0.09135,474279.6,0.091312,43307.4188352,474279.6,43307.4188352,
2022-11-26 18:25:00+00:00,0.09115,0.09141,0.09135,0.09127,917821.0,0.091295,83792.468195,917821.0,83792.468195,
2022-11-26 18:30:00+00:00,0.09091,0.09132,0.09128,0.09093,1122106.4,0.09111,102235.114104,1122106.4,102235.114104,
2022-11-26 18:35:00+00:00,0.09082,0.09106,0.09095,0.09093,1162257.4,0.09094,105695.687956,1162257.4,105695.687956,
2022-11-26 18:40:00+00:00,0.09086,0.09105,0.0909,0.09094,975583.0,0.090938,88717.566854,975583.0,88717.566854,
2022-11-26 18:45:00+00:00,0.0908,0.09099,0.09095,0.0908,500811.3,0.090885,45516.2350005,500811.3,45516.2350005,
2022-11-26 18:50:00+00:00,0.08993,0.09082,0.09082,0.09007,5670961.8,0.09041,512711.656338,5670961.8,512711.656338,
2022-11-26 18:55:00+00:00,0.09002,0.09046,0.09013,0.09004,4516322.2,0.090162,407200.6421964,4516322.2,407200.6421964,
2022-11-26 19:00:00+00:00,0.08908,0.09015,0.09,0.08952,9422024.2,0.089687,845033.0844254,9422024.2,845033.0844254,
2022-11-26 19:05:00+00:00,0.08929,0.0897,0.08951,0.08953,2180721.6,0.089508,195192.0289728,2180721.6,195192.0289728,
2022-11-26 19:10:00+00:00,0.08949,0.08975,0.08957,0.08957,1388146.2,0.089595,124370.958789,1388146.2,124370.958789,
2022-11-26 19:15:00+00:00,0.08956,0.08992,0.0896,0.08981,313557.0,0.089722,28132.961154,313557.0,28132.961154,
2022-11-26 19:20:00+00:00,0.0898,0.09008,0.08981,0.09003,1204668.3,0.08993,108335.820219,1204668.3,108335.820219,
2022-11-26 19:25:00+00:00,0.08987,0.09003,0.09003,0.08997,509370.4,0.089975,45830.60174,509370.4,45830.60174,
2022-11-26 19:30:00+00:00,0.08985,0.09015,0.08996,0.09003,659512.7,0.089998,59354.8239746,659512.7,59354.8239746,
2022-11-26 19:35:00+00:00,0.08993,0.0901,0.09003,0.08996,664094.6,0.090005,59771.834473,664094.6,59771.834473,
2022-11-26 19:40:00+00:00,0.0898,0.09007,0.08997,0.09005,716128.0,0.089972,64431.468416,716128.0,64431.468416,
2022-11-26 19:45:00+00:00,0.08987,0.09007,0.09004,0.08994,613286.7,0.08998,55183.537266,613286.7,55183.537266,
2022-11-26 19:50:00+00:00,0.08987,0.09004,0.08992,0.09004,300661.5,0.089968,27049.913832,300661.5,27049.913832,
2022-11-26 19:55:00+00:00,0.08991,0.09007,0.09001,0.09002,716689.0,0.090002,64503.443378,716689.0,64503.443378,
2022-11-26 20:00:00+00:00,0.08991,0.09015,0.09002,0.09013,1510162.5,0.090052,135993.15345,1510162.5,135993.15345,
2022-11-26 20:05:00+00:00,0.09012,0.09026,0.09012,0.09022,468914.2,0.09018,42286.682556,468914.2,42286.682556,
2022-11-26 20:10:00+00:00,0.09016,0.0903,0.0902,0.0903,314109.0,0.09024,28345.19616,314109.0,28345.19616,
2022-11-26 20:15:00+00:00,0.09014,0.09031,0.09026,0.0903,575962.0,0.090252,51981.722424,575962.0,51981.722424,
2022-11-26 20:20:00+00:00,0.0901,0.09029,0.09028,0.0901,763771.7,0.090193,68886.8609381,763771.7,68886.8609381,
2022-11-26 20:25:00+00:00,0.08992,0.09014,0.09008,0.09003,627812.6,0.090042,56529.5021292,627812.6,56529.5021292,
2022-11-26 20:30:00+00:00,0.08993,0.09009,0.09,0.09006,526499.3,0.09002,47395.466986,526499.3,47395.466986,
2022-11-26 20:35:00+00:00,0.09,0.09013,0.09006,0.0901,498967.6,0.090073,44943.5086348,498967.6,44943.5086348,
2022-11-26 20:40:00+00:00,0.08975,0.09013,0.09012,0.08977,835270.5,0.089943,75126.7345815,835270.5,75126.7345815,
2022-11-26 20:45:00+00:00,0.08969,0.08999,0.08975,0.08995,796992.3,0.089845,71605.7731935,796992.3,71605.7731935,
2022-11-26 20:50:00+00:00,0.08981,0.08998,0.08994,0.08981,262047.4,0.089885,23554.130549,262047.4,23554.130549,
2022-11-26 20:55:00+00:00,0.08981,0.09002,0.08981,0.09,506758.1,0.08991,45562.620771,506758.1,45562.620771,
2022-11-26 21:00:00+00:00,0.08994,0.09008,0.09,0.09006,395779.2,0.09002,35628.043584,395779.2,35628.043584,
2022-11-26 21:05:00+00:00,0.08997,0.09009,0.09006,0.08999,272159.8,0.090028,24502.0024744,272159.8,24502.0024744,
2022-11-26 21:10:00+00:00,0.08989,0.09006,0.09003,0.08997,651690.9,0.089988,58644.3607092,651690.9,58644.3607092,
2022-11-26 21:15:00+00:00,0.08993,0.09023,0.09,0.09008,649084.6,0.09006,58456.559076,649084.6,58456.559076,
2022-11-26 21:20:00+00:00,0.09005,0.09024,0.09011,0.0902,564442.1,0.09015,50884.455315,564442.1,50884.455315,
2022-11-26 21:25:00+00:00,0.09013,0.09034,0.09023,0.09029,753092.9,0.090248,67965.1280392,753092.9,67965.1280392,
2022-11-26 21:30:00+00:00,0.09012,0.09029,0.09029,0.09018,152387.1,0.09022,13748.364162,152387.1,13748.364162,
2022-11-26 21:35:00+00:00,0.09016,0.09038,0.09019,0.09034,481304.0,0.090268,43446.349472,481304.0,43446.349472,
2022-11-26 21:40:00+00:00,0.0901,0.09039,0.09035,0.09013,810400.9,0.090242,73132.1980178,810400.9,73132.1980178,
2022-11-26 21:45:00+00:00,0.09007,0.09021,0.0901,0.09017,279337.5,0.090138,25178.923575,279337.5,25178.923575,
2022-11-26 21:50:00+00:00,0.09015,0.09034,0.09015,0.09023,129352.5,0.090218,11669.923845,129352.5,11669.923845,
2022-11-26 21:55:00+00:00,0.09015,0.09026,0.09026,0.09015,96890.9,0.090205,8740.0436345,96890.9,8740.0436345,
2022-11-26 22:00:00+00:00,0.09005,0.09017,0.09014,0.09009,463575.7,0.090112,41773.7334784,463575.7,41773.7334784,
2022-11-26 22:05:00+00:00,0.0898,0.09008,0.09006,0.08999,829292.4,0.089982,74621.3887368,829292.4,74621.3887368,
2022-11-26 22:10:00+00:00,0.09,0.09022,0.09002,0.09016,1158755.5,0.0901,104403.87055,1158755.5,104403.87055,
2022-11-26 22:15:00+00:00,0.08996,0.09017,0.09016,0.08998,320488.0,0.090068,28865.713184,320488.0,28865.713184,
2022-11-26 22:20:00+00:00,0.08975,0.09,0.08998,0.08976,868333.9,0.089873,78039.7725947,868333.9,78039.7725947,
2022-11-26 22:25:00+00:00,0.08963,0.0898,0.08975,0.08979,842904.3,0.089742,75643.9176906,842904.3,75643.9176906,
2022-11-26 22:30:00+00:00,0.08962,0.08985,0.08975,0.08965,818963.3,0.089718,73475.7493494,818963.3,73475.7493494,
2022-11-26 22:35:00+00:00,0.08916,0.08973,0.0896,0.08916,1342663.1,0.089412,120050.1930972,1342663.1,120050.1930972,
2022-11-26 22:40:00+00:00,0.08707,0.08939,0.08915,0.08792,7670431.7,0.088382,677928.0945094,7670431.7,677928.0945094,
2022-11-26 22:45:00+00:00,0.08759,0.08813,0.08792,0.08809,4878579.5,0.087932,428983.252594,4878579.5,428983.252594,
2022-11-26 22:50:00+00:00,0.08784,0.08844,0.08811,0.08843,4111636.7,0.088205,362666.9151235,4111636.7,362666.9151235,
2022-11-26 22:55:00+00:00,0.08811,0.08845,0.08839,0.08834,2223200.4,0.088322,196357.5057288,2223200.4,196357.5057288,
2022-11-26 23:00:00+00:00,0.08833,0.08896,0.08833,0.08895,4047410.7,0.088643,358774.6266801,4047410.7,358774.6266801,
2022-11-26 23:05:00+00:00,0.0887,0.08902,0.08893,0.08896,2936365.0,0.088902,261048.72123,2936365.0,261048.72123,
2022-11-26 23:10:00+00:00,0.08887,0.08923,0.08894,0.08895,1597091.0,0.088998,142137.904818,1597091.0,142137.904818,
2022-11-26 23:15:00+00:00,0.08894,0.08927,0.08896,0.08906,1446449.2,0.089058,128817.8728536,1446449.2,128817.8728536,
2022-11-26 23:20:00+00:00,0.08891,0.08918,0.08908,0.08896,1406418.8,0.089032,125216.2786016,1406418.8,125216.2786016,
2022-11-26 23:25:00+00:00,0.0888,0.08902,0.08895,0.08897,1410245.4,0.088935,125420.174649,1410245.4,125420.174649,
2022-11-26 23:30:00+00:00,0.08866,0.089,0.08897,0.08874,938245.4,0.088842,83355.5978268,938245.4,83355.5978268,
2022-11-26 23:35:00+00:00,0.08872,0.08893,0.08874,0.08881,1217182.5,0.0888,108085.806,1217182.5,108085.806,
2022-11-26 23:40:00+00:00,0.08884,0.08916,0.08884,0.08914,824212.7,0.088995,73350.8092365,824212.7,73350.8092365,
2022-11-26 23:45:00+00:00,0.08891,0.08919,0.08912,0.08898,1140090.9,0.08905,101525.094645,1140090.9,101525.094645,
2022-11-26 23:50:00+00:00,0.08883,0.08903,0.089,0.08891,1154896.7,0.088942,102718.8222914,1154896.7,102718.8222914,
2022-11-26 23:55:00+00:00,0.08879,0.08892,0.08891,0.08887,454888.3,0.088872,40426.8329976,454888.3,40426.8329976,
2022-11-27 00:00:00+00:00,0.08879,0.08912,0.08885,0.08898,1055793.7,0.088935,93897.0127095,1055793.7,93897.0127095,
2022-11-27 00:05:00+00:00,0.08893,0.0893,0.08898,0.08926,433598.4,0.089118,38641.4222112,433598.4,38641.4222112,
2022-11-27 00:10:00+00:00,0.08892,0.0892,0.08918,0.0891,1451191.3,0.0891,129301.14483,1451191.3,129301.14483,
2022-11-27 00:15:00+00:00,0.08881,0.08908,0.08908,0.08886,559424.0,0.088958,49765.240192,559424.0,49765.240192,
2022-11-27 00:20:00+00:00,0.08877,0.08895,0.0889,0.08894,813131.4,0.08889,72279.250146,813131.4,72279.250146,
2022-11-27 00:25:00+00:00,0.08895,0.08958,0.08895,0.08949,2269044.9,0.089243,202496.3740107,2269044.9,202496.3740107,
2022-11-27 00:30:00+00:00,0.0892,0.08949,0.08948,0.0892,1643776.2,0.089342,146858.2532604,1643776.2,146858.2532604,
2022-11-27 00:35:00+00:00,0.08903,0.08923,0.08918,0.08908,835711.4,0.08913,74486.957082,835711.4,74486.957082,
2022-11-27 00:40:00+00:00,0.08903,0.08918,0.08909,0.08913,205258.7,0.089107,18289.9869809,205258.7,18289.9869809,
2022-11-27 00:45:00+00:00,0.08909,0.08927,0.08916,0.08923,481622.3,0.089188,42954.9296924,481622.3,42954.9296924,
2022-11-27 00:50:00+00:00,0.08904,0.08931,0.08921,0.08905,712680.0,0.089153,63537.56004,712680.0,63537.56004,
2022-11-27 00:55:00+00:00,0.08889,0.08913,0.08903,0.08894,1466840.7,0.088998,130545.8886186,1466840.7,130545.8886186,
2022-11-27 01:00:00+00:00,0.08879,0.08903,0.08893,0.08897,1015547.9,0.08893,90312.674747,1015547.9,90312.674747,
2022-11-27 01:05:00+00:00,0.08892,0.08908,0.08897,0.08905,127974.6,0.089005,11390.379273,127974.6,11390.379273,
2022-11-27 01:10:00+00:00,0.08906,0.08923,0.08906,0.08913,404490.2,0.08912,36048.166624,404490.2,36048.166624,
2022-11-27 01:15:00+00:00,0.08907,0.08921,0.08914,0.08921,189047.0,0.089158,16855.052426,189047.0,16855.052426,
2022-11-27 01:20:00+00:00,0.08919,0.08935,0.08921,0.08932,326771.5,0.089268,29170.238262,326771.5,29170.238262,
2022-11-27 01:25:00+00:00,0.08916,0.08936,0.08933,0.08932,464283.2,0.089293,41457.2397776,464283.2,41457.2397776,
2022-11-27 01:30:00+00:00,0.08909,0.08933,0.0893,0.08915,720218.4,0.089218,64256.4452112,720218.4,64256.4452112,
2022-11-27 01:35:00+00:00,0.08913,0.08935,0.08915,0.08924,366682.9,0.089217,32714.3482893,366682.9,32714.3482893,
2022-11-27 01:40:00+00:00,0.08921,0.08939,0.08921,0.08937,193119.7,0.089295,17244.6236115,193119.7,17244.6236115,
2022-11-27 01:45:00+00:00,0.0893,0.08946,0.08937,0.08933,734945.4,0.089365,65678.395671,734945.4,65678.395671,
2022-11-27 01:50:00+00:00,0.08929,0.08942,0.08933,0.0893,178228.7,0.089335,15922.0609145,178228.7,15922.0609145,
2022-11-27 01:55:00+00:00,0.0891,0.08927,0.08927,0.08913,541237.9,0.089192,48274.0907768,541237.9,48274.0907768,
2022-11-27 02:00:00+00:00,0.08913,0.08926,0.08915,0.08923,920486.8,0.089193,82100.9791524,920486.8,82100.9791524,
2022-11-27 02:05:00+00:00,0.08919,0.08939,0.08919,0.08937,319540.4,0.089285,28530.164614,319540.4,28530.164614,
2022-11-27 02:10:00+00:00,0.08935,0.08978,0.08939,0.08962,805309.9,0.089535,72103.4218965,805309.9,72103.4218965,
2022-11-27 02:15:00+00:00,0.08944,0.08964,0.08964,0.08955,463780.5,0.089568,41539.891824,463780.5,41539.891824,
2022-11-27 02:20:00+00:00,0.08937,0.08959,0.08959,0.08946,855170.3,0.089502,76539.4521906,855170.3,76539.4521906,
2022-11-27 02:25:00+00:00,0.0894,0.08951,0.08942,0.08942,211690.2,0.089438,18933.1481076,211690.2,18933.1481076,
2022-11-27 02:30:00+00:00,0.0893,0.08943,0.08941,0.0893,281818.7,0.08936,25183.319032,281818.7,25183.319032,
2022-11-27 02:35:00+00:00,0.08932,0.08945,0.08932,0.08939,284814.5,0.08937,25453.871865,284814.5,25453.871865,
2022-11-27 02:40:00+00:00,0.08936,0.08954,0.08937,0.08953,608699.6,0.08945,54448.17922,608699.6,54448.17922,
2022-11-27 02:45:00+00:00,0.0894,0.08955,0.08952,0.08948,236518.8,0.089488,21165.5943744,236518.8,21165.5943744,
2022-11-27 02:50:00+00:00,0.08949,0.08957,0.08949,0.08955,263234.3,0.089525,23566.0507075,263234.3,23566.0507075,
2022-11-27 02:55:00+00:00,0.0895,0.08963,0.08955,0.0896,327392.3,0.08957,29324.528311,327392.3,29324.528311,
2022-11-27 03:00:00+00:00,0.08943,0.08967,0.0896,0.08949,1406475.5,0.089548,125947.068074,1406475.5,125947.068074,
2022-11-27 03:05:00+00:00,0.08925,0.08953,0.08953,0.08933,373886.6,0.08941,33429.200906,373886.6,33429.200906,
2022-11-27 03:10:00+00:00,0.08917,0.08937,0.08929,0.08924,332105.7,0.089268,29646.4116276,332105.7,29646.4116276,
2022-11-27 03:15:00+00:00,0.08924,0.08935,0.08924,0.0893,138814.1,0.089282,12393.6004762,138814.1,12393.6004762,
2022-11-27 03:20:00+00:00,0.08925,0.08943,0.08929,0.08927,394742.4,0.08931,35254.443744,394742.4,35254.443744,
2022-11-27 03:25:00+00:00,0.08912,0.08931,0.08925,0.08923,688273.5,0.089228,61413.267858,688273.5,61413.267858,
2022-11-27 03:30:00+00:00,0.08922,0.08948,0.08922,0.08944,506652.7,0.08934,45264.352218,506652.7,45264.352218,
2022-11-27 03:35:00+00:00,0.08931,0.08939,0.08939,0.08931,94743.5,0.08935,8465.331725,94743.5,8465.331725,
2022-11-27 03:40:00+00:00,0.08919,0.08936,0.08933,0.08919,242136.6,0.089268,21615.0500088,242136.6,21615.0500088,
2022-11-27 03:45:00+00:00,0.08903,0.08924,0.08922,0.08922,484861.3,0.089178,43238.9610114,484861.3,43238.9610114,
2022-11-27 03:50:00+00:00,0.08922,0.08936,0.08922,0.08931,271605.2,0.089278,24248.3690456,271605.2,24248.3690456,
2022-11-27 03:55:00+00:00,0.0892,0.08931,0.08931,0.08923,93111.5,0.089262,8311.318713,93111.5,8311.318713,
2022-11-27 04:00:00+00:00,0.08918,0.08925,0.0892,0.08924,121607.1,0.089217,10849.4206407,121607.1,10849.4206407,
2022-11-27 04:05:00+00:00,0.08918,0.08925,0.08924,0.08918,117796.7,0.089212,10508.8792004,117796.7,10508.8792004,
2022-11-27 04:10:00+00:00,0.08909,0.08938,0.08913,0.08936,298042.2,0.08924,26597.285928,298042.2,26597.285928,
2022-11-27 04:15:00+00:00,0.08939,0.09139,0.08939,0.09104,12659679.5,0.090303,1143207.0378885,12659679.5,1143207.0378885,
2022-11-27 04:20:00+00:00,0.09063,0.09192,0.09102,0.09184,7993898.5,0.091352,730258.615772,7993898.5,730258.615772,
2022-11-27 04:25:00+00:00,0.09151,0.09231,0.09188,0.09171,9114801.6,0.091852,837212.7565632,9114801.6,837212.7565632,
2022-11-27 04:30:00+00:00,0.09131,0.09291,0.09167,0.09277,8299495.5,0.092165,764923.0027575,8299495.5,764923.0027575,
2022-11-27 04:35:00+00:00,0.09232,0.0943,0.09262,0.09359,13412643.3,0.093208,1250165.6567064,13412643.3,1250165.6567064,
2022-11-27 04:40:00+00:00,0.09357,0.0945,0.09357,0.09396,8701252.6,0.0939,817047.61914,8701252.6,817047.61914,
2022-11-27 04:45:00+00:00,0.09385,0.0949,0.09401,0.09401,11312955.3,0.094192,1065589.8856176,11312955.3,1065589.8856176,
2022-11-27 04:50:00+00:00,0.09364,0.0951,0.09401,0.09379,12848757.6,0.094135,1209517.796676,12848757.6,1209517.796676,
2022-11-27 04:55:00+00:00,0.0931,0.094,0.09385,0.09338,8794956.4,0.093583,823058.4047812,8794956.4,823058.4047812,
2022-11-27 05:00:00+00:00,0.09269,0.09342,0.09334,0.09292,7134727.0,0.093092,664186.005884,7134727.0,664186.005884,
2022-11-27 05:05:00+00:00,0.09289,0.0938,0.09289,0.09346,4347964.7,0.09326,405491.187922,4347964.7,405491.187922,
2022-11-27 05:10:00+00:00,0.09347,0.09402,0.09347,0.09383,1685590.0,0.093697,157934.72623,1685590.0,157934.72623,
2022-11-27 05:15:00+00:00,0.09371,0.09442,0.09382,0.09407,3512198.9,0.094005,330164.2575945,3512198.9,330164.2575945,
2022-11-27 05:20:00+00:00,0.09352,0.09412,0.09409,0.09394,2912181.7,0.093917,273503.3687189,2912181.7,273503.3687189,
2022-11-27 05:25:00+00:00,0.09391,0.09488,0.09391,0.09453,5432130.0,0.094308,512293.31604,5432130.0,512293.31604,
2022-11-27 05:30:00+00:00,0.09398,0.09488,0.09456,0.09404,5485756.8,0.094365,517663.440432,5485756.8,517663.440432,
2022-11-27 05:35:00+00:00,0.09373,0.09415,0.094,0.09398,2835087.4,0.093965,266398.987541,2835087.4,266398.987541,
2022-11-27 05:40:00+00:00,0.09405,0.0947,0.09405,0.09466,3131523.5,0.094365,295506.2150775,3131523.5,295506.2150775,
2022-11-27 05:45:00+00:00,0.09435,0.09523,0.09465,0.09438,4487526.7,0.094652,424753.3772084,4487526.7,424753.3772084,
2022-11-27 05:50:00+00:00,0.09391,0.09444,0.09444,0.09396,1446443.7,0.094188,136237.6392156,1446443.7,136237.6392156,
2022-11-27 05:55:00+00:00,0.09386,0.09412,0.094,0.09406,1726942.7,0.09401,162349.883227,1726942.7,162349.883227,
2022-11-27 06:00:00+00:00,0.09368,0.09408,0.09406,0.09371,1302608.7,0.093883,122292.8125821,1302608.7,122292.8125821,
2022-11-27 06:05:00+00:00,0.09354,0.094,0.09365,0.09396,2314854.9,0.093788,217105.6113612,2314854.9,217105.6113612,
2022-11-27 06:10:00+00:00,0.09396,0.09443,0.09396,0.09433,2607178.4,0.09417,245517.989928,2607178.4,245517.989928,
2022-11-27 06:15:00+00:00,0.09427,0.09648,0.09435,0.09648,5284690.8,0.095395,504133.078866,5284690.8,504133.078866,
2022-11-27 06:20:00+00:00,0.0958,0.09821,0.09645,0.09761,15557244.4,0.097018,1509332.7371992,15557244.4,1509332.7371992,
2022-11-27 06:25:00+00:00,0.0973,0.0981,0.09764,0.09747,4730375.9,0.097628,461817.1383652,4730375.9,461817.1383652,
2022-11-27 06:30:00+00:00,0.09713,0.09799,0.09749,0.09761,6727921.0,0.097555,656342.333155,6727921.0,656342.333155,
2022-11-27 06:35:00+00:00,0.09742,0.09788,0.09764,0.09758,4617332.3,0.09763,450790.152449,4617332.3,450790.152449,
2022-11-27 06:40:00+00:00,0.0967,0.09771,0.09763,0.0967,7396052.8,0.097185,718785.391368,7396052.8,718785.391368,
2022-11-27 06:45:00+00:00,0.09659,0.09702,0.09677,0.09679,3203067.3,0.096792,310031.2901016,3203067.3,310031.2901016,
2022-11-27 06:50:00+00:00,0.09648,0.09687,0.09684,0.09656,2757117.0,0.096688,266580.128496,2757117.0,266580.128496,
2022-11-27 06:55:00+00:00,0.09638,0.09702,0.09659,0.09663,2397353.6,0.096655,231716.212208,2397353.6,231716.212208,
2022-11-27 07:00:00+00:00,0.09662,0.09704,0.09663,0.09676,2529041.7,0.096762,244715.1329754,2529041.7,244715.1329754,
2022-11-27 07:05:00+00:00,0.09671,0.09699,0.09676,0.0969,1310744.0,0.09684,126932.44896,1310744.0,126932.44896,
2022-11-27 07:10:00+00:00,0.09685,0.09782,0.09685,0.0971,6169209.4,0.097155,599369.539257,6169209.4,599369.539257,
2022-11-27 07:15:00+00:00,0.09693,0.09761,0.09706,0.0976,3231460.8,0.0973,314421.13584,3231460.8,314421.13584,
2022-11-27 07:20:00+00:00,0.0973,0.0978,0.0976,0.09738,3656307.6,0.09752,356563.117152,3656307.6,356563.117152,
2022-11-27 07:25:00+00:00,0.09732,0.09836,0.09738,0.09808,4155232.0,0.097785,406319.36112,4155232.0,406319.36112,
2022-11-27 07:30:00+00:00,0.09763,0.09833,0.09809,0.09773,5786488.4,0.097945,566757.606338,5786488.4,566757.606338,
2022-11-27 07:35:00+00:00,0.09738,0.09777,0.09772,0.09752,5376500.3,0.097597,524730.2997791,5376500.3,524730.2997791,
2022-11-27 07:40:00+00:00,0.09745,0.09784,0.09753,0.09777,3118426.5,0.097648,304508.110872,3118426.5,304508.110872,
2022-11-27 07:45:00+00:00,0.09763,0.09863,0.09777,0.09775,7883631.2,0.097945,772162.257884,7883631.2,772162.257884,
2022-11-27 07:50:00+00:00,0.09703,0.09766,0.09765,0.09724,6408967.6,0.097395,624201.399402,6408967.6,624201.399402,
2022-11-27 07:55:00+00:00,0.0967,0.09725,0.09723,0.09681,4188814.5,0.096998,406306.628871,4188814.5,406306.628871,
2022-11-27 08:00:00+00:00,0.09659,0.09716,0.09688,0.09715,2503172.2,0.096945,242670.028929,2503172.2,242670.028929,
2022-11-27 08:05:00+00:00,0.09685,0.09719,0.09715,0.09709,2415754.2,0.09707,234497.260194,2415754.2,234497.260194,
2022-11-27 08:10:00+00:00,0.09688,0.09719,0.09708,0.09708,2447978.8,0.097058,237595.9263704,2447978.8,237595.9263704,
2022-11-27 08:15:00+00:00,0.0969,0.09721,0.09703,0.09713,4894270.6,0.097068,475077.0586008,4894270.6,475077.0586008,
2022-11-27 08:20:00+00:00,0.0966,0.09745,0.09714,0.09665,3484980.5,0.09696,337903.70928,3484980.5,337903.70928,
2022-11-27 08:25:00+00:00,0.09599,0.09662,0.0966,0.09645,5205685.4,0.096415,501906.157841,5205685.4,501906.157841,
2022-11-27 08:30:00+00:00,0.09617,0.09669,0.09646,0.09643,1997386.9,0.096438,192623.9978622,1997386.9,192623.9978622,
2022-11-27 08:35:00+00:00,0.09648,0.09691,0.09648,0.0967,1533515.6,0.096642,148202.0146152,1533515.6,148202.0146152,
2022-11-27 08:40:00+00:00,0.09651,0.09695,0.09664,0.09667,1166294.9,0.096692,112771.3864708,1166294.9,112771.3864708,
2022-11-27 08:45:00+00:00,0.0967,0.09701,0.0967,0.09684,1046813.4,0.096812,101344.0988808,1046813.4,101344.0988808,
2022-11-27 08:50:00+00:00,0.09677,0.09703,0.09684,0.0969,1556570.9,0.096885,150808.3716465,1556570.9,150808.3716465,
2022-11-27 08:55:00+00:00,0.09652,0.09692,0.09688,0.0967,2293460.1,0.096755,221903.7319755,2293460.1,221903.7319755,
2022-11-27 09:00:00+00:00,0.09666,0.09724,0.09666,0.0972,3951060.3,0.09694,383015.785482,3951060.3,383015.785482,
2022-11-27 09:05:00+00:00,0.09692,0.09739,0.09713,0.09703,3171666.1,0.097118,308025.8682998,3171666.1,308025.8682998,
2022-11-27 09:10:00+00:00,0.09651,0.09712,0.09705,0.09675,2703271.9,0.096858,261833.5096902,2703271.9,261833.5096902,
2022-11-27 09:15:00+00:00,0.09639,0.0969,0.09673,0.09685,1889929.5,0.096718,182790.201381,1889929.5,182790.201381,
2022-11-27 09:20:00+00:00,0.09684,0.09762,0.09685,0.0974,3498843.6,0.097178,340010.6233608,3498843.6,340010.6233608,
2022-11-27 09:25:00+00:00,0.09724,0.09757,0.0974,0.0974,1819116.2,0.097402,177185.5561124,1819116.2,177185.5561124,
2022-11-27 09:30:00+00:00,0.09737,0.09794,0.09742,0.09789,2365652.4,0.097655,231017.785122,2365652.4,231017.785122,
2022-11-27 09:35:00+00:00,0.09757,0.09825,0.09787,0.09808,4892100.5,0.097942,479142.107171,4892100.5,479142.107171,
2022-11-27 09:40:00+00:00,0.09786,0.09864,0.09805,0.0982,3693926.4,0.098188,362699.2453632,3693926.4,362699.2453632,
2022-11-27 09:45:00+00:00,0.09803,0.09954,0.09815,0.09924,10764471.3,0.09874,1062883.896162,10764471.3,1062883.896162,
2022-11-27 09:50:00+00:00,0.0989,0.09951,0.09922,0.09932,8397817.0,0.099238,833382.563446,8397817.0,833382.563446,
2022-11-27 09:55:00+00:00,0.09876,0.0994,0.09923,0.09905,4694306.3,0.09911,465252.697393,4694306.3,465252.697393,
2022-11-27 10:00:00+00:00,0.09904,0.10061,0.09904,0.10022,11505132.4,0.099728,1147383.8439872,11505132.4,1147383.8439872,
2022-11-27 10:05:00+00:00,0.09845,0.10026,0.10024,0.09875,7426619.7,0.099425,738391.6636725,7426619.7,738391.6636725,
2022-11-27 10:10:00+00:00,0.09869,0.09933,0.09877,0.09893,3347704.4,0.09893,331188.396292,3347704.4,331188.396292,
2022-11-27 10:15:00+00:00,0.09886,0.09943,0.09896,0.0992,3404792.3,0.099112,337455.7744376,3404792.3,337455.7744376,
2022-11-27 10:20:00+00:00,0.09904,0.10012,0.09921,0.09972,4489860.4,0.099523,446844.3765892,4489860.4,446844.3765892,
2022-11-27 10:25:00+00:00,0.09949,0.09991,0.09973,0.09972,6336702.2,0.099713,631851.5864686,6336702.2,631851.5864686,
2022-11-27 10:30:00+00:00,0.09953,0.10152,0.0997,0.10023,10482116.5,0.100245,1050779.7685425,10482116.5,1050779.7685425,
2022-11-27 10:35:00+00:00,0.09981,0.10127,0.10014,0.10114,12041962.2,0.10059,1211300.977698,12041962.2,1211300.977698,
2022-11-27 10:40:00+00:00,0.10083,0.10582,0.10114,0.10391,21279006.1,0.102925,2190141.7028425,21279006.1,2190141.7028425,
2022-11-27 10:45:00+00:00,0.10344,0.10581,0.10397,0.1048,16898039.4,0.104505,1765929.607497,16898039.4,1765929.607497,
2022-11-27 10:50:00+00:00,0.10472,0.10612,0.10482,0.1051,9565442.0,0.10519,1006188.84398,9565442.0,1006188.84398,
2022-11-27 10:55:00+00:00,0.10382,0.1059,0.10512,0.10394,10908425.3,0.104695,1142057.5867835,10908425.3,1142057.5867835,
2022-11-27 11:00:00+00:00,0.10346,0.10435,0.104,0.1035,9775014.6,0.103827,1014910.4408742,9775014.6,1014910.4408742,
2022-11-27 11:05:00+00:00,0.10335,0.10465,0.10346,0.10398,8177306.8,0.10386,849295.084248,8177306.8,849295.084248,
2022-11-27 11:10:00+00:00,0.1039,0.10487,0.10396,0.10431,5644263.9,0.10426,588470.954214,5644263.9,588470.954214,
2022-11-27 11:15:00+00:00,0.10401,0.10497,0.10425,0.10486,4676648.1,0.104522,488812.6127082,4676648.1,488812.6127082,
2022-11-27 11:20:00+00:00,0.10472,0.10566,0.10489,0.10496,6688738.3,0.105058,702705.4683214,6688738.3,702705.4683214,
2022-11-27 11:25:00+00:00,0.10483,0.10784,0.10496,0.1063,10578842.0,0.105982,1121166.832844,10578842.0,1121166.832844,
2022-11-27 11:30:00+00:00,0.10553,0.1068,0.10628,0.10573,9213019.2,0.106085,977363.141832,9213019.2,977363.141832,
2022-11-27 11:35:00+00:00,0.10458,0.10589,0.10573,0.10476,9248264.9,0.10524,973287.398076,9248264.9,973287.398076,
2022-11-27 11:40:00+00:00,0.10417,0.10488,0.1048,0.10457,5923983.1,0.104605,619678.2521755,5923983.1,619678.2521755,
2022-11-27 11:45:00+00:00,0.10408,0.10476,0.10451,0.10447,4966271.7,0.104455,518751.9104235,4966271.7,518751.9104235,
2022-11-27 11:50:00+00:00,0.10435,0.10516,0.10445,0.10446,3993194.0,0.104605,417708.05837,3993194.0,417708.05837,
2022-11-27 11:55:00+00:00,0.10447,0.10495,0.10453,0.10464,3183194.8,0.104648,333114.9694304,3183194.8,333114.9694304,
2022-11-27 12:00:00+00:00,0.10408,0.1054,0.10464,0.10411,4916877.0,0.104558,514098.825366,4916877.0,514098.825366,
2022-11-27 12:05:00+00:00,0.10406,0.10537,0.10415,0.10526,5001089.6,0.10471,523664.092016,5001089.6,523664.092016,
2022-11-27 12:10:00+00:00,0.10509,0.10576,0.10537,0.10523,3535578.8,0.105362,372515.6535256,3535578.8,372515.6535256,
2022-11-27 12:15:00+00:00,0.10464,0.1061,0.10523,0.10478,7466828.1,0.105188,785420.7141828,7466828.1,785420.7141828,
2022-11-27 12:20:00+00:00,0.10454,0.10537,0.10474,0.1049,4003338.9,0.104888,419902.2105432,4003338.9,419902.2105432,
2022-11-27 12:25:00+00:00,0.10459,0.10509,0.10488,0.1048,3112411.3,0.10484,326305.200692,3112411.3,326305.200692,
2022-11-27 12:30:00+00:00,0.10422,0.10501,0.10474,0.10456,4429171.0,0.104632,463433.020072,4429171.0,463433.020072,
2022-11-27 12:35:00+00:00,0.10446,0.10546,0.1046,0.10538,5479833.4,0.104975,575245.511165,5479833.4,575245.511165,
2022-11-27 12:40:00+00:00,0.10533,0.10569,0.1054,0.10544,4524022.6,0.105465,477126.043509,4524022.6,477126.043509,
2022-11-27 12:45:00+00:00,0.10529,0.10622,0.10542,0.10537,4431089.6,0.105575,467812.28452,4431089.6,467812.28452,
2022-11-27 12:50:00+00:00,0.10521,0.10561,0.10529,0.1053,5199691.7,0.105352,547797.9199784,5199691.7,547797.9199784,
2022-11-27 12:55:00+00:00,0.10476,0.10549,0.10527,0.10483,3594204.9,0.105088,377707.8045312,3594204.9,377707.8045312,
2022-11-27 13:00:00+00:00,0.10445,0.10505,0.10482,0.10465,4301033.8,0.104742,450498.8822796,4301033.8,450498.8822796,
2022-11-27 13:05:00+00:00,0.10456,0.10486,0.10462,0.10469,2838528.9,0.104682,297142.8823098,2838528.9,297142.8823098,
2022-11-27 13:10:00+00:00,0.10358,0.10464,0.10464,0.10389,5141097.3,0.104188,535640.6454924,5141097.3,535640.6454924,
2022-11-27 13:15:00+00:00,0.1037,0.10431,0.10391,0.10414,4012536.6,0.104015,417363.994449,4012536.6,417363.994449,
2022-11-27 13:20:00+00:00,0.10391,0.10458,0.10416,0.104,3016299.6,0.104162,314183.7989352,3016299.6,314183.7989352,
2022-11-27 13:25:00+00:00,0.10373,0.10404,0.10397,0.10399,1668944.7,0.103933,173458.4295051,1668944.7,173458.4295051,
2022-11-27 13:30:00+00:00,0.10334,0.1043,0.10399,0.10388,4318546.2,0.103878,448601.9421636,4318546.2,448601.9421636,
2022-11-27 13:35:00+00:00,0.10333,0.1041,0.10383,0.10346,4174680.1,0.10368,432830.832768,4174680.1,432830.832768,
2022-11-27 13:40:00+00:00,0.10247,0.10375,0.1035,0.10252,11199287.1,0.10306,1154198.528526,11199287.1,1154198.528526,
2022-11-27 13:45:00+00:00,0.10242,0.10304,0.10255,0.10271,4970648.2,0.10268,510386.157176,4970648.2,510386.157176,
2022-11-27 13:50:00+00:00,0.10264,0.10324,0.10268,0.10321,3813781.0,0.102942,392598.243702,3813781.0,392598.243702,
2022-11-27 13:55:00+00:00,0.10272,0.10329,0.1032,0.10309,2932821.2,0.103075,302300.54519,2932821.2,302300.54519,
2022-11-27 14:00:00+00:00,0.10282,0.10354,0.10314,0.10329,3181653.7,0.103198,328340.2985326,3181653.7,328340.2985326,
2022-11-27 14:05:00+00:00,0.10322,0.10368,0.10331,0.10366,3157905.9,0.103467,326739.0497553,3157905.9,326739.0497553,
2022-11-27 14:10:00+00:00,0.10334,0.10376,0.10363,0.10348,3309127.0,0.103552,342666.719104,3309127.0,342666.719104,
2022-11-27 14:15:00+00:00,0.10334,0.10372,0.10351,0.1036,3564961.1,0.103543,369126.7671773,3564961.1,369126.7671773,
2022-11-27 14:20:00+00:00,0.10333,0.10363,0.10358,0.1036,1357098.8,0.103535,140507.224258,1357098.8,140507.224258,
2022-11-27 14:25:00+00:00,0.10342,0.10372,0.1036,0.10343,3776012.4,0.103543,390979.6519332,3776012.4,390979.6519332,
2022-11-27 14:30:00+00:00,0.10205,0.10357,0.10341,0.10269,9248866.8,0.10293,951985.859724,9248866.8,951985.859724,
2022-11-27 14:35:00+00:00,0.1024,0.10286,0.10267,0.10245,3374234.6,0.102595,346179.598787,3374234.6,346179.598787,
2022-11-27 14:40:00+00:00,0.10236,0.10264,0.10245,0.10246,2352147.0,0.102478,241043.320266,2352147.0,241043.320266,
2022-11-27 14:45:00+00:00,0.10169,0.10265,0.10247,0.10199,4863749.6,0.1022,497075.20912,4863749.6,497075.20912,
2022-11-27 14:50:00+00:00,0.10107,0.10215,0.10198,0.10113,7307706.8,0.101582,742331.4721576,7307706.8,742331.4721576,
2022-11-27 14:55:00+00:00,0.10111,0.10185,0.10119,0.10159,6122458.0,0.101435,621031.52723,6122458.0,621031.52723,
2022-11-27 15:00:00+00:00,0.10138,0.10187,0.10161,0.10142,4589191.7,0.10157,466124.200969,4589191.7,466124.200969,
2022-11-27 15:05:00+00:00,0.10109,0.10186,0.10142,0.1017,4524170.9,0.101518,459284.7814262,4524170.9,459284.7814262,
2022-11-27 15:10:00+00:00,0.10178,0.10208,0.10178,0.10196,3824805.8,0.1019,389747.71102,3824805.8,389747.71102,
2022-11-27 15:15:00+00:00,0.10196,0.10249,0.10196,0.10237,4092158.1,0.102195,418198.0970295,4092158.1,418198.0970295,
2022-11-27 15:20:00+00:00,0.10194,0.10241,0.10233,0.102,3209376.8,0.10217,327902.027656,3209376.8,327902.027656,
2022-11-27 15:25:00+00:00,0.10154,0.10202,0.102,0.10173,2545616.0,0.101822,259199.712352,2545616.0,259199.712352,
2022-11-27 15:30:00+00:00,0.10166,0.10327,0.10175,0.10295,4683844.5,0.102407,479658.4637115,4683844.5,479658.4637115,
2022-11-27 15:35:00+00:00,0.10261,0.10336,0.10288,0.10322,2724342.3,0.103017,280653.5707191,2724342.3,280653.5707191,
2022-11-27 15:40:00+00:00,0.10279,0.10337,0.10319,0.10297,2979034.1,0.10308,307078.835028,2979034.1,307078.835028,
2022-11-27 15:45:00+00:00,0.10287,0.10337,0.103,0.10327,1922537.0,0.103128,198267.395736,1922537.0,198267.395736,
2022-11-27 15:50:00+00:00,0.10282,0.10334,0.10327,0.1029,6035597.8,0.103082,622161.4924196,6035597.8,622161.4924196,
2022-11-27 15:55:00+00:00,0.10288,0.10353,0.10296,0.10319,2363366.0,0.10314,243757.56924,2363366.0,243757.56924,
2022-11-27 16:00:00+00:00,0.10289,0.10354,0.1032,0.10345,3635807.5,0.10327,375469.840525,3635807.5,375469.840525,
2022-11-27 16:05:00+00:00,0.10326,0.1037,0.10345,0.1033,2736736.5,0.103428,283055.182722,2736736.5,283055.182722,
2022-11-27 16:10:00+00:00,0.10284,0.10355,0.10333,0.10341,4636376.1,0.103282,478854.1963602,4636376.1,478854.1963602,
2022-11-27 16:15:00+00:00,0.10328,0.10494,0.10338,0.10405,9941100.1,0.103912,1032999.5935912,9941100.1,1032999.5935912,
2022-11-27 16:20:00+00:00,0.10376,0.10428,0.10402,0.10401,3237271.9,0.104018,336734.5484942,3237271.9,336734.5484942,
2022-11-27 16:25:00+00:00,0.10399,0.10445,0.10405,0.10419,1522347.6,0.10417,158582.949492,1522347.6,158582.949492,
2022-11-27 16:30:00+00:00,0.10385,0.10479,0.10416,0.10456,5139613.1,0.10434,536267.230854,5139613.1,536267.230854,
2022-11-27 16:35:00+00:00,0.1045,0.10492,0.10455,0.10472,2051286.7,0.104672,214712.2814624,2051286.7,214712.2814624,
2022-11-27 16:40:00+00:00,0.10459,0.10516,0.10472,0.10462,4564806.2,0.104772,478263.8751864,4564806.2,478263.8751864,
2022-11-27 16:45:00+00:00,0.10391,0.1048,0.10458,0.10423,4522378.3,0.10438,472045.846954,4522378.3,472045.846954,
2022-11-27 16:50:00+00:00,0.1037,0.10451,0.10428,0.10379,5081941.9,0.10407,528877.693533,5081941.9,528877.693533,
2022-11-27 16:55:00+00:00,0.10362,0.10401,0.10377,0.10382,2884702.2,0.103805,299446.511871,2884702.2,299446.511871,
2022-11-27 17:00:00+00:00,0.10332,0.10446,0.10381,0.1036,6393547.0,0.103798,663637.391506,6393547.0,663637.391506,
2022-11-27 17:05:00+00:00,0.10319,0.10408,0.10359,0.10394,3295714.6,0.1037,341765.60402,3295714.6,341765.60402,
2022-11-27 17:10:00+00:00,0.1039,0.10446,0.1039,0.1043,2330184.5,0.10414,242665.41383,2330184.5,242665.41383,
2022-11-27 17:15:00+00:00,0.10385,0.10463,0.10425,0.10387,2975157.3,0.10415,309862.632795,2975157.3,309862.632795,
2022-11-27 17:20:00+00:00,0.10297,0.10416,0.10385,0.10335,4968132.8,0.103583,514614.0998224,4968132.8,514614.0998224,
2022-11-27 17:25:00+00:00,0.10324,0.10372,0.10339,0.10348,2453040.8,0.103458,253786.6950864,2453040.8,253786.6950864,
2022-11-27 17:30:00+00:00,0.10336,0.10366,0.10348,0.10354,1949853.8,0.10351,201829.366838,1949853.8,201829.366838,
2022-11-27 17:35:00+00:00,0.10329,0.10376,0.1035,0.1034,881597.0,0.103488,91234.710336,881597.0,91234.710336,
2022-11-27 17:40:00+00:00,0.10313,0.10346,0.10337,0.10342,2038649.0,0.103345,210684.180905,2038649.0,210684.180905,
2022-11-27 17:45:00+00:00,0.10322,0.10364,0.10342,0.10349,1236259.3,0.103442,127881.1345106,1236259.3,127881.1345106,
2022-11-27 17:50:00+00:00,0.10343,0.10375,0.10346,0.10375,1172386.8,0.103598,121456.9277064,1172386.8,121456.9277064,
2022-11-27 17:55:00+00:00,0.10328,0.10377,0.1037,0.10348,1347058.7,0.103558,139498.7048546,1347058.7,139498.7048546,
2022-11-27 18:00:00+00:00,0.10333,0.10446,0.10342,0.10399,4940827.0,0.1038,512857.8426,4940827.0,512857.8426,
2022-11-27 18:05:00+00:00,0.10388,0.10418,0.10394,0.10401,1657671.7,0.104002,172401.1721434,1657671.7,172401.1721434,
2022-11-27 18:10:00+00:00,0.10355,0.10404,0.104,0.10374,2561241.5,0.103833,265941.3886695,2561241.5,265941.3886695,
2022-11-27 18:15:00+00:00,0.10358,0.10416,0.10374,0.10401,2777863.4,0.103872,288542.2270848,2777863.4,288542.2270848,
2022-11-27 18:20:00+00:00,0.10382,0.1041,0.10403,0.10386,1165564.3,0.103952,121162.7401136,1165564.3,121162.7401136,
2022-11-27 18:25:00+00:00,0.10387,0.10441,0.10392,0.10425,2831453.8,0.104113,294791.1494794,2831453.8,294791.1494794,
2022-11-27 18:30:00+00:00,0.10403,0.1045,0.10425,0.10434,2112522.7,0.10428,220293.867156,2112522.7,220293.867156,
2022-11-27 18:35:00+00:00,0.10379,0.10431,0.10431,0.10379,1950941.5,0.10405,202995.463075,1950941.5,202995.463075,
2022-11-27 18:40:00+00:00,0.10374,0.104,0.10377,0.1039,1567274.9,0.103852,162764.6329148,1567274.9,162764.6329148,
2022-11-27 18:45:00+00:00,0.10324,0.104,0.10394,0.10347,2452620.8,0.103662,254243.5773696,2452620.8,254243.5773696,
2022-11-27 18:50:00+00:00,0.10261,0.10345,0.10345,0.1028,8396933.5,0.103078,865539.111313,8396933.5,865539.111313,
2022-11-27 18:55:00+00:00,0.10274,0.10333,0.1028,0.10279,3980039.6,0.102915,409605.775434,3980039.6,409605.775434,
2022-11-27 19:00:00+00:00,0.10278,0.1031,0.10278,0.10288,1783930.8,0.102885,183539.720358,1783930.8,183539.720358,
2022-11-27 19:05:00+00:00,0.10283,0.10305,0.10285,0.10292,1873465.1,0.102912,192802.0403712,1873465.1,192802.0403712,
2022-11-27 19:10:00+00:00,0.10273,0.10307,0.1029,0.10292,2382883.5,0.102905,245210.6265675,2382883.5,245210.6265675,
2022-11-27 19:15:00+00:00,0.1024,0.10303,0.10293,0.10259,4377486.6,0.102738,449734.2183108,4377486.6,449734.2183108,
2022-11-27 19:20:00+00:00,0.10262,0.10312,0.10262,0.10296,2094056.0,0.10283,215331.77848,2094056.0,215331.77848,
2022-11-27 19:25:00+00:00,0.10294,0.10324,0.10294,0.10311,1120409.4,0.103058,115467.1519452,1120409.4,115467.1519452,
2022-11-27 19:30:00+00:00,0.10304,0.10448,0.1031,0.10433,7540531.6,0.103738,782239.6671208,7540531.6,782239.6671208,
2022-11-27 19:35:00+00:00,0.1038,0.10466,0.1043,0.10388,6395781.1,0.10416,666184.559376,6395781.1,666184.559376,
2022-11-27 19:40:00+00:00,0.10385,0.1045,0.10386,0.10448,5318066.4,0.104172,553993.6130208,5318066.4,553993.6130208,
2022-11-27 19:45:00+00:00,0.10373,0.105,0.10446,0.1042,6515751.2,0.104348,679905.6062176,6515751.2,679905.6062176,
2022-11-27 19:50:00+00:00,0.10422,0.10451,0.10422,0.10438,2939942.8,0.104332,306730.1122096,2939942.8,306730.1122096,
2022-11-27 19:55:00+00:00,0.10432,0.10464,0.10439,0.10455,3117320.3,0.104475,325682.0383425,3117320.3,325682.0383425,
2022-11-27 20:00:00+00:00,0.10429,0.10518,0.10452,0.10492,4703502.9,0.104728,492588.4517112,4703502.9,492588.4517112,
2022-11-27 20:05:00+00:00,0.1045,0.10495,0.10486,0.10474,2691772.1,0.104762,281995.4287402,2691772.1,281995.4287402,
2022-11-27 20:10:00+00:00,0.1047,0.10509,0.10478,0.10497,2198007.4,0.104885,230538.006149,2198007.4,230538.006149,
2022-11-27 20:15:00+00:00,0.10412,0.10503,0.10498,0.10426,3031378.8,0.104598,317076.1597224,3031378.8,317076.1597224,
2022-11-27 20:20:00+00:00,0.10426,0.10477,0.10426,0.10461,3015199.1,0.104475,315012.9259725,3015199.1,315012.9259725,
2022-11-27 20:25:00+00:00,0.10451,0.10488,0.10459,0.1046,2397867.3,0.104645,250924.8236085,2397867.3,250924.8236085,
2022-11-27 20:30:00+00:00,0.10412,0.10472,0.1046,0.10465,10138816.7,0.104522,1059729.3991174,10138816.7,1059729.3991174,
2022-11-27 20:35:00+00:00,0.10457,0.10476,0.10465,0.10464,2030798.5,0.104655,212533.2170175,2030798.5,212533.2170175,
2022-11-27 20:40:00+00:00,0.10437,0.10479,0.10462,0.10449,1695163.9,0.104568,177259.8986952,1695163.9,177259.8986952,
2022-11-27 20:45:00+00:00,0.10437,0.10494,0.10453,0.10493,2237682.8,0.104692,234267.4876976,2237682.8,234267.4876976,
2022-11-27 20:50:00+00:00,0.1049,0.10577,0.10493,0.10558,4053073.2,0.105295,426768.342594,4053073.2,426768.342594,
2022-11-27 20:55:00+00:00,0.10489,0.10621,0.10554,0.1049,6168799.7,0.105385,650098.9563845,6168799.7,650098.9563845,
2022-11-27 21:00:00+00:00,0.10421,0.10502,0.10491,0.10432,4486576.5,0.104615,469363.2005475,4486576.5,469363.2005475,
2022-11-27 21:05:00+00:00,0.10403,0.10469,0.10432,0.10408,4181828.6,0.10428,436081.086408,4181828.6,436081.086408,
2022-11-27 21:10:00+00:00,0.10399,0.10474,0.10408,0.10444,3637117.6,0.104312,379395.0110912,3637117.6,379395.0110912,
2022-11-27 21:15:00+00:00,0.1041,0.10454,0.10439,0.10422,2200857.5,0.104312,229575.84754,2200857.5,229575.84754,
2022-11-27 21:20:00+00:00,0.10423,0.10482,0.10423,0.10479,3081223.8,0.104518,322043.3491284,3081223.8,322043.3491284,
2022-11-27 21:25:00+00:00,0.10477,0.10555,0.10481,0.10555,2541722.6,0.10517,267312.965842,2541722.6,267312.965842,
2022-11-27 21:30:00+00:00,0.10508,0.10556,0.10555,0.10517,2116675.6,0.10534,222970.607704,2116675.6,222970.607704,
2022-11-27 21:35:00+00:00,0.10505,0.10543,0.10516,0.10516,1219639.8,0.1052,128306.10696,1219639.8,128306.10696,
2022-11-27 21:40:00+00:00,0.10471,0.10514,0.10513,0.10492,1632954.3,0.104975,171419.3776425,1632954.3,171419.3776425,
2022-11-27 21:45:00+00:00,0.10429,0.10504,0.10492,0.10435,3158603.8,0.10465,330547.88767,3158603.8,330547.88767,
2022-11-27 21:50:00+00:00,0.1042,0.10526,0.10433,0.10503,3586503.2,0.104705,375524.817556,3586503.2,375524.817556,
2022-11-27 21:55:00+00:00,0.10449,0.1052,0.10498,0.10449,1806754.0,0.10479,189329.75166,1806754.0,189329.75166,
2022-11-27 22:00:00+00:00,0.10434,0.10472,0.10452,0.10452,2069771.1,0.104525,216342.8242275,2069771.1,216342.8242275,
2022-11-27 22:05:00+00:00,0.10439,0.10481,0.10452,0.10444,2818746.9,0.10454,294671.800926,2818746.9,294671.800926,
2022-11-27 22:10:00+00:00,0.10422,0.10454,0.10443,0.10442,2019325.6,0.104402,210821.6312912,2019325.6,210821.6312912,
2022-11-27 22:15:00+00:00,0.10433,0.10462,0.10439,0.10433,850872.2,0.104418,88846.3733796,850872.2,88846.3733796,
2022-11-27 22:20:00+00:00,0.1042,0.10445,0.10433,0.1043,1155414.6,0.10432,120532.851072,1155414.6,120532.851072,
2022-11-27 22:25:00+00:00,0.10402,0.10444,0.10433,0.10423,1934840.6,0.104255,201716.806753,1934840.6,201716.806753,
2022-11-27 22:30:00+00:00,0.10385,0.10431,0.10423,0.10397,1178790.3,0.10409,122700.282327,1178790.3,122700.282327,
2022-11-27 22:35:00+00:00,0.10387,0.10419,0.10394,0.10392,1309883.6,0.10398,136201.696728,1309883.6,136201.696728,
2022-11-27 22:40:00+00:00,0.10389,0.10414,0.10389,0.10408,618422.3,0.104,64315.9192,618422.3,64315.9192,
2022-11-27 22:45:00+00:00,0.10375,0.10489,0.10406,0.10481,2483506.4,0.104378,259223.4310192,2483506.4,259223.4310192,
2022-11-27 22:50:00+00:00,0.10417,0.105,0.10479,0.10479,3143239.4,0.104687,329056.3030678,3143239.4,329056.3030678,
2022-11-27 22:55:00+00:00,0.10458,0.10489,0.10479,0.10468,929204.0,0.104735,97320.18094,929204.0,97320.18094,
2022-11-27 23:00:00+00:00,0.1028,0.10477,0.10464,0.10296,8391442.2,0.103792,870964.5688224,8391442.2,870964.5688224,
2022-11-27 23:05:00+00:00,0.10283,0.10395,0.10295,0.10339,6948314.7,0.10328,717621.942216,6948314.7,717621.942216,
2022-11-27 23:10:00+00:00,0.10302,0.10358,0.10342,0.10331,2379197.4,0.103333,245849.6049342,2379197.4,245849.6049342,
2022-11-27 23:15:00+00:00,0.10244,0.10334,0.10321,0.10266,3781657.5,0.102912,389177.93664,3781657.5,389177.93664,
2022-11-27 23:20:00+00:00,0.09837,0.10267,0.10267,0.10032,23747345.2,0.101008,2398671.8439616,23747345.2,2398671.8439616,
2022-11-27 23:25:00+00:00,0.09959,0.1006,0.10032,0.10033,13235099.9,0.10021,1326289.360979,13235099.9,1326289.360979,
2022-11-27 23:30:00+00:00,0.09928,0.10055,0.10031,0.10001,16935145.1,0.100037,1694141.1103687,16935145.1,1694141.1103687,
2022-11-27 23:35:00+00:00,0.09892,0.10016,0.1,0.09951,11595569.0,0.099648,1155475.259712,11595569.0,1155475.259712,
2022-11-27 23:40:00+00:00,0.09884,0.09959,0.09949,0.09902,6290713.6,0.099235,624258.964096,6290713.6,624258.964096,
2022-11-27 23:45:00+00:00,0.09893,0.09977,0.09901,0.09915,9174813.0,0.099215,910279.071795,9174813.0,910279.071795,
2022-11-27 23:50:00+00:00,0.0975,0.09918,0.09915,0.09785,13943366.9,0.09842,1372306.170298,13943366.9,1372306.170298,
2022-11-27 23:55:00+00:00,0.09766,0.09902,0.09787,0.09861,10112658.2,0.09829,993973.174478,10112658.2,993973.174478,
2022-11-28 00:00:00+00:00,0.0984,0.09941,0.0986,0.09909,8947395.2,0.098875,884673.7004,8947395.2,884673.7004,
2022-11-28 00:05:00+00:00,0.09857,0.09937,0.09906,0.09865,7196185.3,0.098912,711789.0803936,7196185.3,711789.0803936,
2022-11-28 00:10:00+00:00,0.09767,0.09869,0.09866,0.09801,7980995.6,0.098258,784196.6656648,7980995.6,784196.6656648,
2022-11-28 00:15:00+00:00,0.09803,0.09963,0.09805,0.09938,11972977.4,0.098773,1182606.8967302,11972977.4,1182606.8967302,
2022-11-28 00:20:00+00:00,0.09877,0.0995,0.09933,0.0993,4026732.1,0.099225,399552.4926225,4026732.1,399552.4926225,
2022-11-28 00:25:00+00:00,0.09897,0.09929,0.09929,0.09911,3446777.4,0.099165,341799.680871,3446777.4,341799.680871,
2022-11-28 00:30:00+00:00,0.09855,0.09929,0.09913,0.09901,6129743.7,0.098995,606813.9775815,6129743.7,606813.9775815,
2022-11-28 00:35:00+00:00,0.0988,0.0993,0.09901,0.09908,3371793.2,0.099048,333969.3728736,3371793.2,333969.3728736,
2022-11-28 00:40:00+00:00,0.09887,0.09928,0.09908,0.09923,3452465.8,0.099115,342191.147767,3452465.8,342191.147767,
2022-11-28 00:45:00+00:00,0.09878,0.09929,0.09923,0.09889,4312974.8,0.099048,427191.5279904,4312974.8,427191.5279904,
2022-11-28 00:50:00+00:00,0.09868,0.099,0.09889,0.09873,3539819.1,0.098825,349822.6225575,3539819.1,349822.6225575,
2022-11-28 00:55:00+00:00,0.09724,0.09878,0.09873,0.09765,8220562.2,0.0981,806437.15182,8220562.2,806437.15182,
2022-11-28 01:00:00+00:00,0.09769,0.09872,0.09769,0.09841,4570082.5,0.098128,448453.05556,4570082.5,448453.05556,
2022-11-28 01:05:00+00:00,0.09712,0.09857,0.09838,0.09722,6996998.2,0.097822,684460.3579204,6996998.2,684460.3579204,
2022-11-28 01:10:00+00:00,0.09645,0.0979,0.09724,0.09758,15563058.3,0.097292,1514161.0681236,15563058.3,1514161.0681236,
2022-11-28 01:15:00+00:00,0.09644,0.09757,0.09754,0.09659,12283686.6,0.097035,1191947.529231,12283686.6,1191947.529231,
2022-11-28 01:20:00+00:00,0.09605,0.09708,0.09663,0.09613,9009362.8,0.096472,869151.2480416,9009362.8,869151.2480416,
2022-11-28 01:25:00+00:00,0.09512,0.0963,0.09616,0.09605,11411907.1,0.095908,1094493.1861468,11411907.1,1094493.1861468,
2022-11-28 01:30:00+00:00,0.0927,0.09633,0.09601,0.09332,24439379.2,0.09459,2311720.878528,24439379.2,2311720.878528,
2022-11-28 01:35:00+00:00,0.09175,0.09357,0.09328,0.09316,12417040.8,0.09294,1154039.771952,12417040.8,1154039.771952,
2022-11-28 01:40:00+00:00,0.09179,0.09349,0.09319,0.09338,9182058.5,0.092962,853582.522277,9182058.5,853582.522277,
2022-11-28 01:45:00+00:00,0.09239,0.09389,0.09326,0.09379,8286956.2,0.093332,773438.1960584,8286956.2,773438.1960584,
2022-11-28 01:50:00+00:00,0.09316,0.09402,0.09379,0.09383,5311687.0,0.0937,497705.0719,5311687.0,497705.0719,
2022-11-28 01:55:00+00:00,0.0935,0.09402,0.09384,0.0938,4928445.9,0.09379,462238.940961,4928445.9,462238.940961,
2022-11-28 02:00:00+00:00,0.09306,0.094,0.09379,0.0933,6019325.8,0.093538,563035.6966804,6019325.8,563035.6966804,
2022-11-28 02:05:00+00:00,0.09325,0.09486,0.09331,0.09468,8240528.7,0.094025,774815.7110175,8240528.7,774815.7110175,
2022-11-28 02:10:00+00:00,0.09422,0.09484,0.09471,0.09472,4424199.5,0.094622,418626.605089,4424199.5,418626.605089,
2022-11-28 02:15:00+00:00,0.09409,0.0952,0.09475,0.09487,4598429.2,0.094728,435600.0012576,4598429.2,435600.0012576,
2022-11-28 02:20:00+00:00,0.09474,0.09533,0.09487,0.09533,4665454.6,0.095068,443535.4379128,4665454.6,443535.4379128,
2022-11-28 02:25:00+00:00,0.09454,0.0953,0.0953,0.09474,6306727.1,0.09497,598949.872687,6306727.1,598949.872687,
2022-11-28 02:30:00+00:00,0.09443,0.09511,0.09472,0.09508,2962054.1,0.094835,280906.4005735,2962054.1,280906.4005735,
2022-11-28 02:35:00+00:00,0.09498,0.09546,0.09509,0.0953,3228826.8,0.095208,307410.1419744,3228826.8,307410.1419744,
2022-11-28 02:40:00+00:00,0.09472,0.09534,0.0953,0.09491,2271312.8,0.095067,215926.8939576,2271312.8,215926.8939576,
2022-11-28 02:45:00+00:00,0.09469,0.09533,0.09491,0.09523,2517942.9,0.09504,239305.293216,2517942.9,239305.293216,
2022-11-28 02:50:00+00:00,0.09473,0.09528,0.09524,0.09487,2959380.6,0.09503,281229.938418,2959380.6,281229.938418,
2022-11-28 02:55:00+00:00,0.09416,0.09497,0.09483,0.09443,2117707.6,0.094598,200330.9035448,2117707.6,200330.9035448,
2022-11-28 03:00:00+00:00,0.09428,0.09544,0.09447,0.09536,5693477.4,0.094888,540242.6835312,5693477.4,540242.6835312,
2022-11-28 03:05:00+00:00,0.09525,0.09617,0.09544,0.09602,4335821.3,0.09572,415024.814836,4335821.3,415024.814836,
2022-11-28 03:10:00+00:00,0.09576,0.0963,0.09599,0.09602,2686666.6,0.096018,257968.3535988,2686666.6,257968.3535988,
2022-11-28 03:15:00+00:00,0.09592,0.09654,0.09606,0.09597,3724117.2,0.096122,357969.5934984,3724117.2,357969.5934984,
2022-11-28 03:20:00+00:00,0.09565,0.09611,0.09595,0.09599,3845517.7,0.095925,368881.2853725,3845517.7,368881.2853725,
2022-11-28 03:25:00+00:00,0.09552,0.09627,0.09602,0.09553,2953419.7,0.095835,283040.9769495,2953419.7,283040.9769495,
2022-11-28 03:30:00+00:00,0.09465,0.09561,0.09554,0.09501,5581360.7,0.095202,531356.7013614,5581360.7,531356.7013614,
2022-11-28 03:35:00+00:00,0.09496,0.0954,0.09499,0.09509,3949827.5,0.09511,375668.093525,3949827.5,375668.093525,
2022-11-28 03:40:00+00:00,0.09501,0.09556,0.09508,0.09545,2197929.7,0.095275,209407.7521675,2197929.7,209407.7521675,
2022-11-28 03:45:00+00:00,0.09497,0.09553,0.09549,0.09509,2363096.1,0.09527,225132.165447,2363096.1,225132.165447,
2022-11-28 03:50:00+00:00,0.09489,0.09517,0.09512,0.09494,1321775.9,0.09503,125608.363777,1321775.9,125608.363777,
2022-11-28 03:55:00+00:00,0.09492,0.09519,0.09493,0.09513,1307506.8,0.095042,124268.0612856,1307506.8,124268.0612856,
2022-11-28 04:00:00+00:00,0.09428,0.09512,0.09512,0.0949,6604646.3,0.094855,626483.7247865,6604646.3,626483.7247865,
2022-11-28 04:05:00+00:00,0.09485,0.09537,0.09492,0.09517,1550221.6,0.095078,147391.9692848,1550221.6,147391.9692848,
2022-11-28 04:10:00+00:00,0.09514,0.09548,0.09522,0.09541,2187469.8,0.095312,208492.1215776,2187469.8,208492.1215776,
2022-11-28 04:15:00+00:00,0.09486,0.09547,0.09544,0.09486,2994383.8,0.095157,284936.5792566,2994383.8,284936.5792566,
2022-11-28 04:20:00+00:00,0.0946,0.09508,0.09488,0.09494,2640215.4,0.094875,250490.436075,2640215.4,250490.436075,
2022-11-28 04:25:00+00:00,0.09483,0.09553,0.09495,0.09544,2317628.4,0.095188,220610.4121392,2317628.4,220610.4121392,
2022-11-28 04:30:00+00:00,0.095,0.09576,0.09546,0.095,5557313.4,0.095305,529639.753587,5557313.4,529639.753587,
2022-11-28 04:35:00+00:00,0.09497,0.09526,0.09501,0.09518,957812.5,0.095105,91092.7578125,957812.5,91092.7578125,
2022-11-28 04:40:00+00:00,0.09478,0.09519,0.09513,0.09485,1804989.9,0.094988,171452.3806212,1804989.9,171452.3806212,
2022-11-28 04:45:00+00:00,0.09476,0.09532,0.09486,0.09528,1119899.3,0.095055,106452.0279615,1119899.3,106452.0279615,
2022-11-28 04:50:00+00:00,0.09506,0.09543,0.09522,0.09542,987906.7,0.095282,94129.7261894,987906.7,94129.7261894,
2022-11-28 04:55:00+00:00,0.09522,0.09553,0.09542,0.09548,1012761.5,0.095413,96630.6129995,1012761.5,96630.6129995,
2022-11-28 05:00:00+00:00,0.0952,0.09565,0.09548,0.0956,2169664.4,0.095482,207163.8962408,2169664.4,207163.8962408,
2022-11-28 05:05:00+00:00,0.09546,0.09581,0.09561,0.09575,1527492.6,0.095658,146116.8871308,1527492.6,146116.8871308,
2022-11-28 05:10:00+00:00,0.09553,0.09596,0.09574,0.09564,1531669.4,0.095718,146608.3316292,1531669.4,146608.3316292,
2022-11-28 05:15:00+00:00,0.09471,0.09565,0.09565,0.09487,1982763.4,0.09522,188798.730948,1982763.4,188798.730948,
2022-11-28 05:20:00+00:00,0.09455,0.09497,0.09492,0.0947,1717383.3,0.094785,162782.1760905,1717383.3,162782.1760905,
2022-11-28 05:25:00+00:00,0.09468,0.09502,0.09475,0.09498,1178801.8,0.094858,111818.7811444,1178801.8,111818.7811444,
2022-11-28 05:30:00+00:00,0.0949,0.09518,0.09496,0.0951,1100209.6,0.095035,104558.419336,1100209.6,104558.419336,
2022-11-28 05:35:00+00:00,0.09488,0.09526,0.09514,0.09495,1216118.0,0.095058,115601.744844,1216118.0,115601.744844,
2022-11-28 05:40:00+00:00,0.09476,0.095,0.09498,0.0948,1607770.0,0.094885,152553.25645,1607770.0,152553.25645,
2022-11-28 05:45:00+00:00,0.09451,0.09505,0.09478,0.09465,2514383.7,0.094748,238232.8268076,2514383.7,238232.8268076,
2022-11-28 05:50:00+00:00,0.09281,0.09463,0.09461,0.09397,11566082.9,0.094005,1087269.6230145,11566082.9,1087269.6230145,
2022-11-28 05:55:00+00:00,0.09308,0.09409,0.09401,0.0934,6730958.0,0.093645,630320.56191,6730958.0,630320.56191,
2022-11-28 06:00:00+00:00,0.09342,0.09429,0.09342,0.09413,4107388.3,0.093815,385334.6333645,4107388.3,385334.6333645,
2022-11-28 06:05:00+00:00,0.09295,0.09445,0.09414,0.09325,5383954.5,0.093698,504465.768741,5383954.5,504465.768741,
2022-11-28 06:10:00+00:00,0.09252,0.09327,0.09325,0.09317,6243625.6,0.093053,580988.0929568,6243625.6,580988.0929568,
2022-11-28 06:15:00+00:00,0.0931,0.09346,0.09316,0.09335,2489478.3,0.093268,232188.6620844,2489478.3,232188.6620844,
2022-11-28 06:20:00+00:00,0.09332,0.09373,0.09335,0.09369,1829036.0,0.093522,171055.104792,1829036.0,171055.104792,
2022-11-28 06:25:00+00:00,0.09355,0.0938,0.09364,0.09366,1413549.0,0.093662,132395.826438,1413549.0,132395.826438,
2022-11-28 06:30:00+00:00,0.09349,0.09426,0.09364,0.09421,4931820.9,0.0939,463097.98251,4931820.9,463097.98251,
2022-11-28 06:35:00+00:00,0.09405,0.09426,0.09416,0.09412,1505675.4,0.094148,141756.3275592,1505675.4,141756.3275592,
2022-11-28 06:40:00+00:00,0.09388,0.09461,0.09407,0.0945,3232190.4,0.094265,304682.428056,3232190.4,304682.428056,
2022-11-28 06:45:00+00:00,0.09434,0.0949,0.09451,0.09479,2608614.8,0.094635,246866.261598,2608614.8,246866.261598,
2022-11-28 06:50:00+00:00,0.09438,0.09481,0.09481,0.09458,1801363.3,0.094645,170490.0295285,1801363.3,170490.0295285,
2022-11-28 06:55:00+00:00,0.09442,0.0948,0.09454,0.09466,832994.9,0.094605,78805.4825145,832994.9,78805.4825145,
2022-11-28 07:00:00+00:00,0.0945,0.09478,0.0947,0.09464,1387806.2,0.094655,131362.795861,1387806.2,131362.795861,
2022-11-28 07:05:00+00:00,0.0944,0.09465,0.09462,0.09444,757539.4,0.094527,71607.9268638,757539.4,71607.9268638,
2022-11-28 07:10:00+00:00,0.09427,0.09452,0.09447,0.0945,790579.1,0.09444,74662.290204,790579.1,74662.290204,
2022-11-28 07:15:00+00:00,0.09452,0.09487,0.09453,0.09479,2086007.1,0.094678,197498.9802138,2086007.1,197498.9802138,
2022-11-28 07:20:00+00:00,0.09453,0.0949,0.09479,0.09456,2558436.7,0.094695,242271.1633065,2558436.7,242271.1633065,
2022-11-28 07:25:00+00:00,0.09448,0.09475,0.09459,0.09474,644977.4,0.09464,61040.661136,644977.4,61040.661136,
2022-11-28 07:30:00+00:00,0.09441,0.09487,0.09475,0.09457,1486345.4,0.09465,140682.59211,1486345.4,140682.59211,
2022-11-28 07:35:00+00:00,0.0945,0.09477,0.09456,0.09459,806348.7,0.094605,76284.6187635,806348.7,76284.6187635,
2022-11-28 07:40:00+00:00,0.09451,0.09487,0.09459,0.09483,896698.5,0.0947,84917.34795,896698.5,84917.34795,
2022-11-28 07:45:00+00:00,0.09472,0.09502,0.09482,0.09486,944698.1,0.094855,89609.3382755,944698.1,89609.3382755,
2022-11-28 07:50:00+00:00,0.09485,0.09553,0.09488,0.09525,1929750.7,0.095128,183573.3245896,1929750.7,183573.3245896,
2022-11-28 07:55:00+00:00,0.0952,0.09577,0.09526,0.09558,3169545.2,0.095452,302539.4284304,3169545.2,302539.4284304,
2022-11-28 08:00:00+00:00,0.09511,0.09564,0.09558,0.09518,1819607.8,0.095377,173548.7331406,1819607.8,173548.7331406,
2022-11-28 08:05:00+00:00,0.09494,0.0954,0.09518,0.09514,2333608.7,0.095165,222077.8719355,2333608.7,222077.8719355,
2022-11-28 08:10:00+00:00,0.09495,0.09532,0.09517,0.0953,744298.0,0.095185,70846.00513,744298.0,70846.00513,
2022-11-28 08:15:00+00:00,0.09499,0.0953,0.0953,0.09507,1289878.3,0.095165,122751.2684195,1289878.3,122751.2684195,
2022-11-28 08:20:00+00:00,0.09491,0.09519,0.09506,0.09511,1587590.9,0.095068,150929.0916812,1587590.9,150929.0916812,
2022-11-28 08:25:00+00:00,0.09508,0.0957,0.09511,0.09556,2112448.2,0.095362,201447.2852484,2112448.2,201447.2852484,
2022-11-28 08:30:00+00:00,0.09553,0.09633,0.09554,0.09594,4123963.9,0.095835,395220.0803565,4123963.9,395220.0803565,
2022-11-28 08:35:00+00:00,0.09578,0.09645,0.09594,0.09624,2739042.8,0.096103,263230.2302084,2739042.8,263230.2302084,
2022-11-28 08:40:00+00:00,0.09583,0.0963,0.09625,0.09621,1382185.0,0.096148,132894.32338,1382185.0,132894.32338,
2022-11-28 08:45:00+00:00,0.09588,0.09635,0.0962,0.09588,2225471.1,0.096078,213818.8123458,2225471.1,213818.8123458,
2022-11-28 08:50:00+00:00,0.09579,0.09613,0.09588,0.09608,1479567.8,0.09597,141994.121766,1479567.8,141994.121766,
2022-11-28 08:55:00+00:00,0.09589,0.09614,0.09608,0.096,1018058.0,0.096027,97761.055566,1018058.0,97761.055566,
2022-11-28 09:00:00+00:00,0.09596,0.09645,0.09596,0.09616,1548345.3,0.096133,148847.0787249,1548345.3,148847.0787249,
2022-11-28 09:05:00+00:00,0.09594,0.09617,0.09616,0.09605,1184310.5,0.09608,113788.55284,1184310.5,113788.55284,
2022-11-28 09:10:00+00:00,0.09499,0.09606,0.09606,0.09526,5735764.5,0.095593,548298.9358485,5735764.5,548298.9358485,
2022-11-28 09:15:00+00:00,0.0946,0.09549,0.09529,0.09473,2879759.2,0.095028,273657.7572576,2879759.2,273657.7572576,
2022-11-28 09:20:00+00:00,0.09474,0.09524,0.09475,0.09511,2138789.2,0.09496,203099.422432,2138789.2,203099.422432,
2022-11-28 09:25:00+00:00,0.09478,0.09515,0.09509,0.09502,1726251.0,0.09501,164011.10751,1726251.0,164011.10751,
2022-11-28 09:30:00+00:00,0.09467,0.09523,0.095,0.09476,2000895.4,0.094915,189914.986891,2000895.4,189914.986891,
2022-11-28 09:35:00+00:00,0.09448,0.09513,0.09472,0.09503,1493880.4,0.09484,141679.617136,1493880.4,141679.617136,
2022-11-28 09:40:00+00:00,0.09482,0.09508,0.09505,0.09496,1006978.0,0.094977,95639.749506,1006978.0,95639.749506,
2022-11-28 09:45:00+00:00,0.09481,0.09519,0.09496,0.09493,1493122.3,0.094972,141804.8110756,1493122.3,141804.8110756,
2022-11-28 09:50:00+00:00,0.09473,0.09505,0.09495,0.09491,397220.8,0.09491,37700.226128,397220.8,37700.226128,
2022-11-28 09:55:00+00:00,0.09491,0.09556,0.09491,0.09522,3483402.8,0.09515,331445.77642,3483402.8,331445.77642,
2022-11-28 10:00:00+00:00,0.09442,0.09523,0.09518,0.09463,4828282.1,0.094865,458034.9814165,4828282.1,458034.9814165,
2022-11-28 10:05:00+00:00,0.09434,0.09497,0.0946,0.09494,2352703.5,0.094712,222829.253892,2352703.5,222829.253892,
2022-11-28 10:10:00+00:00,0.09483,0.09515,0.09494,0.09495,1523803.2,0.094967,144711.0184944,1523803.2,144711.0184944,
2022-11-28 10:15:00+00:00,0.09468,0.09506,0.09495,0.09483,1069618.1,0.09488,101485.365328,1069618.1,101485.365328,
2022-11-28 10:20:00+00:00,0.09479,0.09511,0.09481,0.09507,1193937.4,0.094945,113358.386443,1193937.4,113358.386443,
2022-11-28 10:25:00+00:00,0.09494,0.09522,0.0951,0.09494,895849.7,0.09505,85150.513985,895849.7,85150.513985,
2022-11-28 10:30:00+00:00,0.09382,0.09507,0.09492,0.09405,5092686.8,0.094465,481080.658562,5092686.8,481080.658562,
2022-11-28 10:35:00+00:00,0.09393,0.09453,0.09404,0.09417,3158576.8,0.094168,297436.8601024,3158576.8,297436.8601024,
2022-11-28 10:40:00+00:00,0.09419,0.09447,0.09423,0.09439,1771329.2,0.09432,167071.770144,1771329.2,167071.770144,
2022-11-28 10:45:00+00:00,0.09433,0.09479,0.09442,0.09466,1445105.1,0.09455,136634.687205,1445105.1,136634.687205,
2022-11-28 10:50:00+00:00,0.09419,0.09473,0.09467,0.09423,1317056.3,0.094455,124402.5528165,1317056.3,124402.5528165,
2022-11-28 10:55:00+00:00,0.09405,0.09449,0.09423,0.09439,2893027.3,0.09429,272783.544117,2893027.3,272783.544117,
2022-11-28 11:00:00+00:00,0.09429,0.09478,0.09439,0.09478,1947516.0,0.09456,184157.11296,1947516.0,184157.11296,
2022-11-28 11:05:00+00:00,0.09467,0.09513,0.09473,0.09488,2375346.4,0.094852,225306.3567328,2375346.4,225306.3567328,
2022-11-28 11:10:00+00:00,0.09482,0.09516,0.0949,0.09482,1738004.2,0.094925,164980.048685,1738004.2,164980.048685,
2022-11-28 11:15:00+00:00,0.09478,0.09522,0.0948,0.09516,1937420.0,0.09499,184035.5258,1937420.0,184035.5258,
2022-11-28 11:20:00+00:00,0.09477,0.09518,0.09514,0.09491,1137106.8,0.095,108025.146,1137106.8,108025.146,
2022-11-28 11:25:00+00:00,0.0946,0.0949,0.09489,0.09468,1243182.3,0.094768,117813.9002064,1243182.3,117813.9002064,
2022-11-28 11:30:00+00:00,0.09415,0.09468,0.09468,0.09417,2649400.3,0.09442,250156.376326,2649400.3,250156.376326,
2022-11-28 11:35:00+00:00,0.09376,0.09422,0.09414,0.09385,1693064.9,0.093992,159134.5560808,1693064.9,159134.5560808,
2022-11-28 11:40:00+00:00,0.09391,0.09411,0.09391,0.09394,895145.2,0.093968,84115.0041536,895145.2,84115.0041536,
2022-11-28 11:45:00+00:00,0.09393,0.09426,0.09393,0.09417,782099.8,0.094072,73573.6923856,782099.8,73573.6923856,
2022-11-28 11:50:00+00:00,0.09414,0.09446,0.09418,0.09443,1095852.3,0.094303,103342.1594469,1095852.3,103342.1594469,
2022-11-28 11:55:00+00:00,0.09424,0.09442,0.09438,0.09429,750686.0,0.094332,70813.711752,750686.0,70813.711752,
2022-11-28 12:00:00+00:00,0.09426,0.09451,0.09426,0.09432,1587133.8,0.094338,149727.0284244,1587133.8,149727.0284244,
2022-11-28 12:05:00+00:00,0.09407,0.09432,0.09429,0.09421,1170341.5,0.094222,110271.916813,1170341.5,110271.916813,
2022-11-28 12:10:00+00:00,0.09417,0.09495,0.09417,0.09476,2965256.3,0.094513,280255.2686819,2965256.3,280255.2686819,
2022-11-28 12:15:00+00:00,0.09461,0.09499,0.09476,0.09464,2189444.2,0.09475,207449.83795,2189444.2,207449.83795,
2022-11-28 12:20:00+00:00,0.09455,0.09521,0.09469,0.09511,1357630.6,0.09489,128825.567634,1357630.6,128825.567634,
2022-11-28 12:25:00+00:00,0.09496,0.09549,0.09509,0.09512,3493795.1,0.095165,332487.0106915,3493795.1,332487.0106915,
2022-11-28 12:30:00+00:00,0.09489,0.0952,0.0951,0.09507,1548643.6,0.095065,147221.803834,1548643.6,147221.803834,
2022-11-28 12:35:00+00:00,0.09487,0.0951,0.09508,0.09487,687394.0,0.09498,65288.68212,687394.0,65288.68212,
2022-11-28 12:40:00+00:00,0.09442,0.09484,0.09481,0.09454,3440971.5,0.094652,325694.834418,3440971.5,325694.834418,
2022-11-28 12:45:00+00:00,0.09431,0.09474,0.09461,0.0944,1738796.2,0.094515,164342.322843,1738796.2,164342.322843,
2022-11-28 12:50:00+00:00,0.09409,0.09461,0.0944,0.09422,1609406.2,0.09433,151815.286846,1609406.2,151815.286846,
2022-11-28 12:55:00+00:00,0.09422,0.09455,0.09422,0.09451,805715.8,0.094375,76039.428625,805715.8,76039.428625,
2022-11-28 13:00:00+00:00,0.09412,0.09458,0.09448,0.0942,1084637.8,0.094345,102330.153241,1084637.8,102330.153241,
2022-11-28 13:05:00+00:00,0.09423,0.09449,0.09423,0.09431,1195805.1,0.094315,112782.3580065,1195805.1,112782.3580065,
2022-11-28 13:10:00+00:00,0.09431,0.09484,0.09431,0.09461,2529458.5,0.094518,239079.358503,2529458.5,239079.358503,
2022-11-28 13:15:00+00:00,0.09433,0.09462,0.09462,0.09433,1103477.7,0.094475,104251.0557075,1103477.7,104251.0557075,
2022-11-28 13:20:00+00:00,0.09426,0.09467,0.09433,0.09462,2245050.5,0.09447,212089.920735,2245050.5,212089.920735,
2022-11-28 13:25:00+00:00,0.09465,0.09492,0.09465,0.0949,1173101.2,0.09478,111186.531736,1173101.2,111186.531736,
2022-11-28 13:30:00+00:00,0.09486,0.09515,0.09493,0.09504,1663172.5,0.094995,157993.0716375,1663172.5,157993.0716375,
2022-11-28 13:35:00+00:00,0.09484,0.09514,0.09508,0.09492,1659073.0,0.094995,157603.639635,1659073.0,157603.639635,
2022-11-28 13:40:00+00:00,0.09457,0.095,0.0949,0.09483,1722614.8,0.094825,163346.94841,1722614.8,163346.94841,
2022-11-28 13:45:00+00:00,0.09466,0.09516,0.09483,0.09493,1739180.1,0.094895,165039.4955895,1739180.1,165039.4955895,
2022-11-28 13:50:00+00:00,0.09493,0.09518,0.09494,0.0951,920876.0,0.095038,87518.213288,920876.0,87518.213288,
2022-11-28 13:55:00+00:00,0.09458,0.09511,0.09511,0.09458,1154009.3,0.094845,109452.0120585,1154009.3,109452.0120585,
2022-11-28 14:00:00+00:00,0.09459,0.09492,0.09459,0.09464,1088293.8,0.094685,103045.098453,1088293.8,103045.098453,
2022-11-28 14:05:00+00:00,0.09405,0.09468,0.09462,0.09407,3316393.2,0.094355,312918.280386,3316393.2,312918.280386,
2022-11-28 14:10:00+00:00,0.09402,0.09445,0.0941,0.0943,1452533.1,0.094218,136854.7636158,1452533.1,136854.7636158,
2022-11-28 14:15:00+00:00,0.0941,0.0944,0.09429,0.09413,1055207.7,0.09423,99432.221571,1055207.7,99432.221571,
2022-11-28 14:20:00+00:00,0.09411,0.09436,0.09414,0.09436,831738.8,0.094242,78384.7279896,831738.8,78384.7279896,
2022-11-28 14:25:00+00:00,0.09409,0.09448,0.09433,0.09448,1800653.6,0.094345,169882.663892,1800653.6,169882.663892,
2022-11-28 14:30:00+00:00,0.09438,0.09524,0.09442,0.09492,3472415.4,0.09474,328976.634996,3472415.4,328976.634996,
2022-11-28 14:35:00+00:00,0.09496,0.09571,0.09496,0.09535,4303603.2,0.095245,409896.686784,4303603.2,409896.686784,
2022-11-28 14:40:00+00:00,0.095,0.09539,0.09537,0.09509,1844608.5,0.095212,175628.864502,1844608.5,175628.864502,
2022-11-28 14:45:00+00:00,0.09461,0.09551,0.09514,0.09463,3891011.8,0.094972,369537.1726696,3891011.8,369537.1726696,
2022-11-28 14:50:00+00:00,0.09434,0.09496,0.09463,0.09465,3117241.9,0.094645,295031.3596255,3117241.9,295031.3596255,
2022-11-28 14:55:00+00:00,0.09419,0.0947,0.09463,0.09443,3244174.2,0.094488,306535.5318096,3244174.2,306535.5318096,
2022-11-28 15:00:00+00:00,0.09408,0.09458,0.09442,0.09435,2862958.6,0.094358,270143.0475788,2862958.6,270143.0475788,
2022-11-28 15:05:00+00:00,0.09308,0.09461,0.09434,0.0934,7624178.1,0.093858,715590.1081098,7624178.1,715590.1081098,
2022-11-28 15:10:00+00:00,0.0933,0.09376,0.09343,0.09344,2603578.7,0.093482,243387.7440334,2603578.7,243387.7440334,
2022-11-28 15:15:00+00:00,0.09326,0.09387,0.09346,0.09336,3879177.2,0.093488,362656.5180736,3879177.2,362656.5180736,
2022-11-28 15:20:00+00:00,0.0924,0.0936,0.0934,0.09272,4700539.0,0.09303,437291.14317,4700539.0,437291.14317,
2022-11-28 15:25:00+00:00,0.09265,0.09319,0.09273,0.09292,3262598.4,0.092872,303004.0386048,3262598.4,303004.0386048,
2022-11-28 15:30:00+00:00,0.09278,0.09326,0.09293,0.09278,4087685.9,0.092938,379901.3521742,4087685.9,379901.3521742,
2022-11-28 15:35:00+00:00,0.09244,0.09331,0.0928,0.0932,3403636.4,0.092937,316323.7561068,3403636.4,316323.7561068,
2022-11-28 15:40:00+00:00,0.09312,0.0934,0.09323,0.09314,1235909.5,0.093222,115213.955409,1235909.5,115213.955409,
2022-11-28 15:45:00+00:00,0.09296,0.09342,0.09316,0.0932,1640825.1,0.093185,152900.2869435,1640825.1,152900.2869435,
2022-11-28 15:50:00+00:00,0.09276,0.09318,0.09318,0.09303,2438164.8,0.093038,226841.9766624,2438164.8,226841.9766624,
2022-11-28 15:55:00+00:00,0.0929,0.09328,0.09308,0.0932,2197614.5,0.093115,204630.8741675,2197614.5,204630.8741675,
2022-11-28 16:00:00+00:00,0.0923,0.09328,0.09324,0.09264,4778067.9,0.092865,443715.2755335,4778067.9,443715.2755335,
2022-11-28 16:05:00+00:00,0.092,0.09279,0.09267,0.09261,4666141.0,0.092518,431702.033038,4666141.0,431702.033038,
2022-11-28 16:10:00+00:00,0.09226,0.09263,0.09263,0.09226,1920999.6,0.092445,177586.808022,1920999.6,177586.808022,
2022-11-28 16:15:00+00:00,0.09067,0.0923,0.09222,0.09096,13460902.3,0.091538,1232184.0747374,13460902.3,1232184.0747374,
2022-11-28 16:20:00+00:00,0.09053,0.09177,0.09096,0.09172,9516281.3,0.091245,868313.0872185,9516281.3,868313.0872185,
2022-11-28 16:25:00+00:00,0.09161,0.09233,0.09173,0.09228,2843517.6,0.091988,261569.4969888,2843517.6,261569.4969888,
2022-11-28 16:30:00+00:00,0.09225,0.09289,0.09228,0.09277,3676492.6,0.092548,340252.0371448,3676492.6,340252.0371448,
2022-11-28 16:35:00+00:00,0.09253,0.09289,0.09276,0.09288,3381936.8,0.092765,313725.367252,3381936.8,313725.367252,
2022-11-28 16:40:00+00:00,0.09287,0.09361,0.09288,0.09347,8924271.5,0.093208,831813.497972,8924271.5,831813.497972,
2022-11-28 16:45:00+00:00,0.09321,0.0942,0.09347,0.0935,4979274.6,0.093595,466035.206187,4979274.6,466035.206187,
2022-11-28 16:50:00+00:00,0.09333,0.09458,0.09349,0.09414,5064890.1,0.093885,475517.2070385,5064890.1,475517.2070385,
2022-11-28 16:55:00+00:00,0.09391,0.09581,0.09413,0.09523,10822106.6,0.09477,1025611.042482,10822106.6,1025611.042482,
2022-11-28 17:00:00+00:00,0.09516,0.09785,0.09519,0.09655,12381965.1,0.096188,1190996.4590388,12381965.1,1190996.4590388,
2022-11-28 17:05:00+00:00,0.09541,0.09763,0.09661,0.0956,8787758.6,0.096312,846366.6062832,8787758.6,846366.6062832,
2022-11-28 17:10:00+00:00,0.09534,0.09589,0.09559,0.0957,4770110.2,0.09563,456165.638426,4770110.2,456165.638426,
2022-11-28 17:15:00+00:00,0.09529,0.09644,0.0957,0.09619,4481679.0,0.095905,429815.424495,4481679.0,429815.424495,
2022-11-28 17:20:00+00:00,0.09598,0.09663,0.09619,0.09655,2692890.1,0.096337,259424.9535637,2692890.1,259424.9535637,
2022-11-28 17:25:00+00:00,0.09595,0.09657,0.09657,0.09607,2357601.8,0.09629,227013.477322,2357601.8,227013.477322,
2022-11-28 17:30:00+00:00,0.09564,0.09612,0.09602,0.09582,3523390.3,0.0959,337893.12977,3523390.3,337893.12977,
2022-11-28 17:35:00+00:00,0.09572,0.0969,0.09573,0.09675,4257087.9,0.096275,409851.1375725,4257087.9,409851.1375725,
2022-11-28 17:40:00+00:00,0.09654,0.0973,0.09672,0.09664,4418927.4,0.0968,427752.17232,4418927.4,427752.17232,
2022-11-28 17:45:00+00:00,0.09605,0.0971,0.09664,0.09628,3891633.7,0.096518,375612.7014566,3891633.7,375612.7014566,
2022-11-28 17:50:00+00:00,0.09588,0.09626,0.09626,0.0959,2283442.9,0.096075,219381.7766175,2283442.9,219381.7766175,
2022-11-28 17:55:00+00:00,0.09584,0.09632,0.09591,0.09597,2384296.3,0.09601,228916.287763,2384296.3,228916.287763,
2022-11-28 18:00:00+00:00,0.09582,0.09641,0.09595,0.09593,2094986.3,0.096028,201177.3444164,2094986.3,201177.3444164,
2022-11-28 18:05:00+00:00,0.0954,0.09596,0.09592,0.09552,4162404.6,0.0957,398342.12022,4162404.6,398342.12022,
2022-11-28 18:10:00+00:00,0.09551,0.09602,0.09551,0.09588,2081807.3,0.09573,199291.412829,2081807.3,199291.412829,
2022-11-28 18:15:00+00:00,0.09578,0.09618,0.09588,0.09614,2345615.0,0.095995,225167.311925,2345615.0,225167.311925,
2022-11-28 18:20:00+00:00,0.09591,0.09622,0.09612,0.09599,1472007.9,0.09606,141401.078874,1472007.9,141401.078874,
2022-11-28 18:25:00+00:00,0.09589,0.09623,0.09604,0.09613,1477002.7,0.096072,141898.6033944,1477002.7,141898.6033944,
2022-11-28 18:30:00+00:00,0.0959,0.09624,0.09618,0.09597,3271529.0,0.096072,314302.334088,3271529.0,314302.334088,
2022-11-28 18:35:00+00:00,0.09549,0.09597,0.09595,0.09588,2034824.6,0.095822,194980.9628212,2034824.6,194980.9628212,
2022-11-28 18:40:00+00:00,0.09508,0.09596,0.09587,0.09528,2112269.9,0.095548,201823.1644052,2112269.9,201823.1644052,
2022-11-28 18:45:00+00:00,0.09475,0.09539,0.09529,0.09524,3622101.1,0.095168,344708.1174848,3622101.1,344708.1174848,
2022-11-28 18:50:00+00:00,0.09477,0.09538,0.09523,0.09513,1896615.6,0.095127,180419.3521812,1896615.6,180419.3521812,
2022-11-28 18:55:00+00:00,0.0942,0.0951,0.09509,0.09435,2646767.1,0.094685,250609.1428635,2646767.1,250609.1428635,
2022-11-28 19:00:00+00:00,0.09431,0.09476,0.09435,0.09445,1846802.9,0.094468,174463.7763572,1846802.9,174463.7763572,
2022-11-28 19:05:00+00:00,0.09439,0.09476,0.09449,0.09439,1488552.2,0.094508,140680.0913176,1488552.2,140680.0913176,
2022-11-28 19:10:00+00:00,0.09412,0.09456,0.09437,0.09435,2216485.3,0.09435,209125.388055,2216485.3,209125.388055,
2022-11-28 19:15:00+00:00,0.09414,0.09451,0.09439,0.0942,2774505.7,0.09431,261663.632567,2774505.7,261663.632567,
2022-11-28 19:20:00+00:00,0.09411,0.09481,0.09419,0.09464,1968240.6,0.094438,185876.7057828,1968240.6,185876.7057828,
2022-11-28 19:25:00+00:00,0.09448,0.09486,0.09458,0.09448,1724131.4,0.0946,163102.83044,1724131.4,163102.83044,
2022-11-28 19:30:00+00:00,0.09428,0.09471,0.09452,0.09457,1530759.4,0.09452,144687.378488,1530759.4,144687.378488,
2022-11-28 19:35:00+00:00,0.09439,0.09495,0.09456,0.09492,1254238.2,0.094705,118782.628731,1254238.2,118782.628731,
2022-11-28 19:40:00+00:00,0.09482,0.09566,0.09493,0.09542,3958226.1,0.095208,376854.7905288,3958226.1,376854.7905288,
2022-11-28 19:45:00+00:00,0.0951,0.09555,0.09541,0.0952,1581979.6,0.095315,150786.385574,1581979.6,150786.385574,
2022-11-28 19:50:00+00:00,0.09515,0.0955,0.09522,0.09525,909913.0,0.09528,86696.51064,909913.0,86696.51064,
2022-11-28 19:55:00+00:00,0.09494,0.09538,0.09526,0.09502,1816797.5,0.09515,172868.282125,1816797.5,172868.282125,
2022-11-28 20:00:00+00:00,0.09484,0.09528,0.09501,0.09512,2097381.4,0.095062,199381.2706468,2097381.4,199381.2706468,
2022-11-28 20:05:00+00:00,0.09482,0.09545,0.09509,0.09529,2218644.1,0.095162,211130.6098442,2218644.1,211130.6098442,
2022-11-28 20:10:00+00:00,0.09519,0.09545,0.09526,0.09535,2669975.2,0.095312,254480.6762624,2669975.2,254480.6762624,
2022-11-28 20:15:00+00:00,0.09512,0.09554,0.09532,0.0955,871378.3,0.09537,83103.348471,871378.3,83103.348471,
2022-11-28 20:20:00+00:00,0.09527,0.09561,0.09546,0.09533,1106172.1,0.095418,105548.7294378,1106172.1,105548.7294378,
2022-11-28 20:25:00+00:00,0.09513,0.09539,0.09535,0.09525,916816.5,0.09528,87354.27612,916816.5,87354.27612,
2022-11-28 20:30:00+00:00,0.09502,0.09536,0.09528,0.09522,1780049.7,0.09522,169496.332434,1780049.7,169496.332434,
2022-11-28 20:35:00+00:00,0.0951,0.09545,0.09522,0.09513,2112948.0,0.095225,201205.4733,2112948.0,201205.4733,
2022-11-28 20:40:00+00:00,0.09502,0.09525,0.09513,0.09517,1292715.2,0.095142,122991.5095584,1292715.2,122991.5095584,
2022-11-28 20:45:00+00:00,0.09477,0.09522,0.09514,0.09498,1265915.2,0.095028,120297.3896256,1265915.2,120297.3896256,
2022-11-28 20:50:00+00:00,0.0949,0.09519,0.09501,0.09519,1059312.1,0.095072,100710.9199712,1059312.1,100710.9199712,
2022-11-28 20:55:00+00:00,0.09503,0.09564,0.09514,0.09552,3749775.3,0.095332,357473.5788996,3749775.3,357473.5788996,
2022-11-28 21:00:00+00:00,0.09516,0.09581,0.09549,0.09522,2736661.6,0.09542,261132.249872,2736661.6,261132.249872,
2022-11-28 21:05:00+00:00,0.09422,0.09524,0.0952,0.09428,2434607.2,0.094735,230642.513092,2434607.2,230642.513092,
2022-11-28 21:10:00+00:00,0.09379,0.09438,0.09429,0.09406,3571008.2,0.09413,336139.001866,3571008.2,336139.001866,
2022-11-28 21:15:00+00:00,0.09398,0.09458,0.09407,0.09457,1686053.3,0.0943,158994.82619,1686053.3,158994.82619,
2022-11-28 21:20:00+00:00,0.09443,0.09477,0.09453,0.09463,1279543.3,0.09459,121032.000747,1279543.3,121032.000747,
2022-11-28 21:25:00+00:00,0.0945,0.09476,0.09463,0.09473,868344.1,0.094655,82193.1107855,868344.1,82193.1107855,
2022-11-28 21:30:00+00:00,0.09469,0.095,0.09474,0.09492,1306955.5,0.094838,123949.045709,1306955.5,123949.045709,
2022-11-28 21:35:00+00:00,0.09434,0.09494,0.09492,0.0944,1764858.4,0.09465,167043.84756,1764858.4,167043.84756,
2022-11-28 21:40:00+00:00,0.09437,0.09463,0.09438,0.09453,1602293.6,0.094478,151381.4947408,1602293.6,151381.4947408,
2022-11-28 21:45:00+00:00,0.09447,0.09491,0.0945,0.09475,1304568.6,0.094658,123487.8545388,1304568.6,123487.8545388,
2022-11-28 21:50:00+00:00,0.09465,0.09523,0.09473,0.09514,2053826.0,0.094938,194986.132788,2053826.0,194986.132788,
2022-11-28 21:55:00+00:00,0.09499,0.09526,0.09513,0.09514,1953622.8,0.09513,185848.136964,1953622.8,185848.136964,
2022-11-28 22:00:00+00:00,0.09503,0.09541,0.09517,0.09541,1683492.0,0.095255,160361.03046,1683492.0,160361.03046,
2022-11-28 22:05:00+00:00,0.09532,0.09565,0.09539,0.09534,1430426.9,0.095425,136498.4869325,1430426.9,136498.4869325,
2022-11-28 22:10:00+00:00,0.09514,0.09545,0.09537,0.09517,1240771.8,0.095282,118223.2186476,1240771.8,118223.2186476,
2022-11-28 22:15:00+00:00,0.09506,0.0954,0.09515,0.0954,1000019.5,0.095252,95253.857414,1000019.5,95253.857414,
2022-11-28 22:20:00+00:00,0.09519,0.0954,0.0954,0.09531,631528.2,0.095325,60200.425665,631528.2,60200.425665,
2022-11-28 22:25:00+00:00,0.09526,0.09548,0.0953,0.09533,624570.2,0.095342,59547.7720084,624570.2,59547.7720084,
2022-11-28 22:30:00+00:00,0.09532,0.09561,0.09534,0.09559,968599.3,0.095465,92467.3321745,968599.3,92467.3321745,
2022-11-28 22:35:00+00:00,0.09545,0.09569,0.0956,0.09546,732822.0,0.09555,70021.1421,732822.0,70021.1421,
2022-11-28 22:40:00+00:00,0.0952,0.09554,0.09545,0.0952,586691.8,0.095348,55939.8897464,586691.8,55939.8897464,
2022-11-28 22:45:00+00:00,0.09517,0.09551,0.0952,0.0953,440242.9,0.095295,41952.9471555,440242.9,41952.9471555,
2022-11-28 22:50:00+00:00,0.09526,0.09544,0.09528,0.09544,173016.2,0.095355,16497.959751,173016.2,16497.959751,
2022-11-28 22:55:00+00:00,0.0951,0.09551,0.09543,0.0951,493610.1,0.095285,47033.6383785,493610.1,47033.6383785,
2022-11-28 23:00:00+00:00,0.09462,0.09528,0.09514,0.09476,979765.8,0.09495,93028.76271,979765.8,93028.76271,
2022-11-28 23:05:00+00:00,0.09464,0.09499,0.09478,0.09473,1400389.6,0.094785,132735.928236,1400389.6,132735.928236,
2022-11-28 23:10:00+00:00,0.09476,0.09496,0.09477,0.09482,489893.4,0.094828,46455.6113352,489893.4,46455.6113352,
2022-11-28 23:15:00+00:00,0.09476,0.09521,0.09479,0.09513,894116.4,0.094972,84916.0227408,894116.4,84916.0227408,
2022-11-28 23:20:00+00:00,0.09503,0.09541,0.0951,0.0953,1393623.5,0.09521,132686.893435,1393623.5,132686.893435,
2022-11-28 23:25:00+00:00,0.09531,0.09565,0.09531,0.0956,2049075.0,0.095468,195621.0921,2049075.0,195621.0921,
2022-11-28 23:30:00+00:00,0.09506,0.0956,0.0956,0.09519,1639081.7,0.095362,156306.1090754,1639081.7,156306.1090754,
2022-11-28 23:35:00+00:00,0.09487,0.09521,0.09521,0.09493,1641375.5,0.095055,156020.9481525,1641375.5,156020.9481525,
2022-11-28 23:40:00+00:00,0.09462,0.09515,0.0949,0.09479,1380015.3,0.094865,130915.1514345,1380015.3,130915.1514345,
2022-11-28 23:45:00+00:00,0.09466,0.09496,0.09478,0.09487,1371202.8,0.094818,130014.7070904,1371202.8,130014.7070904,
2022-11-28 23:50:00+00:00,0.09476,0.0951,0.09487,0.09485,1626232.8,0.094895,154321.361556,1626232.8,154321.361556,
2022-11-28 23:55:00+00:00,0.0949,0.09523,0.09491,0.09506,1910530.2,0.095025,181548.132255,1910530.2,181548.132255,
2022-11-29 00:00:00+00:00,0.09463,0.09507,0.09505,0.09468,3830787.1,0.094858,363380.8027318,3830787.1,363380.8027318,
2022-11-29 00:05:00+00:00,0.09444,0.0953,0.09469,0.09486,3379181.7,0.094822,320420.7671574,3379181.7,320420.7671574,
2022-11-29 00:10:00+00:00,0.09364,0.09495,0.09484,0.09419,6003695.4,0.094405,566778.864237,6003695.4,566778.864237,
2022-11-29 00:15:00+00:00,0.0939,0.09455,0.09416,0.09411,3705020.1,0.09418,348938.793018,3705020.1,348938.793018,
2022-11-29 00:20:00+00:00,0.094,0.09465,0.09414,0.09458,2488241.8,0.094342,234745.7078956,2488241.8,234745.7078956,
2022-11-29 00:25:00+00:00,0.09402,0.09459,0.09456,0.09417,2104947.9,0.094335,198570.2601465,2104947.9,198570.2601465,
2022-11-29 00:30:00+00:00,0.09406,0.0945,0.09414,0.09409,2596224.9,0.094198,244559.1931302,2596224.9,244559.1931302,
2022-11-29 00:35:00+00:00,0.09407,0.0946,0.09412,0.09456,2377465.8,0.094337,224282.9911746,2377465.8,224282.9911746,
2022-11-29 00:40:00+00:00,0.09428,0.09461,0.09454,0.09442,837241.2,0.094462,79087.4782344,837241.2,79087.4782344,
2022-11-29 00:45:00+00:00,0.09357,0.09446,0.09446,0.09367,2828347.0,0.09404,265977.75188,2828347.0,265977.75188,
2022-11-29 00:50:00+00:00,0.09365,0.09396,0.09366,0.09387,2275641.3,0.093785,213421.0193205,2275641.3,213421.0193205,
2022-11-29 00:55:00+00:00,0.09387,0.09408,0.0939,0.0939,2213207.2,0.093938,207904.2579536,2213207.2,207904.2579536,
2022-11-29 01:00:00+00:00,0.09389,0.09425,0.09389,0.0941,1397819.4,0.094032,131439.7538208,1397819.4,131439.7538208,
2022-11-29 01:05:00+00:00,0.09403,0.09445,0.0941,0.09445,578250.1,0.094258,54504.6979258,578250.1,54504.6979258,
2022-11-29 01:10:00+00:00,0.09438,0.09464,0.09445,0.09448,1182164.0,0.094488,111700.312032,1182164.0,111700.312032,
2022-11-29 01:15:00+00:00,0.09446,0.09499,0.09446,0.09477,1681709.2,0.09467,159207.409964,1681709.2,159207.409964,
2022-11-29 01:20:00+00:00,0.09451,0.09481,0.09477,0.09459,999465.6,0.09467,94619.408352,999465.6,94619.408352,
2022-11-29 01:25:00+00:00,0.09455,0.09474,0.0946,0.09455,1061206.6,0.09461,100400.756426,1061206.6,100400.756426,
2022-11-29 01:30:00+00:00,0.09455,0.09483,0.09455,0.0948,3063001.4,0.094682,290011.0985548,3063001.4,290011.0985548,
2022-11-29 01:35:00+00:00,0.09476,0.0959,0.09481,0.09589,5865072.4,0.09534,559176.002616,5865072.4,559176.002616,
2022-11-29 01:40:00+00:00,0.09582,0.09726,0.09592,0.09695,9035117.9,0.096488,871780.4559352,9035117.9,871780.4559352,
2022-11-29 01:45:00+00:00,0.09684,0.09869,0.09696,0.09814,13247517.6,0.097658,1293726.0737808,13247517.6,1293726.0737808,
2022-11-29 01:50:00+00:00,0.09795,0.09877,0.0982,0.09872,6208850.6,0.09841,611012.987546,6208850.6,611012.987546,
2022-11-29 01:55:00+00:00,0.09831,0.101,0.09869,0.10022,15787543.0,0.099555,1571728.843365,15787543.0,1571728.843365,
2022-11-29 02:00:00+00:00,0.1001,0.10205,0.10018,0.10116,10465330.7,0.100872,1055658.8383704,10465330.7,1055658.8383704,
2022-11-29 02:05:00+00:00,0.10078,0.10293,0.1011,0.10184,14778389.6,0.101662,1502400.6435152,14778389.6,1502400.6435152,
2022-11-29 02:10:00+00:00,0.10144,0.10241,0.10183,0.10201,7976676.1,0.101922,812998.7814642,7976676.1,812998.7814642,
2022-11-29 02:15:00+00:00,0.10148,0.10265,0.10194,0.10225,7894257.6,0.10208,805845.815808,7894257.6,805845.815808,
2022-11-29 02:20:00+00:00,0.10126,0.1024,0.1022,0.10229,7284156.2,0.102038,743260.7303356,7284156.2,743260.7303356,
2022-11-29 02:25:00+00:00,0.10219,0.10329,0.10228,0.10291,12950085.9,0.102668,1329559.4191812,12950085.9,1329559.4191812,
2022-11-29 02:30:00+00:00,0.10211,0.1031,0.10291,0.10213,7979788.6,0.102562,818423.0783932,7979788.6,818423.0783932,
2022-11-29 02:35:00+00:00,0.10153,0.10224,0.10212,0.10216,9714435.0,0.102012,990988.94322,9714435.0,990988.94322,
2022-11-29 02:40:00+00:00,0.10165,0.10237,0.10214,0.10198,4206404.7,0.102035,429200.5035645,4206404.7,429200.5035645,
2022-11-29 02:45:00+00:00,0.10163,0.1023,0.10195,0.10178,5474352.5,0.101915,557918.6350375,5474352.5,557918.6350375,
2022-11-29 02:50:00+00:00,0.10122,0.10204,0.1018,0.1013,6143877.2,0.10159,624156.484748,6143877.2,624156.484748,
2022-11-29 02:55:00+00:00,0.10129,0.10166,0.10133,0.10153,3267368.8,0.101452,331481.0994976,3267368.8,331481.0994976,
2022-11-29 03:00:00+00:00,0.10113,0.10196,0.10149,0.10196,5246610.0,0.101635,533239.20735,5246610.0,533239.20735,
2022-11-29 03:05:00+00:00,0.10177,0.10257,0.10189,0.10198,5199940.5,0.102052,530664.327906,5199940.5,530664.327906,
2022-11-29 03:10:00+00:00,0.10191,0.10221,0.10195,0.10199,3391806.6,0.102015,346015.150299,3391806.6,346015.150299,
2022-11-29 03:15:00+00:00,0.10194,0.10238,0.102,0.10225,2577879.9,0.102143,263312.3866257,2577879.9,263312.3866257,
2022-11-29 03:20:00+00:00,0.10219,0.1026,0.10222,0.10247,3654476.6,0.10237,374108.769542,3654476.6,374108.769542,
2022-11-29 03:25:00+00:00,0.10207,0.1028,0.10248,0.1021,4345576.1,0.102362,444821.8607482,4345576.1,444821.8607482,
2022-11-29 03:30:00+00:00,0.10141,0.10222,0.1021,0.10152,4316595.0,0.101812,439481.17014,4316595.0,439481.17014,
2022-11-29 03:35:00+00:00,0.10125,0.10166,0.10158,0.10146,4409068.0,0.101488,447467.493184,4409068.0,447467.493184,
2022-11-29 03:40:00+00:00,0.10143,0.10177,0.10147,0.10171,2687290.1,0.101595,273015.2377095,2687290.1,273015.2377095,
2022-11-29 03:45:00+00:00,0.1014,0.10181,0.10168,0.10146,1718808.5,0.101588,174610.317898,1718808.5,174610.317898,
2022-11-29 03:50:00+00:00,0.10074,0.1015,0.10146,0.10086,3315873.6,0.10114,335367.455904,3315873.6,335367.455904,
2022-11-29 03:55:00+00:00,0.10081,0.10123,0.10089,0.10117,3422463.5,0.101025,345754.3750875,3422463.5,345754.3750875,
2022-11-29 04:00:00+00:00,0.10094,0.1018,0.10117,0.10142,4805611.9,0.101332,486962.2650508,4805611.9,486962.2650508,
2022-11-29 04:05:00+00:00,0.101,0.10178,0.10141,0.10109,4201257.4,0.10132,425671.399768,4201257.4,425671.399768,
2022-11-29 04:10:00+00:00,0.1009,0.10132,0.10112,0.10125,2342261.1,0.101148,236915.0257428,2342261.1,236915.0257428,
2022-11-29 04:15:00+00:00,0.1012,0.10167,0.10124,0.1016,1969440.1,0.101428,199756.3704628,1969440.1,199756.3704628,
2022-11-29 04:20:00+00:00,0.10154,0.10221,0.10157,0.10214,3590173.9,0.101865,365713.0643235,3590173.9,365713.0643235,
2022-11-29 04:25:00+00:00,0.10215,0.10373,0.10222,0.10298,7706238.3,0.10277,791970.110091,7706238.3,791970.110091,
2022-11-29 04:30:00+00:00,0.10294,0.10382,0.10302,0.1037,7226092.1,0.10337,746961.140377,7226092.1,746961.140377,
2022-11-29 04:35:00+00:00,0.10258,0.10376,0.10371,0.10299,4663398.0,0.10326,481542.47748,4663398.0,481542.47748,
2022-11-29 04:40:00+00:00,0.10283,0.10347,0.10299,0.10342,3660144.1,0.103178,377646.3479498,3660144.1,377646.3479498,
2022-11-29 04:45:00+00:00,0.10276,0.10348,0.10343,0.10333,3264660.7,0.10325,337076.217275,3264660.7,337076.217275,
2022-11-29 04:50:00+00:00,0.10311,0.104,0.10316,0.10326,3447003.3,0.103382,356358.0951606,3447003.3,356358.0951606,
2022-11-29 04:55:00+00:00,0.10271,0.10328,0.10323,0.10283,3168513.4,0.103012,326394.9023608,3168513.4,326394.9023608,
2022-11-29 05:00:00+00:00,0.1027,0.10359,0.10288,0.10337,3905128.1,0.103135,402755.3865935,3905128.1,402755.3865935,
2022-11-29 05:05:00+00:00,0.10328,0.10491,0.10342,0.10469,7314420.5,0.104075,761248.3135375,7314420.5,761248.3135375,
2022-11-29 05:10:00+00:00,0.10423,0.1051,0.10472,0.10433,6628684.9,0.104595,693327.2971155,6628684.9,693327.2971155,
2022-11-29 05:15:00+00:00,0.10425,0.10494,0.10433,0.10456,2632624.0,0.10452,275161.86048,2632624.0,275161.86048,
2022-11-29 05:20:00+00:00,0.10379,0.10472,0.10455,0.10388,4791369.3,0.104235,499428.3789855,4791369.3,499428.3789855,
2022-11-29 05:25:00+00:00,0.10352,0.10392,0.10389,0.10352,3494301.7,0.103712,362401.0179104,3494301.7,362401.0179104,
2022-11-29 05:30:00+00:00,0.10316,0.10383,0.10356,0.10333,3381494.4,0.10347,349883.225568,3381494.4,349883.225568,
2022-11-29 05:35:00+00:00,0.10319,0.10375,0.10332,0.10332,2564262.9,0.103395,265131.9625455,2564262.9,265131.9625455,
2022-11-29 05:40:00+00:00,0.10312,0.10337,0.10328,0.10323,2212325.3,0.10325,228422.587225,2212325.3,228422.587225,
2022-11-29 05:45:00+00:00,0.10287,0.10345,0.10323,0.10304,4473310.2,0.103148,461413.0005096,4473310.2,461413.0005096,
2022-11-29 05:50:00+00:00,0.10299,0.10349,0.10299,0.10332,2590781.5,0.103198,267363.469237,2590781.5,267363.469237,
2022-11-29 05:55:00+00:00,0.10304,0.10339,0.10326,0.10313,1163571.7,0.103205,120086.4172985,1163571.7,120086.4172985,
2022-11-29 06:00:00+00:00,0.10301,0.10326,0.10317,0.10308,1159000.2,0.10313,119527.690626,1159000.2,119527.690626,
2022-11-29 06:05:00+00:00,0.10305,0.10361,0.10307,0.10318,2195216.2,0.103227,226605.5826774,2195216.2,226605.5826774,
2022-11-29 06:10:00+00:00,0.10256,0.10318,0.10317,0.10277,2295114.4,0.10292,236213.174048,2295114.4,236213.174048,
2022-11-29 06:15:00+00:00,0.10199,0.10294,0.10275,0.10245,5502110.5,0.102532,564142.393786,5502110.5,564142.393786,
2022-11-29 06:20:00+00:00,0.10242,0.10279,0.10242,0.10259,2099533.8,0.102555,215317.688859,2099533.8,215317.688859,
2022-11-29 06:25:00+00:00,0.10252,0.10278,0.10258,0.1026,2336248.6,0.10262,239745.831332,2336248.6,239745.831332,
2022-11-29 06:30:00+00:00,0.10248,0.10284,0.1026,0.10257,1767461.4,0.102622,181380.4237908,1767461.4,181380.4237908,
2022-11-29 06:35:00+00:00,0.10259,0.10287,0.10262,0.10266,2093533.2,0.102685,214974.456642,2093533.2,214974.456642,
2022-11-29 06:40:00+00:00,0.10239,0.10274,0.10266,0.10247,1459643.1,0.102565,149708.2945515,1459643.1,149708.2945515,
2022-11-29 06:45:00+00:00,0.10215,0.10258,0.10249,0.10249,1910934.8,0.102428,195733.2296944,1910934.8,195733.2296944,
2022-11-29 06:50:00+00:00,0.10234,0.10261,0.10246,0.10238,1494191.2,0.102448,153076.9000576,1494191.2,153076.9000576,
2022-11-29 06:55:00+00:00,0.10215,0.10247,0.10237,0.10235,1914038.4,0.102335,195873.119664,1914038.4,195873.119664,
2022-11-29 07:00:00+00:00,0.10236,0.10294,0.10236,0.10276,2645374.5,0.102605,271428.6505725,2645374.5,271428.6505725,
2022-11-29 07:05:00+00:00,0.10259,0.10291,0.10269,0.1026,896237.2,0.102698,92041.7679656,896237.2,92041.7679656,
2022-11-29 07:10:00+00:00,0.10254,0.10305,0.10256,0.10261,3116910.7,0.10269,320075.559783,3116910.7,320075.559783,
2022-11-29 07:15:00+00:00,0.10259,0.10333,0.10267,0.10292,2167460.3,0.102878,222983.9807434,2167460.3,222983.9807434,
2022-11-29 07:20:00+00:00,0.10272,0.10349,0.10295,0.10285,2254349.5,0.103002,232202.507199,2254349.5,232202.507199,
2022-11-29 07:25:00+00:00,0.10272,0.10305,0.10284,0.103,709785.8,0.102903,73039.0881774,709785.8,73039.0881774,
2022-11-29 07:30:00+00:00,0.10285,0.10318,0.10305,0.10307,2100886.3,0.103038,216471.1225794,2100886.3,216471.1225794,
2022-11-29 07:35:00+00:00,0.10289,0.10317,0.10305,0.10298,890563.2,0.103022,91747.6019904,890563.2,91747.6019904,
2022-11-29 07:40:00+00:00,0.10291,0.1033,0.103,0.10297,2076537.7,0.103045,213976.8272965,2076537.7,213976.8272965,
2022-11-29 07:45:00+00:00,0.10284,0.10313,0.10296,0.10285,1098594.0,0.102945,113094.75933,1098594.0,113094.75933,
2022-11-29 07:50:00+00:00,0.10252,0.10289,0.10286,0.10254,1666959.2,0.102702,171200.0437584,1666959.2,171200.0437584,
2022-11-29 07:55:00+00:00,0.10225,0.1026,0.1025,0.1023,1612605.4,0.102412,165150.1442248,1612605.4,165150.1442248,
2022-11-29 08:00:00+00:00,0.10226,0.10311,0.10228,0.10265,2516909.0,0.102575,258171.940675,2516909.0,258171.940675,
2022-11-29 08:05:00+00:00,0.10257,0.10288,0.10265,0.10271,1399452.3,0.102702,143726.5501146,1399452.3,143726.5501146,
2022-11-29 08:10:00+00:00,0.10222,0.10279,0.10269,0.1023,1309518.8,0.1025,134225.677,1309518.8,134225.677,
2022-11-29 08:15:00+00:00,0.10222,0.10256,0.10226,0.10238,1153250.0,0.102355,118040.90375,1153250.0,118040.90375,
2022-11-29 08:20:00+00:00,0.10241,0.10301,0.10241,0.10294,2080572.8,0.102692,213658.1819776,2080572.8,213658.1819776,
2022-11-29 08:25:00+00:00,0.10289,0.10314,0.10291,0.103,1444437.3,0.102985,148755.3753405,1444437.3,148755.3753405,
2022-11-29 08:30:00+00:00,0.10283,0.10354,0.10301,0.10318,4375879.7,0.10314,451328.232258,4375879.7,451328.232258,
2022-11-29 08:35:00+00:00,0.10304,0.10329,0.10317,0.10312,628488.6,0.103155,64831.741533,628488.6,64831.741533,
2022-11-29 08:40:00+00:00,0.10305,0.10335,0.1031,0.10329,880658.8,0.103198,90882.2268424,880658.8,90882.2268424,
2022-11-29 08:45:00+00:00,0.10294,0.10339,0.10329,0.10308,1659058.7,0.103175,171173.3813725,1659058.7,171173.3813725,
2022-11-29 08:50:00+00:00,0.10292,0.10366,0.1031,0.10301,3221940.2,0.103172,332414.0143144,3221940.2,332414.0143144,
2022-11-29 08:55:00+00:00,0.10264,0.103,0.10292,0.10292,1964295.0,0.10287,202067.02665,1964295.0,202067.02665,
2022-11-29 09:00:00+00:00,0.10285,0.10337,0.10292,0.10287,936859.7,0.103002,96498.4228194,936859.7,96498.4228194,
2022-11-29 09:05:00+00:00,0.10291,0.10316,0.10294,0.10297,1418109.5,0.102995,146058.1879525,1418109.5,146058.1879525,
2022-11-29 09:10:00+00:00,0.10267,0.10305,0.10294,0.10272,1202453.7,0.102845,123666.3507765,1202453.7,123666.3507765,
2022-11-29 09:15:00+00:00,0.10242,0.10282,0.10273,0.10246,972088.1,0.102608,99744.0157648,972088.1,99744.0157648,
2022-11-29 09:20:00+00:00,0.10246,0.10275,0.10248,0.1026,1444043.4,0.102573,148119.8636682,1444043.4,148119.8636682,
2022-11-29 09:25:00+00:00,0.1026,0.10299,0.1026,0.10295,639631.3,0.102785,65744.5031705,639631.3,65744.5031705,
2022-11-29 09:30:00+00:00,0.103,0.10325,0.103,0.10315,944440.9,0.1031,97371.85679,944440.9,97371.85679,
2022-11-29 09:35:00+00:00,0.10271,0.10326,0.10314,0.10294,2035253.4,0.103012,209655.5232408,2035253.4,209655.5232408,
2022-11-29 09:40:00+00:00,0.1028,0.10309,0.10297,0.1028,601137.5,0.102915,61866.0658125,601137.5,61866.0658125,
2022-11-29 09:45:00+00:00,0.10269,0.10293,0.10283,0.10273,1012623.0,0.102795,104092.581285,1012623.0,104092.581285,
2022-11-29 09:50:00+00:00,0.10237,0.10288,0.1027,0.10283,1070815.6,0.102695,109967.408042,1070815.6,109967.408042,
2022-11-29 09:55:00+00:00,0.10282,0.1032,0.10282,0.10307,1204065.4,0.102978,123992.2467612,1204065.4,123992.2467612,
2022-11-29 10:00:00+00:00,0.10257,0.10317,0.10303,0.10268,1152357.0,0.102862,118533.745734,1152357.0,118533.745734,
2022-11-29 10:05:00+00:00,0.10252,0.10284,0.10266,0.10262,952686.0,0.10266,97802.74476,952686.0,97802.74476,
2022-11-29 10:10:00+00:00,0.10259,0.10288,0.1026,0.10288,357045.0,0.102738,36682.08921,357045.0,36682.08921,
2022-11-29 10:15:00+00:00,0.10153,0.10304,0.10288,0.10159,2744155.8,0.10226,280617.372108,2744155.8,280617.372108,
2022-11-29 10:20:00+00:00,0.10106,0.10202,0.10168,0.10137,4441616.9,0.101532,450966.2470908,4441616.9,450966.2470908,
2022-11-29 10:25:00+00:00,0.1014,0.10183,0.10142,0.10163,1579672.3,0.10157,160447.315511,1579672.3,160447.315511,
2022-11-29 10:30:00+00:00,0.10156,0.10178,0.10166,0.10158,1372750.8,0.101645,139533.255066,1372750.8,139533.255066,
2022-11-29 10:35:00+00:00,0.10165,0.10212,0.10165,0.10198,1610352.3,0.10185,164014.381755,1610352.3,164014.381755,
2022-11-29 10:40:00+00:00,0.10194,0.10221,0.10203,0.10209,908888.2,0.102068,92768.4007976,908888.2,92768.4007976,
2022-11-29 10:45:00+00:00,0.10205,0.10245,0.10205,0.10227,2582530.6,0.102205,263947.539973,2582530.6,263947.539973,
2022-11-29 10:50:00+00:00,0.10207,0.10241,0.10227,0.10216,1813057.5,0.102228,185345.24211,1813057.5,185345.24211,
2022-11-29 10:55:00+00:00,0.10182,0.10215,0.10215,0.1019,1360134.0,0.102005,138740.46867,1360134.0,138740.46867,
2022-11-29 11:00:00+00:00,0.10187,0.10217,0.10197,0.10198,599814.8,0.101998,61179.9099704,599814.8,61179.9099704,
2022-11-29 11:05:00+00:00,0.10156,0.10387,0.10198,0.10371,4126217.6,0.10278,424092.644928,4126217.6,424092.644928,
2022-11-29 11:10:00+00:00,0.10348,0.10578,0.10377,0.10423,18113742.0,0.104315,1889534.99673,18113742.0,1889534.99673,
2022-11-29 11:15:00+00:00,0.104,0.10504,0.10421,0.10419,5936241.5,0.10436,619506.16294,5936241.5,619506.16294,
2022-11-29 11:20:00+00:00,0.1041,0.105,0.10415,0.10417,6004210.6,0.104355,626569.397163,6004210.6,626569.397163,
2022-11-29 11:25:00+00:00,0.10377,0.10438,0.10414,0.10394,3180323.9,0.104058,330938.1443862,3180323.9,330938.1443862,
2022-11-29 11:30:00+00:00,0.10376,0.10426,0.10394,0.10388,4369130.8,0.10396,454214.837968,4369130.8,454214.837968,
2022-11-29 11:35:00+00:00,0.10334,0.10401,0.10386,0.10341,3592805.7,0.103655,372412.2748335,3592805.7,372412.2748335,
2022-11-29 11:40:00+00:00,0.10306,0.10363,0.10341,0.10323,3109063.7,0.103332,321265.7702484,3109063.7,321265.7702484,
2022-11-29 11:45:00+00:00,0.10314,0.10345,0.10321,0.10339,3791238.3,0.103298,391627.3339134,3791238.3,391627.3339134,
2022-11-29 11:50:00+00:00,0.10332,0.10414,0.10337,0.10377,2835499.5,0.10365,293899.523175,2835499.5,293899.523175,
2022-11-29 11:55:00+00:00,0.10356,0.10394,0.10376,0.10379,3003822.8,0.103762,311682.6613736,3003822.8,311682.6613736,
2022-11-29 12:00:00+00:00,0.10334,0.10436,0.10379,0.10364,4282078.1,0.103782,444402.6293742,4282078.1,444402.6293742,
2022-11-29 12:05:00+00:00,0.10355,0.10423,0.10361,0.10399,2410859.4,0.103845,250355.694393,2410859.4,250355.694393,
2022-11-29 12:10:00+00:00,0.10364,0.10417,0.10401,0.10376,2289067.6,0.103895,237822.678302,2289067.6,237822.678302,
2022-11-29 12:15:00+00:00,0.10353,0.10393,0.10371,0.10353,1510716.3,0.103675,156623.5124025,1510716.3,156623.5124025,
2022-11-29 12:20:00+00:00,0.10356,0.10407,0.10356,0.10389,1761262.7,0.10377,182766.230379,1761262.7,182766.230379,
2022-11-29 12:25:00+00:00,0.10385,0.10411,0.10386,0.10392,1360868.0,0.103935,141441.81558,1360868.0,141441.81558,
2022-11-29 12:30:00+00:00,0.10393,0.10432,0.10398,0.10405,2279519.5,0.10407,237229.594365,2279519.5,237229.594365,
2022-11-29 12:35:00+00:00,0.10382,0.10421,0.10403,0.10391,1421312.6,0.103992,147805.1398992,1421312.6,147805.1398992,
2022-11-29 12:40:00+00:00,0.10366,0.10406,0.10392,0.10378,1553555.0,0.103855,161344.454525,1553555.0,161344.454525,
2022-11-29 12:45:00+00:00,0.10343,0.10388,0.10378,0.10371,2054561.9,0.1037,213058.06903,2054561.9,213058.06903,
2022-11-29 12:50:00+00:00,0.10313,0.10381,0.10367,0.10336,1489973.5,0.103492,154200.337462,1489973.5,154200.337462,
2022-11-29 12:55:00+00:00,0.10314,0.10343,0.10331,0.10334,1266278.4,0.103305,130812.890112,1266278.4,130812.890112,
2022-11-29 13:00:00+00:00,0.10295,0.1034,0.10335,0.10299,1741089.7,0.103172,179631.7065284,1741089.7,179631.7065284,
2022-11-29 13:05:00+00:00,0.10244,0.10311,0.103,0.10277,3113113.5,0.10283,320121.461205,3113113.5,320121.461205,
2022-11-29 13:10:00+00:00,0.10211,0.1028,0.10277,0.10234,8557390.2,0.102505,877175.282451,8557390.2,877175.282451,
2022-11-29 13:15:00+00:00,0.10219,0.10273,0.10233,0.10267,2325603.2,0.10248,238327.815936,2325603.2,238327.815936,
2022-11-29 13:20:00+00:00,0.1026,0.10289,0.10274,0.1026,1573068.6,0.102708,161566.7297688,1573068.6,161566.7297688,
2022-11-29 13:25:00+00:00,0.1022,0.10271,0.1026,0.10224,1576561.2,0.102438,161499.7762056,1576561.2,161499.7762056,
2022-11-29 13:30:00+00:00,0.102,0.10257,0.10222,0.10206,3099563.1,0.102212,316812.5435772,3099563.1,316812.5435772,
2022-11-29 13:35:00+00:00,0.10126,0.10219,0.10212,0.10154,5966352.8,0.101778,607243.4552784,5966352.8,607243.4552784,
2022-11-29 13:40:00+00:00,0.1012,0.10175,0.10161,0.10167,3440169.6,0.101558,349376.7442368,3440169.6,349376.7442368,
2022-11-29 13:45:00+00:00,0.10166,0.10211,0.10166,0.10177,2315373.5,0.1018,235705.0223,2315373.5,235705.0223,
2022-11-29 13:50:00+00:00,0.10121,0.10175,0.10175,0.10141,4089225.9,0.10153,415179.105627,4089225.9,415179.105627,
2022-11-29 13:55:00+00:00,0.10136,0.10201,0.1014,0.10183,3017990.6,0.10165,306778.74449,3017990.6,306778.74449,
2022-11-29 14:00:00+00:00,0.10181,0.10237,0.10181,0.102,2756183.1,0.101997,281122.4076507,2756183.1,281122.4076507,
2022-11-29 14:05:00+00:00,0.10186,0.10216,0.10197,0.10214,1712004.8,0.102032,174679.2737536,1712004.8,174679.2737536,
2022-11-29 14:10:00+00:00,0.1014,0.10217,0.10217,0.1018,2339994.7,0.101885,238410.3600095,2339994.7,238410.3600095,
2022-11-29 14:15:00+00:00,0.10111,0.1018,0.10176,0.10114,2480366.7,0.101452,251638.1624484,2480366.7,251638.1624484,
2022-11-29 14:20:00+00:00,0.10112,0.10159,0.10117,0.10159,2715712.2,0.101368,275286.3142896,2715712.2,275286.3142896,
2022-11-29 14:25:00+00:00,0.10156,0.10202,0.10159,0.10184,2559235.9,0.101752,260407.3712968,2559235.9,260407.3712968,
2022-11-29 14:30:00+00:00,0.1,0.10221,0.10185,0.10193,10654413.1,0.101498,1081401.6208238,10654413.1,1081401.6208238,
2022-11-29 14:35:00+00:00,0.10176,0.10237,0.10192,0.1021,4631611.2,0.102038,472600.3436256,4631611.2,472600.3436256,
2022-11-29 14:40:00+00:00,0.10206,0.10255,0.10207,0.10217,2083354.9,0.102212,212943.8710388,2083354.9,212943.8710388,
2022-11-29 14:45:00+00:00,0.102,0.10246,0.10213,0.10234,2457165.2,0.102232,251200.9127264,2457165.2,251200.9127264,
2022-11-29 14:50:00+00:00,0.10198,0.1024,0.10229,0.10207,2815450.1,0.102185,287696.7684685,2815450.1,287696.7684685,
2022-11-29 14:55:00+00:00,0.10043,0.10216,0.10208,0.10126,7162128.6,0.101482,726827.1345852,7162128.6,726827.1345852,
2022-11-29 15:00:00+00:00,0.10096,0.10174,0.10124,0.10101,3384554.0,0.101238,342645.477852,3384554.0,342645.477852,
2022-11-29 15:05:00+00:00,0.10066,0.1018,0.10104,0.10156,4243887.1,0.101265,429757.2271815,4243887.1,429757.2271815,
2022-11-29 15:10:00+00:00,0.10087,0.10167,0.10153,0.1012,4275831.4,0.101318,433218.6857852,4275831.4,433218.6857852,
2022-11-29 15:15:00+00:00,0.10091,0.10148,0.10121,0.101,2495904.5,0.10115,252460.740175,2495904.5,252460.740175,
2022-11-29 15:20:00+00:00,0.10061,0.1013,0.101,0.1013,4335266.2,0.101052,438087.3200424,4335266.2,438087.3200424,
2022-11-29 15:25:00+00:00,0.10116,0.10194,0.10128,0.10191,3352469.6,0.101572,340517.0422112,3352469.6,340517.0422112,
2022-11-29 15:30:00+00:00,0.10191,0.10224,0.10193,0.10203,5470083.5,0.102028,558101.679338,5470083.5,558101.679338,
2022-11-29 15:35:00+00:00,0.10174,0.10221,0.10202,0.10182,2908805.7,0.101948,296546.9235036,2908805.7,296546.9235036,
2022-11-29 15:40:00+00:00,0.10165,0.10197,0.10179,0.1017,1596123.1,0.101778,162450.2168718,1596123.1,162450.2168718,
2022-11-29 15:45:00+00:00,0.10165,0.10207,0.10165,0.10187,1113796.3,0.10181,113395.601303,1113796.3,113395.601303,
2022-11-29 15:50:00+00:00,0.10132,0.102,0.10185,0.10146,1827451.7,0.101657,185773.2574669,1827451.7,185773.2574669,
2022-11-29 15:55:00+00:00,0.1014,0.10165,0.10144,0.10153,1518167.3,0.101505,154101.5717865,1518167.3,154101.5717865,
2022-11-29 16:00:00+00:00,0.10079,0.10183,0.10154,0.10085,2788182.8,0.101252,282309.0848656,2788182.8,282309.0848656,
2022-11-29 16:05:00+00:00,0.10045,0.10118,0.10085,0.10052,4568806.8,0.10075,460307.2851,4568806.8,460307.2851,
2022-11-29 16:10:00+00:00,0.09909,0.1005,0.1005,0.10021,12591250.2,0.100075,1260069.363765,12591250.2,1260069.363765,
2022-11-29 16:15:00+00:00,0.09939,0.10022,0.10017,0.09953,3953960.8,0.099828,394715.9987424,3953960.8,394715.9987424,
2022-11-29 16:20:00+00:00,0.09941,0.10028,0.09954,0.10027,2857612.6,0.099875,285404.058425,2857612.6,285404.058425,
2022-11-29 16:25:00+00:00,0.09997,0.10042,0.10029,0.10012,3681043.0,0.1002,368840.5086,3681043.0,368840.5086,
2022-11-29 16:30:00+00:00,0.09998,0.10051,0.10012,0.10047,2180957.1,0.10027,218684.568417,2180957.1,218684.568417,
2022-11-29 16:35:00+00:00,0.10035,0.10084,0.1005,0.10075,3226559.8,0.10061,324624.181478,3226559.8,324624.181478,
2022-11-29 16:40:00+00:00,0.10053,0.10077,0.10073,0.10057,1775356.9,0.10065,178689.671985,1775356.9,178689.671985,
2022-11-29 16:45:00+00:00,0.10028,0.1006,0.10058,0.10049,1309515.2,0.100488,131590.5634176,1309515.2,131590.5634176,
2022-11-29 16:50:00+00:00,0.10027,0.10064,0.10051,0.10058,831911.2,0.1005,83607.0756,831911.2,83607.0756,
2022-11-29 16:55:00+00:00,0.10039,0.10073,0.10054,0.10041,1552124.6,0.100518,156016.4605428,1552124.6,156016.4605428,
2022-11-29 17:00:00+00:00,0.10032,0.10075,0.1005,0.10055,2266676.1,0.10053,227868.948333,2266676.1,227868.948333,
2022-11-29 17:05:00+00:00,0.10035,0.10058,0.10051,0.10049,934265.5,0.100482,93876.865971,934265.5,93876.865971,
2022-11-29 17:10:00+00:00,0.10002,0.10058,0.10051,0.10026,2753956.6,0.100342,276337.5131572,2753956.6,276337.5131572,
2022-11-29 17:15:00+00:00,0.09967,0.1003,0.1003,0.09986,2588771.3,0.100032,258959.9706816,2588771.3,258959.9706816,
2022-11-29 17:20:00+00:00,0.09939,0.09999,0.09994,0.09958,2918042.7,0.099725,291001.8082575,2918042.7,291001.8082575,
2022-11-29 17:25:00+00:00,0.09948,0.09994,0.09953,0.09988,3398147.7,0.099708,338822.5108716,3398147.7,338822.5108716,
2022-11-29 17:30:00+00:00,0.09977,0.10049,0.09988,0.10028,2508312.4,0.100105,251094.612802,2508312.4,251094.612802,
2022-11-29 17:35:00+00:00,0.10012,0.1005,0.10027,0.10033,1748797.6,0.100305,175413.143268,1748797.6,175413.143268,
2022-11-29 17:40:00+00:00,0.10018,0.10044,0.10034,0.10026,1619198.1,0.100305,162413.6654205,1619198.1,162413.6654205,
2022-11-29 17:45:00+00:00,0.10023,0.10054,0.10025,0.10042,1209506.4,0.10036,121386.062304,1209506.4,121386.062304,
2022-11-29 17:50:00+00:00,0.10021,0.1005,0.10042,0.10039,2037700.2,0.10038,204544.346076,2037700.2,204544.346076,
2022-11-29 17:55:00+00:00,0.10035,0.10073,0.10041,0.10053,1280210.8,0.100505,128667.586454,1280210.8,128667.586454,
2022-11-29 18:00:00+00:00,0.10033,0.10072,0.10053,0.10055,2140461.6,0.100532,215184.8855712,2140461.6,215184.8855712,
2022-11-29 18:05:00+00:00,0.10049,0.10117,0.10058,0.10096,4795754.3,0.1008,483412.03344,4795754.3,483412.03344,
2022-11-29 18:10:00+00:00,0.10024,0.10103,0.10097,0.10063,9250776.9,0.100718,931719.7478142,9250776.9,931719.7478142,
2022-11-29 18:15:00+00:00,0.10047,0.10093,0.10065,0.10051,3409505.9,0.10064,343132.673776,3409505.9,343132.673776,
2022-11-29 18:20:00+00:00,0.1004,0.10058,0.10054,0.10057,2526492.5,0.100522,253968.079085,2526492.5,253968.079085,
2022-11-29 18:25:00+00:00,0.10052,0.10074,0.10057,0.1007,4783802.4,0.100632,481403.6031168,4783802.4,481403.6031168,
2022-11-29 18:30:00+00:00,0.10043,0.10071,0.1007,0.10059,4556626.1,0.100608,458433.0386688,4556626.1,458433.0386688,
2022-11-29 18:35:00+00:00,0.10053,0.10085,0.10059,0.10073,1081021.0,0.100675,108831.789175,1081021.0,108831.789175,
2022-11-29 18:40:00+00:00,0.10073,0.10094,0.10074,0.10091,8486191.4,0.10083,855662.678862,8486191.4,855662.678862,
2022-11-29 18:45:00+00:00,0.10089,0.10144,0.10091,0.10133,4291442.9,0.101142,434045.1177918,4291442.9,434045.1177918,
2022-11-29 18:50:00+00:00,0.10098,0.10133,0.10128,0.10115,2044348.2,0.101185,206857.372617,2044348.2,206857.372617,
2022-11-29 18:55:00+00:00,0.10105,0.10131,0.10114,0.10119,745933.7,0.101172,75467.6042964,745933.7,75467.6042964,
2022-11-29 19:00:00+00:00,0.10111,0.10156,0.10115,0.10134,2045210.2,0.10129,207159.341158,2045210.2,207159.341158,
2022-11-29 19:05:00+00:00,0.10119,0.10136,0.10134,0.10128,1019057.1,0.101292,103222.3317732,1019057.1,103222.3317732,
2022-11-29 19:10:00+00:00,0.10118,0.10153,0.10124,0.10146,687575.3,0.101352,69687.1318056,687575.3,69687.1318056,
2022-11-29 19:15:00+00:00,0.10133,0.10158,0.10145,0.10136,691214.6,0.10143,70109.896878,691214.6,70109.896878,
2022-11-29 19:20:00+00:00,0.10115,0.10135,0.10133,0.10115,1014354.8,0.101245,102698.351726,1014354.8,102698.351726,
2022-11-29 19:25:00+00:00,0.1011,0.10137,0.10118,0.10124,624342.0,0.101222,63197.145924,624342.0,63197.145924,
2022-11-29 19:30:00+00:00,0.10108,0.10137,0.10124,0.10137,985943.8,0.101265,99841.598907,985943.8,99841.598907,
2022-11-29 19:35:00+00:00,0.10135,0.10199,0.10135,0.10193,3486079.2,0.101655,354377.381076,3486079.2,354377.381076,
2022-11-29 19:40:00+00:00,0.10167,0.10228,0.10193,0.10175,2360254.8,0.101908,240528.8461584,2360254.8,240528.8461584,
2022-11-29 19:45:00+00:00,0.1016,0.1019,0.10171,0.10176,972731.6,0.101742,98967.6584472,972731.6,98967.6584472,
2022-11-29 19:50:00+00:00,0.10178,0.10199,0.1018,0.10181,957163.0,0.101845,97482.265735,957163.0,97482.265735,
2022-11-29 19:55:00+00:00,0.10161,0.10198,0.10182,0.10176,1378331.5,0.101792,140303.120048,1378331.5,140303.120048,
2022-11-29 20:00:00+00:00,0.10173,0.10218,0.10174,0.10189,2365176.0,0.101885,240975.95676,2365176.0,240975.95676,
2022-11-29 20:05:00+00:00,0.10191,0.10277,0.10191,0.10235,4878981.1,0.102235,498802.6327585,4878981.1,498802.6327585,
2022-11-29 20:10:00+00:00,0.10203,0.1025,0.10232,0.1024,5375547.6,0.102312,549983.0260512,5375547.6,549983.0260512,
2022-11-29 20:15:00+00:00,0.10215,0.1025,0.1024,0.10223,5645024.9,0.10232,577598.947768,5645024.9,577598.947768,
2022-11-29 20:20:00+00:00,0.10186,0.10222,0.10221,0.10192,1457352.8,0.102052,148725.7679456,1457352.8,148725.7679456,
2022-11-29 20:25:00+00:00,0.10187,0.10228,0.1019,0.10207,1321067.6,0.10203,134788.527228,1321067.6,134788.527228,
2022-11-29 20:30:00+00:00,0.102,0.10247,0.10209,0.10232,1892123.4,0.10222,193412.853948,1892123.4,193412.853948,
2022-11-29 20:35:00+00:00,0.10202,0.10237,0.10232,0.10206,1576808.5,0.102192,161137.214232,1576808.5,161137.214232,
2022-11-29 20:40:00+00:00,0.10182,0.1021,0.10205,0.1019,1922132.8,0.101967,195994.1152176,1922132.8,195994.1152176,
2022-11-29 20:45:00+00:00,0.10194,0.10224,0.10195,0.10219,1847077.5,0.10208,188549.6712,1847077.5,188549.6712,
2022-11-29 20:50:00+00:00,0.102,0.10224,0.10219,0.10224,1719656.2,0.102168,175693.8346416,1719656.2,175693.8346416,
2022-11-29 20:55:00+00:00,0.10218,0.10262,0.10222,0.10243,3015456.3,0.102362,308668.1377806,3015456.3,308668.1377806,
2022-11-29 21:00:00+00:00,0.10233,0.10261,0.10243,0.10235,2421584.4,0.10243,248042.890092,2421584.4,248042.890092,
2022-11-29 21:05:00+00:00,0.10208,0.10246,0.10237,0.1021,2454302.4,0.102252,250957.3290048,2454302.4,250957.3290048,
2022-11-29 21:10:00+00:00,0.10193,0.10237,0.1021,0.10199,2257078.5,0.102098,230443.200693,2257078.5,230443.200693,
2022-11-29 21:15:00+00:00,0.10191,0.1022,0.102,0.10218,1107029.7,0.102072,112996.7355384,1107029.7,112996.7355384,
2022-11-29 21:20:00+00:00,0.10193,0.10217,0.10217,0.10196,1158014.6,0.102058,118184.6540468,1158014.6,118184.6540468,
2022-11-29 21:25:00+00:00,0.10189,0.10204,0.10197,0.10193,1274000.6,0.101958,129894.5531748,1274000.6,129894.5531748,
2022-11-29 21:30:00+00:00,0.10176,0.10207,0.10191,0.10188,1529848.4,0.101905,155899.201202,1529848.4,155899.201202,
2022-11-29 21:35:00+00:00,0.10176,0.10195,0.10191,0.10182,636420.0,0.10186,64825.7412,636420.0,64825.7412,
2022-11-29 21:40:00+00:00,0.10172,0.10209,0.10174,0.10205,1714528.7,0.1019,174710.47453,1714528.7,174710.47453,
2022-11-29 21:45:00+00:00,0.10177,0.10206,0.10202,0.10188,1579154.5,0.101932,160966.376494,1579154.5,160966.376494,
2022-11-29 21:50:00+00:00,0.1018,0.10194,0.10185,0.10188,506940.1,0.101868,51640.9741068,506940.1,51640.9741068,
2022-11-29 21:55:00+00:00,0.10166,0.1019,0.10187,0.1018,1783767.9,0.101808,181601.8423632,1783767.9,181601.8423632,
2022-11-29 22:00:00+00:00,0.10177,0.10218,0.10181,0.10215,2839912.1,0.101978,289608.5561338,2839912.1,289608.5561338,
2022-11-29 22:05:00+00:00,0.10197,0.10222,0.10215,0.10222,1334012.7,0.10214,136256.057178,1334012.7,136256.057178,
2022-11-29 22:10:00+00:00,0.10218,0.10248,0.10221,0.10225,1685830.1,0.10228,172426.702628,1685830.1,172426.702628,
2022-11-29 22:15:00+00:00,0.10198,0.10231,0.10226,0.10199,1301070.8,0.102135,132884.866158,1301070.8,132884.866158,
2022-11-29 22:20:00+00:00,0.10194,0.10219,0.10198,0.10199,1626551.8,0.102025,165948.947395,1626551.8,165948.947395,
2022-11-29 22:25:00+00:00,0.102,0.10238,0.102,0.1023,929896.1,0.10217,95007.484537,929896.1,95007.484537,
2022-11-29 22:30:00+00:00,0.10209,0.10246,0.10233,0.10223,1624763.8,0.102278,166177.5919364,1624763.8,166177.5919364,
2022-11-29 22:35:00+00:00,0.10209,0.10234,0.10223,0.10209,1212406.9,0.102188,123893.4362972,1212406.9,123893.4362972,
2022-11-29 22:40:00+00:00,0.10186,0.10211,0.10209,0.10203,1162979.7,0.102022,118649.5149534,1162979.7,118649.5149534,
2022-11-29 22:45:00+00:00,0.10184,0.1021,0.102,0.10193,94365.8,0.101968,9622.2918944,94365.8,9622.2918944,
2022-11-29 22:50:00+00:00,0.10181,0.10214,0.10193,0.10208,463274.0,0.10199,47249.31526,463274.0,47249.31526,
2022-11-29 22:55:00+00:00,0.10198,0.10257,0.10207,0.10256,1085401.9,0.102295,111031.1873605,1085401.9,111031.1873605,
2022-11-29 23:00:00+00:00,0.10195,0.103,0.10256,0.10201,3933456.1,0.10238,402707.235518,3933456.1,402707.235518,
2022-11-29 23:05:00+00:00,0.1018,0.10213,0.10204,0.10195,1118097.4,0.10198,114023.572852,1118097.4,114023.572852,
2022-11-29 23:10:00+00:00,0.10192,0.1023,0.10196,0.10204,1139909.5,0.102055,116333.4640225,1139909.5,116333.4640225,
2022-11-29 23:15:00+00:00,0.10169,0.1021,0.10198,0.10186,2448281.1,0.101908,249499.4303388,2448281.1,249499.4303388,
2022-11-29 23:20:00+00:00,0.10161,0.10192,0.10188,0.10169,1294739.8,0.101775,131772.143145,1294739.8,131772.143145,
2022-11-29 23:25:00+00:00,0.10162,0.10204,0.1017,0.10199,2948640.3,0.101838,300283.6308714,2948640.3,300283.6308714,
2022-11-29 23:30:00+00:00,0.10164,0.10202,0.10199,0.10197,2517367.3,0.101905,256532.3147065,2517367.3,256532.3147065,
2022-11-29 23:35:00+00:00,0.10189,0.10206,0.10193,0.10201,1160953.9,0.101972,118384.7910908,1160953.9,118384.7910908,
2022-11-29 23:40:00+00:00,0.10199,0.10212,0.102,0.10201,315116.0,0.10203,32151.28548,315116.0,32151.28548,
2022-11-29 23:45:00+00:00,0.10167,0.10236,0.10204,0.1019,1669452.6,0.101992,170270.8095792,1669452.6,170270.8095792,
2022-11-29 23:50:00+00:00,0.10173,0.10201,0.1019,0.10189,1480474.9,0.101882,150833.7437618,1480474.9,150833.7437618,
2022-11-29 23:55:00+00:00,0.10128,0.10192,0.10192,0.10142,2737640.0,0.101635,278240.0414,2737640.0,278240.0414,
2022-11-30 00:00:00+00:00,0.10119,0.10224,0.10143,0.10216,3809556.7,0.101755,387641.4420085,3809556.7,387641.4420085,
2022-11-30 00:05:00+00:00,0.10179,0.10225,0.10212,0.1019,2001490.7,0.102015,204182.0737605,2001490.7,204182.0737605,
2022-11-30 00:10:00+00:00,0.1008,0.10197,0.10189,0.10125,4294486.3,0.101478,435795.8807514,4294486.3,435795.8807514,
2022-11-30 00:15:00+00:00,0.10084,0.10179,0.10124,0.10156,2851521.5,0.101357,289021.6646755,2851521.5,289021.6646755,
2022-11-30 00:20:00+00:00,0.10159,0.10244,0.10159,0.10237,3481382.5,0.101998,355094.052235,3481382.5,355094.052235,
2022-11-30 00:25:00+00:00,0.10239,0.1053,0.1024,0.10397,17727220.0,0.103515,1835033.1783,17727220.0,1835033.1783,
2022-11-30 00:30:00+00:00,0.10393,0.10467,0.10399,0.10446,7316813.5,0.104263,762872.9259505,7316813.5,762872.9259505,
2022-11-30 00:35:00+00:00,0.10434,0.10766,0.10444,0.10742,17586996.3,0.105965,1863606.0629295,17586996.3,1863606.0629295,
2022-11-30 00:40:00+00:00,0.10718,0.11,0.10747,0.10825,33375195.9,0.108225,3612030.5762775,33375195.9,3612030.5762775,
2022-11-30 00:45:00+00:00,0.10767,0.10893,0.10832,0.10849,14059816.8,0.108352,1523409.2699136,14059816.8,1523409.2699136,
2022-11-30 00:50:00+00:00,0.10762,0.10894,0.10853,0.10777,6043113.4,0.108215,653955.516581,6043113.4,653955.516581,
2022-11-30 00:55:00+00:00,0.10771,0.10839,0.10774,0.10795,8882443.1,0.107948,958841.9677588,8882443.1,958841.9677588,
2022-11-30 01:00:00+00:00,0.10797,0.10988,0.10798,0.10862,13621855.1,0.108612,1479496.9261212,13621855.1,1479496.9261212,
2022-11-30 01:05:00+00:00,0.10774,0.1086,0.10856,0.10827,6133523.1,0.108293,664217.6170683,6133523.1,664217.6170683,
2022-11-30 01:10:00+00:00,0.10766,0.10833,0.10828,0.10791,4148447.1,0.108045,448218.9669195,4148447.1,448218.9669195,
2022-11-30 01:15:00+00:00,0.10662,0.10799,0.10796,0.10663,7416347.7,0.1073,795774.10821,7416347.7,795774.10821,
2022-11-30 01:20:00+00:00,0.10663,0.10731,0.10667,0.10706,3578632.6,0.106918,382620.2403268,3578632.6,382620.2403268,
2022-11-30 01:25:00+00:00,0.10665,0.10731,0.10706,0.10701,3375922.8,0.107007,361247.3710596,3375922.8,361247.3710596,
2022-11-30 01:30:00+00:00,0.106,0.10706,0.10698,0.10678,3193687.7,0.106705,340782.4460285,3193687.7,340782.4460285,
2022-11-30 01:35:00+00:00,0.1066,0.10713,0.10678,0.1067,2129756.7,0.106802,227462.2750734,2129756.7,227462.2750734,
2022-11-30 01:40:00+00:00,0.10659,0.1069,0.10676,0.10676,1465355.3,0.106752,156429.6089856,1465355.3,156429.6089856,
2022-11-30 01:45:00+00:00,0.10661,0.1072,0.10674,0.10716,1457304.6,0.106928,155826.6662688,1457304.6,155826.6662688,
2022-11-30 01:50:00+00:00,0.1071,0.10764,0.10718,0.10748,2412087.2,0.10735,258937.56092,2412087.2,258937.56092,
2022-11-30 01:55:00+00:00,0.10725,0.10777,0.10743,0.10753,3000319.7,0.107495,322519.3661515,3000319.7,322519.3661515,
2022-11-30 02:00:00+00:00,0.10709,0.10791,0.10753,0.10772,4185802.2,0.107562,450233.2562364,4185802.2,450233.2562364,
2022-11-30 02:05:00+00:00,0.107,0.10812,0.10772,0.10712,4583574.7,0.10749,492688.444503,4583574.7,492688.444503,
2022-11-30 02:10:00+00:00,0.10676,0.10738,0.10711,0.10704,2897310.8,0.107073,310223.7592884,2897310.8,310223.7592884,
2022-11-30 02:15:00+00:00,0.10703,0.1079,0.10704,0.10784,4427592.2,0.107452,475753.6370744,4427592.2,475753.6370744,
2022-11-30 02:20:00+00:00,0.1077,0.10847,0.10783,0.10815,7315374.0,0.108038,790338.376212,7315374.0,790338.376212,
2022-11-30 02:25:00+00:00,0.10779,0.10822,0.10813,0.10788,3945830.1,0.108005,426169.3799505,3945830.1,426169.3799505,
2022-11-30 02:30:00+00:00,0.10719,0.10792,0.10789,0.10719,4834440.3,0.107548,519934.3853844,4834440.3,519934.3853844,
2022-11-30 02:35:00+00:00,0.10715,0.10795,0.10718,0.10781,2709340.0,0.107522,291313.65548,2709340.0,291313.65548,
2022-11-30 02:40:00+00:00,0.10744,0.10824,0.10785,0.10813,4192926.7,0.107915,452479.6848305,4192926.7,452479.6848305,
2022-11-30 02:45:00+00:00,0.10776,0.10838,0.10815,0.1078,2664046.1,0.108022,287775.5878142,2664046.1,287775.5878142,
2022-11-30 02:50:00+00:00,0.1076,0.10805,0.10782,0.10798,3387618.8,0.107863,365398.7266244,3387618.8,365398.7266244,
2022-11-30 02:55:00+00:00,0.10792,0.10827,0.10799,0.10795,1565511.8,0.108032,169125.3707776,1565511.8,169125.3707776,
2022-11-30 03:00:00+00:00,0.10754,0.10818,0.10795,0.1076,3642332.6,0.107818,392709.0162668,3642332.6,392709.0162668,
2022-11-30 03:05:00+00:00,0.10754,0.10785,0.10761,0.10756,1367467.3,0.10764,147194.180172,1367467.3,147194.180172,
2022-11-30 03:10:00+00:00,0.10754,0.10786,0.10758,0.10774,1548671.8,0.10768,166760.979424,1548671.8,166760.979424,
2022-11-30 03:15:00+00:00,0.10765,0.10913,0.10774,0.10816,6792049.2,0.10817,734695.961964,6792049.2,734695.961964,
2022-11-30 03:20:00+00:00,0.10781,0.10833,0.10818,0.10789,3035686.0,0.108052,328011.943672,3035686.0,328011.943672,
2022-11-30 03:25:00+00:00,0.10685,0.10794,0.10794,0.10699,4310026.2,0.10743,463026.114666,4310026.2,463026.114666,
2022-11-30 03:30:00+00:00,0.1067,0.1073,0.10702,0.10677,5774228.1,0.106948,617542.1468388,5774228.1,617542.1468388,
2022-11-30 03:35:00+00:00,0.10655,0.10718,0.10679,0.10657,4051167.7,0.106772,432551.2776644,4051167.7,432551.2776644,
2022-11-30 03:40:00+00:00,0.10625,0.10692,0.10654,0.10687,5879896.9,0.106645,627061.6049005,5879896.9,627061.6049005,
2022-11-30 03:45:00+00:00,0.10614,0.10693,0.10683,0.1065,3614585.8,0.1066,385314.84628,3614585.8,385314.84628,
2022-11-30 03:50:00+00:00,0.10576,0.10661,0.10649,0.10603,5159938.9,0.106223,548104.1897747,5159938.9,548104.1897747,
2022-11-30 03:55:00+00:00,0.10591,0.10637,0.106,0.10603,4886446.4,0.106078,518344.4612192,4886446.4,518344.4612192,
2022-11-30 04:00:00+00:00,0.10604,0.1066,0.10604,0.10646,5601523.8,0.106285,595357.957083,5601523.8,595357.957083,
2022-11-30 04:05:00+00:00,0.10626,0.10672,0.10644,0.1065,3508561.5,0.10648,373591.62852,3508561.5,373591.62852,
2022-11-30 04:10:00+00:00,0.10631,0.1066,0.1065,0.10639,2541086.9,0.10645,270498.700505,2541086.9,270498.700505,
2022-11-30 04:15:00+00:00,0.10634,0.10684,0.10638,0.10662,3059978.7,0.106545,326025.4305915,3059978.7,326025.4305915,
2022-11-30 04:20:00+00:00,0.10659,0.10689,0.1066,0.10681,1600834.3,0.106723,170845.8389989,1600834.3,170845.8389989,
2022-11-30 04:25:00+00:00,0.10667,0.10685,0.10679,0.10674,1324575.1,0.106762,141414.2868262,1324575.1,141414.2868262,
2022-11-30 04:30:00+00:00,0.10623,0.10676,0.10671,0.10642,3475660.6,0.10653,370262.123718,3475660.6,370262.123718,
2022-11-30 04:35:00+00:00,0.10633,0.10651,0.10643,0.10647,1001342.7,0.106435,106577.9102745,1001342.7,106577.9102745,
2022-11-30 04:40:00+00:00,0.10616,0.10647,0.10647,0.10622,1757150.4,0.10633,186837.802032,1757150.4,186837.802032,
2022-11-30 04:45:00+00:00,0.10597,0.10635,0.10624,0.10617,2340124.9,0.106182,248479.1421318,2340124.9,248479.1421318,
2022-11-30 04:50:00+00:00,0.10587,0.10675,0.1062,0.10665,3259522.9,0.106368,346708.9318272,3259522.9,346708.9318272,
2022-11-30 04:55:00+00:00,0.10664,0.10692,0.10668,0.10679,1924300.4,0.106758,205434.4621032,1924300.4,205434.4621032,
2022-11-30 05:00:00+00:00,0.10651,0.10682,0.10679,0.10654,2131998.2,0.106665,227409.588003,2131998.2,227409.588003,
2022-11-30 05:05:00+00:00,0.1063,0.10655,0.10654,0.10642,1974190.8,0.106452,210156.5590416,1974190.8,210156.5590416,
2022-11-30 05:10:00+00:00,0.10536,0.10649,0.10643,0.10625,10367940.1,0.106132,1100370.2186932,10367940.1,1100370.2186932,
2022-11-30 05:15:00+00:00,0.10586,0.10641,0.10626,0.10621,3339864.2,0.106185,354643.480077,3339864.2,354643.480077,
2022-11-30 05:20:00+00:00,0.106,0.10659,0.10618,0.10659,2632299.1,0.10634,279918.686294,2632299.1,279918.686294,
2022-11-30 05:25:00+00:00,0.10638,0.10666,0.10658,0.1066,3686648.7,0.106555,392830.8522285,3686648.7,392830.8522285,
2022-11-30 05:30:00+00:00,0.10635,0.10678,0.10659,0.1066,2377038.2,0.10658,253344.731356,2377038.2,253344.731356,
2022-11-30 05:35:00+00:00,0.10655,0.10676,0.10661,0.1067,1003803.7,0.106655,107060.6836235,1003803.7,107060.6836235,
2022-11-30 05:40:00+00:00,0.10605,0.10669,0.10667,0.1062,7492200.0,0.106402,797185.0644,7492200.0,797185.0644,
2022-11-30 05:45:00+00:00,0.10594,0.10657,0.10616,0.10656,4905404.3,0.106308,521483.7203244,4905404.3,521483.7203244,
2022-11-30 05:50:00+00:00,0.10642,0.10681,0.10655,0.10662,3948951.7,0.1066,420958.25122,3948951.7,420958.25122,
2022-11-30 05:55:00+00:00,0.10647,0.10675,0.10662,0.10648,1838239.2,0.10658,195919.533936,1838239.2,195919.533936,
2022-11-30 06:00:00+00:00,0.10626,0.10659,0.10648,0.10649,1724319.4,0.106455,183562.421727,1724319.4,183562.421727,
2022-11-30 06:05:00+00:00,0.10619,0.10656,0.10648,0.10622,1930361.8,0.106362,205317.1417716,1930361.8,205317.1417716,
2022-11-30 06:10:00+00:00,0.10621,0.10651,0.10624,0.10639,1797803.2,0.106338,191174.7966816,1797803.2,191174.7966816,
2022-11-30 06:15:00+00:00,0.10625,0.10648,0.10642,0.10638,670077.8,0.106382,71284.2165196,670077.8,71284.2165196,
2022-11-30 06:20:00+00:00,0.10638,0.10672,0.10638,0.10664,1393497.6,0.10653,148449.299328,1393497.6,148449.299328,
2022-11-30 06:25:00+00:00,0.10635,0.1068,0.10663,0.10646,2435998.4,0.10656,259579.989504,2435998.4,259579.989504,
2022-11-30 06:30:00+00:00,0.1064,0.10668,0.10647,0.10657,1836960.8,0.10653,195691.434024,1836960.8,195691.434024,
2022-11-30 06:35:00+00:00,0.10546,0.10658,0.10657,0.10571,3498364.4,0.10608,371106.495552,3498364.4,371106.495552,
2022-11-30 06:40:00+00:00,0.10529,0.10597,0.10562,0.10592,5980893.8,0.1057,632180.47466,5980893.8,632180.47466,
2022-11-30 06:45:00+00:00,0.10529,0.10599,0.10589,0.1055,3288983.6,0.105668,347540.3190448,3288983.6,347540.3190448,
2022-11-30 06:50:00+00:00,0.10513,0.1058,0.10547,0.1058,4674393.5,0.10555,493382.233925,4674393.5,493382.233925,
2022-11-30 06:55:00+00:00,0.10569,0.10593,0.10579,0.10583,2422145.5,0.10581,256287.215355,2422145.5,256287.215355,
2022-11-30 07:00:00+00:00,0.10579,0.10615,0.10583,0.10595,2214159.3,0.10593,234545.894649,2214159.3,234545.894649,
2022-11-30 07:05:00+00:00,0.10579,0.10602,0.10595,0.10587,1354810.3,0.105908,143485.2492524,1354810.3,143485.2492524,
2022-11-30 07:10:00+00:00,0.10587,0.10619,0.10592,0.10592,2677092.7,0.105975,283704.8988825,2677092.7,283704.8988825,
2022-11-30 07:15:00+00:00,0.10592,0.10619,0.10592,0.10598,1205789.7,0.106003,127817.3255691,1205789.7,127817.3255691,
2022-11-30 07:20:00+00:00,0.10563,0.10603,0.10596,0.10569,1532828.8,0.105828,162216.2062464,1532828.8,162216.2062464,
2022-11-30 07:25:00+00:00,0.10552,0.10588,0.10568,0.10584,1521893.5,0.10573,160909.799755,1521893.5,160909.799755,
2022-11-30 07:30:00+00:00,0.10576,0.10596,0.10581,0.10589,971708.7,0.105855,102860.2244385,971708.7,102860.2244385,
2022-11-30 07:35:00+00:00,0.10583,0.10611,0.10589,0.10595,2084532.5,0.105945,220845.7957125,2084532.5,220845.7957125,
2022-11-30 07:40:00+00:00,0.10592,0.10612,0.10597,0.10603,1118626.5,0.10601,118585.595265,1118626.5,118585.595265,
2022-11-30 07:45:00+00:00,0.10598,0.10616,0.10605,0.10608,1022231.3,0.106068,108426.0295284,1022231.3,108426.0295284,
2022-11-30 07:50:00+00:00,0.10596,0.10647,0.10609,0.10643,2885541.1,0.106238,306554.1153818,2885541.1,306554.1153818,
2022-11-30 07:55:00+00:00,0.10619,0.10652,0.10647,0.10622,2560153.1,0.10635,272272.282185,2560153.1,272272.282185,
2022-11-30 08:00:00+00:00,0.10604,0.1066,0.10622,0.10651,1366578.3,0.106342,145324.6695786,1366578.3,145324.6695786,
2022-11-30 08:05:00+00:00,0.10646,0.10683,0.1065,0.10659,1453782.3,0.106595,154965.9242685,1453782.3,154965.9242685,
2022-11-30 08:10:00+00:00,0.10652,0.10679,0.10658,0.10674,1262094.6,0.106658,134612.4858468,1262094.6,134612.4858468,
2022-11-30 08:15:00+00:00,0.10614,0.10727,0.10674,0.10621,10904295.2,0.10659,1162288.825368,10904295.2,1162288.825368,
2022-11-30 08:20:00+00:00,0.10608,0.10644,0.10624,0.10625,2499223.6,0.106252,265547.5059472,2499223.6,265547.5059472,
2022-11-30 08:25:00+00:00,0.10618,0.10642,0.10626,0.10638,2336202.9,0.10631,248361.730299,2336202.9,248361.730299,
2022-11-30 08:30:00+00:00,0.10606,0.10655,0.10637,0.10625,2567305.2,0.106308,272925.0812016,2567305.2,272925.0812016,
2022-11-30 08:35:00+00:00,0.10545,0.10635,0.10623,0.10564,2380501.8,0.105918,252137.9896524,2380501.8,252137.9896524,
2022-11-30 08:40:00+00:00,0.10554,0.10584,0.1056,0.10577,2044628.3,0.105688,216092.6757704,2044628.3,216092.6757704,
2022-11-30 08:45:00+00:00,0.10574,0.1061,0.10574,0.10593,1774191.1,0.105877,187846.0310947,1774191.1,187846.0310947,
2022-11-30 08:50:00+00:00,0.10563,0.10598,0.10595,0.10577,1435329.8,0.105832,151903.8233936,1435329.8,151903.8233936,
2022-11-30 08:55:00+00:00,0.10568,0.10586,0.10581,0.10585,527651.5,0.1058,55825.5287,527651.5,55825.5287,
2022-11-30 09:00:00+00:00,0.10576,0.10598,0.10586,0.10598,866959.4,0.105895,91806.665663,866959.4,91806.665663,
2022-11-30 09:05:00+00:00,0.1054,0.10609,0.10596,0.10568,2322312.6,0.105782,245658.8714532,2322312.6,245658.8714532,
2022-11-30 09:10:00+00:00,0.10569,0.10586,0.10569,0.10574,981457.5,0.105745,103784.2233375,981457.5,103784.2233375,
2022-11-30 09:15:00+00:00,0.10547,0.10579,0.10573,0.1056,2106294.6,0.105648,222525.8119008,2106294.6,222525.8119008,
2022-11-30 09:20:00+00:00,0.10453,0.10557,0.10557,0.10475,9733112.3,0.105105,1022998.7682915,9733112.3,1022998.7682915,
2022-11-30 09:25:00+00:00,0.10435,0.10483,0.10475,0.10463,6004625.6,0.10464,628324.022784,6004625.6,628324.022784,
2022-11-30 09:30:00+00:00,0.1046,0.105,0.10464,0.10476,2534559.0,0.10475,265495.05525,2534559.0,265495.05525,
2022-11-30 09:35:00+00:00,0.10474,0.10494,0.10477,0.10489,981439.2,0.104835,102889.178532,981439.2,102889.178532,
2022-11-30 09:40:00+00:00,0.10437,0.1049,0.10486,0.10476,2698275.7,0.104723,282571.5261311,2698275.7,282571.5261311,
2022-11-30 09:45:00+00:00,0.10456,0.10491,0.10476,0.10462,1846094.2,0.104712,193308.2158704,1846094.2,193308.2158704,
2022-11-30 09:50:00+00:00,0.10456,0.10493,0.10462,0.10488,1548229.4,0.104748,162173.9331912,1548229.4,162173.9331912,
2022-11-30 09:55:00+00:00,0.10463,0.10496,0.10486,0.10476,1029346.6,0.104802,107877.5823732,1029346.6,107877.5823732,
2022-11-30 10:00:00+00:00,0.10456,0.10482,0.10476,0.10461,605833.3,0.104687,63422.8706771,605833.3,63422.8706771,
2022-11-30 10:05:00+00:00,0.10458,0.10488,0.10461,0.10473,831144.6,0.1047,87020.83962,831144.6,87020.83962,
2022-11-30 10:10:00+00:00,0.10467,0.10497,0.10471,0.10496,703938.0,0.104827,73791.708726,703938.0,73791.708726,
2022-11-30 10:15:00+00:00,0.10488,0.10506,0.10495,0.10495,1622868.5,0.10496,170336.27776,1622868.5,170336.27776,
2022-11-30 10:20:00+00:00,0.10472,0.10495,0.10495,0.10495,1019249.8,0.104892,106911.1500216,1019249.8,106911.1500216,
2022-11-30 10:25:00+00:00,0.10484,0.10504,0.10494,0.10492,840501.8,0.104935,88198.056383,840501.8,88198.056383,
2022-11-30 10:30:00+00:00,0.10438,0.10493,0.10493,0.10464,3068643.0,0.10472,321348.29496,3068643.0,321348.29496,
2022-11-30 10:35:00+00:00,0.10446,0.10472,0.10465,0.10458,1307760.4,0.104602,136794.3533608,1307760.4,136794.3533608,
2022-11-30 10:40:00+00:00,0.104,0.10466,0.10459,0.10408,3710973.9,0.104332,387173.3289348,3710973.9,387173.3289348,
2022-11-30 10:45:00+00:00,0.10412,0.10449,0.10412,0.10445,1509508.9,0.104295,157434.2307255,1509508.9,157434.2307255,
2022-11-30 10:50:00+00:00,0.1043,0.10457,0.10446,0.10434,1616703.0,0.104418,168812.893854,1616703.0,168812.893854,
2022-11-30 10:55:00+00:00,0.10432,0.10459,0.10432,0.10446,1377036.6,0.104422,143792.9158452,1377036.6,143792.9158452,
2022-11-30 11:00:00+00:00,0.10441,0.10477,0.10443,0.10462,1217490.7,0.104558,127298.3926106,1217490.7,127298.3926106,
2022-11-30 11:05:00+00:00,0.10458,0.10508,0.10462,0.105,4824874.5,0.10482,505743.34509,4824874.5,505743.34509,
2022-11-30 11:10:00+00:00,0.10492,0.10539,0.10499,0.10508,2698782.8,0.105095,283628.578366,2698782.8,283628.578366,
2022-11-30 11:15:00+00:00,0.10509,0.10546,0.10509,0.10537,3000288.6,0.105253,315789.3760158,3000288.6,315789.3760158,
2022-11-30 11:20:00+00:00,0.10507,0.10535,0.10535,0.10515,1201442.9,0.10523,126427.836367,1201442.9,126427.836367,
2022-11-30 11:25:00+00:00,0.1049,0.1052,0.10515,0.10504,2240492.7,0.105072,235413.0489744,2240492.7,235413.0489744,
2022-11-30 11:30:00+00:00,0.10469,0.10511,0.10502,0.10479,1233001.5,0.104902,129344.323353,1233001.5,129344.323353,
2022-11-30 11:35:00+00:00,0.10453,0.10489,0.10477,0.10475,2529995.5,0.104735,264979.0786925,2529995.5,264979.0786925,
2022-11-30 11:40:00+00:00,0.10466,0.10492,0.10475,0.10491,2197393.1,0.10481,230308.770811,2197393.1,230308.770811,
2022-11-30 11:45:00+00:00,0.1047,0.10492,0.10491,0.1047,1218045.5,0.104808,127660.912764,1218045.5,127660.912764,
2022-11-30 11:50:00+00:00,0.10458,0.10504,0.10469,0.105,838227.8,0.104827,87868.9055906,838227.8,87868.9055906,
2022-11-30 11:55:00+00:00,0.10496,0.10541,0.10504,0.10508,3305520.0,0.105122,347482.87344,3305520.0,347482.87344,
2022-11-30 12:00:00+00:00,0.10489,0.1052,0.10505,0.10505,2151043.8,0.105047,225960.6980586,2151043.8,225960.6980586,
2022-11-30 12:05:00+00:00,0.105,0.10522,0.10504,0.10518,1136562.4,0.10511,119464.073864,1136562.4,119464.073864,
2022-11-30 12:10:00+00:00,0.10512,0.10532,0.10517,0.10516,1136768.0,0.105192,119578.899456,1136768.0,119578.899456,
2022-11-30 12:15:00+00:00,0.10489,0.10516,0.10515,0.10492,1145226.0,0.10503,120283.08678,1145226.0,120283.08678,
2022-11-30 12:20:00+00:00,0.10443,0.10496,0.10492,0.10465,1922414.6,0.10474,201353.705204,1922414.6,201353.705204,
2022-11-30 12:25:00+00:00,0.10444,0.10486,0.10463,0.10475,1575495.7,0.10467,164907.134919,1575495.7,164907.134919,
2022-11-30 12:30:00+00:00,0.10473,0.1058,0.10473,0.1055,4690859.4,0.10519,493431.500286,4690859.4,493431.500286,
2022-11-30 12:35:00+00:00,0.10458,0.1056,0.10552,0.10469,5978149.0,0.105098,628291.503602,5978149.0,628291.503602,
2022-11-30 12:40:00+00:00,0.10466,0.10522,0.10466,0.10505,2596998.0,0.104898,272419.896204,2596998.0,272419.896204,
2022-11-30 12:45:00+00:00,0.10483,0.10515,0.10503,0.10513,2461348.0,0.105035,258527.68718,2461348.0,258527.68718,
2022-11-30 12:50:00+00:00,0.10484,0.10521,0.10514,0.10486,2389462.9,0.105012,250922.2780548,2389462.9,250922.2780548,
2022-11-30 12:55:00+00:00,0.10403,0.10498,0.10487,0.10418,7907101.7,0.104515,826410.7341755,7907101.7,826410.7341755,
2022-11-30 13:00:00+00:00,0.1039,0.10496,0.10418,0.10496,5779455.8,0.1045,603953.1311,5779455.8,603953.1311,
2022-11-30 13:05:00+00:00,0.10457,0.10493,0.10492,0.10464,1329944.0,0.104765,139331.58316,1329944.0,139331.58316,
2022-11-30 13:10:00+00:00,0.10451,0.10515,0.10462,0.10495,2262171.2,0.104808,237093.6391296,2262171.2,237093.6391296,
2022-11-30 13:15:00+00:00,0.10493,0.10619,0.10497,0.10563,14539542.2,0.10543,1532903.934146,14539542.2,1532903.934146,
2022-11-30 13:20:00+00:00,0.10547,0.10621,0.10564,0.10577,5009697.4,0.105772,529885.7133928,5009697.4,529885.7133928,
2022-11-30 13:25:00+00:00,0.10542,0.10581,0.10577,0.10572,1429924.6,0.10568,151114.431728,1429924.6,151114.431728,
2022-11-30 13:30:00+00:00,0.10411,0.10573,0.1057,0.10414,8233331.1,0.10492,863841.099012,8233331.1,863841.099012,
2022-11-30 13:35:00+00:00,0.10402,0.10473,0.10419,0.10458,3929889.2,0.10438,410201.834696,3929889.2,410201.834696,
2022-11-30 13:40:00+00:00,0.10447,0.10478,0.10459,0.10468,2194024.6,0.10463,229560.793898,2194024.6,229560.793898,
2022-11-30 13:45:00+00:00,0.10413,0.10475,0.10471,0.10425,2486008.1,0.10446,259688.406126,2486008.1,259688.406126,
2022-11-30 13:50:00+00:00,0.10417,0.10458,0.10427,0.10457,2297015.8,0.104398,239803.8554884,2297015.8,239803.8554884,
2022-11-30 13:55:00+00:00,0.10438,0.10458,0.10449,0.10452,963115.9,0.104492,100637.9066228,963115.9,100637.9066228,
2022-11-30 14:00:00+00:00,0.10446,0.10483,0.10453,0.10473,1568922.0,0.104638,164168.860236,1568922.0,164168.860236,
2022-11-30 14:05:00+00:00,0.10465,0.10493,0.10472,0.1048,1584400.2,0.104775,166005.530955,1584400.2,166005.530955,
2022-11-30 14:10:00+00:00,0.10459,0.10483,0.10478,0.10474,1588910.4,0.104735,166414.530744,1588910.4,166414.530744,
2022-11-30 14:15:00+00:00,0.10473,0.10491,0.10473,0.10484,1291758.2,0.104802,135378.8428764,1291758.2,135378.8428764,
2022-11-30 14:20:00+00:00,0.10451,0.10488,0.10484,0.1048,952943.9,0.104758,99828.4970762,952943.9,99828.4970762,
2022-11-30 14:25:00+00:00,0.10458,0.10485,0.10477,0.10476,1264108.8,0.10474,132402.755712,1264108.8,132402.755712,
2022-11-30 14:30:00+00:00,0.10466,0.10526,0.10477,0.105,2947959.7,0.104922,309305.8276434,2947959.7,309305.8276434,
2022-11-30 14:35:00+00:00,0.1043,0.10507,0.10496,0.10458,2700953.8,0.104728,282865.4895664,2700953.8,282865.4895664,
2022-11-30 14:40:00+00:00,0.10453,0.10479,0.10457,0.10466,2320158.9,0.104638,242776.7869782,2320158.9,242776.7869782,
2022-11-30 14:45:00+00:00,0.10439,0.10476,0.10467,0.10459,1370714.7,0.104602,143379.4990494,1370714.7,143379.4990494,
2022-11-30 14:50:00+00:00,0.10446,0.10475,0.10457,0.10457,1591171.8,0.104588,166417.4762184,1591171.8,166417.4762184,
2022-11-30 14:55:00+00:00,0.10455,0.1047,0.10458,0.10465,972434.2,0.10462,101736.066004,972434.2,101736.066004,
2022-11-30 15:00:00+00:00,0.10329,0.1047,0.10466,0.10405,7352992.9,0.104175,765998.0353575,7352992.9,765998.0353575,
2022-11-30 15:05:00+00:00,0.10392,0.10411,0.10405,0.1041,1868527.2,0.104045,194410.912524,1868527.2,194410.912524,
2022-11-30 15:10:00+00:00,0.10397,0.10428,0.10409,0.10398,1430506.1,0.10408,148887.074888,1430506.1,148887.074888,
2022-11-30 15:15:00+00:00,0.1038,0.10412,0.104,0.10381,1320834.3,0.103932,137276.9504676,1320834.3,137276.9504676,
2022-11-30 15:20:00+00:00,0.10357,0.10402,0.10383,0.10392,3088795.1,0.103835,320725.0392085,3088795.1,320725.0392085,
2022-11-30 15:25:00+00:00,0.10354,0.10392,0.10391,0.10364,2975742.6,0.103753,308742.2219778,2975742.6,308742.2219778,
2022-11-30 15:30:00+00:00,0.10343,0.10382,0.10364,0.10353,1926359.7,0.103605,199580.4967185,1926359.7,199580.4967185,
2022-11-30 15:35:00+00:00,0.10353,0.10382,0.10353,0.10372,1350721.3,0.10365,140002.262745,1350721.3,140002.262745,
2022-11-30 15:40:00+00:00,0.10374,0.10401,0.10375,0.104,1099442.7,0.103875,114204.6104625,1099442.7,114204.6104625,
2022-11-30 15:45:00+00:00,0.1038,0.10401,0.10397,0.10393,1107314.1,0.103928,115080.9397848,1107314.1,115080.9397848,
2022-11-30 15:50:00+00:00,0.10388,0.10418,0.10396,0.10405,1348821.5,0.104017,140300.3659655,1348821.5,140300.3659655,
2022-11-30 15:55:00+00:00,0.10392,0.10428,0.10401,0.10414,907850.7,0.104088,94496.3636616,907850.7,94496.3636616,
2022-11-30 16:00:00+00:00,0.10326,0.10429,0.10414,0.1033,3577792.9,0.103748,371188.8577892,3577792.9,371188.8577892,
2022-11-30 16:05:00+00:00,0.10324,0.10381,0.10326,0.10381,1602320.1,0.10353,165888.199953,1602320.1,165888.199953,
2022-11-30 16:10:00+00:00,0.10367,0.10403,0.1038,0.10399,1649578.4,0.103872,171345.0075648,1649578.4,171345.0075648,
2022-11-30 16:15:00+00:00,0.10379,0.10425,0.10397,0.10379,1523968.9,0.10395,158416.567155,1523968.9,158416.567155,
2022-11-30 16:20:00+00:00,0.10362,0.10395,0.10379,0.1039,1921202.7,0.103815,199449.6583005,1921202.7,199449.6583005,
2022-11-30 16:25:00+00:00,0.10375,0.10394,0.1039,0.10394,974701.6,0.103883,101254.9263128,974701.6,101254.9263128,
2022-11-30 16:30:00+00:00,0.10371,0.10411,0.10394,0.10392,3449031.5,0.10392,358423.35348,3449031.5,358423.35348,
2022-11-30 16:35:00+00:00,0.10379,0.10401,0.1039,0.10398,906794.7,0.10392,94234.105224,906794.7,94234.105224,
2022-11-30 16:40:00+00:00,0.10364,0.10421,0.10398,0.10374,2958006.3,0.103892,307313.1905196,2958006.3,307313.1905196,
2022-11-30 16:45:00+00:00,0.10374,0.10396,0.10374,0.10394,995545.2,0.103845,103382.391294,995545.2,103382.391294,
2022-11-30 16:50:00+00:00,0.10387,0.10401,0.104,0.10397,1361699.7,0.103962,141565.0242114,1361699.7,141565.0242114,
2022-11-30 16:55:00+00:00,0.10395,0.10411,0.104,0.1041,774877.3,0.10404,80618.234292,774877.3,80618.234292,
2022-11-30 17:00:00+00:00,0.10382,0.10417,0.10407,0.10387,1074584.8,0.103982,111737.4766736,1074584.8,111737.4766736,
2022-11-30 17:05:00+00:00,0.10373,0.1039,0.10387,0.10382,844071.5,0.10383,87639.943845,844071.5,87639.943845,
2022-11-30 17:10:00+00:00,0.10378,0.10389,0.10381,0.10385,575551.0,0.103832,59760.611432,575551.0,59760.611432,
2022-11-30 17:15:00+00:00,0.10372,0.1039,0.10385,0.10373,382762.6,0.1038,39730.75788,382762.6,39730.75788,
2022-11-30 17:20:00+00:00,0.102,0.10372,0.10372,0.10235,8961495.4,0.102948,922568.0284392,8961495.4,922568.0284392,
2022-11-30 17:25:00+00:00,0.1012,0.10247,0.10237,0.1022,7755778.9,0.10206,791554.794534,7755778.9,791554.794534,
2022-11-30 17:30:00+00:00,0.10165,0.10234,0.10214,0.10199,3105551.0,0.10203,316859.36853,3105551.0,316859.36853,
2022-11-30 17:35:00+00:00,0.10162,0.1021,0.10198,0.10179,2822715.6,0.101872,287555.6836032,2822715.6,287555.6836032,
2022-11-30 17:40:00+00:00,0.1015,0.10197,0.1018,0.10178,3718913.7,0.101762,378444.0959394,3718913.7,378444.0959394,
2022-11-30 17:45:00+00:00,0.10161,0.102,0.10177,0.10182,1655520.2,0.1018,168531.95636,1655520.2,168531.95636,
2022-11-30 17:50:00+00:00,0.10105,0.10186,0.10182,0.10159,3016806.3,0.10158,306447.183954,3016806.3,306447.183954,
2022-11-30 17:55:00+00:00,0.10125,0.10178,0.10159,0.10162,2071662.8,0.10156,210398.073968,2071662.8,210398.073968,
2022-11-30 18:00:00+00:00,0.10037,0.10164,0.10161,0.10038,10162611.0,0.101,1026423.711,10162611.0,1026423.711,
2022-11-30 18:05:00+00:00,0.09973,0.1007,0.10037,0.1002,8061411.3,0.10025,808156.482825,8061411.3,808156.482825,
2022-11-30 18:10:00+00:00,0.09997,0.10078,0.10021,0.10073,2102664.5,0.100422,211153.774419,2102664.5,211153.774419,
2022-11-30 18:15:00+00:00,0.10026,0.10088,0.10078,0.10046,1559880.0,0.100595,156916.1286,1559880.0,156916.1286,
2022-11-30 18:20:00+00:00,0.1003,0.10056,0.10045,0.10043,2666788.5,0.100435,267838.9029975,2666788.5,267838.9029975,
2022-11-30 18:25:00+00:00,0.0998,0.10055,0.10045,0.09996,2108131.4,0.10019,211213.684966,2108131.4,211213.684966,
2022-11-30 18:30:00+00:00,0.09937,0.10222,0.09997,0.10169,10933251.2,0.100812,1102202.9199744,10933251.2,1102202.9199744,
2022-11-30 18:35:00+00:00,0.1016,0.10386,0.10169,0.10289,6355560.5,0.10251,651508.506855,6355560.5,651508.506855,
2022-11-30 18:40:00+00:00,0.10116,0.10303,0.1029,0.1019,6692613.9,0.102247,684299.6934333,6692613.9,684299.6934333,
2022-11-30 18:45:00+00:00,0.1013,0.10321,0.10189,0.1027,4266320.9,0.102275,436337.9700475,4266320.9,436337.9700475,
2022-11-30 18:50:00+00:00,0.10214,0.10282,0.10272,0.10234,2896698.1,0.102505,296926.0387405,2896698.1,296926.0387405,
2022-11-30 18:55:00+00:00,0.10232,0.10301,0.10234,0.10276,4232080.3,0.102608,434245.2954224,4232080.3,434245.2954224,
2022-11-30 19:00:00+00:00,0.10271,0.1039,0.10271,0.10386,3814127.5,0.103295,393980.3001125,3814127.5,393980.3001125,
2022-11-30 19:05:00+00:00,0.10353,0.10414,0.10384,0.10371,6812726.4,0.103805,707195.063952,6812726.4,707195.063952,
2022-11-30 19:10:00+00:00,0.10369,0.10548,0.10372,0.10454,7736336.5,0.104357,807340.8681305,7736336.5,807340.8681305,
2022-11-30 19:15:00+00:00,0.10408,0.10528,0.10458,0.10526,3582585.2,0.1048,375454.92896,3582585.2,375454.92896,
2022-11-30 19:20:00+00:00,0.10449,0.10528,0.10527,0.10466,3907938.1,0.104925,410040.4051425,3907938.1,410040.4051425,
2022-11-30 19:25:00+00:00,0.1043,0.10471,0.10465,0.10455,2857801.3,0.104552,298788.8415176,2857801.3,298788.8415176,
2022-11-30 19:30:00+00:00,0.10373,0.1046,0.1046,0.10408,3173514.8,0.104252,330845.2649296,3173514.8,330845.2649296,
2022-11-30 19:35:00+00:00,0.1035,0.10415,0.10405,0.10359,1137172.4,0.103822,118063.5129128,1137172.4,118063.5129128,
2022-11-30 19:40:00+00:00,0.10345,0.1039,0.10363,0.10352,1313254.7,0.103625,136086.0182875,1313254.7,136086.0182875,
2022-11-30 19:45:00+00:00,0.10353,0.10391,0.10353,0.10387,1178023.5,0.10371,122172.817185,1178023.5,122172.817185,
2022-11-30 19:50:00+00:00,0.10385,0.10419,0.10387,0.10397,1097589.2,0.10397,114116.349124,1097589.2,114116.349124,
2022-11-30 19:55:00+00:00,0.10377,0.10406,0.10399,0.10391,630715.5,0.103932,65551.523346,630715.5,65551.523346,
2022-11-30 20:00:00+00:00,0.10339,0.10396,0.10396,0.1038,2990269.1,0.103778,310324.1466598,2990269.1,310324.1466598,
2022-11-30 20:05:00+00:00,0.10368,0.10418,0.10379,0.10409,1490520.1,0.103935,154917.2065935,1490520.1,154917.2065935,
2022-11-30 20:10:00+00:00,0.10402,0.10422,0.10407,0.10416,857307.1,0.104118,89261.1006378,857307.1,89261.1006378,
2022-11-30 20:15:00+00:00,0.10399,0.10449,0.10416,0.10437,2518131.2,0.104253,262522.7319936,2518131.2,262522.7319936,
2022-11-30 20:20:00+00:00,0.10422,0.1045,0.10439,0.10441,1277237.1,0.10438,133318.008498,1277237.1,133318.008498,
2022-11-30 20:25:00+00:00,0.1042,0.10445,0.10442,0.10428,1011495.1,0.104338,105537.3757438,1011495.1,105537.3757438,
2022-11-30 20:30:00+00:00,0.10384,0.10434,0.10426,0.10428,1222289.2,0.10418,127338.088856,1222289.2,127338.088856,
2022-11-30 20:35:00+00:00,0.10414,0.10445,0.10432,0.10441,1261879.9,0.10433,131651.929967,1261879.9,131651.929967,
2022-11-30 20:40:00+00:00,0.10389,0.10439,0.10439,0.10416,2013567.5,0.104208,209829.84204,2013567.5,209829.84204,
2022-11-30 20:45:00+00:00,0.1039,0.10429,0.10414,0.10399,2696775.8,0.10408,280680.425264,2696775.8,280680.425264,
2022-11-30 20:50:00+00:00,0.10391,0.10422,0.10396,0.10414,2143472.1,0.104058,223045.4197818,2143472.1,223045.4197818,
2022-11-30 20:55:00+00:00,0.10405,0.10443,0.10413,0.1044,772815.5,0.104252,80567.561506,772815.5,80567.561506,
2022-11-30 21:00:00+00:00,0.10415,0.10444,0.10439,0.10432,3560227.3,0.104325,371420.7130725,3560227.3,371420.7130725,
2022-11-30 21:05:00+00:00,0.10419,0.10462,0.10434,0.10421,4293255.3,0.10434,447958.258002,4293255.3,447958.258002,
2022-11-30 21:10:00+00:00,0.10411,0.10433,0.10424,0.10431,1834071.4,0.104248,191198.2753072,1834071.4,191198.2753072,
2022-11-30 21:15:00+00:00,0.10409,0.1044,0.10428,0.10418,2042883.9,0.104238,212946.1319682,2042883.9,212946.1319682,
2022-11-30 21:20:00+00:00,0.10409,0.10436,0.10418,0.10421,1410720.0,0.10421,147011.1312,1410720.0,147011.1312,
2022-11-30 21:25:00+00:00,0.10422,0.10465,0.10422,0.10455,1612422.1,0.10441,168352.991461,1612422.1,168352.991461,
2022-11-30 21:30:00+00:00,0.10457,0.10539,0.10457,0.10533,3750991.2,0.104965,393722.791308,3750991.2,393722.791308,
2022-11-30 21:35:00+00:00,0.10496,0.10551,0.10531,0.10539,3786423.6,0.105292,398680.1136912,3786423.6,398680.1136912,
2022-11-30 21:40:00+00:00,0.10484,0.10558,0.10536,0.10536,5535394.2,0.105285,582793.978347,5535394.2,582793.978347,
2022-11-30 21:45:00+00:00,0.10511,0.10562,0.10538,0.10537,3276373.6,0.10537,345231.486232,3276373.6,345231.486232,
2022-11-30 21:50:00+00:00,0.10528,0.10579,0.10534,0.10558,1935587.4,0.105498,204200.5995252,1935587.4,204200.5995252,
2022-11-30 21:55:00+00:00,0.10548,0.10609,0.10558,0.10606,3389517.0,0.105802,358617.677634,3389517.0,358617.677634,
2022-11-30 22:00:00+00:00,0.10575,0.10619,0.10605,0.10584,1792147.2,0.105958,189892.3330176,1792147.2,189892.3330176,
2022-11-30 22:05:00+00:00,0.1057,0.10599,0.10584,0.10591,1864262.9,0.10586,197350.870594,1864262.9,197350.870594,
2022-11-30 22:10:00+00:00,0.10541,0.10593,0.10591,0.10566,2572175.0,0.105728,271950.9184,2572175.0,271950.9184,
2022-11-30 22:15:00+00:00,0.10537,0.10569,0.10563,0.10545,3269059.6,0.105535,345000.204886,3269059.6,345000.204886,
2022-11-30 22:20:00+00:00,0.10542,0.10597,0.10542,0.1058,1713443.8,0.105652,181028.7643576,1713443.8,181028.7643576,
2022-11-30 22:25:00+00:00,0.10576,0.10617,0.1058,0.10608,2803044.9,0.105952,296988.2132448,2803044.9,296988.2132448,
2022-11-30 22:30:00+00:00,0.10582,0.10689,0.10606,0.1066,3906385.6,0.106342,415412.8574752,3906385.6,415412.8574752,
2022-11-30 22:35:00+00:00,0.10644,0.107,0.10659,0.10681,4662179.5,0.10671,497501.174445,4662179.5,497501.174445,
2022-11-30 22:40:00+00:00,0.10662,0.10712,0.1068,0.10663,3162322.7,0.106792,337710.7657784,3162322.7,337710.7657784,
2022-11-30 22:45:00+00:00,0.10645,0.10705,0.1066,0.10703,982322.2,0.106782,104894.3291604,982322.2,104894.3291604,
2022-11-30 22:50:00+00:00,0.107,0.10757,0.10703,0.10757,2486782.2,0.107292,266811.8358024,2486782.2,266811.8358024,
2022-11-30 22:55:00+00:00,0.10742,0.10852,0.10755,0.10794,3512295.7,0.107858,378829.1896106,3512295.7,378829.1896106,
2022-11-30 23:00:00+00:00,0.1076,0.10954,0.10791,0.10933,6676626.5,0.108595,725048.2547675,6676626.5,725048.2547675,
2022-11-30 23:05:00+00:00,0.10814,0.10955,0.10928,0.10848,8198679.9,0.108862,892524.6912738,8198679.9,892524.6912738,
2022-11-30 23:10:00+00:00,0.10782,0.10857,0.10844,0.10813,5357745.8,0.10824,579922.405392,5357745.8,579922.405392,
2022-11-30 23:15:00+00:00,0.1074,0.10822,0.10811,0.10763,3266119.3,0.10784,352218.305312,3266119.3,352218.305312,
2022-11-30 23:20:00+00:00,0.10727,0.10782,0.10763,0.10771,6079243.0,0.107608,654175.180744,6079243.0,654175.180744,
2022-11-30 23:25:00+00:00,0.10764,0.10821,0.10772,0.10789,3528274.3,0.107865,380577.3073695,3528274.3,380577.3073695,
2022-11-30 23:30:00+00:00,0.10706,0.10803,0.10789,0.10716,3886454.0,0.107535,417929.83089,3886454.0,417929.83089,
2022-11-30 23:35:00+00:00,0.10711,0.10752,0.10716,0.1074,2510989.6,0.107298,269424.1621008,2510989.6,269424.1621008,
2022-11-30 23:40:00+00:00,0.10716,0.10821,0.10737,0.10814,3509287.8,0.10772,378020.481816,3509287.8,378020.481816,
2022-11-30 23:45:00+00:00,0.1074,0.10833,0.10815,0.10787,4828470.8,0.107937,521170.6527396,4828470.8,521170.6527396,
2022-11-30 23:50:00+00:00,0.10618,0.10795,0.10783,0.10679,8415623.3,0.107188,902053.8302804,8415623.3,902053.8302804,
2022-11-30 23:55:00+00:00,0.10646,0.10693,0.10679,0.10676,2049857.5,0.106735,218791.5402625,2049857.5,218791.5402625,
